f08-stable-gate	Run F08 stable Gate	﻿2026-10-07T13:47:41.5231817Z ##[group]Run set -o pipefail
f08-stable-gate	Run F08 stable Gate	2026-10-07T13:47:41.5232141Z ^[[36;1mset -o pipefail^[[0m
f08-stable-gate	Run F08 stable Gate	2026-10-07T13:47:41.5232400Z ^[[36;1mmkdir -p artifacts/f08^[[0m
f08-stable-gate	Run F08 stable Gate	2026-10-07T13:47:41.5232874Z ^[[36;1mprintf '%s\n' 'ade12c8907254a8fa1fa69481fe2e1ca3536b0aa' > artifacts/f08/source-sha.txt^[[0m
f08-stable-gate	Run F08 stable Gate	2026-10-07T13:47:41.5233434Z ^[[36;1mmake f08-check 2>&1 | tee artifacts/f08/stable-gate.log^[[0m
f08-stable-gate	Run F08 stable Gate	2026-10-07T13:47:41.5303612Z shell: /usr/bin/bash -e {0}
f08-stable-gate	Run F08 stable Gate	2026-10-07T13:47:41.5303894Z env:
f08-stable-gate	Run F08 stable Gate	2026-10-07T13:47:41.5304104Z   QUANTOS_SKIP_ENV: 1
f08-stable-gate	Run F08 stable Gate	2026-10-07T13:47:41.5304359Z   CARGO_HOME: /home/runner/.cargo
f08-stable-gate	Run F08 stable Gate	2026-10-07T13:47:41.5304634Z   CARGO_INCREMENTAL: 0
f08-stable-gate	Run F08 stable Gate	2026-10-07T13:47:41.5304864Z   CARGO_TERM_COLOR: always
f08-stable-gate	Run F08 stable Gate	2026-10-07T13:47:41.5305170Z   pythonLocation: /opt/hostedtoolcache/Python/3.12.10/x64
f08-stable-gate	Run F08 stable Gate	2026-10-07T13:47:41.5305609Z   PKG_CONFIG_PATH: /opt/hostedtoolcache/Python/3.12.10/x64/lib/pkgconfig
f08-stable-gate	Run F08 stable Gate	2026-10-07T13:47:41.5306247Z   Python_ROOT_DIR: /opt/hostedtoolcache/Python/3.12.10/x64
f08-stable-gate	Run F08 stable Gate	2026-10-07T13:47:41.5306935Z   Python2_ROOT_DIR: /opt/hostedtoolcache/Python/3.12.10/x64
f08-stable-gate	Run F08 stable Gate	2026-10-07T13:47:41.5307357Z   Python3_ROOT_DIR: /opt/hostedtoolcache/Python/3.12.10/x64
f08-stable-gate	Run F08 stable Gate	2026-10-07T13:47:41.5307741Z   LD_LIBRARY_PATH: /opt/hostedtoolcache/Python/3.12.10/x64/lib
f08-stable-gate	Run F08 stable Gate	2026-10-07T13:47:41.5308117Z   UV_CACHE_DIR: /home/runner/work/_temp/setup-uv-cache
f08-stable-gate	Run F08 stable Gate	2026-10-07T13:47:41.5308434Z ##[endgroup]
f08-stable-gate	Run F08 stable Gate	2026-10-07T13:47:41.5441483Z cargo fmt --check
f08-stable-gate	Run F08 stable Gate	2026-10-07T13:47:42.2893932Z cargo clippy -p quantos-engine-manager --all-targets --locked -- -D warnings
f08-stable-gate	Run F08 stable Gate	2026-10-07T13:47:42.3813103Z ^[[1m^[[92m    Updating^[[0m crates.io index
f08-stable-gate	Run F08 stable Gate	2026-10-07T13:47:43.0221060Z ^[[1m^[[92m Downloading^[[0m crates ...
f08-stable-gate	Run F08 stable Gate	2026-10-07T13:47:43.2265849Z ^[[1m^[[92m  Downloaded^[[0m async-stream v0.3.6
f08-stable-gate	Run F08 stable Gate	2026-10-07T13:47:43.2297127Z ^[[1m^[[92m  Downloaded^[[0m async-stream-impl v0.3.6
f08-stable-gate	Run F08 stable Gate	2026-10-07T13:47:43.2306258Z ^[[1m^[[92m  Downloaded^[[0m atomic-waker v1.1.2
f08-stable-gate	Run F08 stable Gate	2026-10-07T13:47:43.2324463Z ^[[1m^[[92m  Downloaded^[[0m axum-core v0.4.5
f08-stable-gate	Run F08 stable Gate	2026-10-07T13:47:43.2373342Z ^[[1m^[[92m  Downloaded^[[0m mime v0.3.17
f08-stable-gate	Run F08 stable Gate	2026-10-07T13:47:43.2389657Z ^[[1m^[[92m  Downloaded^[[0m generic-array v0.14.7
f08-stable-gate	Run F08 stable Gate	2026-10-07T13:47:43.2416113Z ^[[1m^[[92m  Downloaded^[[0m tokio-macros v2.7.1
f08-stable-gate	Run F08 stable Gate	2026-10-07T13:47:43.2431282Z ^[[1m^[[92m  Downloaded^[[0m autocfg v1.5.1
f08-stable-gate	Run F08 stable Gate	2026-10-07T13:47:43.2455385Z ^[[1m^[[92m  Downloaded^[[0m tower-layer v0.3.3
f08-stable-gate	Run F08 stable Gate	2026-10-07T13:47:43.2471041Z ^[[1m^[[92m  Downloaded^[[0m fastrand v2.5.0
f08-stable-gate	Run F08 stable Gate	2026-10-07T13:47:43.2489203Z ^[[1m^[[92m  Downloaded^[[0m base64 v0.21.7
f08-stable-gate	Run F08 stable Gate	2026-10-07T13:47:43.2539048Z ^[[1m^[[92m  Downloaded^[[0m socket2 v0.5.10
f08-stable-gate	Run F08 stable Gate	2026-10-07T13:47:43.2562216Z ^[[1m^[[92m  Downloaded^[[0m zmij v1.0.23
f08-stable-gate	Run F08 stable Gate	2026-10-07T13:47:43.2582648Z ^[[1m^[[92m  Downloaded^[[0m version_check v0.9.5
f08-stable-gate	Run F08 stable Gate	2026-10-07T13:47:43.2602248Z ^[[1m^[[92m  Downloaded^[[0m serde_core v1.0.229
f08-stable-gate	Run F08 stable Gate	2026-10-07T13:47:43.2635661Z ^[[1m^[[92m  Downloaded^[[0m want v0.3.1
f08-stable-gate	Run F08 stable Gate	2026-10-07T13:47:43.2650626Z ^[[1m^[[92m  Downloaded^[[0m tower v0.5.3
f08-stable-gate	Run F08 stable Gate	2026-10-07T13:47:43.2774721Z ^[[1m^[[92m  Downloaded^[[0m tracing-attributes v0.1.31
f08-stable-gate	Run F08 stable Gate	2026-10-07T13:47:43.2806764Z ^[[1m^[[92m  Downloaded^[[0m uuid v1.24.0
f08-stable-gate	Run F08 stable Gate	2026-10-07T13:47:43.2853035Z ^[[1m^[[92m  Downloaded^[[0m rustversion v1.0.23
f08-stable-gate	Run F08 stable Gate	2026-10-07T13:47:43.2888686Z ^[[1m^[[92m  Downloaded^[[0m tracing-core v0.1.36
f08-stable-gate	Run F08 stable Gate	2026-10-07T13:47:43.2930490Z ^[[1m^[[92m  Downloaded^[[0m tonic v0.12.3
f08-stable-gate	Run F08 stable Gate	2026-10-07T13:47:43.3013700Z ^[[1m^[[92m  Downloaded^[[0m typenum v1.20.1
f08-stable-gate	Run F08 stable Gate	2026-10-07T13:47:43.3054362Z ^[[1m^[[92m  Downloaded^[[0m sha2 v0.10.9
f08-stable-gate	Run F08 stable Gate	2026-10-07T13:47:43.3091309Z ^[[1m^[[92m  Downloaded^[[0m sync_wrapper v1.0.2
f08-stable-gate	Run F08 stable Gate	2026-10-07T13:47:43.3101562Z ^[[1m^[[92m  Downloaded^[[0m futures-channel v0.3.33
f08-stable-gate	Run F08 stable Gate	2026-10-07T13:47:43.3125508Z ^[[1m^[[92m  Downloaded^[[0m digest v0.10.7
f08-stable-gate	Run F08 stable Gate	2026-10-07T13:47:43.3148779Z ^[[1m^[[92m  Downloaded^[[0m zerocopy v0.8.55
f08-stable-gate	Run F08 stable Gate	2026-10-07T13:47:43.3388824Z ^[[1m^[[92m  Downloaded^[[0m tempfile v3.27.0
f08-stable-gate	Run F08 stable Gate	2026-10-07T13:47:43.3417625Z ^[[1m^[[92m  Downloaded^[[0m regex v1.13.1
f08-stable-gate	Run F08 stable Gate	2026-10-07T13:47:43.3481486Z ^[[1m^[[92m  Downloaded^[[0m syn v2.0.119
f08-stable-gate	Run F08 stable Gate	2026-10-07T13:47:43.3598888Z ^[[1m^[[92m  Downloaded^[[0m prettyplease v0.2.37
f08-stable-gate	Run F08 stable Gate	2026-10-07T13:47:43.3643216Z ^[[1m^[[92m  Downloaded^[[0m syn v3.0.3
f08-stable-gate	Run F08 stable Gate	2026-10-07T13:47:43.3761409Z ^[[1m^[[92m  Downloaded^[[0m mio v1.2.2
f08-stable-gate	Run F08 stable Gate	2026-10-07T13:47:43.3834261Z ^[[1m^[[92m  Downloaded^[[0m serde v1.0.229
f08-stable-gate	Run F08 stable Gate	2026-10-07T13:47:43.3874514Z ^[[1m^[[92m  Downloaded^[[0m futures-util v0.3.33
f08-stable-gate	Run F08 stable Gate	2026-10-07T13:47:43.4021846Z ^[[1m^[[92m  Downloaded^[[0m memchr v2.8.3
f08-stable-gate	Run F08 stable Gate	2026-10-07T13:47:43.4084014Z ^[[1m^[[92m  Downloaded^[[0m base64 v0.22.1
f08-stable-gate	Run F08 stable Gate	2026-10-07T13:47:43.4127174Z ^[[1m^[[92m  Downloaded^[[0m http v1.4.2
f08-stable-gate	Run F08 stable Gate	2026-10-07T13:47:43.4168787Z ^[[1m^[[92m  Downloaded^[[0m itertools v0.13.0
f08-stable-gate	Run F08 stable Gate	2026-10-07T13:47:43.4244341Z ^[[1m^[[92m  Downloaded^[[0m h2 v0.4.16
f08-stable-gate	Run F08 stable Gate	2026-10-07T13:47:43.4317311Z ^[[1m^[[92m  Downloaded^[[0m serde_json v1.0.151
f08-stable-gate	Run F08 stable Gate	2026-10-07T13:47:43.4397476Z ^[[1m^[[92m  Downloaded^[[0m hyper v1.11.0
f08-stable-gate	Run F08 stable Gate	2026-10-07T13:47:43.4473131Z ^[[1m^[[92m  Downloaded^[[0m tracing v0.1.44
f08-stable-gate	Run F08 stable Gate	2026-10-07T13:47:43.4643009Z ^[[1m^[[92m  Downloaded^[[0m itertools v0.14.0
f08-stable-gate	Run F08 stable Gate	2026-10-07T13:47:43.4718181Z ^[[1m^[[92m  Downloaded^[[0m libc v0.2.189
f08-stable-gate	Run F08 stable Gate	2026-10-07T13:47:43.5184557Z ^[[1m^[[92m  Downloaded^[[0m chrono v0.4.45
f08-stable-gate	Run F08 stable Gate	2026-10-07T13:47:43.5256039Z ^[[1m^[[92m  Downloaded^[[0m proc-macro2 v1.0.107
f08-stable-gate	Run F08 stable Gate	2026-10-07T13:47:43.5288411Z ^[[1m^[[92m  Downloaded^[[0m hyper-util v0.1.20
f08-stable-gate	Run F08 stable Gate	2026-10-07T13:47:43.5354802Z ^[[1m^[[92m  Downloaded^[[0m cpufeatures v0.2.17
f08-stable-gate	Run F08 stable Gate	2026-10-07T13:47:43.5370914Z ^[[1m^[[92m  Downloaded^[[0m serde_derive v1.0.229
f08-stable-gate	Run F08 stable Gate	2026-10-07T13:47:43.5404393Z ^[[1m^[[92m  Downloaded^[[0m prost-derive v0.13.5
f08-stable-gate	Run F08 stable Gate	2026-10-07T13:47:43.5418900Z ^[[1m^[[92m  Downloaded^[[0m regex-syntax v0.8.11
f08-stable-gate	Run F08 stable Gate	2026-10-07T13:47:43.5490281Z ^[[1m^[[92m  Downloaded^[[0m prost-build v0.13.5
f08-stable-gate	Run F08 stable Gate	2026-10-07T13:47:43.5528036Z ^[[1m^[[92m  Downloaded^[[0m pbjson-types v0.7.0
f08-stable-gate	Run F08 stable Gate	2026-10-07T13:47:43.5545399Z ^[[1m^[[92m  Downloaded^[[0m once_cell v1.21.4
f08-stable-gate	Run F08 stable Gate	2026-10-07T13:47:43.5572512Z ^[[1m^[[92m  Downloaded^[[0m socket2 v0.6.5
f08-stable-gate	Run F08 stable Gate	2026-10-07T13:47:43.5592363Z ^[[1m^[[92m  Downloaded^[[0m rand_chacha v0.3.1
f08-stable-gate	Run F08 stable Gate	2026-10-07T13:47:43.5604625Z ^[[1m^[[92m  Downloaded^[[0m rand v0.8.7
f08-stable-gate	Run F08 stable Gate	2026-10-07T13:47:43.5640137Z ^[[1m^[[92m  Downloaded^[[0m smallvec v1.15.2
f08-stable-gate	Run F08 stable Gate	2026-10-07T13:47:43.5656145Z ^[[1m^[[92m  Downloaded^[[0m pin-project-internal v1.1.13
f08-stable-gate	Run F08 stable Gate	2026-10-07T13:47:43.5677186Z ^[[1m^[[92m  Downloaded^[[0m futures-task v0.3.33
f08-stable-gate	Run F08 stable Gate	2026-10-07T13:47:43.5690904Z ^[[1m^[[92m  Downloaded^[[0m equivalent v1.0.2
f08-stable-gate	Run F08 stable Gate	2026-10-07T13:47:43.5702095Z ^[[1m^[[92m  Downloaded^[[0m hashbrown v0.12.3
f08-stable-gate	Run F08 stable Gate	2026-10-07T13:47:43.5743028Z ^[[1m^[[92m  Downloaded^[[0m futures-core v0.3.33
f08-stable-gate	Run F08 stable Gate	2026-10-07T13:47:43.5757120Z ^[[1m^[[92m  Downloaded^[[0m regex-automata v0.4.16
f08-stable-gate	Run F08 stable Gate	2026-10-07T13:47:43.5906878Z ^[[1m^[[92m  Downloaded^[[0m tower v0.4.13
f08-stable-gate	Run F08 stable Gate	2026-10-07T13:47:43.6016750Z ^[[1m^[[92m  Downloaded^[[0m petgraph v0.7.1
f08-stable-gate	Run F08 stable Gate	2026-10-07T13:47:43.6204996Z ^[[1m^[[92m  Downloaded^[[0m tokio-util v0.7.19
f08-stable-gate	Run F08 stable Gate	2026-10-07T13:47:43.6289749Z ^[[1m^[[92m  Downloaded^[[0m ppv-lite86 v0.2.21
f08-stable-gate	Run F08 stable Gate	2026-10-07T13:47:43.6303547Z ^[[1m^[[92m  Downloaded^[[0m matchit v0.7.3
f08-stable-gate	Run F08 stable Gate	2026-10-07T13:47:43.6323986Z ^[[1m^[[92m  Downloaded^[[0m httparse v1.10.1
f08-stable-gate	Run F08 stable Gate	2026-10-07T13:47:43.6350314Z ^[[1m^[[92m  Downloaded^[[0m getrandom v0.4.3
f08-stable-gate	Run F08 stable Gate	2026-10-07T13:47:43.6390818Z ^[[1m^[[92m  Downloaded^[[0m getrandom v0.2.17
f08-stable-gate	Run F08 stable Gate	2026-10-07T13:47:43.6422300Z ^[[1m^[[92m  Downloaded^[[0m futures-macro v0.3.33
f08-stable-gate	Run F08 stable Gate	2026-10-07T13:47:43.6433308Z ^[[1m^[[92m  Downloaded^[[0m crypto-common v0.1.7
f08-stable-gate	Run F08 stable Gate	2026-10-07T13:47:43.6443607Z ^[[1m^[[92m  Downloaded^[[0m bitflags v2.13.1
f08-stable-gate	Run F08 stable Gate	2026-10-07T13:47:43.6491284Z ^[[1m^[[92m  Downloaded^[[0m thiserror-impl v2.0.19
f08-stable-gate	Run F08 stable Gate	2026-10-07T13:47:43.6506803Z ^[[1m^[[92m  Downloaded^[[0m signal-hook-registry v1.4.8
f08-stable-gate	Run F08 stable Gate	2026-10-07T13:47:43.6519366Z ^[[1m^[[92m  Downloaded^[[0m rand_core v0.6.4
f08-stable-gate	Run F08 stable Gate	2026-10-07T13:47:43.6533370Z ^[[1m^[[92m  Downloaded^[[0m pbjson-build v0.7.0
f08-stable-gate	Run F08 stable Gate	2026-10-07T13:47:43.6545898Z ^[[1m^[[92m  Downloaded^[[0m hyper-timeout v0.5.2
f08-stable-gate	Run F08 stable Gate	2026-10-07T13:47:43.6561052Z ^[[1m^[[92m  Downloaded^[[0m http-body v1.1.0
f08-stable-gate	Run F08 stable Gate	2026-10-07T13:47:43.6571666Z ^[[1m^[[92m  Downloaded^[[0m http-body-util v0.1.4
f08-stable-gate	Run F08 stable Gate	2026-10-07T13:47:43.6592106Z ^[[1m^[[92m  Downloaded^[[0m tokio v1.53.1
f08-stable-gate	Run F08 stable Gate	2026-10-07T13:47:43.7071069Z ^[[1m^[[92m  Downloaded^[[0m fnv v1.0.7
f08-stable-gate	Run F08 stable Gate	2026-10-07T13:47:43.7079675Z ^[[1m^[[92m  Downloaded^[[0m pin-project-lite v0.2.17
f08-stable-gate	Run F08 stable Gate	2026-10-07T13:47:43.7141301Z ^[[1m^[[92m  Downloaded^[[0m multimap v0.10.1
f08-stable-gate	Run F08 stable Gate	2026-10-07T13:47:43.7151873Z ^[[1m^[[92m  Downloaded^[[0m try-lock v0.2.5
f08-stable-gate	Run F08 stable Gate	2026-10-07T13:47:43.7160963Z ^[[1m^[[92m  Downloaded^[[0m heck v0.5.0
f08-stable-gate	Run F08 stable Gate	2026-10-07T13:47:43.7174004Z ^[[1m^[[92m  Downloaded^[[0m either v1.17.0
f08-stable-gate	Run F08 stable Gate	2026-10-07T13:47:43.7189237Z ^[[1m^[[92m  Downloaded^[[0m tokio-stream v0.1.19
f08-stable-gate	Run F08 stable Gate	2026-10-07T13:47:43.7243388Z ^[[1m^[[92m  Downloaded^[[0m thiserror v2.0.19
f08-stable-gate	Run F08 stable Gate	2026-10-07T13:47:43.7311993Z ^[[1m^[[92m  Downloaded^[[0m subtle v2.6.1
f08-stable-gate	Run F08 stable Gate	2026-10-07T13:47:43.7323801Z ^[[1m^[[92m  Downloaded^[[0m semver v1.0.28
f08-stable-gate	Run F08 stable Gate	2026-10-07T13:47:43.7347603Z ^[[1m^[[92m  Downloaded^[[0m quote v1.0.47
f08-stable-gate	Run F08 stable Gate	2026-10-07T13:47:43.7375964Z ^[[1m^[[92m  Downloaded^[[0m prost-types v0.13.5
f08-stable-gate	Run F08 stable Gate	2026-10-07T13:47:43.7393680Z ^[[1m^[[92m  Downloaded^[[0m prost v0.13.5
f08-stable-gate	Run F08 stable Gate	2026-10-07T13:47:43.7410674Z ^[[1m^[[92m  Downloaded^[[0m log v0.4.33
f08-stable-gate	Run F08 stable Gate	2026-10-07T13:47:43.7436017Z ^[[1m^[[92m  Downloaded^[[0m indexmap v1.9.3
f08-stable-gate	Run F08 stable Gate	2026-10-07T13:47:43.7469097Z ^[[1m^[[92m  Downloaded^[[0m iana-time-zone v0.1.65
f08-stable-gate	Run F08 stable Gate	2026-10-07T13:47:43.7499103Z ^[[1m^[[92m  Downloaded^[[0m futures-sink v0.3.33
f08-stable-gate	Run F08 stable Gate	2026-10-07T13:47:43.7507095Z ^[[1m^[[92m  Downloaded^[[0m fixedbitset v0.5.7
f08-stable-gate	Run F08 stable Gate	2026-10-07T13:47:43.7527322Z ^[[1m^[[92m  Downloaded^[[0m block-buffer v0.10.4
f08-stable-gate	Run F08 stable Gate	2026-10-07T13:47:43.7537076Z ^[[1m^[[92m  Downloaded^[[0m axum v0.7.9
f08-stable-gate	Run F08 stable Gate	2026-10-07T13:47:43.7617529Z ^[[1m^[[92m  Downloaded^[[0m num-traits v0.2.19
f08-stable-gate	Run F08 stable Gate	2026-10-07T13:47:43.7645508Z ^[[1m^[[92m  Downloaded^[[0m httpdate v1.0.3
f08-stable-gate	Run F08 stable Gate	2026-10-07T13:47:43.7657137Z ^[[1m^[[92m  Downloaded^[[0m tower-service v0.3.3
f08-stable-gate	Run F08 stable Gate	2026-10-07T13:47:43.7664718Z ^[[1m^[[92m  Downloaded^[[0m hashbrown v0.17.1
f08-stable-gate	Run F08 stable Gate	2026-10-07T13:47:43.7720088Z ^[[1m^[[92m  Downloaded^[[0m percent-encoding v2.3.2
f08-stable-gate	Run F08 stable Gate	2026-10-07T13:47:43.7728706Z ^[[1m^[[92m  Downloaded^[[0m indexmap v2.14.0
f08-stable-gate	Run F08 stable Gate	2026-10-07T13:47:43.7772495Z ^[[1m^[[92m  Downloaded^[[0m bytes v1.12.1
f08-stable-gate	Run F08 stable Gate	2026-10-07T13:47:43.7809658Z ^[[1m^[[92m  Downloaded^[[0m slab v0.4.12
f08-stable-gate	Run F08 stable Gate	2026-10-07T13:47:43.7822761Z ^[[1m^[[92m  Downloaded^[[0m pin-project v1.1.13
f08-stable-gate	Run F08 stable Gate	2026-10-07T13:47:43.7965433Z ^[[1m^[[92m  Downloaded^[[0m pbjson v0.7.0
f08-stable-gate	Run F08 stable Gate	2026-10-07T13:47:43.7970598Z ^[[1m^[[92m  Downloaded^[[0m hmac v0.12.1
f08-stable-gate	Run F08 stable Gate	2026-10-07T13:47:43.7990651Z ^[[1m^[[92m  Downloaded^[[0m anyhow v1.0.104
f08-stable-gate	Run F08 stable Gate	2026-10-07T13:47:43.8033457Z ^[[1m^[[92m  Downloaded^[[0m async-trait v0.1.91
f08-stable-gate	Run F08 stable Gate	2026-10-07T13:47:43.8620590Z ^[[1m^[[92m   Compiling^[[0m proc-macro2 v1.0.107
f08-stable-gate	Run F08 stable Gate	2026-10-07T13:47:43.8621419Z ^[[1m^[[92m   Compiling^[[0m unicode-ident v1.0.24
f08-stable-gate	Run F08 stable Gate	2026-10-07T13:47:43.8622526Z ^[[1m^[[92m   Compiling^[[0m quote v1.0.47
f08-stable-gate	Run F08 stable Gate	2026-10-07T13:47:43.8623128Z ^[[1m^[[92m   Compiling^[[0m libc v0.2.189
f08-stable-gate	Run F08 stable Gate	2026-10-07T13:47:43.9207609Z ^[[1m^[[92m    Checking^[[0m pin-project-lite v0.2.17
f08-stable-gate	Run F08 stable Gate	2026-10-07T13:47:43.9624051Z ^[[1m^[[92m    Checking^[[0m bytes v1.12.1
f08-stable-gate	Run F08 stable Gate	2026-10-07T13:47:44.0181628Z ^[[1m^[[92m    Checking^[[0m futures-core v0.3.33
f08-stable-gate	Run F08 stable Gate	2026-10-07T13:47:44.0865807Z ^[[1m^[[92m   Compiling^[[0m anyhow v1.0.104
f08-stable-gate	Run F08 stable Gate	2026-10-07T13:47:44.3098351Z ^[[1m^[[92m   Compiling^[[0m either v1.17.0
f08-stable-gate	Run F08 stable Gate	2026-10-07T13:47:44.3728038Z ^[[1m^[[92m    Checking^[[0m itoa v1.0.18
f08-stable-gate	Run F08 stable Gate	2026-10-07T13:47:44.4592787Z ^[[1m^[[92m   Compiling^[[0m serde_core v1.0.229
f08-stable-gate	Run F08 stable Gate	2026-10-07T13:47:44.4648033Z ^[[1m^[[92m   Compiling^[[0m itertools v0.14.0
f08-stable-gate	Run F08 stable Gate	2026-10-07T13:47:44.8418604Z ^[[1m^[[92m   Compiling^[[0m syn v2.0.119
f08-stable-gate	Run F08 stable Gate	2026-10-07T13:47:44.9958474Z ^[[1m^[[92m   Compiling^[[0m syn v3.0.3
f08-stable-gate	Run F08 stable Gate	2026-10-07T13:47:45.1418139Z ^[[1m^[[92m    Checking^[[0m errno v0.3.14
f08-stable-gate	Run F08 stable Gate	2026-10-07T13:47:45.1968135Z ^[[1m^[[92m   Compiling^[[0m getrandom v0.4.3
f08-stable-gate	Run F08 stable Gate	2026-10-07T13:47:45.3227964Z ^[[1m^[[92m   Compiling^[[0m autocfg v1.5.1
f08-stable-gate	Run F08 stable Gate	2026-10-07T13:47:45.6698318Z ^[[1m^[[92m    Checking^[[0m cfg-if v1.0.4
f08-stable-gate	Run F08 stable Gate	2026-10-07T13:47:45.6978053Z ^[[1m^[[92m    Checking^[[0m slab v0.4.12
f08-stable-gate	Run F08 stable Gate	2026-10-07T13:47:45.7922867Z ^[[1m^[[92m    Checking^[[0m signal-hook-registry v1.4.8
f08-stable-gate	Run F08 stable Gate	2026-10-07T13:47:45.8159823Z ^[[1m^[[92m    Checking^[[0m mio v1.2.2
f08-stable-gate	Run F08 stable Gate	2026-10-07T13:47:45.8998798Z ^[[1m^[[92m    Checking^[[0m socket2 v0.6.5
f08-stable-gate	Run F08 stable Gate	2026-10-07T13:47:46.1348072Z ^[[1m^[[92m    Checking^[[0m http v1.4.2
f08-stable-gate	Run F08 stable Gate	2026-10-07T13:47:46.7168285Z ^[[1m^[[92m    Checking^[[0m once_cell v1.21.4
f08-stable-gate	Run F08 stable Gate	2026-10-07T13:47:46.8288108Z ^[[1m^[[92m   Compiling^[[0m rustix v1.1.4
f08-stable-gate	Run F08 stable Gate	2026-10-07T13:47:47.1518753Z ^[[1m^[[92m    Checking^[[0m futures-task v0.3.33
f08-stable-gate	Run F08 stable Gate	2026-10-07T13:47:47.4988305Z ^[[1m^[[92m    Checking^[[0m tracing-core v0.1.36
f08-stable-gate	Run F08 stable Gate	2026-10-07T13:47:47.7546856Z ^[[1m^[[92m    Checking^[[0m http-body v1.1.0
f08-stable-gate	Run F08 stable Gate	2026-10-07T13:47:47.8164600Z ^[[1m^[[92m   Compiling^[[0m serde v1.0.229
f08-stable-gate	Run F08 stable Gate	2026-10-07T13:47:48.0008190Z ^[[1m^[[92m    Checking^[[0m tower-service v0.3.3
f08-stable-gate	Run F08 stable Gate	2026-10-07T13:47:48.0376611Z ^[[1m^[[92m   Compiling^[[0m version_check v0.9.5
f08-stable-gate	Run F08 stable Gate	2026-10-07T13:47:48.2549998Z ^[[1m^[[92m    Checking^[[0m futures-sink v0.3.33
f08-stable-gate	Run F08 stable Gate	2026-10-07T13:47:48.3018184Z ^[[1m^[[92m   Compiling^[[0m zerocopy v0.8.55
f08-stable-gate	Run F08 stable Gate	2026-10-07T13:47:48.4165365Z ^[[1m^[[92m   Compiling^[[0m generic-array v0.14.7
f08-stable-gate	Run F08 stable Gate	2026-10-07T13:47:48.5738259Z ^[[1m^[[92m   Compiling^[[0m equivalent v1.0.2
f08-stable-gate	Run F08 stable Gate	2026-10-07T13:47:48.6368111Z ^[[1m^[[92m   Compiling^[[0m linux-raw-sys v0.12.1
f08-stable-gate	Run F08 stable Gate	2026-10-07T13:47:48.9908690Z ^[[1m^[[92m   Compiling^[[0m bitflags v2.13.1
f08-stable-gate	Run F08 stable Gate	2026-10-07T13:47:49.1379872Z ^[[1m^[[92m   Compiling^[[0m serde_derive v1.0.229
f08-stable-gate	Run F08 stable Gate	2026-10-07T13:47:49.1457606Z ^[[1m^[[92m   Compiling^[[0m hashbrown v0.17.1
f08-stable-gate	Run F08 stable Gate	2026-10-07T13:47:49.5767926Z ^[[1m^[[92m   Compiling^[[0m httparse v1.10.1
f08-stable-gate	Run F08 stable Gate	2026-10-07T13:47:49.6119170Z ^[[1m^[[92m   Compiling^[[0m tokio-macros v2.7.1
f08-stable-gate	Run F08 stable Gate	2026-10-07T13:47:49.6507167Z ^[[1m^[[92m   Compiling^[[0m prost-derive v0.13.5
f08-stable-gate	Run F08 stable Gate	2026-10-07T13:47:49.7656102Z ^[[1m^[[92m   Compiling^[[0m futures-macro v0.3.33
f08-stable-gate	Run F08 stable Gate	2026-10-07T13:47:50.1108740Z ^[[1m^[[92m    Checking^[[0m tokio v1.53.1
f08-stable-gate	Run F08 stable Gate	2026-10-07T13:47:50.4148984Z ^[[1m^[[92m    Checking^[[0m futures-util v0.3.33
f08-stable-gate	Run F08 stable Gate	2026-10-07T13:47:51.0878812Z ^[[1m^[[92m   Compiling^[[0m tracing-attributes v0.1.31
f08-stable-gate	Run F08 stable Gate	2026-10-07T13:47:51.9898193Z ^[[1m^[[92m   Compiling^[[0m prost v0.13.5
f08-stable-gate	Run F08 stable Gate	2026-10-07T13:47:52.0554336Z ^[[1m^[[92m   Compiling^[[0m prettyplease v0.2.37
f08-stable-gate	Run F08 stable Gate	2026-10-07T13:47:52.1679113Z ^[[1m^[[92m    Checking^[[0m tracing v0.1.44
f08-stable-gate	Run F08 stable Gate	2026-10-07T13:47:52.2908192Z ^[[1m^[[92m   Compiling^[[0m regex-syntax v0.8.11
f08-stable-gate	Run F08 stable Gate	2026-10-07T13:47:52.3220022Z ^[[1m^[[92m   Compiling^[[0m prost-types v0.13.5
f08-stable-gate	Run F08 stable Gate	2026-10-07T13:47:52.6008109Z ^[[1m^[[92m    Checking^[[0m indexmap v2.14.0
f08-stable-gate	Run F08 stable Gate	2026-10-07T13:47:53.4268158Z ^[[1m^[[92m    Checking^[[0m tokio-util v0.7.19
f08-stable-gate	Run F08 stable Gate	2026-10-07T13:47:53.4548935Z ^[[1m^[[92m   Compiling^[[0m regex-automata v0.4.16
f08-stable-gate	Run F08 stable Gate	2026-10-07T13:47:54.2208019Z ^[[1m^[[92m    Checking^[[0m getrandom v0.2.17
f08-stable-gate	Run F08 stable Gate	2026-10-07T13:47:54.3045147Z ^[[1m^[[92m   Compiling^[[0m fastrand v2.5.0
f08-stable-gate	Run F08 stable Gate	2026-10-07T13:47:54.4568020Z ^[[1m^[[92m   Compiling^[[0m rustversion v1.0.23
f08-stable-gate	Run F08 stable Gate	2026-10-07T13:47:54.6678475Z ^[[1m^[[92m    Checking^[[0m fnv v1.0.7
f08-stable-gate	Run F08 stable Gate	2026-10-07T13:47:54.7036245Z ^[[1m^[[92m    Checking^[[0m typenum v1.20.1
f08-stable-gate	Run F08 stable Gate	2026-10-07T13:47:55.3559147Z ^[[1m^[[92m    Checking^[[0m try-lock v0.2.5
f08-stable-gate	Run F08 stable Gate	2026-10-07T13:47:55.3988204Z ^[[1m^[[92m    Checking^[[0m atomic-waker v1.1.2
f08-stable-gate	Run F08 stable Gate	2026-10-07T13:47:55.4368270Z ^[[1m^[[92m   Compiling^[[0m fixedbitset v0.5.7
f08-stable-gate	Run F08 stable Gate	2026-10-07T13:47:55.5718881Z ^[[1m^[[92m    Checking^[[0m tower-layer v0.3.3
f08-stable-gate	Run F08 stable Gate	2026-10-07T13:47:55.6749861Z ^[[1m^[[92m   Compiling^[[0m heck v0.5.0
f08-stable-gate	Run F08 stable Gate	2026-10-07T13:47:55.7213378Z ^[[1m^[[92m   Compiling^[[0m petgraph v0.7.1
f08-stable-gate	Run F08 stable Gate	2026-10-07T13:47:55.7888931Z ^[[1m^[[92m   Compiling^[[0m tempfile v3.27.0
f08-stable-gate	Run F08 stable Gate	2026-10-07T13:47:55.8318720Z ^[[1m^[[92m    Checking^[[0m h2 v0.4.16
f08-stable-gate	Run F08 stable Gate	2026-10-07T13:47:56.0928766Z ^[[1m^[[92m    Checking^[[0m want v0.3.1
f08-stable-gate	Run F08 stable Gate	2026-10-07T13:47:56.6305931Z ^[[1m^[[92m   Compiling^[[0m regex v1.13.1
f08-stable-gate	Run F08 stable Gate	2026-10-07T13:47:57.0122466Z ^[[1m^[[92m    Checking^[[0m rand_core v0.6.4
f08-stable-gate	Run F08 stable Gate	2026-10-07T13:47:57.1719299Z ^[[1m^[[92m   Compiling^[[0m num-traits v0.2.19
f08-stable-gate	Run F08 stable Gate	2026-10-07T13:47:57.2698802Z ^[[1m^[[92m   Compiling^[[0m indexmap v1.9.3
f08-stable-gate	Run F08 stable Gate	2026-10-07T13:47:57.3608186Z ^[[1m^[[92m   Compiling^[[0m itertools v0.13.0
f08-stable-gate	Run F08 stable Gate	2026-10-07T13:47:57.6038067Z ^[[1m^[[92m    Checking^[[0m ppv-lite86 v0.2.21
f08-stable-gate	Run F08 stable Gate	2026-10-07T13:47:57.8774660Z ^[[1m^[[92m    Checking^[[0m futures-channel v0.3.33
f08-stable-gate	Run F08 stable Gate	2026-10-07T13:47:57.8817580Z ^[[1m^[[92m    Checking^[[0m smallvec v1.15.2
f08-stable-gate	Run F08 stable Gate	2026-10-07T13:47:57.9288078Z ^[[1m^[[92m   Compiling^[[0m log v0.4.33
f08-stable-gate	Run F08 stable Gate	2026-10-07T13:47:58.0045084Z ^[[1m^[[92m    Checking^[[0m httpdate v1.0.3
f08-stable-gate	Run F08 stable Gate	2026-10-07T13:47:58.0050523Z ^[[1m^[[92m    Checking^[[0m sync_wrapper v1.0.2
f08-stable-gate	Run F08 stable Gate	2026-10-07T13:47:58.0387938Z ^[[1m^[[92m   Compiling^[[0m multimap v0.10.1
f08-stable-gate	Run F08 stable Gate	2026-10-07T13:47:58.0417454Z ^[[1m^[[92m    Checking^[[0m rand_chacha v0.3.1
f08-stable-gate	Run F08 stable Gate	2026-10-07T13:47:58.0924842Z ^[[1m^[[92m    Checking^[[0m hyper v1.11.0
f08-stable-gate	Run F08 stable Gate	2026-10-07T13:47:58.1388006Z ^[[1m^[[92m   Compiling^[[0m prost-build v0.13.5
f08-stable-gate	Run F08 stable Gate	2026-10-07T13:47:58.7268731Z ^[[1m^[[92m   Compiling^[[0m pbjson-build v0.7.0
f08-stable-gate	Run F08 stable Gate	2026-10-07T13:47:58.7398296Z ^[[1m^[[92m   Compiling^[[0m pin-project-internal v1.1.13
f08-stable-gate	Run F08 stable Gate	2026-10-07T13:47:59.1028166Z ^[[1m^[[92m   Compiling^[[0m async-trait v0.1.91
f08-stable-gate	Run F08 stable Gate	2026-10-07T13:47:59.2618862Z ^[[1m^[[92m    Checking^[[0m http-body-util v0.1.4
f08-stable-gate	Run F08 stable Gate	2026-10-07T13:47:59.4208112Z ^[[1m^[[92m   Compiling^[[0m zmij v1.0.23
f08-stable-gate	Run F08 stable Gate	2026-10-07T13:47:59.4513051Z ^[[1m^[[92m    Checking^[[0m mime v0.3.17
f08-stable-gate	Run F08 stable Gate	2026-10-07T13:47:59.5640308Z ^[[1m^[[92m    Checking^[[0m memchr v2.8.3
f08-stable-gate	Run F08 stable Gate	2026-10-07T13:47:59.5718816Z ^[[1m^[[92m    Checking^[[0m hashbrown v0.12.3
f08-stable-gate	Run F08 stable Gate	2026-10-07T13:47:59.6898161Z ^[[1m^[[92m    Checking^[[0m pin-project v1.1.13
f08-stable-gate	Run F08 stable Gate	2026-10-07T13:47:59.7428138Z ^[[1m^[[92m   Compiling^[[0m pbjson-types v0.7.0
f08-stable-gate	Run F08 stable Gate	2026-10-07T13:47:59.9076052Z ^[[1m^[[92m    Checking^[[0m axum-core v0.4.5
f08-stable-gate	Run F08 stable Gate	2026-10-07T13:47:59.9198191Z ^[[1m^[[92m    Checking^[[0m hyper-util v0.1.20
f08-stable-gate	Run F08 stable Gate	2026-10-07T13:48:00.2515663Z ^[[1m^[[92m    Checking^[[0m rand v0.8.7
f08-stable-gate	Run F08 stable Gate	2026-10-07T13:48:00.7038173Z ^[[1m^[[92m    Checking^[[0m tower v0.5.3
f08-stable-gate	Run F08 stable Gate	2026-10-07T13:48:00.7968511Z ^[[1m^[[92m    Checking^[[0m crypto-common v0.1.7
f08-stable-gate	Run F08 stable Gate	2026-10-07T13:48:00.8488166Z ^[[1m^[[92m    Checking^[[0m block-buffer v0.10.4
f08-stable-gate	Run F08 stable Gate	2026-10-07T13:48:00.9088121Z ^[[1m^[[92m   Compiling^[[0m async-stream-impl v0.3.6
f08-stable-gate	Run F08 stable Gate	2026-10-07T13:48:00.9974680Z ^[[1m^[[92m    Checking^[[0m base64 v0.21.7
f08-stable-gate	Run F08 stable Gate	2026-10-07T13:48:01.1609025Z ^[[1m^[[92m   Compiling^[[0m serde_json v1.0.151
f08-stable-gate	Run F08 stable Gate	2026-10-07T13:48:01.1868283Z ^[[1m^[[92m    Checking^[[0m iana-time-zone v0.1.65
f08-stable-gate	Run F08 stable Gate	2026-10-07T13:48:01.2466577Z ^[[1m^[[92m    Checking^[[0m subtle v2.6.1
f08-stable-gate	Run F08 stable Gate	2026-10-07T13:48:01.2588187Z ^[[1m^[[92m    Checking^[[0m matchit v0.7.3
f08-stable-gate	Run F08 stable Gate	2026-10-07T13:48:01.2997985Z ^[[1m^[[92m    Checking^[[0m percent-encoding v2.3.2
f08-stable-gate	Run F08 stable Gate	2026-10-07T13:48:01.3328193Z ^[[1m^[[92m    Checking^[[0m digest v0.10.7
f08-stable-gate	Run F08 stable Gate	2026-10-07T13:48:01.3678943Z ^[[1m^[[92m    Checking^[[0m async-stream v0.3.6
f08-stable-gate	Run F08 stable Gate	2026-10-07T13:48:01.4108507Z ^[[1m^[[92m    Checking^[[0m chrono v0.4.45
f08-stable-gate	Run F08 stable Gate	2026-10-07T13:48:01.4237963Z ^[[1m^[[92m    Checking^[[0m pbjson v0.7.0
f08-stable-gate	Run F08 stable Gate	2026-10-07T13:48:01.4631194Z ^[[1m^[[92m    Checking^[[0m hyper-timeout v0.5.2
f08-stable-gate	Run F08 stable Gate	2026-10-07T13:48:01.4890976Z ^[[1m^[[92m    Checking^[[0m tower v0.4.13
f08-stable-gate	Run F08 stable Gate	2026-10-07T13:48:01.5438066Z ^[[1m^[[92m    Checking^[[0m axum v0.7.9
f08-stable-gate	Run F08 stable Gate	2026-10-07T13:48:01.9018289Z ^[[1m^[[92m    Checking^[[0m tokio-stream v0.1.19
f08-stable-gate	Run F08 stable Gate	2026-10-07T13:48:02.2048107Z ^[[1m^[[92m    Checking^[[0m socket2 v0.5.10
f08-stable-gate	Run F08 stable Gate	2026-10-07T13:48:02.2278049Z ^[[1m^[[92m    Checking^[[0m base64 v0.22.1
f08-stable-gate	Run F08 stable Gate	2026-10-07T13:48:02.3113711Z ^[[1m^[[92m   Compiling^[[0m thiserror v2.0.19
f08-stable-gate	Run F08 stable Gate	2026-10-07T13:48:02.5608955Z ^[[1m^[[92m   Compiling^[[0m thiserror-impl v2.0.19
f08-stable-gate	Run F08 stable Gate	2026-10-07T13:48:03.0737555Z ^[[1m^[[92m    Checking^[[0m cpufeatures v0.2.17
f08-stable-gate	Run F08 stable Gate	2026-10-07T13:48:03.1077902Z ^[[1m^[[92m    Checking^[[0m sha2 v0.10.9
f08-stable-gate	Run F08 stable Gate	2026-10-07T13:48:03.3148140Z ^[[1m^[[92m    Checking^[[0m hmac v0.12.1
f08-stable-gate	Run F08 stable Gate	2026-10-07T13:48:03.3805629Z ^[[1m^[[92m    Checking^[[0m semver v1.0.28
f08-stable-gate	Run F08 stable Gate	2026-10-07T13:48:03.9313867Z ^[[1m^[[92m    Checking^[[0m uuid v1.24.0
f08-stable-gate	Run F08 stable Gate	2026-10-07T13:48:04.4065194Z ^[[1m^[[92m    Checking^[[0m tonic v0.12.3
f08-stable-gate	Run F08 stable Gate	2026-10-07T13:48:05.1658891Z ^[[1m^[[92m    Checking^[[0m quantos-proto v0.1.0 (/home/runner/work/QuantOS/QuantOS/crates/quantos-proto)
f08-stable-gate	Run F08 stable Gate	2026-10-07T13:48:07.0000380Z ^[[1m^[[92m    Checking^[[0m quantos-engine-manager v0.1.0 (/home/runner/work/QuantOS/QuantOS/crates/quantos-engine-manager)
f08-stable-gate	Run F08 stable Gate	2026-10-07T13:48:08.4705345Z ^[[1m^[[92m    Finished^[[0m `dev` profile [unoptimized + debuginfo] target(s) in 26.12s
f08-stable-gate	Run F08 stable Gate	2026-10-07T13:48:08.5407784Z cargo test -p quantos-engine-manager --locked
f08-stable-gate	Run F08 stable Gate	2026-10-07T13:48:08.7249535Z ^[[1m^[[92m   Compiling^[[0m bytes v1.12.1
f08-stable-gate	Run F08 stable Gate	2026-10-07T13:48:08.7250499Z ^[[1m^[[92m   Compiling^[[0m libc v0.2.189
f08-stable-gate	Run F08 stable Gate	2026-10-07T13:48:08.7251209Z ^[[1m^[[92m   Compiling^[[0m pin-project-lite v0.2.17
f08-stable-gate	Run F08 stable Gate	2026-10-07T13:48:08.7251845Z ^[[1m^[[92m   Compiling^[[0m cfg-if v1.0.4
f08-stable-gate	Run F08 stable Gate	2026-10-07T13:48:08.7598126Z ^[[1m^[[92m   Compiling^[[0m futures-core v0.3.33
f08-stable-gate	Run F08 stable Gate	2026-10-07T13:48:08.7692979Z ^[[1m^[[92m   Compiling^[[0m once_cell v1.21.4
f08-stable-gate	Run F08 stable Gate	2026-10-07T13:48:08.8338105Z ^[[1m^[[92m   Compiling^[[0m equivalent v1.0.2
f08-stable-gate	Run F08 stable Gate	2026-10-07T13:48:08.8650204Z ^[[1m^[[92m   Compiling^[[0m itoa v1.0.18
f08-stable-gate	Run F08 stable Gate	2026-10-07T13:48:08.9199634Z ^[[1m^[[92m   Compiling^[[0m hashbrown v0.17.1
f08-stable-gate	Run F08 stable Gate	2026-10-07T13:48:08.9688023Z ^[[1m^[[92m   Compiling^[[0m anyhow v1.0.104
f08-stable-gate	Run F08 stable Gate	2026-10-07T13:48:09.3148117Z ^[[1m^[[92m   Compiling^[[0m slab v0.4.12
f08-stable-gate	Run F08 stable Gate	2026-10-07T13:48:09.3807963Z ^[[1m^[[92m   Compiling^[[0m prost-derive v0.13.5
f08-stable-gate	Run F08 stable Gate	2026-10-07T13:48:09.4208577Z ^[[1m^[[92m   Compiling^[[0m http v1.4.2
f08-stable-gate	Run F08 stable Gate	2026-10-07T13:48:09.4628069Z ^[[1m^[[92m   Compiling^[[0m indexmap v2.14.0
f08-stable-gate	Run F08 stable Gate	2026-10-07T13:48:09.8005124Z ^[[1m^[[92m   Compiling^[[0m errno v0.3.14
f08-stable-gate	Run F08 stable Gate	2026-10-07T13:48:09.8778231Z ^[[1m^[[92m   Compiling^[[0m signal-hook-registry v1.4.8
f08-stable-gate	Run F08 stable Gate	2026-10-07T13:48:10.0678035Z ^[[1m^[[92m   Compiling^[[0m socket2 v0.6.5
f08-stable-gate	Run F08 stable Gate	2026-10-07T13:48:10.1077990Z ^[[1m^[[92m   Compiling^[[0m mio v1.2.2
f08-stable-gate	Run F08 stable Gate	2026-10-07T13:48:10.4798338Z ^[[1m^[[92m   Compiling^[[0m serde_core v1.0.229
f08-stable-gate	Run F08 stable Gate	2026-10-07T13:48:10.5768289Z ^[[1m^[[92m   Compiling^[[0m tokio v1.53.1
f08-stable-gate	Run F08 stable Gate	2026-10-07T13:48:10.6077953Z ^[[1m^[[92m   Compiling^[[0m futures-task v0.3.33
f08-stable-gate	Run F08 stable Gate	2026-10-07T13:48:10.7058326Z ^[[1m^[[92m   Compiling^[[0m futures-util v0.3.33
f08-stable-gate	Run F08 stable Gate	2026-10-07T13:48:10.7956899Z ^[[1m^[[92m   Compiling^[[0m http-body v1.1.0
f08-stable-gate	Run F08 stable Gate	2026-10-07T13:48:10.8909262Z ^[[1m^[[92m   Compiling^[[0m tracing-core v0.1.36
f08-stable-gate	Run F08 stable Gate	2026-10-07T13:48:11.4568045Z ^[[1m^[[92m   Compiling^[[0m tower-service v0.3.3
f08-stable-gate	Run F08 stable Gate	2026-10-07T13:48:11.4938193Z ^[[1m^[[92m   Compiling^[[0m futures-sink v0.3.33
f08-stable-gate	Run F08 stable Gate	2026-10-07T13:48:11.5418531Z ^[[1m^[[92m   Compiling^[[0m linux-raw-sys v0.12.1
f08-stable-gate	Run F08 stable Gate	2026-10-07T13:48:11.9285227Z ^[[1m^[[92m   Compiling^[[0m bitflags v2.13.1
f08-stable-gate	Run F08 stable Gate	2026-10-07T13:48:12.0948246Z ^[[1m^[[92m   Compiling^[[0m prost v0.13.5
f08-stable-gate	Run F08 stable Gate	2026-10-07T13:48:12.4097863Z ^[[1m^[[92m   Compiling^[[0m rustix v1.1.4
f08-stable-gate	Run F08 stable Gate	2026-10-07T13:48:12.6038340Z ^[[1m^[[92m   Compiling^[[0m tracing v0.1.44
f08-stable-gate	Run F08 stable Gate	2026-10-07T13:48:12.7118106Z ^[[1m^[[92m   Compiling^[[0m fastrand v2.5.0
f08-stable-gate	Run F08 stable Gate	2026-10-07T13:48:12.7728067Z ^[[1m^[[92m   Compiling^[[0m serde v1.0.229
f08-stable-gate	Run F08 stable Gate	2026-10-07T13:48:12.8728315Z ^[[1m^[[92m   Compiling^[[0m getrandom v0.4.3
f08-stable-gate	Run F08 stable Gate	2026-10-07T13:48:12.9826569Z ^[[1m^[[92m   Compiling^[[0m prost-types v0.13.5
f08-stable-gate	Run F08 stable Gate	2026-10-07T13:48:13.3276894Z ^[[1m^[[92m   Compiling^[[0m zerocopy v0.8.55
f08-stable-gate	Run F08 stable Gate	2026-10-07T13:48:14.1528717Z ^[[1m^[[92m   Compiling^[[0m getrandom v0.2.17
f08-stable-gate	Run F08 stable Gate	2026-10-07T13:48:14.2816646Z ^[[1m^[[92m   Compiling^[[0m tower-layer v0.3.3
f08-stable-gate	Run F08 stable Gate	2026-10-07T13:48:14.3828387Z ^[[1m^[[92m   Compiling^[[0m typenum v1.20.1
f08-stable-gate	Run F08 stable Gate	2026-10-07T13:48:14.4148952Z ^[[1m^[[92m   Compiling^[[0m try-lock v0.2.5
f08-stable-gate	Run F08 stable Gate	2026-10-07T13:48:14.4561155Z ^[[1m^[[92m   Compiling^[[0m atomic-waker v1.1.2
f08-stable-gate	Run F08 stable Gate	2026-10-07T13:48:14.5066731Z ^[[1m^[[92m   Compiling^[[0m tokio-util v0.7.19
f08-stable-gate	Run F08 stable Gate	2026-10-07T13:48:15.0618523Z ^[[1m^[[92m   Compiling^[[0m fnv v1.0.7
f08-stable-gate	Run F08 stable Gate	2026-10-07T13:48:15.1028280Z ^[[1m^[[92m   Compiling^[[0m petgraph v0.7.1
f08-stable-gate	Run F08 stable Gate	2026-10-07T13:48:15.1448236Z ^[[1m^[[92m   Compiling^[[0m h2 v0.4.16
f08-stable-gate	Run F08 stable Gate	2026-10-07T13:48:16.4088174Z ^[[1m^[[92m   Compiling^[[0m generic-array v0.14.7
f08-stable-gate	Run F08 stable Gate	2026-10-07T13:48:16.9140455Z ^[[1m^[[92m   Compiling^[[0m want v0.3.1
f08-stable-gate	Run F08 stable Gate	2026-10-07T13:48:17.0040798Z ^[[1m^[[92m   Compiling^[[0m ppv-lite86 v0.2.21
f08-stable-gate	Run F08 stable Gate	2026-10-07T13:48:17.0201380Z ^[[1m^[[92m   Compiling^[[0m rand_core v0.6.4
f08-stable-gate	Run F08 stable Gate	2026-10-07T13:48:17.0568288Z ^[[1m^[[92m   Compiling^[[0m tempfile v3.27.0
f08-stable-gate	Run F08 stable Gate	2026-10-07T13:48:17.1828062Z ^[[1m^[[92m   Compiling^[[0m httparse v1.10.1
f08-stable-gate	Run F08 stable Gate	2026-10-07T13:48:17.3058268Z ^[[1m^[[92m   Compiling^[[0m futures-channel v0.3.33
f08-stable-gate	Run F08 stable Gate	2026-10-07T13:48:17.4288147Z ^[[1m^[[92m   Compiling^[[0m smallvec v1.15.2
f08-stable-gate	Run F08 stable Gate	2026-10-07T13:48:17.4512032Z ^[[1m^[[92m   Compiling^[[0m sync_wrapper v1.0.2
f08-stable-gate	Run F08 stable Gate	2026-10-07T13:48:17.4668079Z ^[[1m^[[92m   Compiling^[[0m httpdate v1.0.3
f08-stable-gate	Run F08 stable Gate	2026-10-07T13:48:17.4881073Z ^[[1m^[[92m   Compiling^[[0m prost-build v0.13.5
f08-stable-gate	Run F08 stable Gate	2026-10-07T13:48:17.5778971Z ^[[1m^[[92m   Compiling^[[0m hyper v1.11.0
f08-stable-gate	Run F08 stable Gate	2026-10-07T13:48:17.6478532Z ^[[1m^[[92m   Compiling^[[0m pbjson-build v0.7.0
f08-stable-gate	Run F08 stable Gate	2026-10-07T13:48:18.3493797Z ^[[1m^[[92m   Compiling^[[0m rand_chacha v0.3.1
f08-stable-gate	Run F08 stable Gate	2026-10-07T13:48:18.6168521Z ^[[1m^[[92m   Compiling^[[0m http-body-util v0.1.4
f08-stable-gate	Run F08 stable Gate	2026-10-07T13:48:18.8008847Z ^[[1m^[[92m   Compiling^[[0m mime v0.3.17
f08-stable-gate	Run F08 stable Gate	2026-10-07T13:48:18.8228088Z ^[[1m^[[92m   Compiling^[[0m memchr v2.8.3
f08-stable-gate	Run F08 stable Gate	2026-10-07T13:48:18.8250704Z ^[[1m^[[92m   Compiling^[[0m hashbrown v0.12.3
f08-stable-gate	Run F08 stable Gate	2026-10-07T13:48:19.0148900Z ^[[1m^[[92m   Compiling^[[0m axum-core v0.4.5
f08-stable-gate	Run F08 stable Gate	2026-10-07T13:48:19.2548008Z ^[[1m^[[92m   Compiling^[[0m indexmap v1.9.3
f08-stable-gate	Run F08 stable Gate	2026-10-07T13:48:19.5435036Z ^[[1m^[[92m   Compiling^[[0m pin-project v1.1.13
f08-stable-gate	Run F08 stable Gate	2026-10-07T13:48:19.5507976Z ^[[1m^[[92m   Compiling^[[0m hyper-util v0.1.20
f08-stable-gate	Run F08 stable Gate	2026-10-07T13:48:19.5768313Z ^[[1m^[[92m   Compiling^[[0m pbjson-types v0.7.0
f08-stable-gate	Run F08 stable Gate	2026-10-07T13:48:19.5928101Z ^[[1m^[[92m   Compiling^[[0m rand v0.8.7
f08-stable-gate	Run F08 stable Gate	2026-10-07T13:48:20.0267968Z ^[[1m^[[92m   Compiling^[[0m num-traits v0.2.19
f08-stable-gate	Run F08 stable Gate	2026-10-07T13:48:20.2840477Z ^[[1m^[[92m   Compiling^[[0m tower v0.5.3
f08-stable-gate	Run F08 stable Gate	2026-10-07T13:48:20.6001383Z ^[[1m^[[92m   Compiling^[[0m block-buffer v0.10.4
f08-stable-gate	Run F08 stable Gate	2026-10-07T13:48:20.6318472Z ^[[1m^[[92m   Compiling^[[0m crypto-common v0.1.7
f08-stable-gate	Run F08 stable Gate	2026-10-07T13:48:20.6887840Z ^[[1m^[[92m   Compiling^[[0m subtle v2.6.1
f08-stable-gate	Run F08 stable Gate	2026-10-07T13:48:20.7759116Z ^[[1m^[[92m   Compiling^[[0m base64 v0.21.7
f08-stable-gate	Run F08 stable Gate	2026-10-07T13:48:20.9918661Z ^[[1m^[[92m   Compiling^[[0m iana-time-zone v0.1.65
f08-stable-gate	Run F08 stable Gate	2026-10-07T13:48:21.0228640Z ^[[1m^[[92m   Compiling^[[0m matchit v0.7.3
f08-stable-gate	Run F08 stable Gate	2026-10-07T13:48:21.0363147Z ^[[1m^[[92m   Compiling^[[0m percent-encoding v2.3.2
f08-stable-gate	Run F08 stable Gate	2026-10-07T13:48:21.0508100Z ^[[1m^[[92m   Compiling^[[0m pbjson v0.7.0
f08-stable-gate	Run F08 stable Gate	2026-10-07T13:48:21.1288491Z ^[[1m^[[92m   Compiling^[[0m chrono v0.4.45
f08-stable-gate	Run F08 stable Gate	2026-10-07T13:48:21.1578180Z ^[[1m^[[92m   Compiling^[[0m digest v0.10.7
f08-stable-gate	Run F08 stable Gate	2026-10-07T13:48:21.2058441Z ^[[1m^[[92m   Compiling^[[0m axum v0.7.9
f08-stable-gate	Run F08 stable Gate	2026-10-07T13:48:21.2688797Z ^[[1m^[[92m   Compiling^[[0m async-stream v0.3.6
f08-stable-gate	Run F08 stable Gate	2026-10-07T13:48:21.3098497Z ^[[1m^[[92m   Compiling^[[0m hyper-timeout v0.5.2
f08-stable-gate	Run F08 stable Gate	2026-10-07T13:48:21.3274249Z ^[[1m^[[92m   Compiling^[[0m tower v0.4.13
f08-stable-gate	Run F08 stable Gate	2026-10-07T13:48:21.5468103Z ^[[1m^[[92m   Compiling^[[0m zmij v1.0.23
f08-stable-gate	Run F08 stable Gate	2026-10-07T13:48:21.8297977Z ^[[1m^[[92m   Compiling^[[0m tokio-stream v0.1.19
f08-stable-gate	Run F08 stable Gate	2026-10-07T13:48:22.1910029Z ^[[1m^[[92m   Compiling^[[0m socket2 v0.5.10
f08-stable-gate	Run F08 stable Gate	2026-10-07T13:48:22.2278754Z ^[[1m^[[92m   Compiling^[[0m base64 v0.22.1
f08-stable-gate	Run F08 stable Gate	2026-10-07T13:48:22.6795120Z ^[[1m^[[92m   Compiling^[[0m serde_json v1.0.151
f08-stable-gate	Run F08 stable Gate	2026-10-07T13:48:22.8180285Z ^[[1m^[[92m   Compiling^[[0m cpufeatures v0.2.17
f08-stable-gate	Run F08 stable Gate	2026-10-07T13:48:22.8488781Z ^[[1m^[[92m   Compiling^[[0m sha2 v0.10.9
f08-stable-gate	Run F08 stable Gate	2026-10-07T13:48:23.1968129Z ^[[1m^[[92m   Compiling^[[0m thiserror v2.0.19
f08-stable-gate	Run F08 stable Gate	2026-10-07T13:48:23.2358590Z ^[[1m^[[92m   Compiling^[[0m hmac v0.12.1
f08-stable-gate	Run F08 stable Gate	2026-10-07T13:48:23.3058568Z ^[[1m^[[92m   Compiling^[[0m semver v1.0.28
f08-stable-gate	Run F08 stable Gate	2026-10-07T13:48:23.9829168Z ^[[1m^[[92m   Compiling^[[0m uuid v1.24.0
f08-stable-gate	Run F08 stable Gate	2026-10-07T13:48:24.3795131Z ^[[1m^[[92m   Compiling^[[0m tonic v0.12.3
f08-stable-gate	Run F08 stable Gate	2026-10-07T13:48:25.5407811Z ^[[1m^[[92m   Compiling^[[0m quantos-proto v0.1.0 (/home/runner/work/QuantOS/QuantOS/crates/quantos-proto)
f08-stable-gate	Run F08 stable Gate	2026-10-07T13:48:26.9356139Z ^[[1m^[[92m   Compiling^[[0m quantos-engine-manager v0.1.0 (/home/runner/work/QuantOS/QuantOS/crates/quantos-engine-manager)
f08-stable-gate	Run F08 stable Gate	2026-10-07T13:48:34.0980303Z ^[[1m^[[92m    Finished^[[0m `test` profile [unoptimized + debuginfo] target(s) in 25.52s
f08-stable-gate	Run F08 stable Gate	2026-10-07T13:48:34.1094240Z ^[[1m^[[92m     Running^[[0m unittests src/lib.rs (target/debug/deps/quantos_engine_manager-588218636939788d)
f08-stable-gate	Run F08 stable Gate	2026-10-07T13:48:34.1109108Z 
f08-stable-gate	Run F08 stable Gate	2026-10-07T13:48:34.1109417Z running 8 tests
f08-stable-gate	Run F08 stable Gate	2026-10-07T13:48:34.1116820Z test durable::tests::corrupt_ledger_fails_closed ... ok
f08-stable-gate	Run F08 stable Gate	2026-10-07T13:48:34.1118064Z test durable::tests::world_readable_state_directory_is_rejected ... ok
f08-stable-gate	Run F08 stable Gate	2026-10-07T13:48:34.1119959Z test tests::remaining_time_rejects_expired_deadlines ... ok
f08-stable-gate	Run F08 stable Gate	2026-10-07T13:48:34.1122100Z test tests::review_manifest_rejects_duplicate_capabilities ... ok
f08-stable-gate	Run F08 stable Gate	2026-10-07T13:48:34.1123543Z test tests::approval_fails_closed_on_unsigned_or_modified_manifest ... ok
f08-stable-gate	Run F08 stable Gate	2026-10-07T13:48:34.1129677Z test tests::signed_route_policy_and_reregistration_fail_closed ... ok
f08-stable-gate	Run F08 stable Gate	2026-10-07T13:48:34.1165582Z test durable::tests::pending_key_is_exclusive_and_completed_result_survives_reopen ... ok
f08-stable-gate	Run F08 stable Gate	2026-10-07T13:48:34.1386686Z test tests::manager_opens_backoff_window_after_three_recorded_failures ... ok
f08-stable-gate	Run F08 stable Gate	2026-10-07T13:48:34.1387063Z 
f08-stable-gate	Run F08 stable Gate	2026-10-07T13:48:34.1387442Z test result: ok. 8 passed; 0 failed; 0 ignored; 0 measured; 0 filtered out; finished in 0.03s
f08-stable-gate	Run F08 stable Gate	2026-10-07T13:48:34.1387835Z 
f08-stable-gate	Run F08 stable Gate	2026-10-07T13:48:34.1391048Z ^[[1m^[[92m     Running^[[0m unittests src/bin/f08-approval.rs (target/debug/deps/f08_approval-0b8637e9227ffb4c)
f08-stable-gate	Run F08 stable Gate	2026-10-07T13:48:34.1403306Z 
f08-stable-gate	Run F08 stable Gate	2026-10-07T13:48:34.1403514Z running 0 tests
f08-stable-gate	Run F08 stable Gate	2026-10-07T13:48:34.1403756Z 
f08-stable-gate	Run F08 stable Gate	2026-10-07T13:48:34.1404280Z test result: ok. 0 passed; 0 failed; 0 ignored; 0 measured; 0 filtered out; finished in 0.00s
f08-stable-gate	Run F08 stable Gate	2026-10-07T13:48:34.1405051Z 
f08-stable-gate	Run F08 stable Gate	2026-10-07T13:48:34.1408014Z ^[[1m^[[92m     Running^[[0m tests/manager_negative.rs (target/debug/deps/manager_negative-9a1f70eb237b11a7)
f08-stable-gate	Run F08 stable Gate	2026-10-07T13:48:34.1421812Z 
f08-stable-gate	Run F08 stable Gate	2026-10-07T13:48:34.1422051Z running 8 tests
f08-stable-gate	Run F08 stable Gate	2026-10-07T13:48:34.1433526Z test machine_codes_are_stable_for_all_manager_failures ... ok
f08-stable-gate	Run F08 stable Gate	2026-10-07T13:48:34.1434791Z test manager_diagnostics_do_not_expose_approval_key ... ok
f08-stable-gate	Run F08 stable Gate	2026-10-07T13:48:34.1435620Z test manifest_rejects_each_invalid_boundary ... ok
f08-stable-gate	Run F08 stable Gate	2026-10-07T13:48:34.1436632Z test invalid_request_and_signed_route_dimensions_fail_before_network ... ok
f08-stable-gate	Run F08 stable Gate	2026-10-07T13:48:34.1437896Z test malformed_rpc_inputs_fail_before_transport ... ok
f08-stable-gate	Run F08 stable Gate	2026-10-07T13:48:34.1438538Z test malformed_approvals_never_register ... ok
f08-stable-gate	Run F08 stable Gate	2026-10-07T13:48:34.1448775Z test supervised_release_requires_durable_state_and_exact_artifact ... ok
f08-stable-gate	Run F08 stable Gate	2026-10-07T13:48:39.4601005Z test reviewed_registration_rejects_capability_takeover_and_live_sidecar_replacement ... ok
f08-stable-gate	Run F08 stable Gate	2026-10-07T13:48:39.4601824Z 
f08-stable-gate	Run F08 stable Gate	2026-10-07T13:48:39.4602211Z test result: ok. 8 passed; 0 failed; 0 ignored; 0 measured; 0 filtered out; finished in 5.32s
f08-stable-gate	Run F08 stable Gate	2026-10-07T13:48:39.4602583Z 
f08-stable-gate	Run F08 stable Gate	2026-10-07T13:48:39.4607304Z ^[[1m^[[92m     Running^[[0m tests/python_llmquant.rs (target/debug/deps/python_llmquant-d8aff3ccf170637e)
f08-stable-gate	Run F08 stable Gate	2026-10-07T13:48:39.4628064Z 
f08-stable-gate	Run F08 stable Gate	2026-10-07T13:48:39.4628305Z running 2 tests
f08-stable-gate	Run F08 stable Gate	2026-10-07T13:48:40.2885496Z test python_llmquant_rejects_forbidden_boundary_fields ... ok
f08-stable-gate	Run F08 stable Gate	2026-10-07T13:48:40.3035556Z test python_llmquant_contracts_round_trip_over_uds ... ok
f08-stable-gate	Run F08 stable Gate	2026-10-07T13:48:40.3035889Z 
f08-stable-gate	Run F08 stable Gate	2026-10-07T13:48:40.3036263Z test result: ok. 2 passed; 0 failed; 0 ignored; 0 measured; 0 filtered out; finished in 0.84s
f08-stable-gate	Run F08 stable Gate	2026-10-07T13:48:40.3037011Z 
f08-stable-gate	Run F08 stable Gate	2026-10-07T13:48:40.3047743Z ^[[1m^[[92m     Running^[[0m tests/python_mock_engine.rs (target/debug/deps/python_mock_engine-9ff85f2d6279e7a8)
f08-stable-gate	Run F08 stable Gate	2026-10-07T13:48:40.3058180Z 
f08-stable-gate	Run F08 stable Gate	2026-10-07T13:48:40.3058452Z running 25 tests
f08-stable-gate	Run F08 stable Gate	2026-10-07T13:48:40.3219516Z Error: "approval output exists; choose a new path"
f08-stable-gate	Run F08 stable Gate	2026-10-07T13:48:40.3287479Z test approval_cli_signs_reviewed_manifest_and_refuses_overwrite ... ok
f08-stable-gate	Run F08 stable Gate	2026-10-07T13:48:40.3299310Z test durable_child_execute_entry ... ok
f08-stable-gate	Run F08 stable Gate	2026-10-07T13:48:40.6742264Z test duplicate_key_returns_same_result_and_changed_input_is_rejected ... ok
f08-stable-gate	Run F08 stable Gate	2026-10-07T13:48:40.9795378Z test dispatch_reprobes_ready_engine_without_background_monitor ... ok
f08-stable-gate	Run F08 stable Gate	2026-10-07T13:48:41.0631244Z test durable_result_and_circuit_survive_manager_reconstruction ... ok
f08-stable-gate	Run F08 stable Gate	2026-10-07T13:48:41.4921429Z test execution_concurrency_and_rss_quotas_reject_excess_work ... ok
f08-stable-gate	Run F08 stable Gate	2026-10-07T13:48:41.8022602Z test heartbeat_removes_failed_engine_and_restores_ready_route ... ok
f08-stable-gate	Run F08 stable Gate	2026-10-07T13:48:41.9559017Z test manager_cancel_interrupts_owned_running_execution ... ok
f08-stable-gate	Run F08 stable Gate	2026-10-07T13:48:42.1523341Z test manager_rejects_broken_execute_and_interrupted_streams ... ok
f08-stable-gate	Run F08 stable Gate	2026-10-07T13:48:42.4487556Z test handshake_rejects_each_unreviewed_identity_and_readiness_dimension ... ok
f08-stable-gate	Run F08 stable Gate	2026-10-07T13:48:42.4830528Z test metadata_health_and_cancel_failures_preserve_route_state ... ok
f08-stable-gate	Run F08 stable Gate	2026-10-07T13:48:42.7025608Z test observed_sidecar_rss_excess_quarantines_shared_route ... ok
f08-stable-gate	Run F08 stable Gate	2026-10-07T13:48:42.7612552Z test missing_vibe_adapter_does_not_block_mock_workflow_routing ... ok
f08-stable-gate	Run F08 stable Gate	2026-10-07T13:48:43.1147919Z test manager_supervises_three_real_crashes_without_test_owned_restarts ... ok
f08-stable-gate	Run F08 stable Gate	2026-10-07T13:48:43.4383738Z test python_mock_engine_contracts_round_trip_over_uds ... ok
f08-stable-gate	Run F08 stable Gate	2026-10-07T13:48:43.9378791Z test one_request_survives_three_real_engine_process_crashes ... ok
f08-stable-gate	Run F08 stable Gate	2026-10-07T13:48:44.2467647Z test python_mock_engine_deadline_timeout_is_deterministic ... ok
f08-stable-gate	Run F08 stable Gate	2026-10-07T13:48:44.2879486Z test python_mock_engine_recovers_after_three_unavailable_failures ... ok
f08-stable-gate	Run F08 stable Gate	2026-10-07T13:48:45.1201962Z test os_killed_manager_replays_pending_key_into_one_durable_result ... ok
f08-stable-gate	Run F08 stable Gate	2026-10-07T13:48:45.2979977Z test supervised_sidecar_refuses_tampered_artifact_then_recovers ... ok
f08-stable-gate	Run F08 stable Gate	2026-10-07T13:48:45.5581642Z test readiness_accepts_exact_metadata_echo_across_second_boundary ... ok
f08-stable-gate	Run F08 stable Gate	2026-10-07T13:48:45.6118228Z test unavailable_socket_fails_fast_then_recovers_without_request_loss ... ok
f08-stable-gate	Run F08 stable Gate	2026-10-07T13:48:46.1373125Z test untrusted_engine_cannot_bypass_manager_response_identity_checks ... ok
f08-stable-gate	Run F08 stable Gate	2026-10-07T13:48:46.6259918Z test control_rpcs_timeout_within_two_seconds_on_untrusted_engine ... ok
f08-stable-gate	Run F08 stable Gate	2026-10-07T13:48:49.2356704Z test signed_rate_limit_and_stream_deadline_are_enforced ... ok
f08-stable-gate	Run F08 stable Gate	2026-10-07T13:48:49.2357203Z 
f08-stable-gate	Run F08 stable Gate	2026-10-07T13:48:49.2357582Z test result: ok. 25 passed; 0 failed; 0 ignored; 0 measured; 0 filtered out; finished in 8.93s
f08-stable-gate	Run F08 stable Gate	2026-10-07T13:48:49.2357945Z 
f08-stable-gate	Run F08 stable Gate	2026-10-07T13:48:49.2361931Z ^[[1m^[[92m     Running^[[0m tests/python_openbb_adapter.rs (target/debug/deps/python_openbb_adapter-d2928221ca3e917a)
f08-stable-gate	Run F08 stable Gate	2026-10-07T13:48:49.2378483Z 
f08-stable-gate	Run F08 stable Gate	2026-10-07T13:48:49.2378683Z running 2 tests
f08-stable-gate	Run F08 stable Gate	2026-10-07T13:48:49.5500867Z test python_openbb_adapter_blocks_production_license_enablement ... ok
f08-stable-gate	Run F08 stable Gate	2026-10-07T13:48:49.5648243Z test python_openbb_adapter_contracts_round_trip_over_uds ... ok
f08-stable-gate	Run F08 stable Gate	2026-10-07T13:48:49.5648724Z 
f08-stable-gate	Run F08 stable Gate	2026-10-07T13:48:49.5649161Z test result: ok. 2 passed; 0 failed; 0 ignored; 0 measured; 0 filtered out; finished in 0.33s
f08-stable-gate	Run F08 stable Gate	2026-10-07T13:48:49.5649573Z 
f08-stable-gate	Run F08 stable Gate	2026-10-07T13:48:49.5652633Z ^[[1m^[[92m     Running^[[0m tests/python_rd_agent.rs (target/debug/deps/python_rd_agent-43cdf4b8e658264d)
f08-stable-gate	Run F08 stable Gate	2026-10-07T13:48:49.5669299Z 
f08-stable-gate	Run F08 stable Gate	2026-10-07T13:48:49.5669522Z running 2 tests
f08-stable-gate	Run F08 stable Gate	2026-10-07T13:48:49.8795850Z test python_rd_agent_rejects_forbidden_boundary_fields ... ok
f08-stable-gate	Run F08 stable Gate	2026-10-07T13:48:49.8905425Z test python_rd_agent_contracts_round_trip_over_uds ... ok
f08-stable-gate	Run F08 stable Gate	2026-10-07T13:48:49.8905879Z 
f08-stable-gate	Run F08 stable Gate	2026-10-07T13:48:49.8906497Z test result: ok. 2 passed; 0 failed; 0 ignored; 0 measured; 0 filtered out; finished in 0.32s
f08-stable-gate	Run F08 stable Gate	2026-10-07T13:48:49.8906910Z 
f08-stable-gate	Run F08 stable Gate	2026-10-07T13:48:49.8909800Z ^[[1m^[[92m     Running^[[0m tests/python_strategy_lab.rs (target/debug/deps/python_strategy_lab-38a2ee9da9c40847)
f08-stable-gate	Run F08 stable Gate	2026-10-07T13:48:49.8926569Z 
f08-stable-gate	Run F08 stable Gate	2026-10-07T13:48:49.8926837Z running 4 tests
f08-stable-gate	Run F08 stable Gate	2026-10-07T13:48:50.2583688Z test python_strategy_lab_rejects_forbidden_boundary_fields ... ok
f08-stable-gate	Run F08 stable Gate	2026-10-07T13:48:50.2611443Z test python_strategy_lab_static_check_failure_blocks_release ... ok
f08-stable-gate	Run F08 stable Gate	2026-10-07T13:48:50.2760063Z test python_strategy_lab_contracts_round_trip_over_uds ... ok
f08-stable-gate	Run F08 stable Gate	2026-10-07T13:48:50.5034267Z test python_strategy_lab_rejects_hundred_malicious_prompts ... ok
f08-stable-gate	Run F08 stable Gate	2026-10-07T13:48:50.5034658Z 
f08-stable-gate	Run F08 stable Gate	2026-10-07T13:48:50.5035035Z test result: ok. 4 passed; 0 failed; 0 ignored; 0 measured; 0 filtered out; finished in 0.61s
f08-stable-gate	Run F08 stable Gate	2026-10-07T13:48:50.5035399Z 
f08-stable-gate	Run F08 stable Gate	2026-10-07T13:48:50.5039316Z ^[[1m^[[92m     Running^[[0m tests/python_trading_agents.rs (target/debug/deps/python_trading_agents-b5f58a21e43e9eaa)
f08-stable-gate	Run F08 stable Gate	2026-10-07T13:48:50.5055591Z 
f08-stable-gate	Run F08 stable Gate	2026-10-07T13:48:50.5055828Z running 2 tests
f08-stable-gate	Run F08 stable Gate	2026-10-07T13:48:50.8174432Z test python_trading_agents_rejects_forbidden_boundary_fields ... ok
f08-stable-gate	Run F08 stable Gate	2026-10-07T13:48:50.8393969Z test python_trading_agents_contracts_round_trip_over_uds ... ok
f08-stable-gate	Run F08 stable Gate	2026-10-07T13:48:50.8394575Z 
f08-stable-gate	Run F08 stable Gate	2026-10-07T13:48:50.8395195Z test result: ok. 2 passed; 0 failed; 0 ignored; 0 measured; 0 filtered out; finished in 0.33s
f08-stable-gate	Run F08 stable Gate	2026-10-07T13:48:50.8395783Z 
f08-stable-gate	Run F08 stable Gate	2026-10-07T13:48:50.8398673Z ^[[1m^[[92m     Running^[[0m tests/python_vibe_adapter.rs (target/debug/deps/python_vibe_adapter-9cbe6b85c3fc1c7f)
f08-stable-gate	Run F08 stable Gate	2026-10-07T13:48:50.8415965Z 
f08-stable-gate	Run F08 stable Gate	2026-10-07T13:48:50.8416154Z running 2 tests
f08-stable-gate	Run F08 stable Gate	2026-10-07T13:48:51.1539250Z test python_vibe_adapter_rejects_forbidden_boundary_fields ... ok
f08-stable-gate	Run F08 stable Gate	2026-10-07T13:48:51.1640651Z test python_vibe_adapter_contracts_round_trip_over_uds ... ok
f08-stable-gate	Run F08 stable Gate	2026-10-07T13:48:51.1641145Z 
f08-stable-gate	Run F08 stable Gate	2026-10-07T13:48:51.1641696Z test result: ok. 2 passed; 0 failed; 0 ignored; 0 measured; 0 filtered out; finished in 0.32s
f08-stable-gate	Run F08 stable Gate	2026-10-07T13:48:51.1642264Z 
f08-stable-gate	Run F08 stable Gate	2026-10-07T13:48:51.1645326Z ^[[1m^[[92m   Doc-tests^[[0m quantos_engine_manager
f08-stable-gate	Run F08 stable Gate	2026-10-07T13:48:51.2480574Z 
f08-stable-gate	Run F08 stable Gate	2026-10-07T13:48:51.2481125Z running 0 tests
f08-stable-gate	Run F08 stable Gate	2026-10-07T13:48:51.2481329Z 
f08-stable-gate	Run F08 stable Gate	2026-10-07T13:48:51.2481754Z test result: ok. 0 passed; 0 failed; 0 ignored; 0 measured; 0 filtered out; finished in 0.00s
f08-stable-gate	Run F08 stable Gate	2026-10-07T13:48:51.2482152Z 
f08-stable-gate	Run F08 stable Gate	2026-10-07T13:48:51.2552405Z uv run --locked --project engines --all-packages ruff check . --extend-exclude third_party/vibe-trading/upstream-src
f08-stable-gate	Run F08 stable Gate	2026-10-07T13:48:51.3110412Z docs/audit/evidence/execution-docs-relocation-20261007/verify-relocation.py:2:1: E401 [*] Multiple imports on one line
f08-stable-gate	Run F08 stable Gate	2026-10-07T13:48:51.3111449Z   |
f08-stable-gate	Run F08 stable Gate	2026-10-07T13:48:51.3111828Z 1 | from pathlib import Path
f08-stable-gate	Run F08 stable Gate	2026-10-07T13:48:51.3112436Z 2 | import subprocess,json,re,hashlib,os,posixpath
f08-stable-gate	Run F08 stable Gate	2026-10-07T13:48:51.3113055Z   | ^^^^^^^^^^^^^^^^^^^^^^^^^^^^^^^^^^^^^^^^^^^^^^ E401
f08-stable-gate	Run F08 stable Gate	2026-10-07T13:48:51.3114716Z 3 | root=Path.cwd();e=root/'docs/audit/evidence/execution-docs-relocation-20261007';rows=json.loads((e/'migration-map.json').read_text()); …
f08-stable-gate	Run F08 stable Gate	2026-10-07T13:48:51.3115840Z 4 | def check(name,ok,**details):
f08-stable-gate	Run F08 stable Gate	2026-10-07T13:48:51.3116260Z   |
f08-stable-gate	Run F08 stable Gate	2026-10-07T13:48:51.3116754Z   = help: Split imports
f08-stable-gate	Run F08 stable Gate	2026-10-07T13:48:51.3116991Z 
f08-stable-gate	Run F08 stable Gate	2026-10-07T13:48:51.3118073Z docs/audit/evidence/execution-docs-relocation-20261007/verify-relocation.py:3:16: E702 Multiple statements on one line (semicolon)
f08-stable-gate	Run F08 stable Gate	2026-10-07T13:48:51.3119349Z   |
f08-stable-gate	Run F08 stable Gate	2026-10-07T13:48:51.3119714Z 1 | from pathlib import Path
f08-stable-gate	Run F08 stable Gate	2026-10-07T13:48:51.3120302Z 2 | import subprocess,json,re,hashlib,os,posixpath
f08-stable-gate	Run F08 stable Gate	2026-10-07T13:48:51.3121637Z 3 | root=Path.cwd();e=root/'docs/audit/evidence/execution-docs-relocation-20261007';rows=json.loads((e/'migration-map.json').read_text()); …
f08-stable-gate	Run F08 stable Gate	2026-10-07T13:48:51.3122405Z   |                ^ E702
f08-stable-gate	Run F08 stable Gate	2026-10-07T13:48:51.3122700Z 4 | def check(name,ok,**details):
f08-stable-gate	Run F08 stable Gate	2026-10-07T13:48:51.3123265Z 5 |  checks.append(dict(name=name,status='PASS' if ok else 'FAIL',**details));assert ok,(name,details)
f08-stable-gate	Run F08 stable Gate	2026-10-07T13:48:51.3123725Z   |
f08-stable-gate	Run F08 stable Gate	2026-10-07T13:48:51.3123839Z 
f08-stable-gate	Run F08 stable Gate	2026-10-07T13:48:51.3124406Z docs/audit/evidence/execution-docs-relocation-20261007/verify-relocation.py:3:80: E702 Multiple statements on one line (semicolon)
f08-stable-gate	Run F08 stable Gate	2026-10-07T13:48:51.3124972Z   |
f08-stable-gate	Run F08 stable Gate	2026-10-07T13:48:51.3125187Z 1 | from pathlib import Path
f08-stable-gate	Run F08 stable Gate	2026-10-07T13:48:51.3125561Z 2 | import subprocess,json,re,hashlib,os,posixpath
f08-stable-gate	Run F08 stable Gate	2026-10-07T13:48:51.3126624Z 3 | root=Path.cwd();e=root/'docs/audit/evidence/execution-docs-relocation-20261007';rows=json.loads((e/'migration-map.json').read_text()); …
f08-stable-gate	Run F08 stable Gate	2026-10-07T13:48:51.3127336Z   |                                                                                ^ E702
f08-stable-gate	Run F08 stable Gate	2026-10-07T13:48:51.3127716Z 4 | def check(name,ok,**details):
f08-stable-gate	Run F08 stable Gate	2026-10-07T13:48:51.3128252Z 5 |  checks.append(dict(name=name,status='PASS' if ok else 'FAIL',**details));assert ok,(name,details)
f08-stable-gate	Run F08 stable Gate	2026-10-07T13:48:51.3128684Z   |
f08-stable-gate	Run F08 stable Gate	2026-10-07T13:48:51.3128788Z 
f08-stable-gate	Run F08 stable Gate	2026-10-07T13:48:51.3129326Z docs/audit/evidence/execution-docs-relocation-20261007/verify-relocation.py:3:134: E702 Multiple statements on one line (semicolon)
f08-stable-gate	Run F08 stable Gate	2026-10-07T13:48:51.3129887Z   |
f08-stable-gate	Run F08 stable Gate	2026-10-07T13:48:51.3130092Z 1 | …
f08-stable-gate	Run F08 stable Gate	2026-10-07T13:48:51.3130294Z 2 | …
f08-stable-gate	Run F08 stable Gate	2026-10-07T13:48:51.3131270Z 3 | …-20261007';rows=json.loads((e/'migration-map.json').read_text()); mapping={r['oldPath']:r['newPath'] for r in rows};checks=[]
f08-stable-gate	Run F08 stable Gate	2026-10-07T13:48:51.3131920Z   |                                                                  ^ E702
f08-stable-gate	Run F08 stable Gate	2026-10-07T13:48:51.3132258Z 4 | …
f08-stable-gate	Run F08 stable Gate	2026-10-07T13:48:51.3132554Z 5 | …ls));assert ok,(name,details)
f08-stable-gate	Run F08 stable Gate	2026-10-07T13:48:51.3132810Z   |
f08-stable-gate	Run F08 stable Gate	2026-10-07T13:48:51.3132918Z 
f08-stable-gate	Run F08 stable Gate	2026-10-07T13:48:51.3133476Z docs/audit/evidence/execution-docs-relocation-20261007/verify-relocation.py:3:185: E702 Multiple statements on one line (semicolon)
f08-stable-gate	Run F08 stable Gate	2026-10-07T13:48:51.3134067Z   |
f08-stable-gate	Run F08 stable Gate	2026-10-07T13:48:51.3134265Z 1 | …
f08-stable-gate	Run F08 stable Gate	2026-10-07T13:48:51.3134460Z 2 | …
f08-stable-gate	Run F08 stable Gate	2026-10-07T13:48:51.3134916Z 3 | ….read_text()); mapping={r['oldPath']:r['newPath'] for r in rows};checks=[]
f08-stable-gate	Run F08 stable Gate	2026-10-07T13:48:51.3135375Z   |                                                                  ^ E702
f08-stable-gate	Run F08 stable Gate	2026-10-07T13:48:51.3135685Z 4 | …
f08-stable-gate	Run F08 stable Gate	2026-10-07T13:48:51.3135882Z 5 | …
f08-stable-gate	Run F08 stable Gate	2026-10-07T13:48:51.3136061Z   |
f08-stable-gate	Run F08 stable Gate	2026-10-07T13:48:51.3136168Z 
f08-stable-gate	Run F08 stable Gate	2026-10-07T13:48:51.3143812Z docs/audit/evidence/execution-docs-relocation-20261007/verify-relocation.py:5:74: E702 Multiple statements on one line (semicolon)
f08-stable-gate	Run F08 stable Gate	2026-10-07T13:48:51.3144695Z   |
f08-stable-gate	Run F08 stable Gate	2026-10-07T13:48:51.3145813Z 3 | root=Path.cwd();e=root/'docs/audit/evidence/execution-docs-relocation-20261007';rows=json.loads((e/'migration-map.json').read_text()); …
f08-stable-gate	Run F08 stable Gate	2026-10-07T13:48:51.3147288Z 4 | def check(name,ok,**details):
f08-stable-gate	Run F08 stable Gate	2026-10-07T13:48:51.3148227Z 5 |  checks.append(dict(name=name,status='PASS' if ok else 'FAIL',**details));assert ok,(name,details)
f08-stable-gate	Run F08 stable Gate	2026-10-07T13:48:51.3149091Z   |                                                                          ^ E702
f08-stable-gate	Run F08 stable Gate	2026-10-07T13:48:51.3149771Z 6 | def original(p):return subprocess.check_output(['git','show','375019f964f375f9767b4d03a85523a141fa3f0d:'+p])
f08-stable-gate	Run F08 stable Gate	2026-10-07T13:48:51.3150377Z 7 | link=re.compile(r'(!?\[[^\]\n]*\]\()([^\s)]*)(\))')
f08-stable-gate	Run F08 stable Gate	2026-10-07T13:48:51.3150675Z   |
f08-stable-gate	Run F08 stable Gate	2026-10-07T13:48:51.3150785Z 
f08-stable-gate	Run F08 stable Gate	2026-10-07T13:48:51.3151326Z docs/audit/evidence/execution-docs-relocation-20261007/verify-relocation.py:10:32: E701 Multiple statements on one line (colon)
f08-stable-gate	Run F08 stable Gate	2026-10-07T13:48:51.3151889Z    |
f08-stable-gate	Run F08 stable Gate	2026-10-07T13:48:51.3152272Z  8 | def normalize(text):
f08-stable-gate	Run F08 stable Gate	2026-10-07T13:48:51.3152611Z  9 |  text=link.sub(lambda m:m[1]+'<destination>'+m[3],text)
f08-stable-gate	Run F08 stable Gate	2026-10-07T13:48:51.3153084Z 10 |  for old,new in mapping.items():text=text.replace(new,old)
f08-stable-gate	Run F08 stable Gate	2026-10-07T13:48:51.3153455Z    |                                ^ E701
f08-stable-gate	Run F08 stable Gate	2026-10-07T13:48:51.3153729Z 11 |  return text
f08-stable-gate	Run F08 stable Gate	2026-10-07T13:48:51.3153966Z 12 | for row in rows:
f08-stable-gate	Run F08 stable Gate	2026-10-07T13:48:51.3154185Z    |
f08-stable-gate	Run F08 stable Gate	2026-10-07T13:48:51.3154294Z 
f08-stable-gate	Run F08 stable Gate	2026-10-07T13:48:51.3154845Z docs/audit/evidence/execution-docs-relocation-20261007/verify-relocation.py:13:23: E702 Multiple statements on one line (semicolon)
f08-stable-gate	Run F08 stable Gate	2026-10-07T13:48:51.3155645Z    |
f08-stable-gate	Run F08 stable Gate	2026-10-07T13:48:51.3155849Z 11 |  return text
f08-stable-gate	Run F08 stable Gate	2026-10-07T13:48:51.3156078Z 12 | for row in rows:
f08-stable-gate	Run F08 stable Gate	2026-10-07T13:48:51.3156681Z 13 |  p=root/row['newPath'];old=original(row['oldPath']);new=p.read_bytes()
f08-stable-gate	Run F08 stable Gate	2026-10-07T13:48:51.3157116Z    |                       ^ E702
f08-stable-gate	Run F08 stable Gate	2026-10-07T13:48:51.3157609Z 14 |  check(row['newPath']+':location',p.is_file() and not (root/row['oldPath']).exists())
f08-stable-gate	Run F08 stable Gate	2026-10-07T13:48:51.3158598Z 15 |  check(row['newPath']+':sha',row['beforeSha256']=='sha256:'+hashlib.sha256(old).hexdigest() and row['afterSha256']=='sha256:'+hashlib.…
f08-stable-gate	Run F08 stable Gate	2026-10-07T13:48:51.3159158Z    |
f08-stable-gate	Run F08 stable Gate	2026-10-07T13:48:51.3159267Z 
f08-stable-gate	Run F08 stable Gate	2026-10-07T13:48:51.3159835Z docs/audit/evidence/execution-docs-relocation-20261007/verify-relocation.py:13:52: E702 Multiple statements on one line (semicolon)
f08-stable-gate	Run F08 stable Gate	2026-10-07T13:48:51.3160428Z    |
f08-stable-gate	Run F08 stable Gate	2026-10-07T13:48:51.3160627Z 11 |  return text
f08-stable-gate	Run F08 stable Gate	2026-10-07T13:48:51.3160854Z 12 | for row in rows:
f08-stable-gate	Run F08 stable Gate	2026-10-07T13:48:51.3161269Z 13 |  p=root/row['newPath'];old=original(row['oldPath']);new=p.read_bytes()
f08-stable-gate	Run F08 stable Gate	2026-10-07T13:48:51.3161957Z    |                                                    ^ E702
f08-stable-gate	Run F08 stable Gate	2026-10-07T13:48:51.3162771Z 14 |  check(row['newPath']+':location',p.is_file() and not (root/row['oldPath']).exists())
f08-stable-gate	Run F08 stable Gate	2026-10-07T13:48:51.3164158Z 15 |  check(row['newPath']+':sha',row['beforeSha256']=='sha256:'+hashlib.sha256(old).hexdigest() and row['afterSha256']=='sha256:'+hashlib.…
f08-stable-gate	Run F08 stable Gate	2026-10-07T13:48:51.3164720Z    |
f08-stable-gate	Run F08 stable Gate	2026-10-07T13:48:51.3164836Z 
f08-stable-gate	Run F08 stable Gate	2026-10-07T13:48:51.3165377Z docs/audit/evidence/execution-docs-relocation-20261007/verify-relocation.py:19:70: E701 Multiple statements on one line (colon)
f08-stable-gate	Run F08 stable Gate	2026-10-07T13:48:51.3165954Z    |
f08-stable-gate	Run F08 stable Gate	2026-10-07T13:48:51.3166222Z 17 |  for m in link.finditer(old.decode()):
f08-stable-gate	Run F08 stable Gate	2026-10-07T13:48:51.3166777Z 18 |   url=m[2]
f08-stable-gate	Run F08 stable Gate	2026-10-07T13:48:51.3167202Z 19 |   if not url or url.startswith(('#','/')) or re.match(r'[a-z]+:',url):continue
f08-stable-gate	Run F08 stable Gate	2026-10-07T13:48:51.3167671Z    |                                                                      ^ E701
f08-stable-gate	Run F08 stable Gate	2026-10-07T13:48:51.3168515Z 20 |   dest,sep,anchor=url.partition('#');oldTarget=posixpath.normpath(posixpath.join(posixpath.dirname(row['oldPath']),dest));newTarget=ma…
f08-stable-gate	Run F08 stable Gate	2026-10-07T13:48:51.3169120Z 21 |   prefix=m[1]
f08-stable-gate	Run F08 stable Gate	2026-10-07T13:48:51.3169329Z    |
f08-stable-gate	Run F08 stable Gate	2026-10-07T13:48:51.3169434Z 
f08-stable-gate	Run F08 stable Gate	2026-10-07T13:48:51.3169975Z docs/audit/evidence/execution-docs-relocation-20261007/verify-relocation.py:20:37: E702 Multiple statements on one line (semicolon)
f08-stable-gate	Run F08 stable Gate	2026-10-07T13:48:51.3170556Z    |
f08-stable-gate	Run F08 stable Gate	2026-10-07T13:48:51.3170740Z 18 |   url=m[2]
f08-stable-gate	Run F08 stable Gate	2026-10-07T13:48:51.3171130Z 19 |   if not url or url.startswith(('#','/')) or re.match(r'[a-z]+:',url):continue
f08-stable-gate	Run F08 stable Gate	2026-10-07T13:48:51.3172173Z 20 |   dest,sep,anchor=url.partition('#');oldTarget=posixpath.normpath(posixpath.join(posixpath.dirname(row['oldPath']),dest));newTarget=ma…
f08-stable-gate	Run F08 stable Gate	2026-10-07T13:48:51.3172789Z    |                                     ^ E702
f08-stable-gate	Run F08 stable Gate	2026-10-07T13:48:51.3173104Z 21 |   prefix=m[1]
f08-stable-gate	Run F08 stable Gate	2026-10-07T13:48:51.3173554Z 22 |   for oldPath,newPath in mapping.items():prefix=prefix.replace(oldPath,newPath)
f08-stable-gate	Run F08 stable Gate	2026-10-07T13:48:51.3173955Z    |
f08-stable-gate	Run F08 stable Gate	2026-10-07T13:48:51.3174071Z 
f08-stable-gate	Run F08 stable Gate	2026-10-07T13:48:51.3174609Z docs/audit/evidence/execution-docs-relocation-20261007/verify-relocation.py:20:122: E702 Multiple statements on one line (semicolon)
f08-stable-gate	Run F08 stable Gate	2026-10-07T13:48:51.3175193Z    |
f08-stable-gate	Run F08 stable Gate	2026-10-07T13:48:51.3175381Z 18 |   url=m[2]
f08-stable-gate	Run F08 stable Gate	2026-10-07T13:48:51.3175774Z 19 |   if not url or url.startswith(('#','/')) or re.match(r'[a-z]+:',url):continue
f08-stable-gate	Run F08 stable Gate	2026-10-07T13:48:51.3176966Z 20 |   dest,sep,anchor=url.partition('#');oldTarget=posixpath.normpath(posixpath.join(posixpath.dirname(row['oldPath']),dest));newTarget=ma…
f08-stable-gate	Run F08 stable Gate	2026-10-07T13:48:51.3177716Z    |                                                                                                                          ^ E702
f08-stable-gate	Run F08 stable Gate	2026-10-07T13:48:51.3178108Z 21 |   prefix=m[1]
f08-stable-gate	Run F08 stable Gate	2026-10-07T13:48:51.3178563Z 22 |   for oldPath,newPath in mapping.items():prefix=prefix.replace(oldPath,newPath)
f08-stable-gate	Run F08 stable Gate	2026-10-07T13:48:51.3178966Z    |
f08-stable-gate	Run F08 stable Gate	2026-10-07T13:48:51.3179078Z 
f08-stable-gate	Run F08 stable Gate	2026-10-07T13:48:51.3179628Z docs/audit/evidence/execution-docs-relocation-20261007/verify-relocation.py:20:165: E702 Multiple statements on one line (semicolon)
f08-stable-gate	Run F08 stable Gate	2026-10-07T13:48:51.3180205Z    |
f08-stable-gate	Run F08 stable Gate	2026-10-07T13:48:51.3180429Z 18 | …
f08-stable-gate	Run F08 stable Gate	2026-10-07T13:48:51.3180632Z 19 | …
f08-stable-gate	Run F08 stable Gate	2026-10-07T13:48:51.3181647Z 20 | …w['oldPath']),dest));newTarget=mapping.get(oldTarget,oldTarget);relative=posixpath.relpath(newTarget,posixpath.dirname(row['newPath']…
f08-stable-gate	Run F08 stable Gate	2026-10-07T13:48:51.3182356Z    |                                                                 ^ E702
f08-stable-gate	Run F08 stable Gate	2026-10-07T13:48:51.3182692Z 21 | …
f08-stable-gate	Run F08 stable Gate	2026-10-07T13:48:51.3182936Z 22 | …
f08-stable-gate	Run F08 stable Gate	2026-10-07T13:48:51.3183121Z    |
f08-stable-gate	Run F08 stable Gate	2026-10-07T13:48:51.3183228Z 
f08-stable-gate	Run F08 stable Gate	2026-10-07T13:48:51.3183783Z docs/audit/evidence/execution-docs-relocation-20261007/verify-relocation.py:20:237: E702 Multiple statements on one line (semicolon)
f08-stable-gate	Run F08 stable Gate	2026-10-07T13:48:51.3184361Z    |
f08-stable-gate	Run F08 stable Gate	2026-10-07T13:48:51.3184559Z 18 | …
f08-stable-gate	Run F08 stable Gate	2026-10-07T13:48:51.3184763Z 19 | …
f08-stable-gate	Run F08 stable Gate	2026-10-07T13:48:51.3185489Z 20 | …=posixpath.relpath(newTarget,posixpath.dirname(row['newPath']));expected=relative if relative.startswith('.') else './'+relative
f08-stable-gate	Run F08 stable Gate	2026-10-07T13:48:51.3186231Z    |                                                                 ^ E702
f08-stable-gate	Run F08 stable Gate	2026-10-07T13:48:51.3186900Z 21 | …
f08-stable-gate	Run F08 stable Gate	2026-10-07T13:48:51.3187101Z 22 | …
f08-stable-gate	Run F08 stable Gate	2026-10-07T13:48:51.3187288Z    |
f08-stable-gate	Run F08 stable Gate	2026-10-07T13:48:51.3187395Z 
f08-stable-gate	Run F08 stable Gate	2026-10-07T13:48:51.3187925Z docs/audit/evidence/execution-docs-relocation-20261007/verify-relocation.py:22:41: E701 Multiple statements on one line (colon)
f08-stable-gate	Run F08 stable Gate	2026-10-07T13:48:51.3188496Z    |
f08-stable-gate	Run F08 stable Gate	2026-10-07T13:48:51.3189204Z 20 |   dest,sep,anchor=url.partition('#');oldTarget=posixpath.normpath(posixpath.join(posixpath.dirname(row['oldPath']),dest));newTarget=ma…
f08-stable-gate	Run F08 stable Gate	2026-10-07T13:48:51.3189801Z 21 |   prefix=m[1]
f08-stable-gate	Run F08 stable Gate	2026-10-07T13:48:51.3190245Z 22 |   for oldPath,newPath in mapping.items():prefix=prefix.replace(oldPath,newPath)
f08-stable-gate	Run F08 stable Gate	2026-10-07T13:48:51.3190698Z    |                                         ^ E701
f08-stable-gate	Run F08 stable Gate	2026-10-07T13:48:51.3191307Z 23 |   check(row['newPath']+':link',prefix+expected+(sep+anchor if sep else '')+m[3] in new.decode(),oldUrl=url)
f08-stable-gate	Run F08 stable Gate	2026-10-07T13:48:51.3192276Z 24 | tracked=subprocess.check_output(['git','ls-tree','-r','--name-only','375019f964f375f9767b4d03a85523a141fa3f0d'],text=True).splitlines(…
f08-stable-gate	Run F08 stable Gate	2026-10-07T13:48:51.3192818Z    |
f08-stable-gate	Run F08 stable Gate	2026-10-07T13:48:51.3192929Z 
f08-stable-gate	Run F08 stable Gate	2026-10-07T13:48:51.3193468Z docs/audit/evidence/execution-docs-relocation-20261007/verify-relocation.py:24:136: E702 Multiple statements on one line (semicolon)
f08-stable-gate	Run F08 stable Gate	2026-10-07T13:48:51.3194039Z    |
f08-stable-gate	Run F08 stable Gate	2026-10-07T13:48:51.3194256Z 22 | …ewPath)
f08-stable-gate	Run F08 stable Gate	2026-10-07T13:48:51.3194588Z 23 | …')+m[3] in new.decode(),oldUrl=url)
f08-stable-gate	Run F08 stable Gate	2026-10-07T13:48:51.3195604Z 24 | …019f964f375f9767b4d03a85523a141fa3f0d'],text=True).splitlines();changed=subprocess.check_output(['git','diff','375019f964f375f9767b4d…
f08-stable-gate	Run F08 stable Gate	2026-10-07T13:48:51.3196261Z    |                                                                 ^ E702
f08-stable-gate	Run F08 stable Gate	2026-10-07T13:48:51.3197011Z 25 | …cal if p not in allowed),files=len(historical)-len(allowed))
f08-stable-gate	Run F08 stable Gate	2026-10-07T13:48:51.3197475Z 26 | …=original('.gitleaksignore'))
f08-stable-gate	Run F08 stable Gate	2026-10-07T13:48:51.3197739Z    |
f08-stable-gate	Run F08 stable Gate	2026-10-07T13:48:51.3197852Z 
f08-stable-gate	Run F08 stable Gate	2026-10-07T13:48:51.3198415Z docs/audit/evidence/execution-docs-relocation-20261007/verify-relocation.py:24:264: E702 Multiple statements on one line (semicolon)
f08-stable-gate	Run F08 stable Gate	2026-10-07T13:48:51.3198989Z    |
f08-stable-gate	Run F08 stable Gate	2026-10-07T13:48:51.3199191Z 22 | …
f08-stable-gate	Run F08 stable Gate	2026-10-07T13:48:51.3199399Z 23 | …
f08-stable-gate	Run F08 stable Gate	2026-10-07T13:48:51.3200152Z 24 | …67b4d03a85523a141fa3f0d','--name-only'],text=True).splitlines();historical=[p for p in tracked if p.startswith(('docs/audit/','docs/g…
f08-stable-gate	Run F08 stable Gate	2026-10-07T13:48:51.3201007Z    |                                                                 ^ E702
f08-stable-gate	Run F08 stable Gate	2026-10-07T13:48:51.3201331Z 25 | …
f08-stable-gate	Run F08 stable Gate	2026-10-07T13:48:51.3201527Z 26 | …
f08-stable-gate	Run F08 stable Gate	2026-10-07T13:48:51.3201707Z    |
f08-stable-gate	Run F08 stable Gate	2026-10-07T13:48:51.3201813Z 
f08-stable-gate	Run F08 stable Gate	2026-10-07T13:48:51.3202353Z docs/audit/evidence/execution-docs-relocation-20261007/verify-relocation.py:24:350: E702 Multiple statements on one line (semicolon)
f08-stable-gate	Run F08 stable Gate	2026-10-07T13:48:51.3202933Z    |
f08-stable-gate	Run F08 stable Gate	2026-10-07T13:48:51.3203132Z 22 | …
f08-stable-gate	Run F08 stable Gate	2026-10-07T13:48:51.3203351Z 23 | …
f08-stable-gate	Run F08 stable Gate	2026-10-07T13:48:51.3204095Z 24 | … tracked if p.startswith(('docs/audit/','docs/gate-records/'))];allowed={'docs/gate-records/G0-current-scope-confirmations.json','doc…
f08-stable-gate	Run F08 stable Gate	2026-10-07T13:48:51.3204759Z    |                                                                 ^ E702
f08-stable-gate	Run F08 stable Gate	2026-10-07T13:48:51.3205087Z 25 | …
f08-stable-gate	Run F08 stable Gate	2026-10-07T13:48:51.3205292Z 26 | …
f08-stable-gate	Run F08 stable Gate	2026-10-07T13:48:51.3205483Z    |
f08-stable-gate	Run F08 stable Gate	2026-10-07T13:48:51.3205593Z 
f08-stable-gate	Run F08 stable Gate	2026-10-07T13:48:51.3206131Z docs/audit/evidence/execution-docs-relocation-20261007/verify-relocation.py:29:121: E701 Multiple statements on one line (colon)
f08-stable-gate	Run F08 stable Gate	2026-10-07T13:48:51.3206949Z    |
f08-stable-gate	Run F08 stable Gate	2026-10-07T13:48:51.3207155Z 27 | stale=[]
f08-stable-gate	Run F08 stable Gate	2026-10-07T13:48:51.3207386Z 28 | for p in tracked:
f08-stable-gate	Run F08 stable Gate	2026-10-07T13:48:51.3208047Z 29 |  if p=='.gitleaksignore' or p.startswith(('docs/audit/','docs/gate-records/')) or p in mapping or not (root/p).is_file():continue
f08-stable-gate	Run F08 stable Gate	2026-10-07T13:48:51.3208753Z    |                                                                                                                         ^ E701
f08-stable-gate	Run F08 stable Gate	2026-10-07T13:48:51.3209183Z 30 |  try:text=(root/p).read_text()
f08-stable-gate	Run F08 stable Gate	2026-10-07T13:48:51.3209502Z 31 |  except UnicodeError:continue
f08-stable-gate	Run F08 stable Gate	2026-10-07T13:48:51.3209762Z    |
f08-stable-gate	Run F08 stable Gate	2026-10-07T13:48:51.3209870Z 
f08-stable-gate	Run F08 stable Gate	2026-10-07T13:48:51.3210397Z docs/audit/evidence/execution-docs-relocation-20261007/verify-relocation.py:30:5: E701 Multiple statements on one line (colon)
f08-stable-gate	Run F08 stable Gate	2026-10-07T13:48:51.3210959Z    |
f08-stable-gate	Run F08 stable Gate	2026-10-07T13:48:51.3211167Z 28 | for p in tracked:
f08-stable-gate	Run F08 stable Gate	2026-10-07T13:48:51.3211789Z 29 |  if p=='.gitleaksignore' or p.startswith(('docs/audit/','docs/gate-records/')) or p in mapping or not (root/p).is_file():continue
f08-stable-gate	Run F08 stable Gate	2026-10-07T13:48:51.3212368Z 30 |  try:text=(root/p).read_text()
f08-stable-gate	Run F08 stable Gate	2026-10-07T13:48:51.3212627Z    |     ^ E701
f08-stable-gate	Run F08 stable Gate	2026-10-07T13:48:51.3212903Z 31 |  except UnicodeError:continue
f08-stable-gate	Run F08 stable Gate	2026-10-07T13:48:51.3213203Z 32 |  for old in mapping:
f08-stable-gate	Run F08 stable Gate	2026-10-07T13:48:51.3213441Z    |
f08-stable-gate	Run F08 stable Gate	2026-10-07T13:48:51.3213551Z 
f08-stable-gate	Run F08 stable Gate	2026-10-07T13:48:51.3214072Z docs/audit/evidence/execution-docs-relocation-20261007/verify-relocation.py:31:21: E701 Multiple statements on one line (colon)
f08-stable-gate	Run F08 stable Gate	2026-10-07T13:48:51.3214635Z    |
f08-stable-gate	Run F08 stable Gate	2026-10-07T13:48:51.3215213Z 29 |  if p=='.gitleaksignore' or p.startswith(('docs/audit/','docs/gate-records/')) or p in mapping or not (root/p).is_file():continue
f08-stable-gate	Run F08 stable Gate	2026-10-07T13:48:51.3215785Z 30 |  try:text=(root/p).read_text()
f08-stable-gate	Run F08 stable Gate	2026-10-07T13:48:51.3216097Z 31 |  except UnicodeError:continue
f08-stable-gate	Run F08 stable Gate	2026-10-07T13:48:51.3216554Z    |                     ^ E701
f08-stable-gate	Run F08 stable Gate	2026-10-07T13:48:51.3216821Z 32 |  for old in mapping:
f08-stable-gate	Run F08 stable Gate	2026-10-07T13:48:51.3217207Z 33 |   if old in text:stale.append({'file':p,'reference':old})
f08-stable-gate	Run F08 stable Gate	2026-10-07T13:48:51.3217533Z    |
f08-stable-gate	Run F08 stable Gate	2026-10-07T13:48:51.3217794Z 
f08-stable-gate	Run F08 stable Gate	2026-10-07T13:48:51.3218313Z docs/audit/evidence/execution-docs-relocation-20261007/verify-relocation.py:33:17: E701 Multiple statements on one line (colon)
f08-stable-gate	Run F08 stable Gate	2026-10-07T13:48:51.3218866Z    |
f08-stable-gate	Run F08 stable Gate	2026-10-07T13:48:51.3219104Z 31 |  except UnicodeError:continue
f08-stable-gate	Run F08 stable Gate	2026-10-07T13:48:51.3219377Z 32 |  for old in mapping:
f08-stable-gate	Run F08 stable Gate	2026-10-07T13:48:51.3219731Z 33 |   if old in text:stale.append({'file':p,'reference':old})
f08-stable-gate	Run F08 stable Gate	2026-10-07T13:48:51.3220054Z    |                 ^ E701
f08-stable-gate	Run F08 stable Gate	2026-10-07T13:48:51.3220439Z 34 | check('active-root-literals-removed',not stale,stale=stale)
f08-stable-gate	Run F08 stable Gate	2026-10-07T13:48:51.3221370Z 35 | for p in ['docs/SumAlpha-QuantOS-Development-Plan.md','docs/SumAlpha-QuantOS-Frontend-Development-Execution-Plan.md']:
f08-stable-gate	Run F08 stable Gate	2026-10-07T13:48:51.3221935Z    |
f08-stable-gate	Run F08 stable Gate	2026-10-07T13:48:51.3222048Z 
f08-stable-gate	Run F08 stable Gate	2026-10-07T13:48:51.3222583Z docs/audit/evidence/execution-docs-relocation-20261007/verify-relocation.py:36:29: E702 Multiple statements on one line (semicolon)
f08-stable-gate	Run F08 stable Gate	2026-10-07T13:48:51.3223315Z    |
f08-stable-gate	Run F08 stable Gate	2026-10-07T13:48:51.3223656Z 34 | check('active-root-literals-removed',not stale,stale=stale)
f08-stable-gate	Run F08 stable Gate	2026-10-07T13:48:51.3224418Z 35 | for p in ['docs/SumAlpha-QuantOS-Development-Plan.md','docs/SumAlpha-QuantOS-Frontend-Development-Execution-Plan.md']:
f08-stable-gate	Run F08 stable Gate	2026-10-07T13:48:51.3225111Z 36 |  before=original(p).decode();after=(root/p).read_text()
f08-stable-gate	Run F08 stable Gate	2026-10-07T13:48:51.3225469Z    |                             ^ E702
f08-stable-gate	Run F08 stable Gate	2026-10-07T13:48:51.3226157Z 37 |  oldCheckpoints=[{k:v for k,v in json.loads(m[1]).items() if k!='stage_gate'} for m in re.finditer(r'```json\s*([\s\S]*?)```',before)]
f08-stable-gate	Run F08 stable Gate	2026-10-07T13:48:51.3227249Z 38 |  newCheckpoints=[{k:v for k,v in json.loads(m[1]).items() if k!='stage_gate'} for m in re.finditer(r'```json\s*([\s\S]*?)```',after)]
f08-stable-gate	Run F08 stable Gate	2026-10-07T13:48:51.3227772Z    |
f08-stable-gate	Run F08 stable Gate	2026-10-07T13:48:51.3227887Z 
f08-stable-gate	Run F08 stable Gate	2026-10-07T13:48:51.3228432Z docs/audit/evidence/execution-docs-relocation-20261007/verify-relocation.py:43:59: E702 Multiple statements on one line (semicolon)
f08-stable-gate	Run F08 stable Gate	2026-10-07T13:48:51.3229018Z    |
f08-stable-gate	Run F08 stable Gate	2026-10-07T13:48:51.3229313Z 41 |   pattern=re.compile(r'^- '+field+r':.*$',re.M)
f08-stable-gate	Run F08 stable Gate	2026-10-07T13:48:51.3229802Z 42 |   check(p+':'+field,pattern.findall(before)==pattern.findall(after))
f08-stable-gate	Run F08 stable Gate	2026-10-07T13:48:51.3230675Z 43 |  stages=re.findall(r'^- stage_gate: (\{.*\})$',after,re.M); stages.extend([json.dumps(x['stage_gate']) for m in re.finditer(r'```json\…
f08-stable-gate	Run F08 stable Gate	2026-10-07T13:48:51.3231282Z    |                                                           ^ E702
f08-stable-gate	Run F08 stable Gate	2026-10-07T13:48:51.3231895Z 44 |  check(p+':stages-reset',all(json.loads(g)['status']=='NOT_ASSESSED' for g in stages),count=len(stages))
f08-stable-gate	Run F08 stable Gate	2026-10-07T13:48:51.3232755Z 45 | for p in list(mapping.values())+['docs/execution/README.md','docs/audit/Execution-document-organization-2026-10-07.md']:
f08-stable-gate	Run F08 stable Gate	2026-10-07T13:48:51.3233282Z    |
f08-stable-gate	Run F08 stable Gate	2026-10-07T13:48:51.3233397Z 
f08-stable-gate	Run F08 stable Gate	2026-10-07T13:48:51.3233935Z docs/audit/evidence/execution-docs-relocation-20261007/verify-relocation.py:48:70: E701 Multiple statements on one line (colon)
f08-stable-gate	Run F08 stable Gate	2026-10-07T13:48:51.3234507Z    |
f08-stable-gate	Run F08 stable Gate	2026-10-07T13:48:51.3234798Z 46 |  for m in link.finditer((root/p).read_text()):
f08-stable-gate	Run F08 stable Gate	2026-10-07T13:48:51.3235121Z 47 |   url=m[2]
f08-stable-gate	Run F08 stable Gate	2026-10-07T13:48:51.3235522Z 48 |   if not url or url.startswith(('#','/')) or re.match(r'[a-z]+:',url):continue
f08-stable-gate	Run F08 stable Gate	2026-10-07T13:48:51.3235990Z    |                                                                      ^ E701
f08-stable-gate	Run F08 stable Gate	2026-10-07T13:48:51.3236737Z 49 |   check(p+':target', (root/p).parent.joinpath(url.split('#')[0]).exists(),url=url)
f08-stable-gate	Run F08 stable Gate	2026-10-07T13:48:51.3237683Z 50 | field=root/'docs/execution/PRE-04-field-dictionary.md';before=field.read_bytes();env=os.environ.copy();env['PATH']='/private/tmp/quant…
f08-stable-gate	Run F08 stable Gate	2026-10-07T13:48:51.3238288Z    |
f08-stable-gate	Run F08 stable Gate	2026-10-07T13:48:51.3238408Z 
f08-stable-gate	Run F08 stable Gate	2026-10-07T13:48:51.3238955Z docs/audit/evidence/execution-docs-relocation-20261007/verify-relocation.py:50:55: E702 Multiple statements on one line (semicolon)
f08-stable-gate	Run F08 stable Gate	2026-10-07T13:48:51.3239528Z    |
f08-stable-gate	Run F08 stable Gate	2026-10-07T13:48:51.3239912Z 48 |   if not url or url.startswith(('#','/')) or re.match(r'[a-z]+:',url):continue
f08-stable-gate	Run F08 stable Gate	2026-10-07T13:48:51.3240518Z 49 |   check(p+':target', (root/p).parent.joinpath(url.split('#')[0]).exists(),url=url)
f08-stable-gate	Run F08 stable Gate	2026-10-07T13:48:51.3241581Z 50 | field=root/'docs/execution/PRE-04-field-dictionary.md';before=field.read_bytes();env=os.environ.copy();env['PATH']='/private/tmp/quant…
f08-stable-gate	Run F08 stable Gate	2026-10-07T13:48:51.3242234Z    |                                                       ^ E702
f08-stable-gate	Run F08 stable Gate	2026-10-07T13:48:51.3242804Z 51 | check('negative-tests-final', 'fail 0' in (e/'logs/negative-tests-final.log').read_text())
f08-stable-gate	Run F08 stable Gate	2026-10-07T13:48:51.3243752Z 52 | (e/'relocation-verification.json').write_text(json.dumps({'status':'PASS','sourceCommit':'375019f964f375f9767b4d03a85523a141fa3f0d','c…
f08-stable-gate	Run F08 stable Gate	2026-10-07T13:48:51.3244317Z    |
f08-stable-gate	Run F08 stable Gate	2026-10-07T13:48:51.3244431Z 
f08-stable-gate	Run F08 stable Gate	2026-10-07T13:48:51.3244978Z docs/audit/evidence/execution-docs-relocation-20261007/verify-relocation.py:50:81: E702 Multiple statements on one line (semicolon)
f08-stable-gate	Run F08 stable Gate	2026-10-07T13:48:51.3245548Z    |
f08-stable-gate	Run F08 stable Gate	2026-10-07T13:48:51.3245928Z 48 |   if not url or url.startswith(('#','/')) or re.match(r'[a-z]+:',url):continue
f08-stable-gate	Run F08 stable Gate	2026-10-07T13:48:51.3246844Z 49 |   check(p+':target', (root/p).parent.joinpath(url.split('#')[0]).exists(),url=url)
f08-stable-gate	Run F08 stable Gate	2026-10-07T13:48:51.3247774Z 50 | field=root/'docs/execution/PRE-04-field-dictionary.md';before=field.read_bytes();env=os.environ.copy();env['PATH']='/private/tmp/quant…
f08-stable-gate	Run F08 stable Gate	2026-10-07T13:48:51.3248457Z    |                                                                                 ^ E702
f08-stable-gate	Run F08 stable Gate	2026-10-07T13:48:51.3249054Z 51 | check('negative-tests-final', 'fail 0' in (e/'logs/negative-tests-final.log').read_text())
f08-stable-gate	Run F08 stable Gate	2026-10-07T13:48:51.3249966Z 52 | (e/'relocation-verification.json').write_text(json.dumps({'status':'PASS','sourceCommit':'375019f964f375f9767b4d03a85523a141fa3f0d','c…
f08-stable-gate	Run F08 stable Gate	2026-10-07T13:48:51.3250518Z    |
f08-stable-gate	Run F08 stable Gate	2026-10-07T13:48:51.3250623Z 
f08-stable-gate	Run F08 stable Gate	2026-10-07T13:48:51.3251170Z docs/audit/evidence/execution-docs-relocation-20261007/verify-relocation.py:50:103: E702 Multiple statements on one line (semicolon)
f08-stable-gate	Run F08 stable Gate	2026-10-07T13:48:51.3251749Z    |
f08-stable-gate	Run F08 stable Gate	2026-10-07T13:48:51.3252130Z 48 |   if not url or url.startswith(('#','/')) or re.match(r'[a-z]+:',url):continue
f08-stable-gate	Run F08 stable Gate	2026-10-07T13:48:51.3252698Z 49 |   check(p+':target', (root/p).parent.joinpath(url.split('#')[0]).exists(),url=url)
f08-stable-gate	Run F08 stable Gate	2026-10-07T13:48:51.3253585Z 50 | field=root/'docs/execution/PRE-04-field-dictionary.md';before=field.read_bytes();env=os.environ.copy();env['PATH']='/private/tmp/quant…
f08-stable-gate	Run F08 stable Gate	2026-10-07T13:48:51.3254302Z    |                                                                                                       ^ E702
f08-stable-gate	Run F08 stable Gate	2026-10-07T13:48:51.3254918Z 51 | check('negative-tests-final', 'fail 0' in (e/'logs/negative-tests-final.log').read_text())
f08-stable-gate	Run F08 stable Gate	2026-10-07T13:48:51.3255820Z 52 | (e/'relocation-verification.json').write_text(json.dumps({'status':'PASS','sourceCommit':'375019f964f375f9767b4d03a85523a141fa3f0d','c…
f08-stable-gate	Run F08 stable Gate	2026-10-07T13:48:51.3256555Z    |
f08-stable-gate	Run F08 stable Gate	2026-10-07T13:48:51.3256659Z 
f08-stable-gate	Run F08 stable Gate	2026-10-07T13:48:51.3257214Z docs/audit/evidence/execution-docs-relocation-20261007/verify-relocation.py:50:219: E702 Multiple statements on one line (semicolon)
f08-stable-gate	Run F08 stable Gate	2026-10-07T13:48:51.3257798Z    |
f08-stable-gate	Run F08 stable Gate	2026-10-07T13:48:51.3258018Z 48 | …
f08-stable-gate	Run F08 stable Gate	2026-10-07T13:48:51.3258225Z 49 | …
f08-stable-gate	Run F08 stable Gate	2026-10-07T13:48:51.3258972Z 50 | …-bin:/Users/anray/.nvm/versions/node/v24.12.0/bin:'+env['PATH'];r=subprocess.run(['pnpm','generate:pre04-fields'],env=env,stdout=subp…
f08-stable-gate	Run F08 stable Gate	2026-10-07T13:48:51.3259609Z    |                                                                 ^ E702
f08-stable-gate	Run F08 stable Gate	2026-10-07T13:48:51.3259940Z 51 | …
f08-stable-gate	Run F08 stable Gate	2026-10-07T13:48:51.3260228Z 52 | …_ascii=False,indent=2)+'\n')
f08-stable-gate	Run F08 stable Gate	2026-10-07T13:48:51.3260494Z    |
f08-stable-gate	Run F08 stable Gate	2026-10-07T13:48:51.3260596Z 
f08-stable-gate	Run F08 stable Gate	2026-10-07T13:48:51.3261136Z docs/audit/evidence/execution-docs-relocation-20261007/verify-relocation.py:50:336: E702 Multiple statements on one line (semicolon)
f08-stable-gate	Run F08 stable Gate	2026-10-07T13:48:51.3261913Z    |
f08-stable-gate	Run F08 stable Gate	2026-10-07T13:48:51.3262405Z 48 | …
f08-stable-gate	Run F08 stable Gate	2026-10-07T13:48:51.3275169Z 49 | …
f08-stable-gate	Run F08 stable Gate	2026-10-07T13:48:51.3276142Z 50 | …=env,stdout=subprocess.PIPE,stderr=subprocess.STDOUT,text=True);(e/'logs/generator.log').write_text(r.stdout);check('field-generator-…
f08-stable-gate	Run F08 stable Gate	2026-10-07T13:48:51.3277097Z    |                                                                 ^ E702
f08-stable-gate	Run F08 stable Gate	2026-10-07T13:48:51.3277452Z 51 | …
f08-stable-gate	Run F08 stable Gate	2026-10-07T13:48:51.3277874Z 52 | …
f08-stable-gate	Run F08 stable Gate	2026-10-07T13:48:51.3278067Z    |
f08-stable-gate	Run F08 stable Gate	2026-10-07T13:48:51.3278169Z 
f08-stable-gate	Run F08 stable Gate	2026-10-07T13:48:51.3278768Z docs/audit/evidence/execution-docs-relocation-20261007/verify-relocation.py:50:382: E702 Multiple statements on one line (semicolon)
f08-stable-gate	Run F08 stable Gate	2026-10-07T13:48:51.3279368Z    |
f08-stable-gate	Run F08 stable Gate	2026-10-07T13:48:51.3279577Z 48 | …
f08-stable-gate	Run F08 stable Gate	2026-10-07T13:48:51.3279775Z 49 | …
f08-stable-gate	Run F08 stable Gate	2026-10-07T13:48:51.3280544Z 50 | …STDOUT,text=True);(e/'logs/generator.log').write_text(r.stdout);check('field-generator-idempotent',r.returncode==0 and before==field.…
f08-stable-gate	Run F08 stable Gate	2026-10-07T13:48:51.3281221Z    |                                                                 ^ E702
f08-stable-gate	Run F08 stable Gate	2026-10-07T13:48:51.3281542Z 51 | …
f08-stable-gate	Run F08 stable Gate	2026-10-07T13:48:51.3281737Z 52 | …
f08-stable-gate	Run F08 stable Gate	2026-10-07T13:48:51.3281919Z    |
f08-stable-gate	Run F08 stable Gate	2026-10-07T13:48:51.3282028Z 
f08-stable-gate	Run F08 stable Gate	2026-10-07T13:48:51.3282571Z docs/audit/evidence/execution-docs-relocation-round2-20261007/verify-relocation.py:2:1: E401 [*] Multiple imports on one line
f08-stable-gate	Run F08 stable Gate	2026-10-07T13:48:51.3283337Z   |
f08-stable-gate	Run F08 stable Gate	2026-10-07T13:48:51.3283568Z 1 | from pathlib import Path
f08-stable-gate	Run F08 stable Gate	2026-10-07T13:48:51.3283940Z 2 | import re,posixpath,subprocess,json,hashlib
f08-stable-gate	Run F08 stable Gate	2026-10-07T13:48:51.3284305Z   | ^^^^^^^^^^^^^^^^^^^^^^^^^^^^^^^^^^^^^^^^^^^ E401
f08-stable-gate	Run F08 stable Gate	2026-10-07T13:48:51.3285130Z 3 | root=Path.cwd();e=root/'docs/audit/evidence/execution-docs-relocation-round2-20261007';migration=json.loads((e/'migration-map.json').re…
f08-stable-gate	Run F08 stable Gate	2026-10-07T13:48:51.3285958Z 4 | def original(p):return subprocess.check_output(['git','show',source+':'+p])
f08-stable-gate	Run F08 stable Gate	2026-10-07T13:48:51.3286511Z   |
f08-stable-gate	Run F08 stable Gate	2026-10-07T13:48:51.3286733Z   = help: Split imports
f08-stable-gate	Run F08 stable Gate	2026-10-07T13:48:51.3286893Z 
f08-stable-gate	Run F08 stable Gate	2026-10-07T13:48:51.3287476Z docs/audit/evidence/execution-docs-relocation-round2-20261007/verify-relocation.py:3:16: E702 Multiple statements on one line (semicolon)
f08-stable-gate	Run F08 stable Gate	2026-10-07T13:48:51.3288075Z   |
f08-stable-gate	Run F08 stable Gate	2026-10-07T13:48:51.3288299Z 1 | from pathlib import Path
f08-stable-gate	Run F08 stable Gate	2026-10-07T13:48:51.3288650Z 2 | import re,posixpath,subprocess,json,hashlib
f08-stable-gate	Run F08 stable Gate	2026-10-07T13:48:51.3289507Z 3 | root=Path.cwd();e=root/'docs/audit/evidence/execution-docs-relocation-round2-20261007';migration=json.loads((e/'migration-map.json').re…
f08-stable-gate	Run F08 stable Gate	2026-10-07T13:48:51.3290118Z   |                ^ E702
f08-stable-gate	Run F08 stable Gate	2026-10-07T13:48:51.3290563Z 4 | def original(p):return subprocess.check_output(['git','show',source+':'+p])
f08-stable-gate	Run F08 stable Gate	2026-10-07T13:48:51.3291000Z 5 | def check(name,ok,**detail):
f08-stable-gate	Run F08 stable Gate	2026-10-07T13:48:51.3291248Z   |
f08-stable-gate	Run F08 stable Gate	2026-10-07T13:48:51.3291356Z 
f08-stable-gate	Run F08 stable Gate	2026-10-07T13:48:51.3291923Z docs/audit/evidence/execution-docs-relocation-round2-20261007/verify-relocation.py:3:87: E702 Multiple statements on one line (semicolon)
f08-stable-gate	Run F08 stable Gate	2026-10-07T13:48:51.3292507Z   |
f08-stable-gate	Run F08 stable Gate	2026-10-07T13:48:51.3292718Z 1 | from pathlib import Path
f08-stable-gate	Run F08 stable Gate	2026-10-07T13:48:51.3293058Z 2 | import re,posixpath,subprocess,json,hashlib
f08-stable-gate	Run F08 stable Gate	2026-10-07T13:48:51.3293866Z 3 | root=Path.cwd();e=root/'docs/audit/evidence/execution-docs-relocation-round2-20261007';migration=json.loads((e/'migration-map.json').re…
f08-stable-gate	Run F08 stable Gate	2026-10-07T13:48:51.3294568Z   |                                                                                       ^ E702
f08-stable-gate	Run F08 stable Gate	2026-10-07T13:48:51.3295100Z 4 | def original(p):return subprocess.check_output(['git','show',source+':'+p])
f08-stable-gate	Run F08 stable Gate	2026-10-07T13:48:51.3295528Z 5 | def check(name,ok,**detail):
f08-stable-gate	Run F08 stable Gate	2026-10-07T13:48:51.3295763Z   |
f08-stable-gate	Run F08 stable Gate	2026-10-07T13:48:51.3295866Z 
f08-stable-gate	Run F08 stable Gate	2026-10-07T13:48:51.3296632Z docs/audit/evidence/execution-docs-relocation-round2-20261007/verify-relocation.py:3:146: E702 Multiple statements on one line (semicolon)
f08-stable-gate	Run F08 stable Gate	2026-10-07T13:48:51.3297234Z   |
f08-stable-gate	Run F08 stable Gate	2026-10-07T13:48:51.3297438Z 1 | …
f08-stable-gate	Run F08 stable Gate	2026-10-07T13:48:51.3297643Z 2 | …
f08-stable-gate	Run F08 stable Gate	2026-10-07T13:48:51.3298380Z 3 | …1007';migration=json.loads((e/'migration-map.json').read_text());source=migration['sourceCommit'];rows=migration['files'];mapping={r['…
f08-stable-gate	Run F08 stable Gate	2026-10-07T13:48:51.3299023Z   |                                                                  ^ E702
f08-stable-gate	Run F08 stable Gate	2026-10-07T13:48:51.3299341Z 4 | …
f08-stable-gate	Run F08 stable Gate	2026-10-07T13:48:51.3299534Z 5 | …
f08-stable-gate	Run F08 stable Gate	2026-10-07T13:48:51.3299713Z   |
f08-stable-gate	Run F08 stable Gate	2026-10-07T13:48:51.3299822Z 
f08-stable-gate	Run F08 stable Gate	2026-10-07T13:48:51.3300397Z docs/audit/evidence/execution-docs-relocation-round2-20261007/verify-relocation.py:3:179: E702 Multiple statements on one line (semicolon)
f08-stable-gate	Run F08 stable Gate	2026-10-07T13:48:51.3301192Z   |
f08-stable-gate	Run F08 stable Gate	2026-10-07T13:48:51.3301388Z 1 | …
f08-stable-gate	Run F08 stable Gate	2026-10-07T13:48:51.3301587Z 2 | …
f08-stable-gate	Run F08 stable Gate	2026-10-07T13:48:51.3302317Z 3 | …gration-map.json').read_text());source=migration['sourceCommit'];rows=migration['files'];mapping={r['oldPath']:r['newPath'] for r in r…
f08-stable-gate	Run F08 stable Gate	2026-10-07T13:48:51.3302950Z   |                                                                  ^ E702
f08-stable-gate	Run F08 stable Gate	2026-10-07T13:48:51.3303259Z 4 | …
f08-stable-gate	Run F08 stable Gate	2026-10-07T13:48:51.3303451Z 5 | …
f08-stable-gate	Run F08 stable Gate	2026-10-07T13:48:51.3303632Z   |
f08-stable-gate	Run F08 stable Gate	2026-10-07T13:48:51.3303736Z 
f08-stable-gate	Run F08 stable Gate	2026-10-07T13:48:51.3304295Z docs/audit/evidence/execution-docs-relocation-round2-20261007/verify-relocation.py:3:203: E702 Multiple statements on one line (semicolon)
f08-stable-gate	Run F08 stable Gate	2026-10-07T13:48:51.3304884Z   |
f08-stable-gate	Run F08 stable Gate	2026-10-07T13:48:51.3305081Z 1 | …
f08-stable-gate	Run F08 stable Gate	2026-10-07T13:48:51.3305273Z 2 | …
f08-stable-gate	Run F08 stable Gate	2026-10-07T13:48:51.3305964Z 3 | …text());source=migration['sourceCommit'];rows=migration['files'];mapping={r['oldPath']:r['newPath'] for r in rows};checks=[]
f08-stable-gate	Run F08 stable Gate	2026-10-07T13:48:51.3306867Z   |                                                                  ^ E702
f08-stable-gate	Run F08 stable Gate	2026-10-07T13:48:51.3307207Z 4 | …
f08-stable-gate	Run F08 stable Gate	2026-10-07T13:48:51.3307400Z 5 | …
f08-stable-gate	Run F08 stable Gate	2026-10-07T13:48:51.3307581Z   |
f08-stable-gate	Run F08 stable Gate	2026-10-07T13:48:51.3307687Z 
f08-stable-gate	Run F08 stable Gate	2026-10-07T13:48:51.3308252Z docs/audit/evidence/execution-docs-relocation-round2-20261007/verify-relocation.py:3:253: E702 Multiple statements on one line (semicolon)
f08-stable-gate	Run F08 stable Gate	2026-10-07T13:48:51.3308849Z   |
f08-stable-gate	Run F08 stable Gate	2026-10-07T13:48:51.3309046Z 1 | …
f08-stable-gate	Run F08 stable Gate	2026-10-07T13:48:51.3309242Z 2 | …
f08-stable-gate	Run F08 stable Gate	2026-10-07T13:48:51.3309698Z 3 | …ation['files'];mapping={r['oldPath']:r['newPath'] for r in rows};checks=[]
f08-stable-gate	Run F08 stable Gate	2026-10-07T13:48:51.3310145Z   |                                                                  ^ E702
f08-stable-gate	Run F08 stable Gate	2026-10-07T13:48:51.3310459Z 4 | …
f08-stable-gate	Run F08 stable Gate	2026-10-07T13:48:51.3310659Z 5 | …
f08-stable-gate	Run F08 stable Gate	2026-10-07T13:48:51.3310844Z   |
f08-stable-gate	Run F08 stable Gate	2026-10-07T13:48:51.3310951Z 
f08-stable-gate	Run F08 stable Gate	2026-10-07T13:48:51.3311527Z docs/audit/evidence/execution-docs-relocation-round2-20261007/verify-relocation.py:6:73: E702 Multiple statements on one line (semicolon)
f08-stable-gate	Run F08 stable Gate	2026-10-07T13:48:51.3312132Z   |
f08-stable-gate	Run F08 stable Gate	2026-10-07T13:48:51.3312519Z 4 | def original(p):return subprocess.check_output(['git','show',source+':'+p])
f08-stable-gate	Run F08 stable Gate	2026-10-07T13:48:51.3312952Z 5 | def check(name,ok,**detail):
f08-stable-gate	Run F08 stable Gate	2026-10-07T13:48:51.3313492Z 6 |  checks.append(dict(name=name,status='PASS' if ok else 'FAIL',**detail));assert ok,(name,detail)
f08-stable-gate	Run F08 stable Gate	2026-10-07T13:48:51.3314021Z   |                                                                         ^ E702
f08-stable-gate	Run F08 stable Gate	2026-10-07T13:48:51.3314434Z 7 | link=re.compile(r'(!?\[[^\]\n]*\]\()([^\s)]*)(\))')
f08-stable-gate	Run F08 stable Gate	2026-10-07T13:48:51.3314924Z 8 | def normalize(s):return link.sub(lambda m:m[1]+'<destination>'+m[3],s)
f08-stable-gate	Run F08 stable Gate	2026-10-07T13:48:51.3315284Z   |
f08-stable-gate	Run F08 stable Gate	2026-10-07T13:48:51.3315388Z 
f08-stable-gate	Run F08 stable Gate	2026-10-07T13:48:51.3315952Z docs/audit/evidence/execution-docs-relocation-round2-20261007/verify-relocation.py:10:21: E702 Multiple statements on one line (semicolon)
f08-stable-gate	Run F08 stable Gate	2026-10-07T13:48:51.3316754Z    |
f08-stable-gate	Run F08 stable Gate	2026-10-07T13:48:51.3317096Z  8 | def normalize(s):return link.sub(lambda m:m[1]+'<destination>'+m[3],s)
f08-stable-gate	Run F08 stable Gate	2026-10-07T13:48:51.3317464Z  9 | for r in rows:
f08-stable-gate	Run F08 stable Gate	2026-10-07T13:48:51.3317859Z 10 |  p=root/r['newPath'];old=original(r['oldPath']);new=p.read_bytes()
f08-stable-gate	Run F08 stable Gate	2026-10-07T13:48:51.3318245Z    |                     ^ E702
f08-stable-gate	Run F08 stable Gate	2026-10-07T13:48:51.3318690Z 11 |  check(r['newPath']+':moved',p.is_file() and not(root/r['oldPath']).exists())
f08-stable-gate	Run F08 stable Gate	2026-10-07T13:48:51.3319256Z 12 |  check(r['newPath']+':body',normalize(old.decode())==normalize(new.decode()))
f08-stable-gate	Run F08 stable Gate	2026-10-07T13:48:51.3319617Z    |
f08-stable-gate	Run F08 stable Gate	2026-10-07T13:48:51.3319724Z 
f08-stable-gate	Run F08 stable Gate	2026-10-07T13:48:51.3320292Z docs/audit/evidence/execution-docs-relocation-round2-20261007/verify-relocation.py:10:48: E702 Multiple statements on one line (semicolon)
f08-stable-gate	Run F08 stable Gate	2026-10-07T13:48:51.3320882Z    |
f08-stable-gate	Run F08 stable Gate	2026-10-07T13:48:51.3321206Z  8 | def normalize(s):return link.sub(lambda m:m[1]+'<destination>'+m[3],s)
f08-stable-gate	Run F08 stable Gate	2026-10-07T13:48:51.3321566Z  9 | for r in rows:
f08-stable-gate	Run F08 stable Gate	2026-10-07T13:48:51.3321927Z 10 |  p=root/r['newPath'];old=original(r['oldPath']);new=p.read_bytes()
f08-stable-gate	Run F08 stable Gate	2026-10-07T13:48:51.3322322Z    |                                                ^ E702
f08-stable-gate	Run F08 stable Gate	2026-10-07T13:48:51.3322790Z 11 |  check(r['newPath']+':moved',p.is_file() and not(root/r['oldPath']).exists())
f08-stable-gate	Run F08 stable Gate	2026-10-07T13:48:51.3323491Z 12 |  check(r['newPath']+':body',normalize(old.decode())==normalize(new.decode()))
f08-stable-gate	Run F08 stable Gate	2026-10-07T13:48:51.3323849Z    |
f08-stable-gate	Run F08 stable Gate	2026-10-07T13:48:51.3323954Z 
f08-stable-gate	Run F08 stable Gate	2026-10-07T13:48:51.3324498Z docs/audit/evidence/execution-docs-relocation-round2-20261007/verify-relocation.py:16:70: E701 Multiple statements on one line (colon)
f08-stable-gate	Run F08 stable Gate	2026-10-07T13:48:51.3325076Z    |
f08-stable-gate	Run F08 stable Gate	2026-10-07T13:48:51.3325332Z 14 |  for m in link.finditer(old.decode()):
f08-stable-gate	Run F08 stable Gate	2026-10-07T13:48:51.3325605Z 15 |   url=m[2]
f08-stable-gate	Run F08 stable Gate	2026-10-07T13:48:51.3326014Z 16 |   if not url or url.startswith(('#','/')) or re.match(r'[a-z]+:',url):continue
f08-stable-gate	Run F08 stable Gate	2026-10-07T13:48:51.3326672Z    |                                                                      ^ E701
f08-stable-gate	Run F08 stable Gate	2026-10-07T13:48:51.3327540Z 17 |   target,sep,anchor=url.partition('#');oldTarget=posixpath.normpath(posixpath.join(posixpath.dirname(r['oldPath']),target));newTarget=…
f08-stable-gate	Run F08 stable Gate	2026-10-07T13:48:51.3328671Z 18 |   check(r['newPath']+':link-rebased',m[1]+relative+(sep+anchor if sep else '')+m[3] in new.decode(),oldUrl=url)
f08-stable-gate	Run F08 stable Gate	2026-10-07T13:48:51.3329150Z    |
f08-stable-gate	Run F08 stable Gate	2026-10-07T13:48:51.3329287Z 
f08-stable-gate	Run F08 stable Gate	2026-10-07T13:48:51.3329848Z docs/audit/evidence/execution-docs-relocation-round2-20261007/verify-relocation.py:17:39: E702 Multiple statements on one line (semicolon)
f08-stable-gate	Run F08 stable Gate	2026-10-07T13:48:51.3330438Z    |
f08-stable-gate	Run F08 stable Gate	2026-10-07T13:48:51.3330624Z 15 |   url=m[2]
f08-stable-gate	Run F08 stable Gate	2026-10-07T13:48:51.3331013Z 16 |   if not url or url.startswith(('#','/')) or re.match(r'[a-z]+:',url):continue
f08-stable-gate	Run F08 stable Gate	2026-10-07T13:48:51.3331883Z 17 |   target,sep,anchor=url.partition('#');oldTarget=posixpath.normpath(posixpath.join(posixpath.dirname(r['oldPath']),target));newTarget=…
f08-stable-gate	Run F08 stable Gate	2026-10-07T13:48:51.3332500Z    |                                       ^ E702
f08-stable-gate	Run F08 stable Gate	2026-10-07T13:48:51.3333099Z 18 |   check(r['newPath']+':link-rebased',m[1]+relative+(sep+anchor if sep else '')+m[3] in new.decode(),oldUrl=url)
f08-stable-gate	Run F08 stable Gate	2026-10-07T13:48:51.3334061Z 19 | tracked=subprocess.check_output(['git','ls-tree','-r','--name-only',source],text=True).splitlines();changed=subprocess.check_output(['…
f08-stable-gate	Run F08 stable Gate	2026-10-07T13:48:51.3334614Z    |
f08-stable-gate	Run F08 stable Gate	2026-10-07T13:48:51.3334722Z 
f08-stable-gate	Run F08 stable Gate	2026-10-07T13:48:51.3335297Z docs/audit/evidence/execution-docs-relocation-round2-20261007/verify-relocation.py:17:124: E702 Multiple statements on one line (semicolon)
f08-stable-gate	Run F08 stable Gate	2026-10-07T13:48:51.3335887Z    |
f08-stable-gate	Run F08 stable Gate	2026-10-07T13:48:51.3336070Z 15 |   url=m[2]
f08-stable-gate	Run F08 stable Gate	2026-10-07T13:48:51.3336674Z 16 |   if not url or url.startswith(('#','/')) or re.match(r'[a-z]+:',url):continue
f08-stable-gate	Run F08 stable Gate	2026-10-07T13:48:51.3337546Z 17 |   target,sep,anchor=url.partition('#');oldTarget=posixpath.normpath(posixpath.join(posixpath.dirname(r['oldPath']),target));newTarget=…
f08-stable-gate	Run F08 stable Gate	2026-10-07T13:48:51.3338290Z    |                                                                                                                            ^ E702
f08-stable-gate	Run F08 stable Gate	2026-10-07T13:48:51.3338982Z 18 |   check(r['newPath']+':link-rebased',m[1]+relative+(sep+anchor if sep else '')+m[3] in new.decode(),oldUrl=url)
f08-stable-gate	Run F08 stable Gate	2026-10-07T13:48:51.3339933Z 19 | tracked=subprocess.check_output(['git','ls-tree','-r','--name-only',source],text=True).splitlines();changed=subprocess.check_output(['…
f08-stable-gate	Run F08 stable Gate	2026-10-07T13:48:51.3340481Z    |
f08-stable-gate	Run F08 stable Gate	2026-10-07T13:48:51.3340589Z 
f08-stable-gate	Run F08 stable Gate	2026-10-07T13:48:51.3341157Z docs/audit/evidence/execution-docs-relocation-round2-20261007/verify-relocation.py:17:167: E702 Multiple statements on one line (semicolon)
f08-stable-gate	Run F08 stable Gate	2026-10-07T13:48:51.3341742Z    |
f08-stable-gate	Run F08 stable Gate	2026-10-07T13:48:51.3341950Z 15 | …
f08-stable-gate	Run F08 stable Gate	2026-10-07T13:48:51.3342159Z 16 | …
f08-stable-gate	Run F08 stable Gate	2026-10-07T13:48:51.3342919Z 17 | …'oldPath']),target));newTarget=mapping.get(oldTarget,oldTarget);relative=posixpath.relpath(newTarget,posixpath.dirname(r['newPath']))…
f08-stable-gate	Run F08 stable Gate	2026-10-07T13:48:51.3343586Z    |                                                                 ^ E702
f08-stable-gate	Run F08 stable Gate	2026-10-07T13:48:51.3343927Z 18 | …Url=url)
f08-stable-gate	Run F08 stable Gate	2026-10-07T13:48:51.3344686Z 19 | …nged=subprocess.check_output(['git','diff',source,'--name-only'],text=True).splitlines();history=[p for p in tracked if p.startswith(…
f08-stable-gate	Run F08 stable Gate	2026-10-07T13:48:51.3345265Z    |
f08-stable-gate	Run F08 stable Gate	2026-10-07T13:48:51.3345373Z 
f08-stable-gate	Run F08 stable Gate	2026-10-07T13:48:51.3345956Z docs/audit/evidence/execution-docs-relocation-round2-20261007/verify-relocation.py:17:237: E702 Multiple statements on one line (semicolon)
f08-stable-gate	Run F08 stable Gate	2026-10-07T13:48:51.3346948Z    |
f08-stable-gate	Run F08 stable Gate	2026-10-07T13:48:51.3347165Z 15 | …
f08-stable-gate	Run F08 stable Gate	2026-10-07T13:48:51.3347382Z 16 | …
f08-stable-gate	Run F08 stable Gate	2026-10-07T13:48:51.3348112Z 17 | …ve=posixpath.relpath(newTarget,posixpath.dirname(r['newPath']));relative=relative if relative.startswith('.') else './'+relative
f08-stable-gate	Run F08 stable Gate	2026-10-07T13:48:51.3348757Z    |                                                                 ^ E702
f08-stable-gate	Run F08 stable Gate	2026-10-07T13:48:51.3349079Z 18 | …
f08-stable-gate	Run F08 stable Gate	2026-10-07T13:48:51.3349659Z 19 | …True).splitlines();history=[p for p in tracked if p.startswith(('docs/audit/','docs/gate-records/'))]
f08-stable-gate	Run F08 stable Gate	2026-10-07T13:48:51.3350116Z    |
f08-stable-gate	Run F08 stable Gate	2026-10-07T13:48:51.3350226Z 
f08-stable-gate	Run F08 stable Gate	2026-10-07T13:48:51.3350787Z docs/audit/evidence/execution-docs-relocation-round2-20261007/verify-relocation.py:19:100: E702 Multiple statements on one line (semicolon)
f08-stable-gate	Run F08 stable Gate	2026-10-07T13:48:51.3351540Z    |
f08-stable-gate	Run F08 stable Gate	2026-10-07T13:48:51.3352242Z 17 |   target,sep,anchor=url.partition('#');oldTarget=posixpath.normpath(posixpath.join(posixpath.dirname(r['oldPath']),target));newTarget=…
f08-stable-gate	Run F08 stable Gate	2026-10-07T13:48:51.3353165Z 18 |   check(r['newPath']+':link-rebased',m[1]+relative+(sep+anchor if sep else '')+m[3] in new.decode(),oldUrl=url)
f08-stable-gate	Run F08 stable Gate	2026-10-07T13:48:51.3354129Z 19 | tracked=subprocess.check_output(['git','ls-tree','-r','--name-only',source],text=True).splitlines();changed=subprocess.check_output(['…
f08-stable-gate	Run F08 stable Gate	2026-10-07T13:48:51.3354814Z    |                                                                                                    ^ E702
f08-stable-gate	Run F08 stable Gate	2026-10-07T13:48:51.3355460Z 20 | check('historical-bytes-preserved',not any(p in changed for p in history),files=len(history))
f08-stable-gate	Run F08 stable Gate	2026-10-07T13:48:51.3356633Z 21 | check('previous-execution-files-preserved',all((root/p).read_bytes()==original(p) for p in tracked if p.startswith('docs/execution/') …
f08-stable-gate	Run F08 stable Gate	2026-10-07T13:48:51.3357219Z    |
f08-stable-gate	Run F08 stable Gate	2026-10-07T13:48:51.3357328Z 
f08-stable-gate	Run F08 stable Gate	2026-10-07T13:48:51.3357916Z docs/audit/evidence/execution-docs-relocation-round2-20261007/verify-relocation.py:19:192: E702 Multiple statements on one line (semicolon)
f08-stable-gate	Run F08 stable Gate	2026-10-07T13:48:51.3358519Z    |
f08-stable-gate	Run F08 stable Gate	2026-10-07T13:48:51.3359303Z 17 | …arget=mapping.get(oldTarget,oldTarget);relative=posixpath.relpath(newTarget,posixpath.dirname(r['newPath']));relative=relative if rel…
f08-stable-gate	Run F08 stable Gate	2026-10-07T13:48:51.3359922Z 18 | …
f08-stable-gate	Run F08 stable Gate	2026-10-07T13:48:51.3360641Z 19 | …put(['git','diff',source,'--name-only'],text=True).splitlines();history=[p for p in tracked if p.startswith(('docs/audit/','docs/gate…
f08-stable-gate	Run F08 stable Gate	2026-10-07T13:48:51.3361283Z    |                                                                 ^ E702
f08-stable-gate	Run F08 stable Gate	2026-10-07T13:48:51.3361612Z 20 | …
f08-stable-gate	Run F08 stable Gate	2026-10-07T13:48:51.3361944Z 21 | …on/') and p!='docs/execution/README.md'))
f08-stable-gate	Run F08 stable Gate	2026-10-07T13:48:51.3362244Z    |
f08-stable-gate	Run F08 stable Gate	2026-10-07T13:48:51.3362349Z 
f08-stable-gate	Run F08 stable Gate	2026-10-07T13:48:51.3362936Z docs/audit/evidence/execution-docs-relocation-round2-20261007/verify-relocation.py:22:9: E702 Multiple statements on one line (semicolon)
f08-stable-gate	Run F08 stable Gate	2026-10-07T13:48:51.3363540Z    |
f08-stable-gate	Run F08 stable Gate	2026-10-07T13:48:51.3364042Z 20 | check('historical-bytes-preserved',not any(p in changed for p in history),files=len(history))
f08-stable-gate	Run F08 stable Gate	2026-10-07T13:48:51.3365016Z 21 | check('previous-execution-files-preserved',all((root/p).read_bytes()==original(p) for p in tracked if p.startswith('docs/execution/') …
f08-stable-gate	Run F08 stable Gate	2026-10-07T13:48:51.3365626Z 22 | stale=[];incoming=[]
f08-stable-gate	Run F08 stable Gate	2026-10-07T13:48:51.3365878Z    |         ^ E702
f08-stable-gate	Run F08 stable Gate	2026-10-07T13:48:51.3366110Z 23 | for p in tracked:
f08-stable-gate	Run F08 stable Gate	2026-10-07T13:48:51.3366799Z 24 |  if p.startswith(('docs/audit/','docs/gate-records/')) or not(root/p).is_file():continue
f08-stable-gate	Run F08 stable Gate	2026-10-07T13:48:51.3367227Z    |
f08-stable-gate	Run F08 stable Gate	2026-10-07T13:48:51.3367332Z 
f08-stable-gate	Run F08 stable Gate	2026-10-07T13:48:51.3367911Z docs/audit/evidence/execution-docs-relocation-round2-20261007/verify-relocation.py:24:80: E701 Multiple statements on one line (colon)
f08-stable-gate	Run F08 stable Gate	2026-10-07T13:48:51.3368501Z    |
f08-stable-gate	Run F08 stable Gate	2026-10-07T13:48:51.3368719Z 22 | stale=[];incoming=[]
f08-stable-gate	Run F08 stable Gate	2026-10-07T13:48:51.3368971Z 23 | for p in tracked:
f08-stable-gate	Run F08 stable Gate	2026-10-07T13:48:51.3369432Z 24 |  if p.startswith(('docs/audit/','docs/gate-records/')) or not(root/p).is_file():continue
f08-stable-gate	Run F08 stable Gate	2026-10-07T13:48:51.3369960Z    |                                                                                ^ E701
f08-stable-gate	Run F08 stable Gate	2026-10-07T13:48:51.3370505Z 25 |  try:s=(root/p).read_text()
f08-stable-gate	Run F08 stable Gate	2026-10-07T13:48:51.3370813Z 26 |  except UnicodeError:continue
f08-stable-gate	Run F08 stable Gate	2026-10-07T13:48:51.3371066Z    |
f08-stable-gate	Run F08 stable Gate	2026-10-07T13:48:51.3371177Z 
f08-stable-gate	Run F08 stable Gate	2026-10-07T13:48:51.3371734Z docs/audit/evidence/execution-docs-relocation-round2-20261007/verify-relocation.py:25:5: E701 Multiple statements on one line (colon)
f08-stable-gate	Run F08 stable Gate	2026-10-07T13:48:51.3372498Z    |
f08-stable-gate	Run F08 stable Gate	2026-10-07T13:48:51.3372780Z 23 | for p in tracked:
f08-stable-gate	Run F08 stable Gate	2026-10-07T13:48:51.3373237Z 24 |  if p.startswith(('docs/audit/','docs/gate-records/')) or not(root/p).is_file():continue
f08-stable-gate	Run F08 stable Gate	2026-10-07T13:48:51.3373684Z 25 |  try:s=(root/p).read_text()
f08-stable-gate	Run F08 stable Gate	2026-10-07T13:48:51.3373928Z    |     ^ E701
f08-stable-gate	Run F08 stable Gate	2026-10-07T13:48:51.3374195Z 26 |  except UnicodeError:continue
f08-stable-gate	Run F08 stable Gate	2026-10-07T13:48:51.3374476Z 27 |  for old in mapping:
f08-stable-gate	Run F08 stable Gate	2026-10-07T13:48:51.3374697Z    |
f08-stable-gate	Run F08 stable Gate	2026-10-07T13:48:51.3375088Z 
f08-stable-gate	Run F08 stable Gate	2026-10-07T13:48:51.3375787Z docs/audit/evidence/execution-docs-relocation-round2-20261007/verify-relocation.py:26:21: E701 Multiple statements on one line (colon)
f08-stable-gate	Run F08 stable Gate	2026-10-07T13:48:51.3376507Z    |
f08-stable-gate	Run F08 stable Gate	2026-10-07T13:48:51.3376936Z 24 |  if p.startswith(('docs/audit/','docs/gate-records/')) or not(root/p).is_file():continue
f08-stable-gate	Run F08 stable Gate	2026-10-07T13:48:51.3377407Z 25 |  try:s=(root/p).read_text()
f08-stable-gate	Run F08 stable Gate	2026-10-07T13:48:51.3377717Z 26 |  except UnicodeError:continue
f08-stable-gate	Run F08 stable Gate	2026-10-07T13:48:51.3378001Z    |                     ^ E701
f08-stable-gate	Run F08 stable Gate	2026-10-07T13:48:51.3378273Z 27 |  for old in mapping:
f08-stable-gate	Run F08 stable Gate	2026-10-07T13:48:51.3378636Z 28 |   if old in s:stale.append(dict(file=p,reference=old))
f08-stable-gate	Run F08 stable Gate	2026-10-07T13:48:51.3378947Z    |
f08-stable-gate	Run F08 stable Gate	2026-10-07T13:48:51.3379058Z 
f08-stable-gate	Run F08 stable Gate	2026-10-07T13:48:51.3379610Z docs/audit/evidence/execution-docs-relocation-round2-20261007/verify-relocation.py:28:14: E701 Multiple statements on one line (colon)
f08-stable-gate	Run F08 stable Gate	2026-10-07T13:48:51.3380194Z    |
f08-stable-gate	Run F08 stable Gate	2026-10-07T13:48:51.3380429Z 26 |  except UnicodeError:continue
f08-stable-gate	Run F08 stable Gate	2026-10-07T13:48:51.3380709Z 27 |  for old in mapping:
f08-stable-gate	Run F08 stable Gate	2026-10-07T13:48:51.3381050Z 28 |   if old in s:stale.append(dict(file=p,reference=old))
f08-stable-gate	Run F08 stable Gate	2026-10-07T13:48:51.3381362Z    |              ^ E701
f08-stable-gate	Run F08 stable Gate	2026-10-07T13:48:51.3381619Z 29 |  if p.endswith('.md'):
f08-stable-gate	Run F08 stable Gate	2026-10-07T13:48:51.3381909Z 30 |   for m in link.finditer(s):
f08-stable-gate	Run F08 stable Gate	2026-10-07T13:48:51.3382156Z    |
f08-stable-gate	Run F08 stable Gate	2026-10-07T13:48:51.3382260Z 
f08-stable-gate	Run F08 stable Gate	2026-10-07T13:48:51.3382796Z docs/audit/evidence/execution-docs-relocation-round2-20261007/verify-relocation.py:32:71: E701 Multiple statements on one line (colon)
f08-stable-gate	Run F08 stable Gate	2026-10-07T13:48:51.3383413Z    |
f08-stable-gate	Run F08 stable Gate	2026-10-07T13:48:51.3383657Z 30 |   for m in link.finditer(s):
f08-stable-gate	Run F08 stable Gate	2026-10-07T13:48:51.3383906Z 31 |    url=m[2]
f08-stable-gate	Run F08 stable Gate	2026-10-07T13:48:51.3384326Z 32 |    if not url or url.startswith(('#','/')) or re.match(r'[a-z]+:',url):continue
f08-stable-gate	Run F08 stable Gate	2026-10-07T13:48:51.3384799Z    |                                                                       ^ E701
f08-stable-gate	Run F08 stable Gate	2026-10-07T13:48:51.3385367Z 33 |    target=posixpath.normpath(posixpath.join(posixpath.dirname(p),url.split('#')[0]))
f08-stable-gate	Run F08 stable Gate	2026-10-07T13:48:51.3385965Z 34 |    if target in mapping:stale.append(dict(file=p,reference=url))
f08-stable-gate	Run F08 stable Gate	2026-10-07T13:48:51.3386407Z    |
f08-stable-gate	Run F08 stable Gate	2026-10-07T13:48:51.3386518Z 
f08-stable-gate	Run F08 stable Gate	2026-10-07T13:48:51.3387070Z docs/audit/evidence/execution-docs-relocation-round2-20261007/verify-relocation.py:34:24: E701 Multiple statements on one line (colon)
f08-stable-gate	Run F08 stable Gate	2026-10-07T13:48:51.3387649Z    |
f08-stable-gate	Run F08 stable Gate	2026-10-07T13:48:51.3388020Z 32 |    if not url or url.startswith(('#','/')) or re.match(r'[a-z]+:',url):continue
f08-stable-gate	Run F08 stable Gate	2026-10-07T13:48:51.3388620Z 33 |    target=posixpath.normpath(posixpath.join(posixpath.dirname(p),url.split('#')[0]))
f08-stable-gate	Run F08 stable Gate	2026-10-07T13:48:51.3389188Z 34 |    if target in mapping:stale.append(dict(file=p,reference=url))
f08-stable-gate	Run F08 stable Gate	2026-10-07T13:48:51.3389555Z    |                        ^ E701
f08-stable-gate	Run F08 stable Gate	2026-10-07T13:48:51.3390200Z 35 |    if target in mapping.values():incoming.append(dict(file=p,target=target));check(p+':incoming-link', (root/target).is_file())
f08-stable-gate	Run F08 stable Gate	2026-10-07T13:48:51.3390879Z 36 | check('active-old-paths-removed',not stale,stale=stale)
f08-stable-gate	Run F08 stable Gate	2026-10-07T13:48:51.3391209Z    |
f08-stable-gate	Run F08 stable Gate	2026-10-07T13:48:51.3391320Z 
f08-stable-gate	Run F08 stable Gate	2026-10-07T13:48:51.3391864Z docs/audit/evidence/execution-docs-relocation-round2-20261007/verify-relocation.py:35:33: E701 Multiple statements on one line (colon)
f08-stable-gate	Run F08 stable Gate	2026-10-07T13:48:51.3392630Z    |
f08-stable-gate	Run F08 stable Gate	2026-10-07T13:48:51.3393077Z 33 |    target=posixpath.normpath(posixpath.join(posixpath.dirname(p),url.split('#')[0]))
f08-stable-gate	Run F08 stable Gate	2026-10-07T13:48:51.3393653Z 34 |    if target in mapping:stale.append(dict(file=p,reference=url))
f08-stable-gate	Run F08 stable Gate	2026-10-07T13:48:51.3394678Z 35 |    if target in mapping.values():incoming.append(dict(file=p,target=target));check(p+':incoming-link', (root/target).is_file())
f08-stable-gate	Run F08 stable Gate	2026-10-07T13:48:51.3395242Z    |                                 ^ E701
f08-stable-gate	Run F08 stable Gate	2026-10-07T13:48:51.3395646Z 36 | check('active-old-paths-removed',not stale,stale=stale)
f08-stable-gate	Run F08 stable Gate	2026-10-07T13:48:51.3396517Z 37 | for p in list(mapping.values())+['docs/execution/README.md','docs/audit/Execution-document-organization-round2-2026-10-07.md']:
f08-stable-gate	Run F08 stable Gate	2026-10-07T13:48:51.3397104Z    |
f08-stable-gate	Run F08 stable Gate	2026-10-07T13:48:51.3397214Z 
f08-stable-gate	Run F08 stable Gate	2026-10-07T13:48:51.3397811Z docs/audit/evidence/execution-docs-relocation-round2-20261007/verify-relocation.py:35:77: E702 Multiple statements on one line (semicolon)
f08-stable-gate	Run F08 stable Gate	2026-10-07T13:48:51.3398727Z    |
f08-stable-gate	Run F08 stable Gate	2026-10-07T13:48:51.3399171Z 33 |    target=posixpath.normpath(posixpath.join(posixpath.dirname(p),url.split('#')[0]))
f08-stable-gate	Run F08 stable Gate	2026-10-07T13:48:51.3399767Z 34 |    if target in mapping:stale.append(dict(file=p,reference=url))
f08-stable-gate	Run F08 stable Gate	2026-10-07T13:48:51.3400524Z 35 |    if target in mapping.values():incoming.append(dict(file=p,target=target));check(p+':incoming-link', (root/target).is_file())
f08-stable-gate	Run F08 stable Gate	2026-10-07T13:48:51.3401149Z    |                                                                             ^ E702
f08-stable-gate	Run F08 stable Gate	2026-10-07T13:48:51.3401630Z 36 | check('active-old-paths-removed',not stale,stale=stale)
f08-stable-gate	Run F08 stable Gate	2026-10-07T13:48:51.3402382Z 37 | for p in list(mapping.values())+['docs/execution/README.md','docs/audit/Execution-document-organization-round2-2026-10-07.md']:
f08-stable-gate	Run F08 stable Gate	2026-10-07T13:48:51.3402914Z    |
f08-stable-gate	Run F08 stable Gate	2026-10-07T13:48:51.3403023Z 
f08-stable-gate	Run F08 stable Gate	2026-10-07T13:48:51.3403577Z docs/audit/evidence/execution-docs-relocation-round2-20261007/verify-relocation.py:40:70: E701 Multiple statements on one line (colon)
f08-stable-gate	Run F08 stable Gate	2026-10-07T13:48:51.3404168Z    |
f08-stable-gate	Run F08 stable Gate	2026-10-07T13:48:51.3404454Z 38 |  for m in link.finditer((root/p).read_text()):
f08-stable-gate	Run F08 stable Gate	2026-10-07T13:48:51.3404763Z 39 |   url=m[2]
f08-stable-gate	Run F08 stable Gate	2026-10-07T13:48:51.3405163Z 40 |   if not url or url.startswith(('#','/')) or re.match(r'[a-z]+:',url):continue
f08-stable-gate	Run F08 stable Gate	2026-10-07T13:48:51.3405623Z    |                                                                      ^ E701
f08-stable-gate	Run F08 stable Gate	2026-10-07T13:48:51.3406183Z 41 |   check(p+':link-target',(root/p).parent.joinpath(url.split('#')[0]).exists(),url=url)
f08-stable-gate	Run F08 stable Gate	2026-10-07T13:48:51.3407138Z 42 | for p in ['docs/SumAlpha-QuantOS-Development-Plan.md','docs/SumAlpha-QuantOS-Frontend-Development-Execution-Plan.md']:
f08-stable-gate	Run F08 stable Gate	2026-10-07T13:48:51.3407702Z    |
f08-stable-gate	Run F08 stable Gate	2026-10-07T13:48:51.3407812Z 
f08-stable-gate	Run F08 stable Gate	2026-10-07T13:48:51.3408382Z docs/audit/evidence/execution-docs-relocation-round2-20261007/verify-relocation.py:43:29: E702 Multiple statements on one line (semicolon)
f08-stable-gate	Run F08 stable Gate	2026-10-07T13:48:51.3408979Z    |
f08-stable-gate	Run F08 stable Gate	2026-10-07T13:48:51.3409392Z 41 |   check(p+':link-target',(root/p).parent.joinpath(url.split('#')[0]).exists(),url=url)
f08-stable-gate	Run F08 stable Gate	2026-10-07T13:48:51.3410200Z 42 | for p in ['docs/SumAlpha-QuantOS-Development-Plan.md','docs/SumAlpha-QuantOS-Frontend-Development-Execution-Plan.md']:
f08-stable-gate	Run F08 stable Gate	2026-10-07T13:48:51.3410877Z 43 |  before=original(p).decode();after=(root/p).read_text()
f08-stable-gate	Run F08 stable Gate	2026-10-07T13:48:51.3411230Z    |                             ^ E702
f08-stable-gate	Run F08 stable Gate	2026-10-07T13:48:51.3412054Z 44 |  fields=['task_id','task_type','iteration','stage_gate','depends_on','core_prerequisites','closes_core','development_status','workflow…
f08-stable-gate	Run F08 stable Gate	2026-10-07T13:48:51.3412631Z 45 |  for field in fields:
f08-stable-gate	Run F08 stable Gate	2026-10-07T13:48:51.3412861Z    |
f08-stable-gate	Run F08 stable Gate	2026-10-07T13:48:51.3412971Z 
f08-stable-gate	Run F08 stable Gate	2026-10-07T13:48:51.3413535Z docs/audit/evidence/execution-docs-relocation-round2-20261007/verify-relocation.py:46:47: E702 Multiple statements on one line (semicolon)
f08-stable-gate	Run F08 stable Gate	2026-10-07T13:48:51.3414120Z    |
f08-stable-gate	Run F08 stable Gate	2026-10-07T13:48:51.3414782Z 44 |  fields=['task_id','task_type','iteration','stage_gate','depends_on','core_prerequisites','closes_core','development_status','workflow…
f08-stable-gate	Run F08 stable Gate	2026-10-07T13:48:51.3415360Z 45 |  for field in fields:
f08-stable-gate	Run F08 stable Gate	2026-10-07T13:48:51.3416130Z 46 |   pat=re.compile(r'^- '+field+r'[:：].*$',re.M);check(p+':'+field,pat.findall(before)==pat.findall(after))
f08-stable-gate	Run F08 stable Gate	2026-10-07T13:48:51.3416752Z    |                                                ^ E702
f08-stable-gate	Run F08 stable Gate	2026-10-07T13:48:51.3417294Z 47 |  blocks=lambda text:[json.loads(m[1]) for m in re.finditer(r'```json\s*([\s\S]*?)```',text)]
f08-stable-gate	Run F08 stable Gate	2026-10-07T13:48:51.3417860Z 48 |  check(p+':checkpoint-fields',blocks(before)==blocks(after))
f08-stable-gate	Run F08 stable Gate	2026-10-07T13:48:51.3418191Z    |
f08-stable-gate	Run F08 stable Gate	2026-10-07T13:48:51.3418294Z 
f08-stable-gate	Run F08 stable Gate	2026-10-07T13:48:51.3418875Z docs/audit/evidence/execution-docs-relocation-round2-20261007/verify-relocation.py:47:2: E731 Do not assign a `lambda` expression, use a `def`
f08-stable-gate	Run F08 stable Gate	2026-10-07T13:48:51.3419472Z    |
f08-stable-gate	Run F08 stable Gate	2026-10-07T13:48:51.3419686Z 45 |  for field in fields:
f08-stable-gate	Run F08 stable Gate	2026-10-07T13:48:51.3420290Z 46 |   pat=re.compile(r'^- '+field+r'[:：].*$',re.M);check(p+':'+field,pat.findall(before)==pat.findall(after))
f08-stable-gate	Run F08 stable Gate	2026-10-07T13:48:51.3421075Z 47 |  blocks=lambda text:[json.loads(m[1]) for m in re.finditer(r'```json\s*([\s\S]*?)```',text)]
f08-stable-gate	Run F08 stable Gate	2026-10-07T13:48:51.3421625Z    |  ^^^^^^^^^^^^^^^^^^^^^^^^^^^^^^^^^^^^^^^^^^^^^^^^^^^^^^^^^^^^^^^^^^^^^^^^^^^^^^^^^^^^^^^^^^^ E731
f08-stable-gate	Run F08 stable Gate	2026-10-07T13:48:51.3422100Z 48 |  check(p+':checkpoint-fields',blocks(before)==blocks(after))
f08-stable-gate	Run F08 stable Gate	2026-10-07T13:48:51.3422860Z 49 | check('g0-pending',json.loads((root/'docs/gate-records/G0-current-scope-confirmations.json').read_text())['status']=='PENDING')
f08-stable-gate	Run F08 stable Gate	2026-10-07T13:48:51.3423417Z    |
f08-stable-gate	Run F08 stable Gate	2026-10-07T13:48:51.3423647Z    = help: Rewrite `blocks` as a `def`
f08-stable-gate	Run F08 stable Gate	2026-10-07T13:48:51.3423840Z 
f08-stable-gate	Run F08 stable Gate	2026-10-07T13:48:51.3424399Z docs/audit/evidence/execution-docs-relocation-round2-20261007/verify-relocation.py:50:91: E702 Multiple statements on one line (semicolon)
f08-stable-gate	Run F08 stable Gate	2026-10-07T13:48:51.3424993Z    |
f08-stable-gate	Run F08 stable Gate	2026-10-07T13:48:51.3425312Z 48 |  check(p+':checkpoint-fields',blocks(before)==blocks(after))
f08-stable-gate	Run F08 stable Gate	2026-10-07T13:48:51.3426042Z 49 | check('g0-pending',json.loads((root/'docs/gate-records/G0-current-scope-confirmations.json').read_text())['status']=='PENDING')
f08-stable-gate	Run F08 stable Gate	2026-10-07T13:48:51.3427220Z 50 | result=dict(status='PASS',sourceCommit=source,documents=len(rows),deleted=0,checks=checks);(e/'relocation-verification.json').write_te…
f08-stable-gate	Run F08 stable Gate	2026-10-07T13:48:51.3427908Z    |                                                                                           ^ E702
f08-stable-gate	Run F08 stable Gate	2026-10-07T13:48:51.3428227Z    |
f08-stable-gate	Run F08 stable Gate	2026-10-07T13:48:51.3428333Z 
f08-stable-gate	Run F08 stable Gate	2026-10-07T13:48:51.3428900Z docs/audit/evidence/execution-docs-relocation-round2-20261007/verify-relocation.py:50:190: E702 Multiple statements on one line (semicolon)
f08-stable-gate	Run F08 stable Gate	2026-10-07T13:48:51.3429483Z    |
f08-stable-gate	Run F08 stable Gate	2026-10-07T13:48:51.3429681Z 48 | …
f08-stable-gate	Run F08 stable Gate	2026-10-07T13:48:51.3429899Z 49 | …)
f08-stable-gate	Run F08 stable Gate	2026-10-07T13:48:51.3430630Z 50 | …write_text(json.dumps(result,ensure_ascii=False,indent=2)+'\n');print(json.dumps(dict(status='PASS',documents=len(rows),checks=len(ch…
f08-stable-gate	Run F08 stable Gate	2026-10-07T13:48:51.3431265Z    |                                                                 ^ E702
f08-stable-gate	Run F08 stable Gate	2026-10-07T13:48:51.3431582Z    |
f08-stable-gate	Run F08 stable Gate	2026-10-07T13:48:51.3431681Z 
f08-stable-gate	Run F08 stable Gate	2026-10-07T13:48:51.3431779Z Found 63 errors.
f08-stable-gate	Run F08 stable Gate	2026-10-07T13:48:51.3432282Z [*] 2 fixable with the `--fix` option (1 hidden fix can be enabled with the `--unsafe-fixes` option).
f08-stable-gate	Run F08 stable Gate	2026-10-07T13:48:51.3432809Z make: *** [Makefile:230: f08-check] Error 1
f08-stable-gate	Run F08 stable Gate	2026-10-07T13:48:51.3444238Z ##[error]Process completed with exit code 2.
