acceptance (clean-room)	Verify isolated source snapshot	﻿2026-10-07T13:46:45.9248505Z ##[group]Run node scripts/verify-reproducible-builds.mjs --mode clean-room --runs 3 --capture-web-outputs --output artifacts/reproducibility/f01-clean-room.json
acceptance (clean-room)	Verify isolated source snapshot	2026-10-07T13:46:45.9249186Z ^[[36;1mnode scripts/verify-reproducible-builds.mjs --mode clean-room --runs 3 --capture-web-outputs --output artifacts/reproducibility/f01-clean-room.json^[[0m
acceptance (clean-room)	Verify isolated source snapshot	2026-10-07T13:46:45.9304882Z shell: /usr/bin/bash -e {0}
acceptance (clean-room)	Verify isolated source snapshot	2026-10-07T13:46:45.9305037Z env:
acceptance (clean-room)	Verify isolated source snapshot	2026-10-07T13:46:45.9305161Z   CARGO_HOME: /home/runner/.cargo
acceptance (clean-room)	Verify isolated source snapshot	2026-10-07T13:46:45.9305315Z   CARGO_INCREMENTAL: 0
acceptance (clean-room)	Verify isolated source snapshot	2026-10-07T13:46:45.9305447Z   CARGO_TERM_COLOR: always
acceptance (clean-room)	Verify isolated source snapshot	2026-10-07T13:46:45.9305623Z   pythonLocation: /opt/hostedtoolcache/Python/3.12.10/x64
acceptance (clean-room)	Verify isolated source snapshot	2026-10-07T13:46:45.9305877Z   PKG_CONFIG_PATH: /opt/hostedtoolcache/Python/3.12.10/x64/lib/pkgconfig
acceptance (clean-room)	Verify isolated source snapshot	2026-10-07T13:46:45.9306125Z   Python_ROOT_DIR: /opt/hostedtoolcache/Python/3.12.10/x64
acceptance (clean-room)	Verify isolated source snapshot	2026-10-07T13:46:45.9306348Z   Python2_ROOT_DIR: /opt/hostedtoolcache/Python/3.12.10/x64
acceptance (clean-room)	Verify isolated source snapshot	2026-10-07T13:46:45.9306568Z   Python3_ROOT_DIR: /opt/hostedtoolcache/Python/3.12.10/x64
acceptance (clean-room)	Verify isolated source snapshot	2026-10-07T13:46:45.9306831Z   LD_LIBRARY_PATH: /opt/hostedtoolcache/Python/3.12.10/x64/lib
acceptance (clean-room)	Verify isolated source snapshot	2026-10-07T13:46:45.9307046Z   UV_CACHE_DIR: /home/runner/work/_temp/setup-uv-cache
acceptance (clean-room)	Verify isolated source snapshot	2026-10-07T13:46:45.9307227Z ##[endgroup]
acceptance (clean-room)	Verify isolated source snapshot	2026-10-07T13:46:47.4465587Z ! Corepack is about to download https://registry.npmjs.org/pnpm/-/pnpm-10.20.0.tgz
acceptance (clean-room)	Verify isolated source snapshot	2026-10-07T13:46:48.3007012Z node scripts/check-toolchains.mjs
acceptance (clean-room)	Verify isolated source snapshot	2026-10-07T13:46:48.5291912Z {
acceptance (clean-room)	Verify isolated source snapshot	2026-10-07T13:46:48.5292218Z   "node": "24.12.0",
acceptance (clean-room)	Verify isolated source snapshot	2026-10-07T13:46:48.5292549Z   "uv": "0.7.0",
acceptance (clean-room)	Verify isolated source snapshot	2026-10-07T13:46:48.5292689Z   "pnpm": "10.20.0",
acceptance (clean-room)	Verify isolated source snapshot	2026-10-07T13:46:48.5292827Z   "rustc": "1.91.0"
acceptance (clean-room)	Verify isolated source snapshot	2026-10-07T13:46:48.5292950Z }
acceptance (clean-room)	Verify isolated source snapshot	2026-10-07T13:46:48.5320903Z make -j3 bootstrap-rust bootstrap-python bootstrap-node
acceptance (clean-room)	Verify isolated source snapshot	2026-10-07T13:46:48.5347326Z make[1]: Entering directory '/tmp/quantos-f01-ye81K4/workspace'
acceptance (clean-room)	Verify isolated source snapshot	2026-10-07T13:46:48.5347711Z cargo fetch --locked
acceptance (clean-room)	Verify isolated source snapshot	2026-10-07T13:46:48.5349876Z uv sync --locked --project engines --all-packages --all-groups
acceptance (clean-room)	Verify isolated source snapshot	2026-10-07T13:46:48.5361231Z pnpm install --frozen-lockfile
acceptance (clean-room)	Verify isolated source snapshot	2026-10-07T13:46:48.5826696Z     Updating crates.io index
acceptance (clean-room)	Verify isolated source snapshot	2026-10-07T13:46:48.5926867Z Using CPython 3.12.10 interpreter at: /opt/hostedtoolcache/Python/3.12.10/x64/bin/python3
acceptance (clean-room)	Verify isolated source snapshot	2026-10-07T13:46:48.5927478Z Creating virtual environment at: engines/.venv
acceptance (clean-room)	Verify isolated source snapshot	2026-10-07T13:46:48.5977141Z Resolved 52 packages in 2ms
acceptance (clean-room)	Verify isolated source snapshot	2026-10-07T13:46:48.6107234Z    Building quantos-mock-engine @ file:///tmp/quantos-f01-ye81K4/workspace/engines/mock-engine
acceptance (clean-room)	Verify isolated source snapshot	2026-10-07T13:46:48.6108304Z    Building quantos-llmquant @ file:///tmp/quantos-f01-ye81K4/workspace/engines/llmquant
acceptance (clean-room)	Verify isolated source snapshot	2026-10-07T13:46:48.6110656Z    Building quantos-openbb-adapter @ file:///tmp/quantos-f01-ye81K4/workspace/engines/openbb-adapter
acceptance (clean-room)	Verify isolated source snapshot	2026-10-07T13:46:48.6111480Z    Building quantos-rd-agent @ file:///tmp/quantos-f01-ye81K4/workspace/engines/rd-agent
acceptance (clean-room)	Verify isolated source snapshot	2026-10-07T13:46:48.6112229Z    Building quantos-strategy-lab @ file:///tmp/quantos-f01-ye81K4/workspace/engines/strategy-lab
acceptance (clean-room)	Verify isolated source snapshot	2026-10-07T13:46:48.6113498Z    Building quantos-trading-agents @ file:///tmp/quantos-f01-ye81K4/workspace/engines/trading-agents
acceptance (clean-room)	Verify isolated source snapshot	2026-10-07T13:46:48.6114320Z    Building quantos-vibe-adapter @ file:///tmp/quantos-f01-ye81K4/workspace/engines/vibe-adapter
acceptance (clean-room)	Verify isolated source snapshot	2026-10-07T13:46:48.6115078Z    Building quantos-engine-sdk @ file:///tmp/quantos-f01-ye81K4/workspace/engines/engine-sdk
acceptance (clean-room)	Verify isolated source snapshot	2026-10-07T13:46:48.6625491Z Downloading pip (1.7MiB)
acceptance (clean-room)	Verify isolated source snapshot	2026-10-07T13:46:48.6626481Z Downloading pygments (1.2MiB)
acceptance (clean-room)	Verify isolated source snapshot	2026-10-07T13:46:48.6627413Z Downloading grpcio (5.9MiB)
acceptance (clean-room)	Verify isolated source snapshot	2026-10-07T13:46:48.6635822Z Downloading ruff (12.3MiB)
acceptance (clean-room)	Verify isolated source snapshot	2026-10-07T13:46:48.6636190Z Downloading pyright (5.4MiB)
acceptance (clean-room)	Verify isolated source snapshot	2026-10-07T13:46:48.8340715Z Scope: all 8 workspace projects
acceptance (clean-room)	Verify isolated source snapshot	2026-10-07T13:46:48.9049698Z Lockfile is up to date, resolution step is skipped
acceptance (clean-room)	Verify isolated source snapshot	2026-10-07T13:46:48.9595878Z Progress: resolved 1, reused 0, downloaded 0, added 0
acceptance (clean-room)	Verify isolated source snapshot	2026-10-07T13:46:49.0322538Z Packages: +626
acceptance (clean-room)	Verify isolated source snapshot	2026-10-07T13:46:49.0323439Z ++++++++++++++++++++++++++++++++++++++++++++++++++++++++++++++++++++++++++++++++
acceptance (clean-room)	Verify isolated source snapshot	2026-10-07T13:46:49.5833818Z  Downloading grpcio
acceptance (clean-room)	Verify isolated source snapshot	2026-10-07T13:46:49.8549349Z  Downloading ruff
acceptance (clean-room)	Verify isolated source snapshot	2026-10-07T13:46:49.9624608Z Progress: resolved 626, reused 0, downloaded 66, added 34
acceptance (clean-room)	Verify isolated source snapshot	2026-10-07T13:46:50.0796261Z 
acceptance (clean-room)	Verify isolated source snapshot	2026-10-07T13:46:50.0854245Z    ╭──────────────────────────────────────────────╮
acceptance (clean-room)	Verify isolated source snapshot	2026-10-07T13:46:50.0914711Z    │                                              │
acceptance (clean-room)	Verify isolated source snapshot	2026-10-07T13:46:50.1033946Z    │     Update available! 10.20.0 → 12.9.1.      │
acceptance (clean-room)	Verify isolated source snapshot	2026-10-07T13:46:50.1153943Z    │     Changelog: https://pnpm.io/v/12.9.1      │
acceptance (clean-room)	Verify isolated source snapshot	2026-10-07T13:46:50.1183605Z    │   To update, run: corepack use pnpm@12.9.1   │
acceptance (clean-room)	Verify isolated source snapshot	2026-10-07T13:46:50.1274435Z    │                                              │
acceptance (clean-room)	Verify isolated source snapshot	2026-10-07T13:46:50.1384029Z    ╰──────────────────────────────────────────────╯
acceptance (clean-room)	Verify isolated source snapshot	2026-10-07T13:46:50.1424362Z 
acceptance (clean-room)	Verify isolated source snapshot	2026-10-07T13:46:50.4074255Z       Built quantos-trading-agents @ file:///tmp/quantos-f01-ye81K4/workspace/engines/trading-agents
acceptance (clean-room)	Verify isolated source snapshot	2026-10-07T13:46:50.4264775Z       Built quantos-rd-agent @ file:///tmp/quantos-f01-ye81K4/workspace/engines/rd-agent
acceptance (clean-room)	Verify isolated source snapshot	2026-10-07T13:46:50.4715932Z       Built quantos-vibe-adapter @ file:///tmp/quantos-f01-ye81K4/workspace/engines/vibe-adapter
acceptance (clean-room)	Verify isolated source snapshot	2026-10-07T13:46:50.5146020Z       Built quantos-mock-engine @ file:///tmp/quantos-f01-ye81K4/workspace/engines/mock-engine
acceptance (clean-room)	Verify isolated source snapshot	2026-10-07T13:46:50.5583485Z       Built quantos-strategy-lab @ file:///tmp/quantos-f01-ye81K4/workspace/engines/strategy-lab
acceptance (clean-room)	Verify isolated source snapshot	2026-10-07T13:46:50.5770000Z       Built quantos-openbb-adapter @ file:///tmp/quantos-f01-ye81K4/workspace/engines/openbb-adapter
acceptance (clean-room)	Verify isolated source snapshot	2026-10-07T13:46:50.5771994Z       Built quantos-llmquant @ file:///tmp/quantos-f01-ye81K4/workspace/engines/llmquant
acceptance (clean-room)	Verify isolated source snapshot	2026-10-07T13:46:50.5905075Z       Built quantos-engine-sdk @ file:///tmp/quantos-f01-ye81K4/workspace/engines/engine-sdk
acceptance (clean-room)	Verify isolated source snapshot	2026-10-07T13:46:50.5973323Z  Downloading pygments
acceptance (clean-room)	Verify isolated source snapshot	2026-10-07T13:46:50.6240565Z  Downloading pip
acceptance (clean-room)	Verify isolated source snapshot	2026-10-07T13:46:50.9633670Z Progress: resolved 626, reused 0, downloaded 150, added 128
acceptance (clean-room)	Verify isolated source snapshot	2026-10-07T13:46:51.6484148Z  Downloading pyright
acceptance (clean-room)	Verify isolated source snapshot	2026-10-07T13:46:51.6564899Z Prepared 50 packages in 3.05s
acceptance (clean-room)	Verify isolated source snapshot	2026-10-07T13:46:51.9606537Z Progress: resolved 626, reused 0, downloaded 333, added 324
acceptance (clean-room)	Verify isolated source snapshot	2026-10-07T13:46:52.1954420Z  Downloading crates ...
acceptance (clean-room)	Verify isolated source snapshot	2026-10-07T13:46:52.2053662Z Installed 50 packages in 546ms
acceptance (clean-room)	Verify isolated source snapshot	2026-10-07T13:46:52.2078101Z  + boolean-py==5.0
acceptance (clean-room)	Verify isolated source snapshot	2026-10-07T13:46:52.2078469Z  + cachecontrol==0.14.4
acceptance (clean-room)	Verify isolated source snapshot	2026-10-07T13:46:52.2093374Z  + certifi==2026.7.22
acceptance (clean-room)	Verify isolated source snapshot	2026-10-07T13:46:52.2093798Z  + charset-normalizer==3.5.1
acceptance (clean-room)	Verify isolated source snapshot	2026-10-07T13:46:52.2094047Z  + coverage==7.16.1
acceptance (clean-room)	Verify isolated source snapshot	2026-10-07T13:46:52.2094303Z  + cyclonedx-python-lib==9.1.0
acceptance (clean-room)	Verify isolated source snapshot	2026-10-07T13:46:52.2114863Z  + defusedxml==0.7.1
acceptance (clean-room)	Verify isolated source snapshot	2026-10-07T13:46:52.2141999Z  + filelock==4.0.0
acceptance (clean-room)	Verify isolated source snapshot	2026-10-07T13:46:52.2153353Z  + grpcio==1.74.0
acceptance (clean-room)	Verify isolated source snapshot	2026-10-07T13:46:52.2153747Z  + hatchling==1.27.0
acceptance (clean-room)	Verify isolated source snapshot	2026-10-07T13:46:52.2154042Z  + idna==3.19
acceptance (clean-room)	Verify isolated source snapshot	2026-10-07T13:46:52.2154313Z  + iniconfig==2.3.0
acceptance (clean-room)	Verify isolated source snapshot	2026-10-07T13:46:52.2154619Z  + license-expression==30.4.4
acceptance (clean-room)	Verify isolated source snapshot	2026-10-07T13:46:52.2155009Z  + markdown-it-py==4.2.0
acceptance (clean-room)	Verify isolated source snapshot	2026-10-07T13:46:52.2155287Z  + mdurl==0.1.2
acceptance (clean-room)	Verify isolated source snapshot	2026-10-07T13:46:52.2155529Z  + msgpack==1.2.2
acceptance (clean-room)	Verify isolated source snapshot	2026-10-07T13:46:52.2155832Z  + nodeenv==1.10.0
acceptance (clean-room)	Verify isolated source snapshot	2026-10-07T13:46:52.2156091Z  + packageurl-python==0.17.6
acceptance (clean-room)	Verify isolated source snapshot	2026-10-07T13:46:52.2156404Z  + packaging==26.3
acceptance (clean-room)	Verify isolated source snapshot	2026-10-07T13:46:52.2156685Z  + pathspec==1.1.1
acceptance (clean-room)	Verify isolated source snapshot	2026-10-07T13:46:52.2156993Z  + pip==26.2.1
acceptance (clean-room)	Verify isolated source snapshot	2026-10-07T13:46:52.2157313Z  + pip-api==0.0.35
acceptance (clean-room)	Verify isolated source snapshot	2026-10-07T13:46:52.2157649Z  + pip-audit==2.9.0
acceptance (clean-room)	Verify isolated source snapshot	2026-10-07T13:46:52.2158617Z  + pip-requirements-parser==32.0.1
acceptance (clean-room)	Verify isolated source snapshot	2026-10-07T13:46:52.2159013Z  + platformdirs==4.11.9
acceptance (clean-room)	Verify isolated source snapshot	2026-10-07T13:46:52.2159375Z  + pluggy==1.6.0
acceptance (clean-room)	Verify isolated source snapshot	2026-10-07T13:46:52.2159708Z  + protobuf==5.29.6
acceptance (clean-room)	Verify isolated source snapshot	2026-10-07T13:46:52.2160050Z  + py-serializable==2.1.0
acceptance (clean-room)	Verify isolated source snapshot	2026-10-07T13:46:52.2160417Z  + pygments==2.21.0
acceptance (clean-room)	Verify isolated source snapshot	2026-10-07T13:46:52.2160753Z  + pyparsing==3.3.2
acceptance (clean-room)	Verify isolated source snapshot	2026-10-07T13:46:52.2161093Z  + pyright==1.1.403
acceptance (clean-room)	Verify isolated source snapshot	2026-10-07T13:46:52.2161432Z  + pytest==9.0.3
acceptance (clean-room)	Verify isolated source snapshot	2026-10-07T13:46:52.2161763Z  + pytest-cov==6.2.1
acceptance (clean-room)	Verify isolated source snapshot	2026-10-07T13:46:52.2162477Z  + quantos-engine-sdk==0.1.0 (from file:///tmp/quantos-f01-ye81K4/workspace/engines/engine-sdk)
acceptance (clean-room)	Verify isolated source snapshot	2026-10-07T13:46:52.2163246Z  + quantos-llmquant==0.1.0 (from file:///tmp/quantos-f01-ye81K4/workspace/engines/llmquant)
acceptance (clean-room)	Verify isolated source snapshot	2026-10-07T13:46:52.2166538Z  + quantos-mock-engine==0.1.0 (from file:///tmp/quantos-f01-ye81K4/workspace/engines/mock-engine)
acceptance (clean-room)	Verify isolated source snapshot	2026-10-07T13:46:52.2167333Z  + quantos-openbb-adapter==0.1.0 (from file:///tmp/quantos-f01-ye81K4/workspace/engines/openbb-adapter)
acceptance (clean-room)	Verify isolated source snapshot	2026-10-07T13:46:52.2168100Z  + quantos-rd-agent==0.1.0 (from file:///tmp/quantos-f01-ye81K4/workspace/engines/rd-agent)
acceptance (clean-room)	Verify isolated source snapshot	2026-10-07T13:46:52.2168960Z  + quantos-strategy-lab==0.1.0 (from file:///tmp/quantos-f01-ye81K4/workspace/engines/strategy-lab)
acceptance (clean-room)	Verify isolated source snapshot	2026-10-07T13:46:52.2169795Z  + quantos-trading-agents==0.1.0 (from file:///tmp/quantos-f01-ye81K4/workspace/engines/trading-agents)
acceptance (clean-room)	Verify isolated source snapshot	2026-10-07T13:46:52.2170692Z  + quantos-vibe-adapter==0.1.0 (from file:///tmp/quantos-f01-ye81K4/workspace/engines/vibe-adapter)
acceptance (clean-room)	Verify isolated source snapshot	2026-10-07T13:46:52.2171345Z  + requests==2.34.2
acceptance (clean-room)	Verify isolated source snapshot	2026-10-07T13:46:52.2171710Z  + rich==15.0.0
acceptance (clean-room)	Verify isolated source snapshot	2026-10-07T13:46:52.2172032Z  + ruff==0.12.7
acceptance (clean-room)	Verify isolated source snapshot	2026-10-07T13:46:52.2172477Z  + sortedcontainers==2.4.0
acceptance (clean-room)	Verify isolated source snapshot	2026-10-07T13:46:52.2172849Z  + toml==0.10.2
acceptance (clean-room)	Verify isolated source snapshot	2026-10-07T13:46:52.2173171Z  + tomli==2.2.1
acceptance (clean-room)	Verify isolated source snapshot	2026-10-07T13:46:52.2173539Z  + trove-classifiers==2026.6.1.19
acceptance (clean-room)	Verify isolated source snapshot	2026-10-07T13:46:52.2173874Z  + typing-extensions==4.16.0
acceptance (clean-room)	Verify isolated source snapshot	2026-10-07T13:46:52.2174101Z  + urllib3==2.8.0
acceptance (clean-room)	Verify isolated source snapshot	2026-10-07T13:46:52.3457351Z   Downloaded uuid v1.24.0
acceptance (clean-room)	Verify isolated source snapshot	2026-10-07T13:46:52.3578271Z   Downloaded wasm-bindgen v0.2.126
acceptance (clean-room)	Verify isolated source snapshot	2026-10-07T13:46:52.3803852Z   Downloaded wasm-bindgen-shared v0.2.126
acceptance (clean-room)	Verify isolated source snapshot	2026-10-07T13:46:52.3984038Z   Downloaded wasm-bindgen-macro v0.2.126
acceptance (clean-room)	Verify isolated source snapshot	2026-10-07T13:46:52.4027823Z   Downloaded unicode-ident v1.0.24
acceptance (clean-room)	Verify isolated source snapshot	2026-10-07T13:46:52.4186713Z   Downloaded wasm-bindgen-macro-support v0.2.126
acceptance (clean-room)	Verify isolated source snapshot	2026-10-07T13:46:52.4417218Z   Downloaded quote v1.0.47
acceptance (clean-room)	Verify isolated source snapshot	2026-10-07T13:46:52.4593707Z   Downloaded syn v2.0.119
acceptance (clean-room)	Verify isolated source snapshot	2026-10-07T13:46:52.4741155Z   Downloaded proc-macro2 v1.0.107
acceptance (clean-room)	Verify isolated source snapshot	2026-10-07T13:46:52.4853636Z   Downloaded bumpalo v3.20.3
acceptance (clean-room)	Verify isolated source snapshot	2026-10-07T13:46:52.4973336Z   Downloaded serde v1.0.229
acceptance (clean-room)	Verify isolated source snapshot	2026-10-07T13:46:52.5063394Z   Downloaded serde_derive v1.0.229
acceptance (clean-room)	Verify isolated source snapshot	2026-10-07T13:46:52.5268701Z   Downloaded serde_core v1.0.229
acceptance (clean-room)	Verify isolated source snapshot	2026-10-07T13:46:52.5415406Z   Downloaded syn v3.0.3
acceptance (clean-room)	Verify isolated source snapshot	2026-10-07T13:46:52.5555519Z   Downloaded rustversion v1.0.23
acceptance (clean-room)	Verify isolated source snapshot	2026-10-07T13:46:52.5612953Z   Downloaded once_cell v1.21.4
acceptance (clean-room)	Verify isolated source snapshot	2026-10-07T13:46:52.5761912Z   Downloaded cfg-if v1.0.4
acceptance (clean-room)	Verify isolated source snapshot	2026-10-07T13:46:52.5828395Z   Downloaded js-sys v0.3.103
acceptance (clean-room)	Verify isolated source snapshot	2026-10-07T13:46:52.5994694Z   Downloaded futures-util v0.3.33
acceptance (clean-room)	Verify isolated source snapshot	2026-10-07T13:46:52.6273858Z   Downloaded pin-project-lite v0.2.17
acceptance (clean-room)	Verify isolated source snapshot	2026-10-07T13:46:52.6477469Z   Downloaded slab v0.4.12
acceptance (clean-room)	Verify isolated source snapshot	2026-10-07T13:46:52.6504082Z   Downloaded futures-task v0.3.33
acceptance (clean-room)	Verify isolated source snapshot	2026-10-07T13:46:52.6526523Z   Downloaded memchr v2.8.3
acceptance (clean-room)	Verify isolated source snapshot	2026-10-07T13:46:52.6724541Z   Downloaded futures-sink v0.3.33
acceptance (clean-room)	Verify isolated source snapshot	2026-10-07T13:46:52.6783629Z   Downloaded futures-macro v0.3.33
acceptance (clean-room)	Verify isolated source snapshot	2026-10-07T13:46:52.6892949Z   Downloaded futures-io v0.3.33
acceptance (clean-room)	Verify isolated source snapshot	2026-10-07T13:46:52.6983431Z   Downloaded futures-core v0.3.33
acceptance (clean-room)	Verify isolated source snapshot	2026-10-07T13:46:52.7103656Z   Downloaded getrandom v0.4.3
acceptance (clean-room)	Verify isolated source snapshot	2026-10-07T13:46:52.7193369Z   Downloaded rand_core v0.10.1
acceptance (clean-room)	Verify isolated source snapshot	2026-10-07T13:46:52.7294614Z   Downloaded r-efi v6.0.0
acceptance (clean-room)	Verify isolated source snapshot	2026-10-07T13:46:52.7513385Z   Downloaded url v2.5.8
acceptance (clean-room)	Verify isolated source snapshot	2026-10-07T13:46:52.7703652Z   Downloaded libc v0.2.189
acceptance (clean-room)	Verify isolated source snapshot	2026-10-07T13:46:52.8430559Z   Downloaded idna v1.1.0
acceptance (clean-room)	Verify isolated source snapshot	2026-10-07T13:46:52.8501370Z   Downloaded percent-encoding v2.3.2
acceptance (clean-room)	Verify isolated source snapshot	2026-10-07T13:46:52.8573197Z   Downloaded smallvec v1.15.2
acceptance (clean-room)	Verify isolated source snapshot	2026-10-07T13:46:52.8634673Z   Downloaded utf8_iter v1.0.4
acceptance (clean-room)	Verify isolated source snapshot	2026-10-07T13:46:52.8808064Z   Downloaded idna_adapter v1.2.2
acceptance (clean-room)	Verify isolated source snapshot	2026-10-07T13:46:52.8870453Z   Downloaded icu_properties v2.2.0
acceptance (clean-room)	Verify isolated source snapshot	2026-10-07T13:46:52.8984931Z   Downloaded zerovec v0.11.6
acceptance (clean-room)	Verify isolated source snapshot	2026-10-07T13:46:52.9054084Z   Downloaded zerovec-derive v0.11.3
acceptance (clean-room)	Verify isolated source snapshot	2026-10-07T13:46:52.9182815Z   Downloaded zerofrom v0.1.8
acceptance (clean-room)	Verify isolated source snapshot	2026-10-07T13:46:52.9276659Z   Downloaded zerofrom-derive v0.1.7
acceptance (clean-room)	Verify isolated source snapshot	2026-10-07T13:46:52.9483901Z   Downloaded synstructure v0.13.2
acceptance (clean-room)	Verify isolated source snapshot	2026-10-07T13:46:52.9533395Z   Downloaded yoke v0.8.3
acceptance (clean-room)	Verify isolated source snapshot	2026-10-07T13:46:52.9683226Z   Downloaded yoke-derive v0.8.2
acceptance (clean-room)	Verify isolated source snapshot	2026-10-07T13:46:52.9743609Z Progress: resolved 626, reused 0, downloaded 392, added 363
acceptance (clean-room)	Verify isolated source snapshot	2026-10-07T13:46:52.9833346Z   Downloaded stable_deref_trait v1.2.1
acceptance (clean-room)	Verify isolated source snapshot	2026-10-07T13:46:52.9953168Z   Downloaded zerotrie v0.2.4
acceptance (clean-room)	Verify isolated source snapshot	2026-10-07T13:46:53.0001518Z   Downloaded displaydoc v0.2.6
acceptance (clean-room)	Verify isolated source snapshot	2026-10-07T13:46:53.0117052Z   Downloaded icu_provider v2.2.0
acceptance (clean-room)	Verify isolated source snapshot	2026-10-07T13:46:53.0221236Z   Downloaded writeable v0.6.3
acceptance (clean-room)	Verify isolated source snapshot	2026-10-07T13:46:53.0318072Z   Downloaded icu_locale_core v2.2.0
acceptance (clean-room)	Verify isolated source snapshot	2026-10-07T13:46:53.0549968Z   Downloaded tinystr v0.8.3
acceptance (clean-room)	Verify isolated source snapshot	2026-10-07T13:46:53.0603424Z   Downloaded litemap v0.8.2
acceptance (clean-room)	Verify isolated source snapshot	2026-10-07T13:46:53.0718391Z   Downloaded icu_properties_data v2.2.0
acceptance (clean-room)	Verify isolated source snapshot	2026-10-07T13:46:53.0823281Z   Downloaded icu_collections v2.2.0
acceptance (clean-room)	Verify isolated source snapshot	2026-10-07T13:46:53.0917787Z   Downloaded potential_utf v0.1.5
acceptance (clean-room)	Verify isolated source snapshot	2026-10-07T13:46:53.1027168Z   Downloaded icu_normalizer v2.2.0
acceptance (clean-room)	Verify isolated source snapshot	2026-10-07T13:46:53.1152754Z   Downloaded icu_normalizer_data v2.2.0
acceptance (clean-room)	Verify isolated source snapshot	2026-10-07T13:46:53.1263577Z   Downloaded form_urlencoded v1.2.2
acceptance (clean-room)	Verify isolated source snapshot	2026-10-07T13:46:53.1397591Z   Downloaded tower-http v0.6.11
acceptance (clean-room)	Verify isolated source snapshot	2026-10-07T13:46:53.1529942Z   Downloaded tower-service v0.3.3
acceptance (clean-room)	Verify isolated source snapshot	2026-10-07T13:46:53.1596916Z   Downloaded tower-layer v0.3.3
acceptance (clean-room)	Verify isolated source snapshot	2026-10-07T13:46:53.1737211Z   Downloaded tower v0.5.3
acceptance (clean-room)	Verify isolated source snapshot	2026-10-07T13:46:53.1942143Z   Downloaded tracing-core v0.1.36
acceptance (clean-room)	Verify isolated source snapshot	2026-10-07T13:46:53.1995561Z   Downloaded tracing v0.1.44
acceptance (clean-room)	Verify isolated source snapshot	2026-10-07T13:46:53.2171707Z   Downloaded tracing-attributes v0.1.31
acceptance (clean-room)	Verify isolated source snapshot	2026-10-07T13:46:53.2207704Z   Downloaded log v0.4.33
acceptance (clean-room)	Verify isolated source snapshot	2026-10-07T13:46:53.2683548Z   Downloaded tokio v1.53.1
acceptance (clean-room)	Verify isolated source snapshot	2026-10-07T13:46:53.3313811Z   Downloaded windows-link v0.2.1
acceptance (clean-room)	Verify isolated source snapshot	2026-10-07T13:46:53.3405771Z   Downloaded windows-sys v0.61.2
acceptance (clean-room)	Verify isolated source snapshot	2026-10-07T13:46:53.4875288Z   Downloaded socket2 v0.6.5
acceptance (clean-room)	Verify isolated source snapshot	2026-10-07T13:46:53.4923573Z   Downloaded tokio-macros v2.7.1
acceptance (clean-room)	Verify isolated source snapshot	2026-10-07T13:46:53.5113597Z   Downloaded errno v0.3.14
acceptance (clean-room)	Verify isolated source snapshot	2026-10-07T13:46:53.5163802Z   Downloaded signal-hook-registry v1.4.8
acceptance (clean-room)	Verify isolated source snapshot	2026-10-07T13:46:53.5343891Z   Downloaded mio v1.2.2
acceptance (clean-room)	Verify isolated source snapshot	2026-10-07T13:46:53.5407648Z   Downloaded wasi v0.11.1+wasi-snapshot-preview1
acceptance (clean-room)	Verify isolated source snapshot	2026-10-07T13:46:53.5584737Z   Downloaded bytes v1.12.1
acceptance (clean-room)	Verify isolated source snapshot	2026-10-07T13:46:53.5650235Z   Downloaded sync_wrapper v1.0.2
acceptance (clean-room)	Verify isolated source snapshot	2026-10-07T13:46:53.5807045Z   Downloaded http-body v1.1.0
acceptance (clean-room)	Verify isolated source snapshot	2026-10-07T13:46:53.5873538Z   Downloaded http v1.4.2
acceptance (clean-room)	Verify isolated source snapshot	2026-10-07T13:46:53.5973642Z   Downloaded itoa v1.0.18
acceptance (clean-room)	Verify isolated source snapshot	2026-10-07T13:46:53.6125082Z   Downloaded bitflags v2.13.1
acceptance (clean-room)	Verify isolated source snapshot	2026-10-07T13:46:53.6233453Z   Downloaded sha2 v0.10.9
acceptance (clean-room)	Verify isolated source snapshot	2026-10-07T13:46:53.6287794Z   Downloaded digest v0.10.7
acceptance (clean-room)	Verify isolated source snapshot	2026-10-07T13:46:53.6416491Z   Downloaded subtle v2.6.1
acceptance (clean-room)	Verify isolated source snapshot	2026-10-07T13:46:53.6503984Z   Downloaded crypto-common v0.1.7
acceptance (clean-room)	Verify isolated source snapshot	2026-10-07T13:46:53.6656042Z   Downloaded typenum v1.20.1
acceptance (clean-room)	Verify isolated source snapshot	2026-10-07T13:46:53.6744958Z   Downloaded generic-array v0.14.7
acceptance (clean-room)	Verify isolated source snapshot	2026-10-07T13:46:53.6869558Z   Downloaded version_check v0.9.5
acceptance (clean-room)	Verify isolated source snapshot	2026-10-07T13:46:53.6993130Z   Downloaded block-buffer v0.10.4
acceptance (clean-room)	Verify isolated source snapshot	2026-10-07T13:46:53.7083890Z   Downloaded cpufeatures v0.2.17
acceptance (clean-room)	Verify isolated source snapshot	2026-10-07T13:46:53.7214163Z   Downloaded serde_json v1.0.151
acceptance (clean-room)	Verify isolated source snapshot	2026-10-07T13:46:53.7373685Z   Downloaded zmij v1.0.23
acceptance (clean-room)	Verify isolated source snapshot	2026-10-07T13:46:53.7419778Z   Downloaded reqwest v0.13.4
acceptance (clean-room)	Verify isolated source snapshot	2026-10-07T13:46:53.7621985Z   Downloaded wasm-bindgen-futures v0.4.76
acceptance (clean-room)	Verify isolated source snapshot	2026-10-07T13:46:53.7690012Z   Downloaded web-sys v0.3.103
acceptance (clean-room)	Verify isolated source snapshot	2026-10-07T13:46:53.9727721Z Progress: resolved 626, reused 0, downloaded 469, added 424
acceptance (clean-room)	Verify isolated source snapshot	2026-10-07T13:46:53.9873809Z   Downloaded tokio-rustls v0.26.4
acceptance (clean-room)	Verify isolated source snapshot	2026-10-07T13:46:53.9901159Z   Downloaded rustls v0.23.45
acceptance (clean-room)	Verify isolated source snapshot	2026-10-07T13:46:54.0213632Z   Downloaded rustls-webpki v0.103.14
acceptance (clean-room)	Verify isolated source snapshot	2026-10-07T13:46:54.0253463Z   Downloaded zeroize v1.9.0
acceptance (clean-room)	Verify isolated source snapshot	2026-10-07T13:46:54.0417301Z   Downloaded untrusted v0.9.0
acceptance (clean-room)	Verify isolated source snapshot	2026-10-07T13:46:54.0473552Z   Downloaded rustls-pki-types v1.15.1
acceptance (clean-room)	Verify isolated source snapshot	2026-10-07T13:46:54.0653577Z   Downloaded web-time v1.1.0
acceptance (clean-room)	Verify isolated source snapshot	2026-10-07T13:46:54.1067213Z   Downloaded ring v0.17.14
acceptance (clean-room)	Verify isolated source snapshot	2026-10-07T13:46:54.2194264Z   Downloaded windows-targets v0.52.6
acceptance (clean-room)	Verify isolated source snapshot	2026-10-07T13:46:54.2228891Z   Downloaded windows-sys v0.52.0
acceptance (clean-room)	Verify isolated source snapshot	2026-10-07T13:46:54.3304305Z   Downloaded windows_x86_64_gnullvm v0.52.6
acceptance (clean-room)	Verify isolated source snapshot	2026-10-07T13:46:54.3393625Z   Downloaded windows_x86_64_msvc v0.52.6
acceptance (clean-room)	Verify isolated source snapshot	2026-10-07T13:46:54.3533706Z   Downloaded windows_x86_64_gnu v0.52.6
acceptance (clean-room)	Verify isolated source snapshot	2026-10-07T13:46:54.3731142Z   Downloaded windows_i686_gnullvm v0.52.6
acceptance (clean-room)	Verify isolated source snapshot	2026-10-07T13:46:54.3894343Z   Downloaded windows_i686_msvc v0.52.6
acceptance (clean-room)	Verify isolated source snapshot	2026-10-07T13:46:54.4098474Z   Downloaded windows_i686_gnu v0.52.6
acceptance (clean-room)	Verify isolated source snapshot	2026-10-07T13:46:54.4253567Z   Downloaded windows_aarch64_gnullvm v0.52.6
acceptance (clean-room)	Verify isolated source snapshot	2026-10-07T13:46:54.4413759Z   Downloaded windows_aarch64_msvc v0.52.6
acceptance (clean-room)	Verify isolated source snapshot	2026-10-07T13:46:54.4922206Z   Downloaded cc v1.4.0
acceptance (clean-room)	Verify isolated source snapshot	2026-10-07T13:46:54.4973634Z   Downloaded getrandom v0.2.17
acceptance (clean-room)	Verify isolated source snapshot	2026-10-07T13:46:54.5129043Z   Downloaded shlex v2.0.1
acceptance (clean-room)	Verify isolated source snapshot	2026-10-07T13:46:54.5153610Z   Downloaded jobserver v0.1.35
acceptance (clean-room)	Verify isolated source snapshot	2026-10-07T13:46:54.5324129Z   Downloaded find-msvc-tools v0.1.9
acceptance (clean-room)	Verify isolated source snapshot	2026-10-07T13:46:54.5395009Z   Downloaded aws-lc-rs v1.18.0
acceptance (clean-room)	Verify isolated source snapshot	2026-10-07T13:46:54.5608393Z   Downloaded pkg-config v0.3.33
acceptance (clean-room)	Verify isolated source snapshot	2026-10-07T13:46:54.5812699Z   Downloaded fs_extra v1.3.0
acceptance (clean-room)	Verify isolated source snapshot	2026-10-07T13:46:54.6037262Z   Downloaded dunce v1.0.5
acceptance (clean-room)	Verify isolated source snapshot	2026-10-07T13:46:54.6274023Z   Downloaded cmake v0.1.58
acceptance (clean-room)	Verify isolated source snapshot	2026-10-07T13:46:54.6484636Z   Downloaded rustls-platform-verifier v0.7.0
acceptance (clean-room)	Verify isolated source snapshot	2026-10-07T13:46:54.6584711Z   Downloaded aws-lc-sys v0.44.0
acceptance (clean-room)	Verify isolated source snapshot	2026-10-07T13:46:54.9732787Z Progress: resolved 626, reused 0, downloaded 625, added 625
acceptance (clean-room)	Verify isolated source snapshot	2026-10-07T13:46:55.0420268Z   Downloaded security-framework-sys v2.17.0
acceptance (clean-room)	Verify isolated source snapshot	2026-10-07T13:46:55.0465386Z   Downloaded webpki-root-certs v1.0.9
acceptance (clean-room)	Verify isolated source snapshot	2026-10-07T13:46:55.0633699Z   Downloaded core-foundation-sys v0.8.7
acceptance (clean-room)	Verify isolated source snapshot	2026-10-07T13:46:55.0666732Z   Downloaded security-framework v3.7.0
acceptance (clean-room)	Verify isolated source snapshot	2026-10-07T13:46:55.0844764Z   Downloaded core-foundation v0.10.1
acceptance (clean-room)	Verify isolated source snapshot	2026-10-07T13:46:55.0884214Z   Downloaded rustls-platform-verifier-android v0.1.1
acceptance (clean-room)	Verify isolated source snapshot	2026-10-07T13:46:55.1058199Z   Downloaded rustls-native-certs v0.8.4
acceptance (clean-room)	Verify isolated source snapshot	2026-10-07T13:46:55.1099440Z   Downloaded schannel v0.1.29
acceptance (clean-room)	Verify isolated source snapshot	2026-10-07T13:46:55.1275659Z   Downloaded openssl-probe v0.2.1
acceptance (clean-room)	Verify isolated source snapshot	2026-10-07T13:46:55.1341029Z   Downloaded jni v0.22.4
acceptance (clean-room)	Verify isolated source snapshot	2026-10-07T13:46:55.1492693Z   Downloaded walkdir v2.5.0
acceptance (clean-room)	Verify isolated source snapshot	2026-10-07T13:46:55.1557300Z   Downloaded winapi-util v0.1.11
acceptance (clean-room)	Verify isolated source snapshot	2026-10-07T13:46:55.1703370Z   Downloaded same-file v1.0.6
acceptance (clean-room)	Verify isolated source snapshot	2026-10-07T13:46:55.1765067Z   Downloaded thiserror v2.0.19
acceptance (clean-room)	Verify isolated source snapshot	2026-10-07T13:46:55.1943341Z   Downloaded thiserror-impl v2.0.19
acceptance (clean-room)	Verify isolated source snapshot	2026-10-07T13:46:55.2024500Z   Downloaded simd_cesu8 v1.2.0
acceptance (clean-room)	Verify isolated source snapshot	2026-10-07T13:46:55.2172722Z   Downloaded simdutf8 v0.1.5
acceptance (clean-room)	Verify isolated source snapshot	2026-10-07T13:46:55.2244589Z   Downloaded rustc_version v0.4.1
acceptance (clean-room)	Verify isolated source snapshot	2026-10-07T13:46:55.2363325Z   Downloaded semver v1.0.28
acceptance (clean-room)	Verify isolated source snapshot	2026-10-07T13:46:55.2445451Z   Downloaded jni-sys v0.4.1
acceptance (clean-room)	Verify isolated source snapshot	2026-10-07T13:46:55.2595199Z   Downloaded jni-sys-macros v0.4.1
acceptance (clean-room)	Verify isolated source snapshot	2026-10-07T13:46:55.2660841Z   Downloaded jni-macros v0.22.4
acceptance (clean-room)	Verify isolated source snapshot	2026-10-07T13:46:55.2810384Z   Downloaded combine v4.6.7
acceptance (clean-room)	Verify isolated source snapshot	2026-10-07T13:46:55.2873894Z   Downloaded quinn v0.11.11
acceptance (clean-room)	Verify isolated source snapshot	2026-10-07T13:46:55.3021087Z   Downloaded rustc-hash v2.1.3
acceptance (clean-room)	Verify isolated source snapshot	2026-10-07T13:46:55.3076039Z   Downloaded quinn-udp v0.5.15
acceptance (clean-room)	Verify isolated source snapshot	2026-10-07T13:46:55.3238445Z   Downloaded cfg_aliases v0.2.2
acceptance (clean-room)	Verify isolated source snapshot	2026-10-07T13:46:55.3346989Z   Downloaded quinn-proto v0.11.16
acceptance (clean-room)	Verify isolated source snapshot	2026-10-07T13:46:55.3490501Z   Downloaded tinyvec v1.12.0
acceptance (clean-room)	Verify isolated source snapshot	2026-10-07T13:46:55.3548259Z   Downloaded tinyvec_macros v0.1.1
acceptance (clean-room)	Verify isolated source snapshot	2026-10-07T13:46:55.3717678Z   Downloaded rand_pcg v0.10.2
acceptance (clean-room)	Verify isolated source snapshot	2026-10-07T13:46:55.3763603Z   Downloaded rand v0.10.2
acceptance (clean-room)	Verify isolated source snapshot	2026-10-07T13:46:55.3795575Z Progress: resolved 626, reused 0, downloaded 626, added 626, done
acceptance (clean-room)	Verify isolated source snapshot	2026-10-07T13:46:55.3953554Z   Downloaded chacha20 v0.10.2
acceptance (clean-room)	Verify isolated source snapshot	2026-10-07T13:46:55.3991690Z   Downloaded cpufeatures v0.3.0
acceptance (clean-room)	Verify isolated source snapshot	2026-10-07T13:46:55.4163060Z   Downloaded lru-slab v0.1.2
acceptance (clean-room)	Verify isolated source snapshot	2026-10-07T13:46:55.4351547Z   Downloaded hyper-util v0.1.20
acceptance (clean-room)	Verify isolated source snapshot	2026-10-07T13:46:55.4487701Z   Downloaded ipnet v2.12.0
acceptance (clean-room)	Verify isolated source snapshot	2026-10-07T13:46:55.4593828Z   Downloaded hyper v1.11.0
acceptance (clean-room)	Verify isolated source snapshot	2026-10-07T13:46:55.4726178Z   Downloaded want v0.3.1
acceptance (clean-room)	Verify isolated source snapshot	2026-10-07T13:46:55.4808076Z   Downloaded try-lock v0.2.5
acceptance (clean-room)	Verify isolated source snapshot	2026-10-07T13:46:55.4988034Z   Downloaded httpdate v1.0.3
acceptance (clean-room)	Verify isolated source snapshot	2026-10-07T13:46:55.5016090Z   Downloaded httparse v1.10.1
acceptance (clean-room)	Verify isolated source snapshot	2026-10-07T13:46:55.5258267Z   Downloaded tokio-util v0.7.19
acceptance (clean-room)	Verify isolated source snapshot	2026-10-07T13:46:55.5356795Z   Downloaded h2 v0.4.16
acceptance (clean-room)	Verify isolated source snapshot	2026-10-07T13:46:55.5498941Z   Downloaded indexmap v2.14.0
acceptance (clean-room)	Verify isolated source snapshot	2026-10-07T13:46:55.5600666Z   Downloaded hashbrown v0.17.1
acceptance (clean-room)	Verify isolated source snapshot	2026-10-07T13:46:55.5708940Z   Downloaded equivalent v1.0.2
acceptance (clean-room)	Verify isolated source snapshot	2026-10-07T13:46:55.5848282Z   Downloaded fnv v1.0.7
acceptance (clean-room)	Verify isolated source snapshot	2026-10-07T13:46:55.5915236Z   Downloaded atomic-waker v1.1.2
acceptance (clean-room)	Verify isolated source snapshot	2026-10-07T13:46:55.6139222Z   Downloaded base64 v0.22.1
acceptance (clean-room)	Verify isolated source snapshot	2026-10-07T13:46:55.6190775Z   Downloaded futures-channel v0.3.33
acceptance (clean-room)	Verify isolated source snapshot	2026-10-07T13:46:55.6351349Z   Downloaded hyper-rustls v0.27.9
acceptance (clean-room)	Verify isolated source snapshot	2026-10-07T13:46:55.6420114Z   Downloaded http-body-util v0.1.4
acceptance (clean-room)	Verify isolated source snapshot	2026-10-07T13:46:55.6596918Z   Downloaded regex v1.13.1
acceptance (clean-room)	Verify isolated source snapshot	2026-10-07T13:46:55.7167367Z   Downloaded regex-syntax v0.8.11
acceptance (clean-room)	Verify isolated source snapshot	2026-10-07T13:46:55.7233764Z   Downloaded regex-automata v0.4.16
acceptance (clean-room)	Verify isolated source snapshot	2026-10-07T13:46:55.7407464Z   Downloaded aho-corasick v1.1.4
acceptance (clean-room)	Verify isolated source snapshot	2026-10-07T13:46:55.7484654Z   Downloaded tonic v0.12.3
acceptance (clean-room)	Verify isolated source snapshot	2026-10-07T13:46:55.7643202Z   Downloaded tower v0.4.13
acceptance (clean-room)	Verify isolated source snapshot	2026-10-07T13:46:55.7731902Z   Downloaded rand v0.8.7
acceptance (clean-room)	Verify isolated source snapshot	2026-10-07T13:46:55.7862051Z   Downloaded rand_core v0.6.4
acceptance (clean-room)	Verify isolated source snapshot	2026-10-07T13:46:55.7982679Z   Downloaded rand_chacha v0.3.1
acceptance (clean-room)	Verify isolated source snapshot	2026-10-07T13:46:55.8081412Z   Downloaded ppv-lite86 v0.2.21
acceptance (clean-room)	Verify isolated source snapshot	2026-10-07T13:46:55.8228554Z   Downloaded zerocopy v0.8.55
acceptance (clean-room)	Verify isolated source snapshot	2026-10-07T13:46:55.8558934Z 
acceptance (clean-room)	Verify isolated source snapshot	2026-10-07T13:46:55.8559455Z dependencies:
acceptance (clean-room)	Verify isolated source snapshot	2026-10-07T13:46:55.8559723Z + pg 8.16.3
acceptance (clean-room)	Verify isolated source snapshot	2026-10-07T13:46:55.8559827Z 
acceptance (clean-room)	Verify isolated source snapshot	2026-10-07T13:46:55.8559913Z devDependencies:
acceptance (clean-room)	Verify isolated source snapshot	2026-10-07T13:46:55.8560163Z + @axe-core/playwright 4.13.0
acceptance (clean-room)	Verify isolated source snapshot	2026-10-07T13:46:55.8560431Z + @bufbuild/buf 1.72.0
acceptance (clean-room)	Verify isolated source snapshot	2026-10-07T13:46:55.8560661Z + @bufbuild/protobuf 2.13.0
acceptance (clean-room)	Verify isolated source snapshot	2026-10-07T13:46:55.8560890Z + @eslint/js 9.33.0
acceptance (clean-room)	Verify isolated source snapshot	2026-10-07T13:46:55.8561158Z + @next/eslint-plugin-next 15.5.24
acceptance (clean-room)	Verify isolated source snapshot	2026-10-07T13:46:55.8561423Z + @playwright/test 1.62.1
acceptance (clean-room)	Verify isolated source snapshot	2026-10-07T13:46:55.8561646Z + @types/node 24.3.0
acceptance (clean-room)	Verify isolated source snapshot	2026-10-07T13:46:55.8561854Z + @types/pngjs 6.0.5
acceptance (clean-room)	Verify isolated source snapshot	2026-10-07T13:46:55.8562076Z + @vitest/coverage-v8 4.1.11
acceptance (clean-room)	Verify isolated source snapshot	2026-10-07T13:46:55.8562419Z + ajv 8.20.0
acceptance (clean-room)	Verify isolated source snapshot	2026-10-07T13:46:55.8562615Z + ajv-formats 3.0.1
acceptance (clean-room)	Verify isolated source snapshot	2026-10-07T13:46:55.8562811Z + eslint 9.33.0
acceptance (clean-room)	Verify isolated source snapshot	2026-10-07T13:46:55.8563000Z + globals 16.3.0
acceptance (clean-room)	Verify isolated source snapshot	2026-10-07T13:46:55.8563244Z + license-checker-rseidelsohn 4.4.2
acceptance (clean-room)	Verify isolated source snapshot	2026-10-07T13:46:55.8563514Z + msw 2.15.0
acceptance (clean-room)	Verify isolated source snapshot	2026-10-07T13:46:55.8563721Z + openapi-typescript 7.13.0
acceptance (clean-room)	Verify isolated source snapshot	2026-10-07T13:46:55.8563968Z + pixelmatch 7.2.0
acceptance (clean-room)	Verify isolated source snapshot	2026-10-07T13:46:55.8564159Z + pngjs 7.0.0
acceptance (clean-room)	Verify isolated source snapshot	2026-10-07T13:46:55.8564350Z + typescript 5.9.2
acceptance (clean-room)	Verify isolated source snapshot	2026-10-07T13:46:55.8564569Z + typescript-eslint 8.39.1
acceptance (clean-room)	Verify isolated source snapshot	2026-10-07T13:46:55.8564784Z + vitest 4.1.11
acceptance (clean-room)	Verify isolated source snapshot	2026-10-07T13:46:55.8564965Z + yaml 2.9.0
acceptance (clean-room)	Verify isolated source snapshot	2026-10-07T13:46:55.8565071Z 
acceptance (clean-room)	Verify isolated source snapshot	2026-10-07T13:46:55.8565696Z ╭ Warning ─────────────────────────────────────────────────────────────────────╮
acceptance (clean-room)	Verify isolated source snapshot	2026-10-07T13:46:55.8566218Z │                                                                              │
acceptance (clean-room)	Verify isolated source snapshot	2026-10-07T13:46:55.8566753Z │   Ignored build scripts: @bufbuild/buf, @parcel/watcher, @swc/core,          │
acceptance (clean-room)	Verify isolated source snapshot	2026-10-07T13:46:55.8567298Z │   esbuild, msw.                                                              │
acceptance (clean-room)	Verify isolated source snapshot	2026-10-07T13:46:55.8567852Z │   Run "pnpm approve-builds" to pick which dependencies should be allowed     │
acceptance (clean-room)	Verify isolated source snapshot	2026-10-07T13:46:55.8568400Z │   to run scripts.                                                            │
acceptance (clean-room)	Verify isolated source snapshot	2026-10-07T13:46:55.8569107Z │                                                                              │
acceptance (clean-room)	Verify isolated source snapshot	2026-10-07T13:46:55.8569694Z ╰──────────────────────────────────────────────────────────────────────────────╯
acceptance (clean-room)	Verify isolated source snapshot	2026-10-07T13:46:55.8569961Z 
acceptance (clean-room)	Verify isolated source snapshot	2026-10-07T13:46:55.8685925Z   Downloaded pin-project v1.1.13
acceptance (clean-room)	Verify isolated source snapshot	2026-10-07T13:46:55.8821921Z Done in 7.3s using pnpm v10.20.0
acceptance (clean-room)	Verify isolated source snapshot	2026-10-07T13:46:55.8830609Z   Downloaded zerocopy-derive v0.8.55
acceptance (clean-room)	Verify isolated source snapshot	2026-10-07T13:46:55.8917048Z   Downloaded indexmap v1.9.3
acceptance (clean-room)	Verify isolated source snapshot	2026-10-07T13:46:55.8952243Z   Downloaded pin-project-internal v1.1.13
acceptance (clean-room)	Verify isolated source snapshot	2026-10-07T13:46:55.9129361Z   Downloaded hashbrown v0.12.3
acceptance (clean-room)	Verify isolated source snapshot	2026-10-07T13:46:55.9167538Z   Downloaded ahash v0.7.8
acceptance (clean-room)	Verify isolated source snapshot	2026-10-07T13:46:55.9346147Z   Downloaded autocfg v1.5.1
acceptance (clean-room)	Verify isolated source snapshot	2026-10-07T13:46:55.9377672Z   Downloaded tokio-stream v0.1.19
acceptance (clean-room)	Verify isolated source snapshot	2026-10-07T13:46:55.9583384Z   Downloaded socket2 v0.5.10
acceptance (clean-room)	Verify isolated source snapshot	2026-10-07T13:46:55.9604963Z   Downloaded prost v0.13.5
acceptance (clean-room)	Verify isolated source snapshot	2026-10-07T13:46:55.9805565Z   Downloaded prost-derive v0.13.5
acceptance (clean-room)	Verify isolated source snapshot	2026-10-07T13:46:55.9826879Z   Downloaded itertools v0.14.0
acceptance (clean-room)	Verify isolated source snapshot	2026-10-07T13:46:56.0030651Z   Downloaded either v1.17.0
acceptance (clean-room)	Verify isolated source snapshot	2026-10-07T13:46:56.0063469Z   Downloaded anyhow v1.0.104
acceptance (clean-room)	Verify isolated source snapshot	2026-10-07T13:46:56.0231257Z   Downloaded hyper-timeout v0.5.2
acceptance (clean-room)	Verify isolated source snapshot	2026-10-07T13:46:56.0311415Z   Downloaded axum v0.7.9
acceptance (clean-room)	Verify isolated source snapshot	2026-10-07T13:46:56.0453664Z   Downloaded serde_urlencoded v0.7.1
acceptance (clean-room)	Verify isolated source snapshot	2026-10-07T13:46:56.0527502Z   Downloaded ryu v1.0.23
acceptance (clean-room)	Verify isolated source snapshot	2026-10-07T13:46:56.0674688Z   Downloaded serde_path_to_error v0.1.20
acceptance (clean-room)	Verify isolated source snapshot	2026-10-07T13:46:56.0741609Z   Downloaded mime v0.3.17
acceptance (clean-room)	Verify isolated source snapshot	2026-10-07T13:46:56.0892119Z   Downloaded matchit v0.7.3
acceptance (clean-room)	Verify isolated source snapshot	2026-10-07T13:46:56.0970606Z   Downloaded axum-core v0.4.5
acceptance (clean-room)	Verify isolated source snapshot	2026-10-07T13:46:56.1105587Z   Downloaded async-trait v0.1.91
acceptance (clean-room)	Verify isolated source snapshot	2026-10-07T13:46:56.1171084Z   Downloaded async-stream v0.3.6
acceptance (clean-room)	Verify isolated source snapshot	2026-10-07T13:46:56.1319364Z   Downloaded async-stream-impl v0.3.6
acceptance (clean-room)	Verify isolated source snapshot	2026-10-07T13:46:56.1393180Z   Downloaded pbjson-types v0.7.0
acceptance (clean-room)	Verify isolated source snapshot	2026-10-07T13:46:56.1536853Z   Downloaded prost-build v0.13.5
acceptance (clean-room)	Verify isolated source snapshot	2026-10-07T13:46:56.1637625Z   Downloaded tempfile v3.27.0
acceptance (clean-room)	Verify isolated source snapshot	2026-10-07T13:46:56.1805228Z   Downloaded rustix v1.1.4
acceptance (clean-room)	Verify isolated source snapshot	2026-10-07T13:46:56.2032178Z   Downloaded fastrand v2.5.0
acceptance (clean-room)	Verify isolated source snapshot	2026-10-07T13:46:56.2248421Z   Downloaded prost-types v0.13.5
acceptance (clean-room)	Verify isolated source snapshot	2026-10-07T13:46:56.2314362Z   Downloaded linux-raw-sys v0.12.1
acceptance (clean-room)	Verify isolated source snapshot	2026-10-07T13:46:56.2811136Z   Downloaded prettyplease v0.2.37
acceptance (clean-room)	Verify isolated source snapshot	2026-10-07T13:46:56.2849852Z   Downloaded petgraph v0.7.1
acceptance (clean-room)	Verify isolated source snapshot	2026-10-07T13:46:56.3021184Z   Downloaded fixedbitset v0.5.7
acceptance (clean-room)	Verify isolated source snapshot	2026-10-07T13:46:56.3070500Z   Downloaded multimap v0.10.1
acceptance (clean-room)	Verify isolated source snapshot	2026-10-07T13:46:56.3235065Z   Downloaded heck v0.5.0
acceptance (clean-room)	Verify isolated source snapshot	2026-10-07T13:46:56.3286069Z   Downloaded pbjson-build v0.7.0
acceptance (clean-room)	Verify isolated source snapshot	2026-10-07T13:46:56.3456565Z   Downloaded itertools v0.13.0
acceptance (clean-room)	Verify isolated source snapshot	2026-10-07T13:46:56.3518427Z   Downloaded pbjson v0.7.0
acceptance (clean-room)	Verify isolated source snapshot	2026-10-07T13:46:56.3669430Z   Downloaded base64 v0.21.7
acceptance (clean-room)	Verify isolated source snapshot	2026-10-07T13:46:56.3740360Z   Downloaded chrono v0.4.45
acceptance (clean-room)	Verify isolated source snapshot	2026-10-07T13:46:56.3924603Z   Downloaded num-traits v0.2.19
acceptance (clean-room)	Verify isolated source snapshot	2026-10-07T13:46:56.3951121Z   Downloaded iana-time-zone v0.1.65
acceptance (clean-room)	Verify isolated source snapshot	2026-10-07T13:46:56.4164532Z   Downloaded windows-strings v0.5.1
acceptance (clean-room)	Verify isolated source snapshot	2026-10-07T13:46:56.4182915Z   Downloaded windows-core v0.62.2
acceptance (clean-room)	Verify isolated source snapshot	2026-10-07T13:46:56.4368264Z   Downloaded windows-result v0.4.1
acceptance (clean-room)	Verify isolated source snapshot	2026-10-07T13:46:56.4417796Z   Downloaded windows-interface v0.59.3
acceptance (clean-room)	Verify isolated source snapshot	2026-10-07T13:46:56.4579045Z   Downloaded windows-implement v0.60.2
acceptance (clean-room)	Verify isolated source snapshot	2026-10-07T13:46:56.4649185Z   Downloaded iana-time-zone-haiku v0.1.2
acceptance (clean-room)	Verify isolated source snapshot	2026-10-07T13:46:56.4793698Z   Downloaded android_system_properties v0.1.5
acceptance (clean-room)	Verify isolated source snapshot	2026-10-07T13:46:56.4879790Z   Downloaded rust_decimal v1.42.1
acceptance (clean-room)	Verify isolated source snapshot	2026-10-07T13:46:56.5000383Z   Downloaded rkyv v0.7.46
acceptance (clean-room)	Verify isolated source snapshot	2026-10-07T13:46:56.5091346Z   Downloaded seahash v4.1.0
acceptance (clean-room)	Verify isolated source snapshot	2026-10-07T13:46:56.5215197Z   Downloaded rkyv_derive v0.7.46
acceptance (clean-room)	Verify isolated source snapshot	2026-10-07T13:46:56.5325017Z   Downloaded syn v1.0.109
acceptance (clean-room)	Verify isolated source snapshot	2026-10-07T13:46:56.5426528Z   Downloaded rend v0.4.2
acceptance (clean-room)	Verify isolated source snapshot	2026-10-07T13:46:56.5584413Z   Downloaded bytecheck v0.6.12
acceptance (clean-room)	Verify isolated source snapshot	2026-10-07T13:46:56.5629533Z   Downloaded ptr_meta v0.1.4
acceptance (clean-room)	Verify isolated source snapshot	2026-10-07T13:46:56.5819391Z   Downloaded ptr_meta_derive v0.1.4
acceptance (clean-room)	Verify isolated source snapshot	2026-10-07T13:46:56.5838354Z   Downloaded bytecheck_derive v0.6.12
acceptance (clean-room)	Verify isolated source snapshot	2026-10-07T13:46:56.6045306Z   Downloaded wyz v0.5.1
acceptance (clean-room)	Verify isolated source snapshot	2026-10-07T13:46:56.6077632Z   Downloaded bitvec v1.1.1
acceptance (clean-room)	Verify isolated source snapshot	2026-10-07T13:46:56.6257316Z   Downloaded tap v1.0.1
acceptance (clean-room)	Verify isolated source snapshot	2026-10-07T13:46:56.6286228Z   Downloaded radium v0.7.0
acceptance (clean-room)	Verify isolated source snapshot	2026-10-07T13:46:56.6470440Z   Downloaded funty v2.0.0
acceptance (clean-room)	Verify isolated source snapshot	2026-10-07T13:46:56.6500802Z   Downloaded borsh v1.8.0
acceptance (clean-room)	Verify isolated source snapshot	2026-10-07T13:46:56.6671542Z   Downloaded borsh-derive v1.8.0
acceptance (clean-room)	Verify isolated source snapshot	2026-10-07T13:46:56.6716225Z   Downloaded proc-macro-crate v3.5.0
acceptance (clean-room)	Verify isolated source snapshot	2026-10-07T13:46:56.6899730Z   Downloaded toml_edit v0.25.13+spec-1.1.0
acceptance (clean-room)	Verify isolated source snapshot	2026-10-07T13:46:56.6943126Z   Downloaded winnow v1.0.4
acceptance (clean-room)	Verify isolated source snapshot	2026-10-07T13:46:56.7101299Z   Downloaded toml_parser v1.1.3+spec-1.1.0
acceptance (clean-room)	Verify isolated source snapshot	2026-10-07T13:46:56.7163151Z   Downloaded toml_datetime v1.1.1+spec-1.1.0
acceptance (clean-room)	Verify isolated source snapshot	2026-10-07T13:46:56.7319867Z   Downloaded arrayvec v0.7.8
acceptance (clean-room)	Verify isolated source snapshot	2026-10-07T13:46:56.7388239Z   Downloaded hex v0.4.3
acceptance (clean-room)	Verify isolated source snapshot	2026-10-07T13:46:56.7586110Z   Downloaded postgres-native-tls v0.5.3
acceptance (clean-room)	Verify isolated source snapshot	2026-10-07T13:46:56.7605497Z   Downloaded tokio-postgres v0.7.18
acceptance (clean-room)	Verify isolated source snapshot	2026-10-07T13:46:56.7793080Z   Downloaded wasite v1.0.2
acceptance (clean-room)	Verify isolated source snapshot	2026-10-07T13:46:56.8006725Z   Downloaded wasi v0.14.7+wasi-0.2.4
acceptance (clean-room)	Verify isolated source snapshot	2026-10-07T13:46:56.8030480Z   Downloaded whoami v2.1.2
acceptance (clean-room)	Verify isolated source snapshot	2026-10-07T13:46:56.8238492Z   Downloaded wasip2 v1.0.4+wasi-0.2.12
acceptance (clean-room)	Verify isolated source snapshot	2026-10-07T13:46:56.8274763Z   Downloaded wit-bindgen v0.57.1
acceptance (clean-room)	Verify isolated source snapshot	2026-10-07T13:46:56.8472921Z   Downloaded objc2-system-configuration v0.3.2
acceptance (clean-room)	Verify isolated source snapshot	2026-10-07T13:46:56.8500867Z   Downloaded objc2-core-foundation v0.3.2
acceptance (clean-room)	Verify isolated source snapshot	2026-10-07T13:46:56.8683429Z   Downloaded libredox v0.1.18
acceptance (clean-room)	Verify isolated source snapshot	2026-10-07T13:46:56.8708712Z   Downloaded postgres-types v0.2.14
acceptance (clean-room)	Verify isolated source snapshot	2026-10-07T13:46:56.8895571Z   Downloaded postgres-protocol v0.6.12
acceptance (clean-room)	Verify isolated source snapshot	2026-10-07T13:46:56.8916138Z   Downloaded stringprep v0.1.5
acceptance (clean-room)	Verify isolated source snapshot	2026-10-07T13:46:56.9108706Z   Downloaded unicode-properties v0.1.4
acceptance (clean-room)	Verify isolated source snapshot	2026-10-07T13:46:56.9133061Z   Downloaded unicode-normalization v0.1.25
acceptance (clean-room)	Verify isolated source snapshot	2026-10-07T13:46:56.9314334Z   Downloaded unicode-bidi v0.3.18
acceptance (clean-room)	Verify isolated source snapshot	2026-10-07T13:46:56.9337634Z   Downloaded sha2 v0.11.0
acceptance (clean-room)	Verify isolated source snapshot	2026-10-07T13:46:56.9526667Z   Downloaded digest v0.11.3
acceptance (clean-room)	Verify isolated source snapshot	2026-10-07T13:46:56.9560200Z   Downloaded ctutils v0.4.2
acceptance (clean-room)	Verify isolated source snapshot	2026-10-07T13:46:56.9764150Z   Downloaded cmov v0.5.4
acceptance (clean-room)	Verify isolated source snapshot	2026-10-07T13:46:56.9782946Z   Downloaded crypto-common v0.2.2
acceptance (clean-room)	Verify isolated source snapshot	2026-10-07T13:46:56.9973477Z   Downloaded hybrid-array v0.4.13
acceptance (clean-room)	Verify isolated source snapshot	2026-10-07T13:46:57.0041383Z   Downloaded const-oid v0.10.2
acceptance (clean-room)	Verify isolated source snapshot	2026-10-07T13:46:57.0206915Z   Downloaded block-buffer v0.12.1
acceptance (clean-room)	Verify isolated source snapshot	2026-10-07T13:46:57.0251641Z   Downloaded md-5 v0.11.0
acceptance (clean-room)	Verify isolated source snapshot	2026-10-07T13:46:57.0429728Z   Downloaded hmac v0.13.0
acceptance (clean-room)	Verify isolated source snapshot	2026-10-07T13:46:57.0459940Z   Downloaded fallible-iterator v0.2.0
acceptance (clean-room)	Verify isolated source snapshot	2026-10-07T13:46:57.0641892Z   Downloaded byteorder v1.5.0
acceptance (clean-room)	Verify isolated source snapshot	2026-10-07T13:46:57.0678614Z   Downloaded phf v0.13.1
acceptance (clean-room)	Verify isolated source snapshot	2026-10-07T13:46:57.0836986Z   Downloaded phf_shared v0.13.1
acceptance (clean-room)	Verify isolated source snapshot	2026-10-07T13:46:57.0886416Z   Downloaded siphasher v1.0.3
acceptance (clean-room)	Verify isolated source snapshot	2026-10-07T13:46:57.1049832Z   Downloaded parking_lot v0.12.5
acceptance (clean-room)	Verify isolated source snapshot	2026-10-07T13:46:57.1086580Z   Downloaded parking_lot_core v0.9.12
acceptance (clean-room)	Verify isolated source snapshot	2026-10-07T13:46:57.1256443Z   Downloaded redox_syscall v0.5.18
acceptance (clean-room)	Verify isolated source snapshot	2026-10-07T13:46:57.1302652Z   Downloaded lock_api v0.4.14
acceptance (clean-room)	Verify isolated source snapshot	2026-10-07T13:46:57.1454349Z   Downloaded scopeguard v1.2.0
acceptance (clean-room)	Verify isolated source snapshot	2026-10-07T13:46:57.1524406Z   Downloaded tokio-native-tls v0.3.1
acceptance (clean-room)	Verify isolated source snapshot	2026-10-07T13:46:57.1685783Z   Downloaded native-tls v0.2.18
acceptance (clean-room)	Verify isolated source snapshot	2026-10-07T13:46:57.1734939Z   Downloaded openssl-sys v0.9.117
acceptance (clean-room)	Verify isolated source snapshot	2026-10-07T13:46:57.1914453Z   Downloaded vcpkg v0.2.15
acceptance (clean-room)	Verify isolated source snapshot	2026-10-07T13:46:57.2367610Z   Downloaded openssl-macros v0.1.1
acceptance (clean-room)	Verify isolated source snapshot	2026-10-07T13:46:57.2375135Z   Downloaded openssl v0.10.81
acceptance (clean-room)	Verify isolated source snapshot	2026-10-07T13:46:57.2587421Z   Downloaded foreign-types v0.3.2
acceptance (clean-room)	Verify isolated source snapshot	2026-10-07T13:46:57.2595726Z   Downloaded foreign-types-shared v0.1.1
acceptance (clean-room)	Verify isolated source snapshot	2026-10-07T13:46:57.2803993Z   Downloaded postgres v0.19.14
acceptance (clean-room)	Verify isolated source snapshot	2026-10-07T13:46:57.2824025Z   Downloaded hmac v0.12.1
acceptance (clean-room)	Verify isolated source snapshot	2026-10-07T13:46:57.3023175Z   Downloaded tokio-openssl v0.6.5
acceptance (clean-room)	Verify isolated source snapshot	2026-10-07T13:46:57.3037311Z   Downloaded postgres-openssl v0.5.3
acceptance (clean-room)	Verify isolated source snapshot	2026-10-07T13:46:57.3231992Z   Downloaded clap v4.6.4
acceptance (clean-room)	Verify isolated source snapshot	2026-10-07T13:46:57.3310946Z   Downloaded clap_derive v4.6.4
acceptance (clean-room)	Verify isolated source snapshot	2026-10-07T13:46:57.3454496Z   Downloaded clap_builder v4.6.2
acceptance (clean-room)	Verify isolated source snapshot	2026-10-07T13:46:57.3515085Z   Downloaded strsim v0.11.1
acceptance (clean-room)	Verify isolated source snapshot	2026-10-07T13:46:57.3658970Z   Downloaded clap_lex v1.1.0
acceptance (clean-room)	Verify isolated source snapshot	2026-10-07T13:46:57.3718969Z   Downloaded anstyle v1.0.14
acceptance (clean-room)	Verify isolated source snapshot	2026-10-07T13:46:57.3878352Z   Downloaded anstream v1.0.0
acceptance (clean-room)	Verify isolated source snapshot	2026-10-07T13:46:57.3929286Z   Downloaded utf8parse v0.2.2
acceptance (clean-room)	Verify isolated source snapshot	2026-10-07T13:46:57.4107029Z   Downloaded is_terminal_polyfill v1.70.2
acceptance (clean-room)	Verify isolated source snapshot	2026-10-07T13:46:57.4145457Z   Downloaded colorchoice v1.0.5
acceptance (clean-room)	Verify isolated source snapshot	2026-10-07T13:46:57.4320288Z   Downloaded anstyle-wincon v3.0.11
acceptance (clean-room)	Verify isolated source snapshot	2026-10-07T13:46:57.4346207Z   Downloaded once_cell_polyfill v1.70.2
acceptance (clean-room)	Verify isolated source snapshot	2026-10-07T13:46:57.4527211Z   Downloaded anstyle-query v1.1.5
acceptance (clean-room)	Verify isolated source snapshot	2026-10-07T13:46:57.4563065Z   Downloaded anstyle-parse v1.0.0
acceptance (clean-room)	Verify isolated source snapshot	2026-10-07T13:46:57.7998703Z make[1]: Leaving directory '/tmp/quantos-f01-ye81K4/workspace'
acceptance (clean-room)	Verify isolated source snapshot	2026-10-07T13:46:57.8786647Z bash ./scripts/check-lockfiles.sh
acceptance (clean-room)	Verify isolated source snapshot	2026-10-07T13:46:58.1661807Z Resolved 52 packages in 2ms
acceptance (clean-room)	Verify isolated source snapshot	2026-10-07T13:46:58.6242123Z Scope: all 8 workspace projects
acceptance (clean-room)	Verify isolated source snapshot	2026-10-07T13:46:58.9266145Z Done in 491ms using pnpm v10.20.0
acceptance (clean-room)	Verify isolated source snapshot	2026-10-07T13:46:58.9417448Z All phase-1 locks parse and match their manifests.
acceptance (clean-room)	Verify isolated source snapshot	2026-10-07T13:46:58.9419325Z node scripts/check-f01.mjs
acceptance (clean-room)	Verify isolated source snapshot	2026-10-07T13:46:59.4738174Z {
acceptance (clean-room)	Verify isolated source snapshot	2026-10-07T13:46:59.4738442Z   "status": "PASS",
acceptance (clean-room)	Verify isolated source snapshot	2026-10-07T13:46:59.4738949Z   "toolchains": {
acceptance (clean-room)	Verify isolated source snapshot	2026-10-07T13:46:59.4739093Z     "node": "24.12.0",
acceptance (clean-room)	Verify isolated source snapshot	2026-10-07T13:46:59.4739233Z     "uv": "0.7.0",
acceptance (clean-room)	Verify isolated source snapshot	2026-10-07T13:46:59.4739361Z     "pnpm": "10.20.0",
acceptance (clean-room)	Verify isolated source snapshot	2026-10-07T13:46:59.4739489Z     "rustc": "1.91.0"
acceptance (clean-room)	Verify isolated source snapshot	2026-10-07T13:46:59.4739612Z   },
acceptance (clean-room)	Verify isolated source snapshot	2026-10-07T13:46:59.4739731Z   "moduleReadmes": 47,
acceptance (clean-room)	Verify isolated source snapshot	2026-10-07T13:46:59.4739860Z   "inventory": {
acceptance (clean-room)	Verify isolated source snapshot	2026-10-07T13:46:59.4739997Z     "rustBinaries": [
acceptance (clean-room)	Verify isolated source snapshot	2026-10-07T13:46:59.4740126Z       "bff-gateway",
acceptance (clean-room)	Verify isolated source snapshot	2026-10-07T13:46:59.4740262Z       "capacity-monitor",
acceptance (clean-room)	Verify isolated source snapshot	2026-10-07T13:46:59.4740408Z       "execution-gateway",
acceptance (clean-room)	Verify isolated source snapshot	2026-10-07T13:46:59.4740548Z       "market-ingestor",
acceptance (clean-room)	Verify isolated source snapshot	2026-10-07T13:46:59.4740688Z       "portfolio-rebuild",
acceptance (clean-room)	Verify isolated source snapshot	2026-10-07T13:46:59.4740823Z       "replay-cli",
acceptance (clean-room)	Verify isolated source snapshot	2026-10-07T13:46:59.4740947Z       "runtime-gateway"
acceptance (clean-room)	Verify isolated source snapshot	2026-10-07T13:46:59.4741078Z     ],
acceptance (clean-room)	Verify isolated source snapshot	2026-10-07T13:46:59.4741202Z     "rustBuildBinaries": [
acceptance (clean-room)	Verify isolated source snapshot	2026-10-07T13:46:59.4741342Z       "bff-gateway",
acceptance (clean-room)	Verify isolated source snapshot	2026-10-07T13:46:59.4741475Z       "capacity-monitor",
acceptance (clean-room)	Verify isolated source snapshot	2026-10-07T13:46:59.4741617Z       "execution-gateway",
acceptance (clean-room)	Verify isolated source snapshot	2026-10-07T13:46:59.4741761Z       "f08-approval",
acceptance (clean-room)	Verify isolated source snapshot	2026-10-07T13:46:59.4741892Z       "fixture-corpus",
acceptance (clean-room)	Verify isolated source snapshot	2026-10-07T13:46:59.4742031Z       "market-ingestor",
acceptance (clean-room)	Verify isolated source snapshot	2026-10-07T13:46:59.4742168Z       "portfolio-rebuild",
acceptance (clean-room)	Verify isolated source snapshot	2026-10-07T13:46:59.4742493Z       "quantos-proto-json-codegen",
acceptance (clean-room)	Verify isolated source snapshot	2026-10-07T13:46:59.4742656Z       "replay-cli",
acceptance (clean-room)	Verify isolated source snapshot	2026-10-07T13:46:59.4742790Z       "runtime-gateway"
acceptance (clean-room)	Verify isolated source snapshot	2026-10-07T13:46:59.4742916Z     ],
acceptance (clean-room)	Verify isolated source snapshot	2026-10-07T13:46:59.4743035Z     "rustDirectories": [
acceptance (clean-room)	Verify isolated source snapshot	2026-10-07T13:46:59.4743175Z       "crates/quantos-auth",
acceptance (clean-room)	Verify isolated source snapshot	2026-10-07T13:46:59.4743319Z       "crates/quantos-core",
acceptance (clean-room)	Verify isolated source snapshot	2026-10-07T13:46:59.4743482Z       "crates/quantos-engine-manager",
acceptance (clean-room)	Verify isolated source snapshot	2026-10-07T13:46:59.4743908Z       "crates/quantos-event",
acceptance (clean-room)	Verify isolated source snapshot	2026-10-07T13:46:59.4744154Z       "crates/quantos-evidence",
acceptance (clean-room)	Verify isolated source snapshot	2026-10-07T13:46:59.4744411Z       "crates/quantos-execution",
acceptance (clean-room)	Verify isolated source snapshot	2026-10-07T13:46:59.4744720Z       "crates/quantos-market",
acceptance (clean-room)	Verify isolated source snapshot	2026-10-07T13:46:59.4745032Z       "crates/quantos-observability",
acceptance (clean-room)	Verify isolated source snapshot	2026-10-07T13:46:59.4745346Z       "crates/quantos-policy",
acceptance (clean-room)	Verify isolated source snapshot	2026-10-07T13:46:59.4745652Z       "crates/quantos-portfolio",
acceptance (clean-room)	Verify isolated source snapshot	2026-10-07T13:46:59.4745941Z       "crates/quantos-proto",
acceptance (clean-room)	Verify isolated source snapshot	2026-10-07T13:46:59.4746243Z       "crates/quantos-reconcile",
acceptance (clean-room)	Verify isolated source snapshot	2026-10-07T13:46:59.4746527Z       "crates/quantos-risk",
acceptance (clean-room)	Verify isolated source snapshot	2026-10-07T13:46:59.4746789Z       "crates/quantos-runtime",
acceptance (clean-room)	Verify isolated source snapshot	2026-10-07T13:46:59.4747086Z       "crates/quantos-storage",
acceptance (clean-room)	Verify isolated source snapshot	2026-10-07T13:46:59.4747389Z       "crates/quantos-strategy",
acceptance (clean-room)	Verify isolated source snapshot	2026-10-07T13:46:59.4747673Z       "crates/quantos-testkit",
acceptance (clean-room)	Verify isolated source snapshot	2026-10-07T13:46:59.4747955Z       "services/bff-gateway",
acceptance (clean-room)	Verify isolated source snapshot	2026-10-07T13:46:59.4748251Z       "services/capacity-monitor",
acceptance (clean-room)	Verify isolated source snapshot	2026-10-07T13:46:59.4748564Z       "services/execution-gateway",
acceptance (clean-room)	Verify isolated source snapshot	2026-10-07T13:46:59.4748873Z       "services/market-ingestor",
acceptance (clean-room)	Verify isolated source snapshot	2026-10-07T13:46:59.4749181Z       "services/portfolio-rebuild",
acceptance (clean-room)	Verify isolated source snapshot	2026-10-07T13:46:59.4749476Z       "services/replay-cli",
acceptance (clean-room)	Verify isolated source snapshot	2026-10-07T13:46:59.4749767Z       "services/runtime-gateway",
acceptance (clean-room)	Verify isolated source snapshot	2026-10-07T13:46:59.4750076Z       "tools/proto-json-codegen"
acceptance (clean-room)	Verify isolated source snapshot	2026-10-07T13:46:59.4750348Z     ],
acceptance (clean-room)	Verify isolated source snapshot	2026-10-07T13:46:59.4750552Z     "js": [
acceptance (clean-room)	Verify isolated source snapshot	2026-10-07T13:46:59.4750805Z       {
acceptance (clean-room)	Verify isolated source snapshot	2026-10-07T13:46:59.4751050Z         "directory": "apps/terminal",
acceptance (clean-room)	Verify isolated source snapshot	2026-10-07T13:46:59.4751393Z         "name": "@sumalpha/terminal",
acceptance (clean-room)	Verify isolated source snapshot	2026-10-07T13:46:59.4751730Z         "output": "apps/terminal/out"
acceptance (clean-room)	Verify isolated source snapshot	2026-10-07T13:46:59.4752070Z       },
acceptance (clean-room)	Verify isolated source snapshot	2026-10-07T13:46:59.4752373Z       {
acceptance (clean-room)	Verify isolated source snapshot	2026-10-07T13:46:59.4752935Z         "directory": "apps/website",
acceptance (clean-room)	Verify isolated source snapshot	2026-10-07T13:46:59.4753278Z         "name": "@sumalpha/website",
acceptance (clean-room)	Verify isolated source snapshot	2026-10-07T13:46:59.4753553Z         "output": "apps/website/out"
acceptance (clean-room)	Verify isolated source snapshot	2026-10-07T13:46:59.4753833Z       },
acceptance (clean-room)	Verify isolated source snapshot	2026-10-07T13:46:59.4754017Z       {
acceptance (clean-room)	Verify isolated source snapshot	2026-10-07T13:46:59.4754236Z         "directory": "packages/api-client",
acceptance (clean-room)	Verify isolated source snapshot	2026-10-07T13:46:59.4754610Z         "name": "@sumalpha/api-client",
acceptance (clean-room)	Verify isolated source snapshot	2026-10-07T13:46:59.4754948Z         "output": "packages/api-client/dist"
acceptance (clean-room)	Verify isolated source snapshot	2026-10-07T13:46:59.4755262Z       },
acceptance (clean-room)	Verify isolated source snapshot	2026-10-07T13:46:59.4755436Z       {
acceptance (clean-room)	Verify isolated source snapshot	2026-10-07T13:46:59.4755653Z         "directory": "packages/config",
acceptance (clean-room)	Verify isolated source snapshot	2026-10-07T13:46:59.4756152Z         "name": "@sumalpha/config",
acceptance (clean-room)	Verify isolated source snapshot	2026-10-07T13:46:59.4756477Z         "output": "packages/config/dist"
acceptance (clean-room)	Verify isolated source snapshot	2026-10-07T13:46:59.4756770Z       },
acceptance (clean-room)	Verify isolated source snapshot	2026-10-07T13:46:59.4756964Z       {
acceptance (clean-room)	Verify isolated source snapshot	2026-10-07T13:46:59.4757196Z         "directory": "packages/domain-ui",
acceptance (clean-room)	Verify isolated source snapshot	2026-10-07T13:46:59.4757536Z         "name": "@sumalpha/domain-ui",
acceptance (clean-room)	Verify isolated source snapshot	2026-10-07T13:46:59.4757870Z         "output": "packages/domain-ui/dist"
acceptance (clean-room)	Verify isolated source snapshot	2026-10-07T13:46:59.4758184Z       },
acceptance (clean-room)	Verify isolated source snapshot	2026-10-07T13:46:59.4758367Z       {
acceptance (clean-room)	Verify isolated source snapshot	2026-10-07T13:46:59.4758614Z         "directory": "packages/platform",
acceptance (clean-room)	Verify isolated source snapshot	2026-10-07T13:46:59.4758967Z         "name": "@sumalpha/platform",
acceptance (clean-room)	Verify isolated source snapshot	2026-10-07T13:46:59.4759277Z         "output": "packages/platform/dist"
acceptance (clean-room)	Verify isolated source snapshot	2026-10-07T13:46:59.4759499Z       },
acceptance (clean-room)	Verify isolated source snapshot	2026-10-07T13:46:59.4759625Z       {
acceptance (clean-room)	Verify isolated source snapshot	2026-10-07T13:46:59.4759772Z         "directory": "packages/ui",
acceptance (clean-room)	Verify isolated source snapshot	2026-10-07T13:46:59.4760006Z         "name": "@sumalpha/ui",
acceptance (clean-room)	Verify isolated source snapshot	2026-10-07T13:46:59.4760172Z         "output": "packages/ui/dist"
acceptance (clean-room)	Verify isolated source snapshot	2026-10-07T13:46:59.4760343Z       }
acceptance (clean-room)	Verify isolated source snapshot	2026-10-07T13:46:59.4760474Z     ],
acceptance (clean-room)	Verify isolated source snapshot	2026-10-07T13:46:59.4760620Z     "python": [
acceptance (clean-room)	Verify isolated source snapshot	2026-10-07T13:46:59.4760745Z       {
acceptance (clean-room)	Verify isolated source snapshot	2026-10-07T13:46:59.4760884Z         "directory": "engines/engine-sdk",
acceptance (clean-room)	Verify isolated source snapshot	2026-10-07T13:46:59.4761118Z         "name": "quantos-engine-sdk",
acceptance (clean-room)	Verify isolated source snapshot	2026-10-07T13:46:59.4761278Z         "version": "0.1.0"
acceptance (clean-room)	Verify isolated source snapshot	2026-10-07T13:46:59.4761428Z       },
acceptance (clean-room)	Verify isolated source snapshot	2026-10-07T13:46:59.4761543Z       {
acceptance (clean-room)	Verify isolated source snapshot	2026-10-07T13:46:59.4761679Z         "directory": "engines/llmquant",
acceptance (clean-room)	Verify isolated source snapshot	2026-10-07T13:46:59.4761879Z         "name": "quantos-llmquant",
acceptance (clean-room)	Verify isolated source snapshot	2026-10-07T13:46:59.4762050Z         "version": "0.1.0"
acceptance (clean-room)	Verify isolated source snapshot	2026-10-07T13:46:59.4762183Z       },
acceptance (clean-room)	Verify isolated source snapshot	2026-10-07T13:46:59.4762556Z       {
acceptance (clean-room)	Verify isolated source snapshot	2026-10-07T13:46:59.4762808Z         "directory": "engines/mock-engine",
acceptance (clean-room)	Verify isolated source snapshot	2026-10-07T13:46:59.4763111Z         "name": "quantos-mock-engine",
acceptance (clean-room)	Verify isolated source snapshot	2026-10-07T13:46:59.4763355Z         "version": "0.1.0"
acceptance (clean-room)	Verify isolated source snapshot	2026-10-07T13:46:59.4763556Z       },
acceptance (clean-room)	Verify isolated source snapshot	2026-10-07T13:46:59.4763735Z       {
acceptance (clean-room)	Verify isolated source snapshot	2026-10-07T13:46:59.4763971Z         "directory": "engines/openbb-adapter",
acceptance (clean-room)	Verify isolated source snapshot	2026-10-07T13:46:59.4764272Z         "name": "quantos-openbb-adapter",
acceptance (clean-room)	Verify isolated source snapshot	2026-10-07T13:46:59.4764529Z         "version": "0.1.0"
acceptance (clean-room)	Verify isolated source snapshot	2026-10-07T13:46:59.4764729Z       },
acceptance (clean-room)	Verify isolated source snapshot	2026-10-07T13:46:59.4764892Z       {
acceptance (clean-room)	Verify isolated source snapshot	2026-10-07T13:46:59.4765093Z         "directory": "engines/rd-agent",
acceptance (clean-room)	Verify isolated source snapshot	2026-10-07T13:46:59.4765364Z         "name": "quantos-rd-agent",
acceptance (clean-room)	Verify isolated source snapshot	2026-10-07T13:46:59.4765598Z         "version": "0.1.0"
acceptance (clean-room)	Verify isolated source snapshot	2026-10-07T13:46:59.4765799Z       },
acceptance (clean-room)	Verify isolated source snapshot	2026-10-07T13:46:59.4765960Z       {
acceptance (clean-room)	Verify isolated source snapshot	2026-10-07T13:46:59.4766176Z         "directory": "engines/strategy-lab",
acceptance (clean-room)	Verify isolated source snapshot	2026-10-07T13:46:59.4766460Z         "name": "quantos-strategy-lab",
acceptance (clean-room)	Verify isolated source snapshot	2026-10-07T13:46:59.4766703Z         "version": "0.1.0"
acceptance (clean-room)	Verify isolated source snapshot	2026-10-07T13:46:59.4766902Z       },
acceptance (clean-room)	Verify isolated source snapshot	2026-10-07T13:46:59.4767062Z       {
acceptance (clean-room)	Verify isolated source snapshot	2026-10-07T13:46:59.4767277Z         "directory": "engines/trading-agents",
acceptance (clean-room)	Verify isolated source snapshot	2026-10-07T13:46:59.4767572Z         "name": "quantos-trading-agents",
acceptance (clean-room)	Verify isolated source snapshot	2026-10-07T13:46:59.4767969Z         "version": "0.1.0"
acceptance (clean-room)	Verify isolated source snapshot	2026-10-07T13:46:59.4768169Z       },
acceptance (clean-room)	Verify isolated source snapshot	2026-10-07T13:46:59.4768331Z       {
acceptance (clean-room)	Verify isolated source snapshot	2026-10-07T13:46:59.4768515Z         "directory": "engines/vibe-adapter",
acceptance (clean-room)	Verify isolated source snapshot	2026-10-07T13:46:59.4768855Z         "name": "quantos-vibe-adapter",
acceptance (clean-room)	Verify isolated source snapshot	2026-10-07T13:46:59.4769091Z         "version": "0.1.0"
acceptance (clean-room)	Verify isolated source snapshot	2026-10-07T13:46:59.4769472Z       }
acceptance (clean-room)	Verify isolated source snapshot	2026-10-07T13:46:59.4769652Z     ],
acceptance (clean-room)	Verify isolated source snapshot	2026-10-07T13:46:59.4769873Z     "buildClosure": {
acceptance (clean-room)	Verify isolated source snapshot	2026-10-07T13:46:59.4770131Z       "hatchling": "1.27.0",
acceptance (clean-room)	Verify isolated source snapshot	2026-10-07T13:46:59.4770345Z       "packaging": "26.3",
acceptance (clean-room)	Verify isolated source snapshot	2026-10-07T13:46:59.4770810Z       "pathspec": "1.1.1",
acceptance (clean-room)	Verify isolated source snapshot	2026-10-07T13:46:59.4780102Z       "pluggy": "1.6.0",
acceptance (clean-room)	Verify isolated source snapshot	2026-10-07T13:46:59.4780327Z       "trove-classifiers": "2026.6.1.19"
acceptance (clean-room)	Verify isolated source snapshot	2026-10-07T13:46:59.4780483Z     }
acceptance (clean-room)	Verify isolated source snapshot	2026-10-07T13:46:59.4780592Z   }
acceptance (clean-room)	Verify isolated source snapshot	2026-10-07T13:46:59.4780703Z }
acceptance (clean-room)	Verify isolated source snapshot	2026-10-07T13:46:59.4787698Z node --test scripts/f01-gate-negative.mjs
acceptance (clean-room)	Verify isolated source snapshot	2026-10-07T13:47:07.6989509Z ✔ formal gate rejects zero, one, two and noninteger runs (0.769032ms)
acceptance (clean-room)	Verify isolated source snapshot	2026-10-07T13:47:07.6990373Z ✔ all binaries participate in digest and omitted binary fails (25.184195ms)
acceptance (clean-room)	Verify isolated source snapshot	2026-10-07T13:47:07.7007039Z ✔ extra binary, missing wheel and stale/empty Web cannot pass output inventory (11.184963ms)
acceptance (clean-room)	Verify isolated source snapshot	2026-10-07T13:47:07.7008815Z ✔ manifest inventory cannot omit or add members (0.213823ms)
acceptance (clean-room)	Verify isolated source snapshot	2026-10-07T13:47:07.7009348Z ✔ dirty and untracked source rejected (71.331742ms)
acceptance (clean-room)	Verify isolated source snapshot	2026-10-07T13:47:07.7009818Z ✔ deleted module README is rejected (1.662841ms)
acceptance (clean-room)	Verify isolated source snapshot	2026-10-07T13:47:07.7010297Z ✔ wrong uv version fails toolchain preflight (33.302226ms)
acceptance (clean-room)	Verify isolated source snapshot	2026-10-07T13:47:07.7010778Z ✔ invalid locks fail real lock entrypoint (15.733302ms)
acceptance (clean-room)	Verify isolated source snapshot	2026-10-07T13:47:07.7011307Z ✔ Terminal default lint rejects a page TSX violation (1435.686379ms)
acceptance (clean-room)	Verify isolated source snapshot	2026-10-07T13:47:07.7011770Z ✔ invalid run revokes old successful receipt (39.030547ms)
acceptance (clean-room)	Verify isolated source snapshot	2026-10-07T13:47:07.7012440Z ✔ Cargo manifest drift is rejected by actual lock gate (857.904413ms)
acceptance (clean-room)	Verify isolated source snapshot	2026-10-07T13:47:07.7013030Z ✔ uv manifest drift is rejected by actual lock gate (1155.272925ms)
acceptance (clean-room)	Verify isolated source snapshot	2026-10-07T13:47:07.7013862Z ✔ pnpm manifest drift is rejected by actual lock gate (1373.203225ms)
acceptance (clean-room)	Verify isolated source snapshot	2026-10-07T13:47:07.7014464Z ✔ malformed Buf lock is rejected by actual lock gate (1197.94661ms)
acceptance (clean-room)	Verify isolated source snapshot	2026-10-07T13:47:07.7015121Z ✔ broken Desktop is outside phase-one pnpm frozen check (737.18103ms)
acceptance (clean-room)	Verify isolated source snapshot	2026-10-07T13:47:07.7015696Z ✔ uv output marker is metadata, other unexpected files still fail (1.718275ms)
acceptance (clean-room)	Verify isolated source snapshot	2026-10-07T13:47:07.7016363Z ✔ build-only tool is required in output inventory without becoming a runtime binary (1.65484ms)
acceptance (clean-room)	Verify isolated source snapshot	2026-10-07T13:47:07.7017004Z ✔ pnpm frozen check rejects missing or changed patch bytes (1003.262479ms)
acceptance (clean-room)	Verify isolated source snapshot	2026-10-07T13:47:07.7017519Z ✔ pnpm patch cannot read outside the repository (200.023181ms)
acceptance (clean-room)	Verify isolated source snapshot	2026-10-07T13:47:07.7090813Z ℹ tests 19
acceptance (clean-room)	Verify isolated source snapshot	2026-10-07T13:47:07.7091068Z ℹ suites 0
acceptance (clean-room)	Verify isolated source snapshot	2026-10-07T13:47:07.7091202Z ℹ pass 19
acceptance (clean-room)	Verify isolated source snapshot	2026-10-07T13:47:07.7091329Z ℹ fail 0
acceptance (clean-room)	Verify isolated source snapshot	2026-10-07T13:47:07.7091459Z ℹ cancelled 0
acceptance (clean-room)	Verify isolated source snapshot	2026-10-07T13:47:07.7091606Z ℹ skipped 0
acceptance (clean-room)	Verify isolated source snapshot	2026-10-07T13:47:07.7091738Z ℹ todo 0
acceptance (clean-room)	Verify isolated source snapshot	2026-10-07T13:47:07.7091892Z ℹ duration_ms 8209.971094
acceptance (clean-room)	Verify isolated source snapshot	2026-10-07T13:47:07.7203219Z node --test scripts/capture-build-outputs.test.mjs
acceptance (clean-room)	Verify isolated source snapshot	2026-10-07T13:47:07.8379995Z ✔ a real byte mismatch still fails the Gate, and both versions survive workspace cleanup (4.499425ms)
acceptance (clean-room)	Verify isolated source snapshot	2026-10-07T13:47:07.8381921Z ✔ changed output cannot be attached to an earlier receipt (1.705791ms)
acceptance (clean-room)	Verify isolated source snapshot	2026-10-07T13:47:07.8382773Z ✔ capture rejects stale destinations instead of mixing evidence (2.293094ms)
acceptance (clean-room)	Verify isolated source snapshot	2026-10-07T13:47:07.8383466Z ✔ an invalid run revokes stale raw outputs as well as the success receipt (29.633208ms)
acceptance (clean-room)	Verify isolated source snapshot	2026-10-07T13:47:07.8460819Z ℹ tests 4
acceptance (clean-room)	Verify isolated source snapshot	2026-10-07T13:47:07.8461223Z ℹ suites 0
acceptance (clean-room)	Verify isolated source snapshot	2026-10-07T13:47:07.8461441Z ℹ pass 4
acceptance (clean-room)	Verify isolated source snapshot	2026-10-07T13:47:07.8461643Z ℹ fail 0
acceptance (clean-room)	Verify isolated source snapshot	2026-10-07T13:47:07.8461856Z ℹ cancelled 0
acceptance (clean-room)	Verify isolated source snapshot	2026-10-07T13:47:07.8462096Z ℹ skipped 0
acceptance (clean-room)	Verify isolated source snapshot	2026-10-07T13:47:07.8462449Z ℹ todo 0
acceptance (clean-room)	Verify isolated source snapshot	2026-10-07T13:47:07.8462678Z ℹ duration_ms 86.098718
acceptance (clean-room)	Verify isolated source snapshot	2026-10-07T13:47:07.8499384Z node --test scripts/webpack-module-ids.test.mjs
acceptance (clean-room)	Verify isolated source snapshot	2026-10-07T13:47:08.0798266Z ✔ old short-ID collision swaps 9311/1692 with traversal order and changes real bundle bytes (91.639347ms)
acceptance (clean-room)	Verify isolated source snapshot	2026-10-07T13:47:08.7917158Z ✔ terminal actual Next config produces identical executable bytes under both traversal orders (279.048059ms)
acceptance (clean-room)	Verify isolated source snapshot	2026-10-07T13:47:08.7918450Z ✔ terminal actual Next config rejects a collision in the new namespace (436.866009ms)
acceptance (clean-room)	Verify isolated source snapshot	2026-10-07T13:47:09.2389435Z ✔ website actual Next config produces identical executable bytes under both traversal orders (28.856064ms)
acceptance (clean-room)	Verify isolated source snapshot	2026-10-07T13:47:09.2390145Z ✔ website actual Next config rejects a collision in the new namespace (418.947539ms)
acceptance (clean-room)	Verify isolated source snapshot	2026-10-07T13:47:09.2575869Z ℹ tests 5
acceptance (clean-room)	Verify isolated source snapshot	2026-10-07T13:47:09.2576099Z ℹ suites 0
acceptance (clean-room)	Verify isolated source snapshot	2026-10-07T13:47:09.2576275Z ℹ pass 5
acceptance (clean-room)	Verify isolated source snapshot	2026-10-07T13:47:09.2576477Z ℹ fail 0
acceptance (clean-room)	Verify isolated source snapshot	2026-10-07T13:47:09.2576676Z ℹ cancelled 0
acceptance (clean-room)	Verify isolated source snapshot	2026-10-07T13:47:09.2576839Z ℹ skipped 0
acceptance (clean-room)	Verify isolated source snapshot	2026-10-07T13:47:09.2576968Z ℹ todo 0
acceptance (clean-room)	Verify isolated source snapshot	2026-10-07T13:47:09.2577122Z ℹ duration_ms 1386.627544
acceptance (clean-room)	Verify isolated source snapshot	2026-10-07T13:47:09.2609257Z cargo fmt --check
acceptance (clean-room)	Verify isolated source snapshot	2026-10-07T13:47:09.7160829Z cargo clippy --workspace --all-targets -- -D warnings
acceptance (clean-room)	Verify isolated source snapshot	2026-10-07T13:47:09.9277433Z    Compiling proc-macro2 v1.0.107
acceptance (clean-room)	Verify isolated source snapshot	2026-10-07T13:47:09.9277871Z    Compiling unicode-ident v1.0.24
acceptance (clean-room)	Verify isolated source snapshot	2026-10-07T13:47:09.9278121Z    Compiling quote v1.0.47
acceptance (clean-room)	Verify isolated source snapshot	2026-10-07T13:47:09.9278719Z    Compiling libc v0.2.189
acceptance (clean-room)	Verify isolated source snapshot	2026-10-07T13:47:09.9764071Z     Checking cfg-if v1.0.4
acceptance (clean-room)	Verify isolated source snapshot	2026-10-07T13:47:10.0033469Z     Checking bytes v1.12.1
acceptance (clean-room)	Verify isolated source snapshot	2026-10-07T13:47:10.0723741Z     Checking memchr v2.8.3
acceptance (clean-room)	Verify isolated source snapshot	2026-10-07T13:47:10.4045235Z     Checking itoa v1.0.18
acceptance (clean-room)	Verify isolated source snapshot	2026-10-07T13:47:10.6204710Z    Compiling syn v2.0.119
acceptance (clean-room)	Verify isolated source snapshot	2026-10-07T13:47:10.6263325Z    Compiling syn v3.0.3
acceptance (clean-room)	Verify isolated source snapshot	2026-10-07T13:47:10.8973731Z    Compiling serde_core v1.0.229
acceptance (clean-room)	Verify isolated source snapshot	2026-10-07T13:47:11.1363655Z     Checking pin-project-lite v0.2.17
acceptance (clean-room)	Verify isolated source snapshot	2026-10-07T13:47:11.1673372Z    Compiling autocfg v1.5.1
acceptance (clean-room)	Verify isolated source snapshot	2026-10-07T13:47:11.4193692Z    Compiling serde v1.0.229
acceptance (clean-room)	Verify isolated source snapshot	2026-10-07T13:47:11.5523966Z     Checking typenum v1.20.1
acceptance (clean-room)	Verify isolated source snapshot	2026-10-07T13:47:12.2134051Z     Checking futures-core v0.3.33
acceptance (clean-room)	Verify isolated source snapshot	2026-10-07T13:47:12.2744054Z     Checking errno v0.3.14
acceptance (clean-room)	Verify isolated source snapshot	2026-10-07T13:47:12.3273131Z     Checking signal-hook-registry v1.4.8
acceptance (clean-room)	Verify isolated source snapshot	2026-10-07T13:47:12.3423833Z     Checking mio v1.2.2
acceptance (clean-room)	Verify isolated source snapshot	2026-10-07T13:47:12.3973690Z     Checking socket2 v0.6.5
acceptance (clean-room)	Verify isolated source snapshot	2026-10-07T13:47:12.5173850Z    Compiling zmij v1.0.23
acceptance (clean-room)	Verify isolated source snapshot	2026-10-07T13:47:12.6013714Z     Checking log v0.4.33
acceptance (clean-room)	Verify isolated source snapshot	2026-10-07T13:47:12.6643779Z    Compiling num-traits v0.2.19
acceptance (clean-room)	Verify isolated source snapshot	2026-10-07T13:47:12.6713657Z     Checking futures-sink v0.3.33
acceptance (clean-room)	Verify isolated source snapshot	2026-10-07T13:47:12.7030942Z    Compiling serde_json v1.0.151
acceptance (clean-room)	Verify isolated source snapshot	2026-10-07T13:47:12.8033906Z     Checking smallvec v1.15.2
acceptance (clean-room)	Verify isolated source snapshot	2026-10-07T13:47:13.2473727Z     Checking slab v0.4.12
acceptance (clean-room)	Verify isolated source snapshot	2026-10-07T13:47:13.3203624Z     Checking iana-time-zone v0.1.65
acceptance (clean-room)	Verify isolated source snapshot	2026-10-07T13:47:13.3680246Z     Checking futures-io v0.3.33
acceptance (clean-room)	Verify isolated source snapshot	2026-10-07T13:47:13.4143625Z     Checking futures-task v0.3.33
acceptance (clean-room)	Verify isolated source snapshot	2026-10-07T13:47:13.4474247Z    Compiling getrandom v0.4.3
acceptance (clean-room)	Verify isolated source snapshot	2026-10-07T13:47:13.4643572Z    Compiling serde_derive v1.0.229
acceptance (clean-room)	Verify isolated source snapshot	2026-10-07T13:47:13.4734183Z     Checking rand_core v0.10.1
acceptance (clean-room)	Verify isolated source snapshot	2026-10-07T13:47:13.5293897Z     Checking percent-encoding v2.3.2
acceptance (clean-room)	Verify isolated source snapshot	2026-10-07T13:47:13.5403579Z    Compiling version_check v0.9.5
acceptance (clean-room)	Verify isolated source snapshot	2026-10-07T13:47:13.5913632Z     Checking subtle v2.6.1
acceptance (clean-room)	Verify isolated source snapshot	2026-10-07T13:47:13.6904502Z    Compiling generic-array v0.14.7
acceptance (clean-room)	Verify isolated source snapshot	2026-10-07T13:47:13.7134179Z     Checking base64 v0.22.1
acceptance (clean-room)	Verify isolated source snapshot	2026-10-07T13:47:13.7783696Z     Checking futures-channel v0.3.33
acceptance (clean-room)	Verify isolated source snapshot	2026-10-07T13:47:13.8823548Z    Compiling jobserver v0.1.35
acceptance (clean-room)	Verify isolated source snapshot	2026-10-07T13:47:14.0873626Z    Compiling find-msvc-tools v0.1.9
acceptance (clean-room)	Verify isolated source snapshot	2026-10-07T13:47:14.1674146Z    Compiling shlex v2.0.1
acceptance (clean-room)	Verify isolated source snapshot	2026-10-07T13:47:14.2050523Z    Compiling anyhow v1.0.104
acceptance (clean-room)	Verify isolated source snapshot	2026-10-07T13:47:14.2608110Z    Compiling cc v1.4.0
acceptance (clean-room)	Verify isolated source snapshot	2026-10-07T13:47:14.3363630Z     Checking once_cell v1.21.4
acceptance (clean-room)	Verify isolated source snapshot	2026-10-07T13:47:14.3506478Z    Compiling tokio-macros v2.7.1
acceptance (clean-room)	Verify isolated source snapshot	2026-10-07T13:47:14.4254593Z    Compiling futures-macro v0.3.33
acceptance (clean-room)	Verify isolated source snapshot	2026-10-07T13:47:14.7453968Z     Checking tokio v1.53.1
acceptance (clean-room)	Verify isolated source snapshot	2026-10-07T13:47:14.9124282Z     Checking futures-util v0.3.33
acceptance (clean-room)	Verify isolated source snapshot	2026-10-07T13:47:15.3794179Z     Checking crypto-common v0.1.7
acceptance (clean-room)	Verify isolated source snapshot	2026-10-07T13:47:15.4213655Z     Checking block-buffer v0.10.4
acceptance (clean-room)	Verify isolated source snapshot	2026-10-07T13:47:15.4753693Z     Checking uuid v1.24.0
acceptance (clean-room)	Verify isolated source snapshot	2026-10-07T13:47:15.6701228Z    Compiling pkg-config v0.3.33
acceptance (clean-room)	Verify isolated source snapshot	2026-10-07T13:47:15.8263680Z     Checking chrono v0.4.45
acceptance (clean-room)	Verify isolated source snapshot	2026-10-07T13:47:16.0204059Z     Checking digest v0.10.7
acceptance (clean-room)	Verify isolated source snapshot	2026-10-07T13:47:16.1263750Z    Compiling async-trait v0.1.91
acceptance (clean-room)	Verify isolated source snapshot	2026-10-07T13:47:16.5463817Z    Compiling thiserror v2.0.19
acceptance (clean-room)	Verify isolated source snapshot	2026-10-07T13:47:16.6114131Z     Checking form_urlencoded v1.2.2
acceptance (clean-room)	Verify isolated source snapshot	2026-10-07T13:47:16.6484263Z    Compiling thiserror-impl v2.0.19
acceptance (clean-room)	Verify isolated source snapshot	2026-10-07T13:47:16.6643501Z     Checking cpufeatures v0.2.17
acceptance (clean-room)	Verify isolated source snapshot	2026-10-07T13:47:16.6902596Z     Checking sha2 v0.10.9
acceptance (clean-room)	Verify isolated source snapshot	2026-10-07T13:47:16.7274204Z     Checking semver v1.0.28
acceptance (clean-room)	Verify isolated source snapshot	2026-10-07T13:47:16.8269832Z     Checking tracing-core v0.1.36
acceptance (clean-room)	Verify isolated source snapshot	2026-10-07T13:47:16.8423660Z    Compiling tracing-attributes v0.1.31
acceptance (clean-room)	Verify isolated source snapshot	2026-10-07T13:47:17.0163572Z    Compiling either v1.17.0
acceptance (clean-room)	Verify isolated source snapshot	2026-10-07T13:47:17.1303683Z     Checking bitflags v2.13.1
acceptance (clean-room)	Verify isolated source snapshot	2026-10-07T13:47:17.2107541Z     Checking http v1.4.2
acceptance (clean-room)	Verify isolated source snapshot	2026-10-07T13:47:17.3014170Z     Checking tokio-util v0.7.19
acceptance (clean-room)	Verify isolated source snapshot	2026-10-07T13:47:17.5053687Z    Compiling itertools v0.14.0
acceptance (clean-room)	Verify isolated source snapshot	2026-10-07T13:47:17.6303714Z     Checking tracing v0.1.44
acceptance (clean-room)	Verify isolated source snapshot	2026-10-07T13:47:17.6714096Z    Compiling synstructure v0.13.2
acceptance (clean-room)	Verify isolated source snapshot	2026-10-07T13:47:17.7481618Z     Checking http-body v1.1.0
acceptance (clean-room)	Verify isolated source snapshot	2026-10-07T13:47:17.7993878Z     Checking tower-service v0.3.3
acceptance (clean-room)	Verify isolated source snapshot	2026-10-07T13:47:17.8113912Z     Checking hashbrown v0.17.1
acceptance (clean-room)	Verify isolated source snapshot	2026-10-07T13:47:17.8294399Z     Checking equivalent v1.0.2
acceptance (clean-room)	Verify isolated source snapshot	2026-10-07T13:47:17.8563986Z    Compiling httparse v1.10.1
acceptance (clean-room)	Verify isolated source snapshot	2026-10-07T13:47:18.0333641Z     Checking atomic-waker v1.1.2
acceptance (clean-room)	Verify isolated source snapshot	2026-10-07T13:47:18.0618494Z     Checking try-lock v0.2.5
acceptance (clean-room)	Verify isolated source snapshot	2026-10-07T13:47:18.0813868Z    Compiling zerofrom-derive v0.1.7
acceptance (clean-room)	Verify isolated source snapshot	2026-10-07T13:47:18.0944026Z    Compiling yoke-derive v0.8.2
acceptance (clean-room)	Verify isolated source snapshot	2026-10-07T13:47:18.1724071Z     Checking indexmap v2.14.0
acceptance (clean-room)	Verify isolated source snapshot	2026-10-07T13:47:18.6062104Z    Compiling prost-derive v0.13.5
acceptance (clean-room)	Verify isolated source snapshot	2026-10-07T13:47:18.6354270Z     Checking fnv v1.0.7
acceptance (clean-room)	Verify isolated source snapshot	2026-10-07T13:47:18.6684073Z     Checking stable_deref_trait v1.2.1
acceptance (clean-room)	Verify isolated source snapshot	2026-10-07T13:47:18.6932077Z     Checking h2 v0.4.16
acceptance (clean-room)	Verify isolated source snapshot	2026-10-07T13:47:18.8052898Z     Checking want v0.3.1
acceptance (clean-room)	Verify isolated source snapshot	2026-10-07T13:47:18.8594256Z     Checking zerofrom v0.1.8
acceptance (clean-room)	Verify isolated source snapshot	2026-10-07T13:47:18.9024052Z     Checking yoke v0.8.3
acceptance (clean-room)	Verify isolated source snapshot	2026-10-07T13:47:18.9603912Z     Checking tower-layer v0.3.3
acceptance (clean-room)	Verify isolated source snapshot	2026-10-07T13:47:18.9814183Z     Checking httpdate v1.0.3
acceptance (clean-room)	Verify isolated source snapshot	2026-10-07T13:47:19.0364123Z    Compiling zerovec-derive v0.11.3
acceptance (clean-room)	Verify isolated source snapshot	2026-10-07T13:47:19.0464161Z     Checking sync_wrapper v1.0.2
acceptance (clean-room)	Verify isolated source snapshot	2026-10-07T13:47:19.0773640Z     Checking ipnet v2.12.0
acceptance (clean-room)	Verify isolated source snapshot	2026-10-07T13:47:19.1943739Z    Compiling rustix v1.1.4
acceptance (clean-room)	Verify isolated source snapshot	2026-10-07T13:47:19.4273584Z    Compiling displaydoc v0.2.6
acceptance (clean-room)	Verify isolated source snapshot	2026-10-07T13:47:19.6104317Z     Checking hybrid-array v0.4.13
acceptance (clean-room)	Verify isolated source snapshot	2026-10-07T13:47:19.7409898Z     Checking zerovec v0.11.6
acceptance (clean-room)	Verify isolated source snapshot	2026-10-07T13:47:19.8483843Z    Compiling vcpkg v0.2.15
acceptance (clean-room)	Verify isolated source snapshot	2026-10-07T13:47:19.9313660Z     Checking tower v0.5.3
acceptance (clean-room)	Verify isolated source snapshot	2026-10-07T13:47:20.0531893Z     Checking http-body-util v0.1.4
acceptance (clean-room)	Verify isolated source snapshot	2026-10-07T13:47:20.1933872Z     Checking cmov v0.5.4
acceptance (clean-room)	Verify isolated source snapshot	2026-10-07T13:47:20.2033625Z    Compiling rust_decimal v1.42.1
acceptance (clean-room)	Verify isolated source snapshot	2026-10-07T13:47:20.2674153Z    Compiling openssl-sys v0.9.117
acceptance (clean-room)	Verify isolated source snapshot	2026-10-07T13:47:20.2924726Z    Compiling heck v0.5.0
acceptance (clean-room)	Verify isolated source snapshot	2026-10-07T13:47:20.3943861Z    Compiling zerocopy v0.8.55
acceptance (clean-room)	Verify isolated source snapshot	2026-10-07T13:47:20.6191413Z     Checking ctutils v0.4.2
acceptance (clean-room)	Verify isolated source snapshot	2026-10-07T13:47:20.6235749Z     Checking crypto-common v0.2.2
acceptance (clean-room)	Verify isolated source snapshot	2026-10-07T13:47:20.7113484Z     Checking block-buffer v0.12.1
acceptance (clean-room)	Verify isolated source snapshot	2026-10-07T13:47:20.7774850Z    Compiling prost v0.13.5
acceptance (clean-room)	Verify isolated source snapshot	2026-10-07T13:47:20.9693805Z     Checking arrayvec v0.7.8
acceptance (clean-room)	Verify isolated source snapshot	2026-10-07T13:47:21.0603791Z    Compiling regex-syntax v0.8.11
acceptance (clean-room)	Verify isolated source snapshot	2026-10-07T13:47:21.0685714Z    Compiling prettyplease v0.2.37
acceptance (clean-room)	Verify isolated source snapshot	2026-10-07T13:47:21.1174074Z     Checking hyper v1.11.0
acceptance (clean-room)	Verify isolated source snapshot	2026-10-07T13:47:21.1423743Z     Checking const-oid v0.10.2
acceptance (clean-room)	Verify isolated source snapshot	2026-10-07T13:47:21.2150236Z    Compiling linux-raw-sys v0.12.1
acceptance (clean-room)	Verify isolated source snapshot	2026-10-07T13:47:21.8928385Z     Checking hyper-util v0.1.20
acceptance (clean-room)	Verify isolated source snapshot	2026-10-07T13:47:21.9773565Z    Compiling regex-automata v0.4.16
acceptance (clean-room)	Verify isolated source snapshot	2026-10-07T13:47:22.4824052Z     Checking digest v0.11.3
acceptance (clean-room)	Verify isolated source snapshot	2026-10-07T13:47:22.7984181Z    Compiling prost-types v0.13.5
acceptance (clean-room)	Verify isolated source snapshot	2026-10-07T13:47:22.9703674Z     Checking tinystr v0.8.3
acceptance (clean-room)	Verify isolated source snapshot	2026-10-07T13:47:23.0583916Z     Checking getrandom v0.2.17
acceptance (clean-room)	Verify isolated source snapshot	2026-10-07T13:47:23.1324315Z    Compiling rustversion v1.0.23
acceptance (clean-room)	Verify isolated source snapshot	2026-10-07T13:47:23.2753984Z     Checking litemap v0.8.2
acceptance (clean-room)	Verify isolated source snapshot	2026-10-07T13:47:23.3684328Z     Checking hex v0.4.3
acceptance (clean-room)	Verify isolated source snapshot	2026-10-07T13:47:23.5984348Z     Checking tinyvec_macros v0.1.1
acceptance (clean-room)	Verify isolated source snapshot	2026-10-07T13:47:23.6026433Z     Checking cpufeatures v0.3.0
acceptance (clean-room)	Verify isolated source snapshot	2026-10-07T13:47:23.6207762Z    Compiling fixedbitset v0.5.7
acceptance (clean-room)	Verify isolated source snapshot	2026-10-07T13:47:23.6274109Z    Compiling fastrand v2.5.0
acceptance (clean-room)	Verify isolated source snapshot	2026-10-07T13:47:23.6625712Z     Checking writeable v0.6.3
acceptance (clean-room)	Verify isolated source snapshot	2026-10-07T13:47:23.7323535Z    Compiling tempfile v3.27.0
acceptance (clean-room)	Verify isolated source snapshot	2026-10-07T13:47:23.7382178Z     Checking icu_locale_core v2.2.0
acceptance (clean-room)	Verify isolated source snapshot	2026-10-07T13:47:23.7824316Z    Compiling petgraph v0.7.1
acceptance (clean-room)	Verify isolated source snapshot	2026-10-07T13:47:23.9614125Z     Checking tinyvec v1.12.0
acceptance (clean-room)	Verify isolated source snapshot	2026-10-07T13:47:24.1726971Z     Checking rand_core v0.6.4
acceptance (clean-room)	Verify isolated source snapshot	2026-10-07T13:47:24.1953482Z    Compiling regex v1.13.1
acceptance (clean-room)	Verify isolated source snapshot	2026-10-07T13:47:24.4583614Z     Checking potential_utf v0.1.5
acceptance (clean-room)	Verify isolated source snapshot	2026-10-07T13:47:24.5012624Z     Checking zerotrie v0.2.4
acceptance (clean-room)	Verify isolated source snapshot	2026-10-07T13:47:24.6334079Z    Compiling itertools v0.13.0
acceptance (clean-room)	Verify isolated source snapshot	2026-10-07T13:47:24.7171358Z    Compiling indexmap v1.9.3
acceptance (clean-room)	Verify isolated source snapshot	2026-10-07T13:47:24.8034072Z    Compiling icu_properties_data v2.2.0
acceptance (clean-room)	Verify isolated source snapshot	2026-10-07T13:47:24.8063456Z    Compiling multimap v0.10.1
acceptance (clean-room)	Verify isolated source snapshot	2026-10-07T13:47:24.8743719Z     Checking utf8_iter v1.0.4
acceptance (clean-room)	Verify isolated source snapshot	2026-10-07T13:47:24.8813618Z    Compiling icu_normalizer_data v2.2.0
acceptance (clean-room)	Verify isolated source snapshot	2026-10-07T13:47:24.9642064Z     Checking icu_collections v2.2.0
acceptance (clean-room)	Verify isolated source snapshot	2026-10-07T13:47:25.0153840Z    Compiling prost-build v0.13.5
acceptance (clean-room)	Verify isolated source snapshot	2026-10-07T13:47:25.2174652Z     Checking icu_provider v2.2.0
acceptance (clean-room)	Verify isolated source snapshot	2026-10-07T13:47:25.3677546Z     Checking ppv-lite86 v0.2.21
acceptance (clean-room)	Verify isolated source snapshot	2026-10-07T13:47:25.5823854Z     Checking rand_chacha v0.3.1
acceptance (clean-room)	Verify isolated source snapshot	2026-10-07T13:47:25.6304289Z    Compiling pbjson-build v0.7.0
acceptance (clean-room)	Verify isolated source snapshot	2026-10-07T13:47:25.6749271Z     Checking unicode-normalization v0.1.25
acceptance (clean-room)	Verify isolated source snapshot	2026-10-07T13:47:25.6880196Z     Checking chacha20 v0.10.2
acceptance (clean-room)	Verify isolated source snapshot	2026-10-07T13:47:25.7992517Z     Checking quantos-core v0.1.0 (/tmp/quantos-f01-ye81K4/workspace/crates/quantos-core)
acceptance (clean-room)	Verify isolated source snapshot	2026-10-07T13:47:25.8354106Z    Compiling pin-project-internal v1.1.13
acceptance (clean-room)	Verify isolated source snapshot	2026-10-07T13:47:25.9015664Z     Checking unicode-bidi v0.3.18
acceptance (clean-room)	Verify isolated source snapshot	2026-10-07T13:47:26.0843692Z     Checking unicode-properties v0.1.4
acceptance (clean-room)	Verify isolated source snapshot	2026-10-07T13:47:26.1464396Z    Compiling parking_lot_core v0.9.12
acceptance (clean-room)	Verify isolated source snapshot	2026-10-07T13:47:26.1759612Z     Checking ryu v1.0.23
acceptance (clean-room)	Verify isolated source snapshot	2026-10-07T13:47:26.1877708Z    Compiling openssl v0.10.81
acceptance (clean-room)	Verify isolated source snapshot	2026-10-07T13:47:26.2414054Z     Checking foreign-types-shared v0.1.1
acceptance (clean-room)	Verify isolated source snapshot	2026-10-07T13:47:26.2505257Z     Checking hashbrown v0.12.3
acceptance (clean-room)	Verify isolated source snapshot	2026-10-07T13:47:26.2649202Z     Checking mime v0.3.17
acceptance (clean-room)	Verify isolated source snapshot	2026-10-07T13:47:26.3004299Z     Checking foreign-types v0.3.2
acceptance (clean-room)	Verify isolated source snapshot	2026-10-07T13:47:26.3316751Z     Checking serde_urlencoded v0.7.1
acceptance (clean-room)	Verify isolated source snapshot	2026-10-07T13:47:26.3603775Z     Checking axum-core v0.4.5
acceptance (clean-room)	Verify isolated source snapshot	2026-10-07T13:47:26.4464139Z     Checking stringprep v0.1.5
acceptance (clean-room)	Verify isolated source snapshot	2026-10-07T13:47:26.5178144Z    Compiling pbjson-types v0.7.0
acceptance (clean-room)	Verify isolated source snapshot	2026-10-07T13:47:26.5223846Z     Checking pin-project v1.1.13
acceptance (clean-room)	Verify isolated source snapshot	2026-10-07T13:47:26.5473581Z     Checking rand v0.10.2
acceptance (clean-room)	Verify isolated source snapshot	2026-10-07T13:47:26.8063821Z     Checking rand v0.8.7
acceptance (clean-room)	Verify isolated source snapshot	2026-10-07T13:47:26.9393732Z     Checking sha2 v0.11.0
acceptance (clean-room)	Verify isolated source snapshot	2026-10-07T13:47:26.9773764Z     Checking md-5 v0.11.0
acceptance (clean-room)	Verify isolated source snapshot	2026-10-07T13:47:27.0403424Z     Checking hmac v0.13.0
acceptance (clean-room)	Verify isolated source snapshot	2026-10-07T13:47:27.2133826Z    Compiling async-stream-impl v0.3.6
acceptance (clean-room)	Verify isolated source snapshot	2026-10-07T13:47:27.3613408Z    Compiling openssl-macros v0.1.1
acceptance (clean-room)	Verify isolated source snapshot	2026-10-07T13:47:27.3904126Z     Checking serde_path_to_error v0.1.20
acceptance (clean-room)	Verify isolated source snapshot	2026-10-07T13:47:27.5089876Z     Checking scopeguard v1.2.0
acceptance (clean-room)	Verify isolated source snapshot	2026-10-07T13:47:27.5118452Z     Checking fallible-iterator v0.2.0
acceptance (clean-room)	Verify isolated source snapshot	2026-10-07T13:47:27.5433689Z     Checking siphasher v1.0.3
acceptance (clean-room)	Verify isolated source snapshot	2026-10-07T13:47:27.5556707Z     Checking matchit v0.7.3
acceptance (clean-room)	Verify isolated source snapshot	2026-10-07T13:47:27.5684060Z     Checking byteorder v1.5.0
acceptance (clean-room)	Verify isolated source snapshot	2026-10-07T13:47:27.6313849Z     Checking base64 v0.21.7
acceptance (clean-room)	Verify isolated source snapshot	2026-10-07T13:47:27.6743772Z     Checking axum v0.7.9
acceptance (clean-room)	Verify isolated source snapshot	2026-10-07T13:47:27.6804191Z     Checking phf_shared v0.13.1
acceptance (clean-room)	Verify isolated source snapshot	2026-10-07T13:47:27.7003471Z     Checking postgres-protocol v0.6.12
acceptance (clean-room)	Verify isolated source snapshot	2026-10-07T13:47:27.7823603Z     Checking pbjson v0.7.0
acceptance (clean-room)	Verify isolated source snapshot	2026-10-07T13:47:27.7913589Z     Checking lock_api v0.4.14
acceptance (clean-room)	Verify isolated source snapshot	2026-10-07T13:47:27.9023728Z     Checking async-stream v0.3.6
acceptance (clean-room)	Verify isolated source snapshot	2026-10-07T13:47:27.9165829Z     Checking tower v0.4.13
acceptance (clean-room)	Verify isolated source snapshot	2026-10-07T13:47:27.9430120Z     Checking icu_properties v2.2.0
acceptance (clean-room)	Verify isolated source snapshot	2026-10-07T13:47:28.5444151Z     Checking icu_normalizer v2.2.0
acceptance (clean-room)	Verify isolated source snapshot	2026-10-07T13:47:28.7164450Z     Checking hyper-timeout v0.5.2
acceptance (clean-room)	Verify isolated source snapshot	2026-10-07T13:47:28.7333566Z     Checking tokio-stream v0.1.19
acceptance (clean-room)	Verify isolated source snapshot	2026-10-07T13:47:28.8033940Z     Checking socket2 v0.5.10
acceptance (clean-room)	Verify isolated source snapshot	2026-10-07T13:47:28.9583520Z     Checking parking_lot v0.12.5
acceptance (clean-room)	Verify isolated source snapshot	2026-10-07T13:47:28.9633491Z     Checking idna_adapter v1.2.2
acceptance (clean-room)	Verify isolated source snapshot	2026-10-07T13:47:29.0543584Z     Checking postgres-types v0.2.14
acceptance (clean-room)	Verify isolated source snapshot	2026-10-07T13:47:29.2302631Z     Checking phf v0.13.1
acceptance (clean-room)	Verify isolated source snapshot	2026-10-07T13:47:29.2993400Z     Checking whoami v2.1.2
acceptance (clean-room)	Verify isolated source snapshot	2026-10-07T13:47:29.3933483Z     Checking tokio-postgres v0.7.18
acceptance (clean-room)	Verify isolated source snapshot	2026-10-07T13:47:29.6453749Z     Checking idna v1.1.0
acceptance (clean-room)	Verify isolated source snapshot	2026-10-07T13:47:29.7687970Z    Compiling cmake v0.1.58
acceptance (clean-room)	Verify isolated source snapshot	2026-10-07T13:47:29.9644151Z    Compiling dunce v1.0.5
acceptance (clean-room)	Verify isolated source snapshot	2026-10-07T13:47:29.9943854Z     Checking openssl-probe v0.2.1
acceptance (clean-room)	Verify isolated source snapshot	2026-10-07T13:47:30.0293918Z    Compiling fs_extra v1.3.0
acceptance (clean-room)	Verify isolated source snapshot	2026-10-07T13:47:30.0534091Z     Checking tonic v0.12.3
acceptance (clean-room)	Verify isolated source snapshot	2026-10-07T13:47:30.1643657Z     Checking url v2.5.8
acceptance (clean-room)	Verify isolated source snapshot	2026-10-07T13:47:30.1692884Z    Compiling aws-lc-sys v0.44.0
acceptance (clean-room)	Verify isolated source snapshot	2026-10-07T13:47:30.3944749Z    Compiling native-tls v0.2.18
acceptance (clean-room)	Verify isolated source snapshot	2026-10-07T13:47:30.3993601Z     Checking postgres v0.19.14
acceptance (clean-room)	Verify isolated source snapshot	2026-10-07T13:47:30.4783525Z    Compiling aws-lc-rs v1.18.0
acceptance (clean-room)	Verify isolated source snapshot	2026-10-07T13:47:30.5203448Z     Checking zeroize v1.9.0
acceptance (clean-room)	Verify isolated source snapshot	2026-10-07T13:47:30.5913446Z     Checking rustls-pki-types v1.15.1
acceptance (clean-room)	Verify isolated source snapshot	2026-10-07T13:47:30.6693672Z     Checking tokio-native-tls v0.3.1
acceptance (clean-room)	Verify isolated source snapshot	2026-10-07T13:47:30.7363762Z     Checking postgres-native-tls v0.5.3
acceptance (clean-room)	Verify isolated source snapshot	2026-10-07T13:47:30.7463468Z    Compiling rustls v0.23.45
acceptance (clean-room)	Verify isolated source snapshot	2026-10-07T13:47:30.7894457Z     Checking untrusted v0.9.0
acceptance (clean-room)	Verify isolated source snapshot	2026-10-07T13:47:30.8033767Z     Checking rustls-native-certs v0.8.4
acceptance (clean-room)	Verify isolated source snapshot	2026-10-07T13:47:30.8293657Z     Checking tower-http v0.6.11
acceptance (clean-room)	Verify isolated source snapshot	2026-10-07T13:47:30.8494125Z    Compiling tokio-openssl v0.6.5
acceptance (clean-room)	Verify isolated source snapshot	2026-10-07T13:47:30.9129088Z     Checking quantos-proto v0.1.0 (/tmp/quantos-f01-ye81K4/workspace/crates/quantos-proto)
acceptance (clean-room)	Verify isolated source snapshot	2026-10-07T13:47:30.9999991Z     Checking postgres-openssl v0.5.3
acceptance (clean-room)	Verify isolated source snapshot	2026-10-07T13:47:31.0466774Z     Checking hmac v0.12.1
acceptance (clean-room)	Verify isolated source snapshot	2026-10-07T13:47:31.0681380Z     Checking quantos-policy v0.1.0 (/tmp/quantos-f01-ye81K4/workspace/crates/quantos-policy)
acceptance (clean-room)	Verify isolated source snapshot	2026-10-07T13:47:31.1843723Z     Checking quantos-event v0.1.0 (/tmp/quantos-f01-ye81K4/workspace/crates/quantos-event)
acceptance (clean-room)	Verify isolated source snapshot	2026-10-07T13:47:31.7220345Z     Checking quantos-portfolio v0.1.0 (/tmp/quantos-f01-ye81K4/workspace/crates/quantos-portfolio)
acceptance (clean-room)	Verify isolated source snapshot	2026-10-07T13:47:32.1523967Z     Checking utf8parse v0.2.2
acceptance (clean-room)	Verify isolated source snapshot	2026-10-07T13:47:32.1837503Z     Checking anstyle-parse v1.0.0
acceptance (clean-room)	Verify isolated source snapshot	2026-10-07T13:47:32.2434159Z     Checking is_terminal_polyfill v1.70.2
acceptance (clean-room)	Verify isolated source snapshot	2026-10-07T13:47:32.2463611Z     Checking anstyle-query v1.1.5
acceptance (clean-room)	Verify isolated source snapshot	2026-10-07T13:47:32.2667177Z     Checking colorchoice v1.0.5
acceptance (clean-room)	Verify isolated source snapshot	2026-10-07T13:47:32.2688071Z     Checking anstyle v1.0.14
acceptance (clean-room)	Verify isolated source snapshot	2026-10-07T13:47:32.2920579Z     Checking strsim v0.11.1
acceptance (clean-room)	Verify isolated source snapshot	2026-10-07T13:47:32.3401849Z     Checking anstream v1.0.0
acceptance (clean-room)	Verify isolated source snapshot	2026-10-07T13:47:32.3584237Z     Checking clap_lex v1.1.0
acceptance (clean-room)	Verify isolated source snapshot	2026-10-07T13:47:32.4111339Z    Compiling clap_derive v4.6.4
acceptance (clean-room)	Verify isolated source snapshot	2026-10-07T13:47:32.4173981Z     Checking clap_builder v4.6.2
acceptance (clean-room)	Verify isolated source snapshot	2026-10-07T13:47:32.5744032Z     Checking quantos-engine-manager v0.1.0 (/tmp/quantos-f01-ye81K4/workspace/crates/quantos-engine-manager)
acceptance (clean-room)	Verify isolated source snapshot	2026-10-07T13:47:33.2349189Z     Checking aho-corasick v1.1.4
acceptance (clean-room)	Verify isolated source snapshot	2026-10-07T13:47:33.2786040Z     Checking clap v4.6.4
acceptance (clean-room)	Verify isolated source snapshot	2026-10-07T13:47:33.4398527Z     Checking quantos-market v0.1.0 (/tmp/quantos-f01-ye81K4/workspace/crates/quantos-market)
acceptance (clean-room)	Verify isolated source snapshot	2026-10-07T13:47:34.3488805Z     Checking quantos-testkit v0.1.0 (/tmp/quantos-f01-ye81K4/workspace/crates/quantos-testkit)
acceptance (clean-room)	Verify isolated source snapshot	2026-10-07T13:47:34.5713497Z     Checking quantos-proto-json-codegen v0.1.0 (/tmp/quantos-f01-ye81K4/workspace/tools/proto-json-codegen)
acceptance (clean-room)	Verify isolated source snapshot	2026-10-07T13:47:49.9064271Z     Checking rustls-webpki v0.103.14
acceptance (clean-room)	Verify isolated source snapshot	2026-10-07T13:47:51.2881482Z     Checking tokio-rustls v0.26.4
acceptance (clean-room)	Verify isolated source snapshot	2026-10-07T13:47:51.2881924Z     Checking rustls-platform-verifier v0.7.0
acceptance (clean-room)	Verify isolated source snapshot	2026-10-07T13:47:51.3653490Z     Checking hyper-rustls v0.27.9
acceptance (clean-room)	Verify isolated source snapshot	2026-10-07T13:47:51.4189337Z     Checking reqwest v0.13.4
acceptance (clean-room)	Verify isolated source snapshot	2026-10-07T13:47:51.7792171Z     Checking quantos-storage v0.1.0 (/tmp/quantos-f01-ye81K4/workspace/crates/quantos-storage)
acceptance (clean-room)	Verify isolated source snapshot	2026-10-07T13:47:51.7793042Z     Checking quantos-auth v0.1.0 (/tmp/quantos-f01-ye81K4/workspace/crates/quantos-auth)
acceptance (clean-room)	Verify isolated source snapshot	2026-10-07T13:47:52.4396751Z     Checking quantos-runtime v0.1.0 (/tmp/quantos-f01-ye81K4/workspace/crates/quantos-runtime)
acceptance (clean-room)	Verify isolated source snapshot	2026-10-07T13:47:52.4397781Z     Checking quantos-strategy v0.1.0 (/tmp/quantos-f01-ye81K4/workspace/crates/quantos-strategy)
acceptance (clean-room)	Verify isolated source snapshot	2026-10-07T13:47:53.1511802Z     Checking quantos-risk v0.1.0 (/tmp/quantos-f01-ye81K4/workspace/crates/quantos-risk)
acceptance (clean-room)	Verify isolated source snapshot	2026-10-07T13:47:53.9487155Z     Checking quantos-observability v0.1.0 (/tmp/quantos-f01-ye81K4/workspace/crates/quantos-observability)
acceptance (clean-room)	Verify isolated source snapshot	2026-10-07T13:47:53.9488151Z     Checking quantos-execution v0.1.0 (/tmp/quantos-f01-ye81K4/workspace/crates/quantos-execution)
acceptance (clean-room)	Verify isolated source snapshot	2026-10-07T13:47:54.7351925Z     Checking bff-gateway v0.1.0 (/tmp/quantos-f01-ye81K4/workspace/services/bff-gateway)
acceptance (clean-room)	Verify isolated source snapshot	2026-10-07T13:47:54.9373958Z     Checking execution-gateway v0.1.0 (/tmp/quantos-f01-ye81K4/workspace/services/execution-gateway)
acceptance (clean-room)	Verify isolated source snapshot	2026-10-07T13:47:55.1943852Z     Checking quantos-reconcile v0.1.0 (/tmp/quantos-f01-ye81K4/workspace/crates/quantos-reconcile)
acceptance (clean-room)	Verify isolated source snapshot	2026-10-07T13:47:55.2936978Z     Checking quantos-evidence v0.1.0 (/tmp/quantos-f01-ye81K4/workspace/crates/quantos-evidence)
acceptance (clean-room)	Verify isolated source snapshot	2026-10-07T13:47:55.6763701Z     Checking market-ingestor v0.1.0 (/tmp/quantos-f01-ye81K4/workspace/services/market-ingestor)
acceptance (clean-room)	Verify isolated source snapshot	2026-10-07T13:47:56.1784322Z     Checking runtime-gateway v0.1.0 (/tmp/quantos-f01-ye81K4/workspace/services/runtime-gateway)
acceptance (clean-room)	Verify isolated source snapshot	2026-10-07T13:47:56.9483800Z     Checking replay-cli v0.1.0 (/tmp/quantos-f01-ye81K4/workspace/services/replay-cli)
acceptance (clean-room)	Verify isolated source snapshot	2026-10-07T13:47:57.1274196Z     Checking capacity-monitor v0.1.0 (/tmp/quantos-f01-ye81K4/workspace/services/capacity-monitor)
acceptance (clean-room)	Verify isolated source snapshot	2026-10-07T13:47:57.1973872Z     Checking portfolio-rebuild v0.1.0 (/tmp/quantos-f01-ye81K4/workspace/services/portfolio-rebuild)
acceptance (clean-room)	Verify isolated source snapshot	2026-10-07T13:47:57.7672765Z     Finished `dev` profile [unoptimized + debuginfo] target(s) in 48.01s
acceptance (clean-room)	Verify isolated source snapshot	2026-10-07T13:47:57.7971629Z uv run --locked --project engines --all-packages ruff check . --extend-exclude third_party/vibe-trading/upstream-src
acceptance (clean-room)	Verify isolated source snapshot	2026-10-07T13:47:57.8441911Z docs/audit/evidence/execution-docs-relocation-20261007/verify-relocation.py:2:1: E401 [*] Multiple imports on one line
acceptance (clean-room)	Verify isolated source snapshot	2026-10-07T13:47:57.8442744Z   |
acceptance (clean-room)	Verify isolated source snapshot	2026-10-07T13:47:57.8443009Z 1 | from pathlib import Path
acceptance (clean-room)	Verify isolated source snapshot	2026-10-07T13:47:57.8443376Z 2 | import subprocess,json,re,hashlib,os,posixpath
acceptance (clean-room)	Verify isolated source snapshot	2026-10-07T13:47:57.8443734Z   | ^^^^^^^^^^^^^^^^^^^^^^^^^^^^^^^^^^^^^^^^^^^^^^ E401
acceptance (clean-room)	Verify isolated source snapshot	2026-10-07T13:47:57.8444781Z 3 | root=Path.cwd();e=root/'docs/audit/evidence/execution-docs-relocation-20261007';rows=json.loads((e/'migration-map.json').read_text()); …
acceptance (clean-room)	Verify isolated source snapshot	2026-10-07T13:47:57.8445426Z 4 | def check(name,ok,**details):
acceptance (clean-room)	Verify isolated source snapshot	2026-10-07T13:47:57.8445660Z   |
acceptance (clean-room)	Verify isolated source snapshot	2026-10-07T13:47:57.8445846Z   = help: Split imports
acceptance (clean-room)	Verify isolated source snapshot	2026-10-07T13:47:57.8445982Z 
acceptance (clean-room)	Verify isolated source snapshot	2026-10-07T13:47:57.8446524Z docs/audit/evidence/execution-docs-relocation-20261007/verify-relocation.py:3:16: E702 Multiple statements on one line (semicolon)
acceptance (clean-room)	Verify isolated source snapshot	2026-10-07T13:47:57.8447079Z   |
acceptance (clean-room)	Verify isolated source snapshot	2026-10-07T13:47:57.8447268Z 1 | from pathlib import Path
acceptance (clean-room)	Verify isolated source snapshot	2026-10-07T13:47:57.8447584Z 2 | import subprocess,json,re,hashlib,os,posixpath
acceptance (clean-room)	Verify isolated source snapshot	2026-10-07T13:47:57.8448389Z 3 | root=Path.cwd();e=root/'docs/audit/evidence/execution-docs-relocation-20261007';rows=json.loads((e/'migration-map.json').read_text()); …
acceptance (clean-room)	Verify isolated source snapshot	2026-10-07T13:47:57.8448907Z   |                ^ E702
acceptance (clean-room)	Verify isolated source snapshot	2026-10-07T13:47:57.8449162Z 4 | def check(name,ok,**details):
acceptance (clean-room)	Verify isolated source snapshot	2026-10-07T13:47:57.8449770Z 5 |  checks.append(dict(name=name,status='PASS' if ok else 'FAIL',**details));assert ok,(name,details)
acceptance (clean-room)	Verify isolated source snapshot	2026-10-07T13:47:57.8450160Z   |
acceptance (clean-room)	Verify isolated source snapshot	2026-10-07T13:47:57.8450256Z 
acceptance (clean-room)	Verify isolated source snapshot	2026-10-07T13:47:57.8450748Z docs/audit/evidence/execution-docs-relocation-20261007/verify-relocation.py:3:80: E702 Multiple statements on one line (semicolon)
acceptance (clean-room)	Verify isolated source snapshot	2026-10-07T13:47:57.8451263Z   |
acceptance (clean-room)	Verify isolated source snapshot	2026-10-07T13:47:57.8451443Z 1 | from pathlib import Path
acceptance (clean-room)	Verify isolated source snapshot	2026-10-07T13:47:57.8451740Z 2 | import subprocess,json,re,hashlib,os,posixpath
acceptance (clean-room)	Verify isolated source snapshot	2026-10-07T13:47:57.8452711Z 3 | root=Path.cwd();e=root/'docs/audit/evidence/execution-docs-relocation-20261007';rows=json.loads((e/'migration-map.json').read_text()); …
acceptance (clean-room)	Verify isolated source snapshot	2026-10-07T13:47:57.8453316Z   |                                                                                ^ E702
acceptance (clean-room)	Verify isolated source snapshot	2026-10-07T13:47:57.8453639Z 4 | def check(name,ok,**details):
acceptance (clean-room)	Verify isolated source snapshot	2026-10-07T13:47:57.8454344Z 5 |  checks.append(dict(name=name,status='PASS' if ok else 'FAIL',**details));assert ok,(name,details)
acceptance (clean-room)	Verify isolated source snapshot	2026-10-07T13:47:57.8454754Z   |
acceptance (clean-room)	Verify isolated source snapshot	2026-10-07T13:47:57.8454844Z 
acceptance (clean-room)	Verify isolated source snapshot	2026-10-07T13:47:57.8455328Z docs/audit/evidence/execution-docs-relocation-20261007/verify-relocation.py:3:134: E702 Multiple statements on one line (semicolon)
acceptance (clean-room)	Verify isolated source snapshot	2026-10-07T13:47:57.8455831Z   |
acceptance (clean-room)	Verify isolated source snapshot	2026-10-07T13:47:57.8456017Z 1 | …
acceptance (clean-room)	Verify isolated source snapshot	2026-10-07T13:47:57.8456190Z 2 | …
acceptance (clean-room)	Verify isolated source snapshot	2026-10-07T13:47:57.8457068Z 3 | …-20261007';rows=json.loads((e/'migration-map.json').read_text()); mapping={r['oldPath']:r['newPath'] for r in rows};checks=[]
acceptance (clean-room)	Verify isolated source snapshot	2026-10-07T13:47:57.8457605Z   |                                                                  ^ E702
acceptance (clean-room)	Verify isolated source snapshot	2026-10-07T13:47:57.8457958Z 4 | …
acceptance (clean-room)	Verify isolated source snapshot	2026-10-07T13:47:57.8458120Z 5 | …ls));assert ok,(name,details)
acceptance (clean-room)	Verify isolated source snapshot	2026-10-07T13:47:57.8458260Z   |
acceptance (clean-room)	Verify isolated source snapshot	2026-10-07T13:47:57.8458318Z 
acceptance (clean-room)	Verify isolated source snapshot	2026-10-07T13:47:57.8458618Z docs/audit/evidence/execution-docs-relocation-20261007/verify-relocation.py:3:185: E702 Multiple statements on one line (semicolon)
acceptance (clean-room)	Verify isolated source snapshot	2026-10-07T13:47:57.8458944Z   |
acceptance (clean-room)	Verify isolated source snapshot	2026-10-07T13:47:57.8459047Z 1 | …
acceptance (clean-room)	Verify isolated source snapshot	2026-10-07T13:47:57.8459160Z 2 | …
acceptance (clean-room)	Verify isolated source snapshot	2026-10-07T13:47:57.8459412Z 3 | ….read_text()); mapping={r['oldPath']:r['newPath'] for r in rows};checks=[]
acceptance (clean-room)	Verify isolated source snapshot	2026-10-07T13:47:57.8459664Z   |                                                                  ^ E702
acceptance (clean-room)	Verify isolated source snapshot	2026-10-07T13:47:57.8459834Z 4 | …
acceptance (clean-room)	Verify isolated source snapshot	2026-10-07T13:47:57.8459980Z 5 | …
acceptance (clean-room)	Verify isolated source snapshot	2026-10-07T13:47:57.8460138Z   |
acceptance (clean-room)	Verify isolated source snapshot	2026-10-07T13:47:57.8460226Z 
acceptance (clean-room)	Verify isolated source snapshot	2026-10-07T13:47:57.8460746Z docs/audit/evidence/execution-docs-relocation-20261007/verify-relocation.py:5:74: E702 Multiple statements on one line (semicolon)
acceptance (clean-room)	Verify isolated source snapshot	2026-10-07T13:47:57.8461281Z   |
acceptance (clean-room)	Verify isolated source snapshot	2026-10-07T13:47:57.8461709Z 3 | root=Path.cwd();e=root/'docs/audit/evidence/execution-docs-relocation-20261007';rows=json.loads((e/'migration-map.json').read_text()); …
acceptance (clean-room)	Verify isolated source snapshot	2026-10-07T13:47:57.8462228Z 4 | def check(name,ok,**details):
acceptance (clean-room)	Verify isolated source snapshot	2026-10-07T13:47:57.8462830Z 5 |  checks.append(dict(name=name,status='PASS' if ok else 'FAIL',**details));assert ok,(name,details)
acceptance (clean-room)	Verify isolated source snapshot	2026-10-07T13:47:57.8463316Z   |                                                                          ^ E702
acceptance (clean-room)	Verify isolated source snapshot	2026-10-07T13:47:57.8463908Z 6 | def original(p):return subprocess.check_output(['git','show','375019f964f375f9767b4d03a85523a141fa3f0d:'+p])
acceptance (clean-room)	Verify isolated source snapshot	2026-10-07T13:47:57.8464412Z 7 | link=re.compile(r'(!?\[[^\]\n]*\]\()([^\s)]*)(\))')
acceptance (clean-room)	Verify isolated source snapshot	2026-10-07T13:47:57.8464659Z   |
acceptance (clean-room)	Verify isolated source snapshot	2026-10-07T13:47:57.8464748Z 
acceptance (clean-room)	Verify isolated source snapshot	2026-10-07T13:47:57.8465248Z docs/audit/evidence/execution-docs-relocation-20261007/verify-relocation.py:10:32: E701 Multiple statements on one line (colon)
acceptance (clean-room)	Verify isolated source snapshot	2026-10-07T13:47:57.8465766Z    |
acceptance (clean-room)	Verify isolated source snapshot	2026-10-07T13:47:57.8465944Z  8 | def normalize(text):
acceptance (clean-room)	Verify isolated source snapshot	2026-10-07T13:47:57.8466241Z  9 |  text=link.sub(lambda m:m[1]+'<destination>'+m[3],text)
acceptance (clean-room)	Verify isolated source snapshot	2026-10-07T13:47:57.8466641Z 10 |  for old,new in mapping.items():text=text.replace(new,old)
acceptance (clean-room)	Verify isolated source snapshot	2026-10-07T13:47:57.8466961Z    |                                ^ E701
acceptance (clean-room)	Verify isolated source snapshot	2026-10-07T13:47:57.8467203Z 11 |  return text
acceptance (clean-room)	Verify isolated source snapshot	2026-10-07T13:47:57.8467399Z 12 | for row in rows:
acceptance (clean-room)	Verify isolated source snapshot	2026-10-07T13:47:57.8467588Z    |
acceptance (clean-room)	Verify isolated source snapshot	2026-10-07T13:47:57.8467681Z 
acceptance (clean-room)	Verify isolated source snapshot	2026-10-07T13:47:57.8468200Z docs/audit/evidence/execution-docs-relocation-20261007/verify-relocation.py:13:23: E702 Multiple statements on one line (semicolon)
acceptance (clean-room)	Verify isolated source snapshot	2026-10-07T13:47:57.8468746Z    |
acceptance (clean-room)	Verify isolated source snapshot	2026-10-07T13:47:57.8468935Z 11 |  return text
acceptance (clean-room)	Verify isolated source snapshot	2026-10-07T13:47:57.8469136Z 12 | for row in rows:
acceptance (clean-room)	Verify isolated source snapshot	2026-10-07T13:47:57.8469524Z 13 |  p=root/row['newPath'];old=original(row['oldPath']);new=p.read_bytes()
acceptance (clean-room)	Verify isolated source snapshot	2026-10-07T13:47:57.8469893Z    |                       ^ E702
acceptance (clean-room)	Verify isolated source snapshot	2026-10-07T13:47:57.8470348Z 14 |  check(row['newPath']+':location',p.is_file() and not (root/row['oldPath']).exists())
acceptance (clean-room)	Verify isolated source snapshot	2026-10-07T13:47:57.8471161Z 15 |  check(row['newPath']+':sha',row['beforeSha256']=='sha256:'+hashlib.sha256(old).hexdigest() and row['afterSha256']=='sha256:'+hashlib.…
acceptance (clean-room)	Verify isolated source snapshot	2026-10-07T13:47:57.8471618Z    |
acceptance (clean-room)	Verify isolated source snapshot	2026-10-07T13:47:57.8471678Z 
acceptance (clean-room)	Verify isolated source snapshot	2026-10-07T13:47:57.8472098Z docs/audit/evidence/execution-docs-relocation-20261007/verify-relocation.py:13:52: E702 Multiple statements on one line (semicolon)
acceptance (clean-room)	Verify isolated source snapshot	2026-10-07T13:47:57.8472802Z    |
acceptance (clean-room)	Verify isolated source snapshot	2026-10-07T13:47:57.8472910Z 11 |  return text
acceptance (clean-room)	Verify isolated source snapshot	2026-10-07T13:47:57.8473035Z 12 | for row in rows:
acceptance (clean-room)	Verify isolated source snapshot	2026-10-07T13:47:57.8473260Z 13 |  p=root/row['newPath'];old=original(row['oldPath']);new=p.read_bytes()
acceptance (clean-room)	Verify isolated source snapshot	2026-10-07T13:47:57.8473531Z    |                                                    ^ E702
acceptance (clean-room)	Verify isolated source snapshot	2026-10-07T13:47:57.8473818Z 14 |  check(row['newPath']+':location',p.is_file() and not (root/row['oldPath']).exists())
acceptance (clean-room)	Verify isolated source snapshot	2026-10-07T13:47:57.8474321Z 15 |  check(row['newPath']+':sha',row['beforeSha256']=='sha256:'+hashlib.sha256(old).hexdigest() and row['afterSha256']=='sha256:'+hashlib.…
acceptance (clean-room)	Verify isolated source snapshot	2026-10-07T13:47:57.8474646Z    |
acceptance (clean-room)	Verify isolated source snapshot	2026-10-07T13:47:57.8474814Z 
acceptance (clean-room)	Verify isolated source snapshot	2026-10-07T13:47:57.8475105Z docs/audit/evidence/execution-docs-relocation-20261007/verify-relocation.py:19:70: E701 Multiple statements on one line (colon)
acceptance (clean-room)	Verify isolated source snapshot	2026-10-07T13:47:57.8475421Z    |
acceptance (clean-room)	Verify isolated source snapshot	2026-10-07T13:47:57.8475563Z 17 |  for m in link.finditer(old.decode()):
acceptance (clean-room)	Verify isolated source snapshot	2026-10-07T13:47:57.8475719Z 18 |   url=m[2]
acceptance (clean-room)	Verify isolated source snapshot	2026-10-07T13:47:57.8475953Z 19 |   if not url or url.startswith(('#','/')) or re.match(r'[a-z]+:',url):continue
acceptance (clean-room)	Verify isolated source snapshot	2026-10-07T13:47:57.8476210Z    |                                                                      ^ E701
acceptance (clean-room)	Verify isolated source snapshot	2026-10-07T13:47:57.8476670Z 20 |   dest,sep,anchor=url.partition('#');oldTarget=posixpath.normpath(posixpath.join(posixpath.dirname(row['oldPath']),dest));newTarget=ma…
acceptance (clean-room)	Verify isolated source snapshot	2026-10-07T13:47:57.8477007Z 21 |   prefix=m[1]
acceptance (clean-room)	Verify isolated source snapshot	2026-10-07T13:47:57.8477121Z    |
acceptance (clean-room)	Verify isolated source snapshot	2026-10-07T13:47:57.8477179Z 
acceptance (clean-room)	Verify isolated source snapshot	2026-10-07T13:47:57.8477469Z docs/audit/evidence/execution-docs-relocation-20261007/verify-relocation.py:20:37: E702 Multiple statements on one line (semicolon)
acceptance (clean-room)	Verify isolated source snapshot	2026-10-07T13:47:57.8477784Z    |
acceptance (clean-room)	Verify isolated source snapshot	2026-10-07T13:47:57.8477891Z 18 |   url=m[2]
acceptance (clean-room)	Verify isolated source snapshot	2026-10-07T13:47:57.8478109Z 19 |   if not url or url.startswith(('#','/')) or re.match(r'[a-z]+:',url):continue
acceptance (clean-room)	Verify isolated source snapshot	2026-10-07T13:47:57.8478592Z 20 |   dest,sep,anchor=url.partition('#');oldTarget=posixpath.normpath(posixpath.join(posixpath.dirname(row['oldPath']),dest));newTarget=ma…
acceptance (clean-room)	Verify isolated source snapshot	2026-10-07T13:47:57.8478940Z    |                                     ^ E702
acceptance (clean-room)	Verify isolated source snapshot	2026-10-07T13:47:57.8479122Z 21 |   prefix=m[1]
acceptance (clean-room)	Verify isolated source snapshot	2026-10-07T13:47:57.8479365Z 22 |   for oldPath,newPath in mapping.items():prefix=prefix.replace(oldPath,newPath)
acceptance (clean-room)	Verify isolated source snapshot	2026-10-07T13:47:57.8479588Z    |
acceptance (clean-room)	Verify isolated source snapshot	2026-10-07T13:47:57.8479647Z 
acceptance (clean-room)	Verify isolated source snapshot	2026-10-07T13:47:57.8479943Z docs/audit/evidence/execution-docs-relocation-20261007/verify-relocation.py:20:122: E702 Multiple statements on one line (semicolon)
acceptance (clean-room)	Verify isolated source snapshot	2026-10-07T13:47:57.8480262Z    |
acceptance (clean-room)	Verify isolated source snapshot	2026-10-07T13:47:57.8480364Z 18 |   url=m[2]
acceptance (clean-room)	Verify isolated source snapshot	2026-10-07T13:47:57.8480579Z 19 |   if not url or url.startswith(('#','/')) or re.match(r'[a-z]+:',url):continue
acceptance (clean-room)	Verify isolated source snapshot	2026-10-07T13:47:57.8481060Z 20 |   dest,sep,anchor=url.partition('#');oldTarget=posixpath.normpath(posixpath.join(posixpath.dirname(row['oldPath']),dest));newTarget=ma…
acceptance (clean-room)	Verify isolated source snapshot	2026-10-07T13:47:57.8481685Z    |                                                                                                                          ^ E702
acceptance (clean-room)	Verify isolated source snapshot	2026-10-07T13:47:57.8481923Z 21 |   prefix=m[1]
acceptance (clean-room)	Verify isolated source snapshot	2026-10-07T13:47:57.8482170Z 22 |   for oldPath,newPath in mapping.items():prefix=prefix.replace(oldPath,newPath)
acceptance (clean-room)	Verify isolated source snapshot	2026-10-07T13:47:57.8482548Z    |
acceptance (clean-room)	Verify isolated source snapshot	2026-10-07T13:47:57.8482608Z 
acceptance (clean-room)	Verify isolated source snapshot	2026-10-07T13:47:57.8482901Z docs/audit/evidence/execution-docs-relocation-20261007/verify-relocation.py:20:165: E702 Multiple statements on one line (semicolon)
acceptance (clean-room)	Verify isolated source snapshot	2026-10-07T13:47:57.8483214Z    |
acceptance (clean-room)	Verify isolated source snapshot	2026-10-07T13:47:57.8483326Z 18 | …
acceptance (clean-room)	Verify isolated source snapshot	2026-10-07T13:47:57.8483436Z 19 | …
acceptance (clean-room)	Verify isolated source snapshot	2026-10-07T13:47:57.8483857Z 20 | …w['oldPath']),dest));newTarget=mapping.get(oldTarget,oldTarget);relative=posixpath.relpath(newTarget,posixpath.dirname(row['newPath']…
acceptance (clean-room)	Verify isolated source snapshot	2026-10-07T13:47:57.8484228Z    |                                                                 ^ E702
acceptance (clean-room)	Verify isolated source snapshot	2026-10-07T13:47:57.8484403Z 21 | …
acceptance (clean-room)	Verify isolated source snapshot	2026-10-07T13:47:57.8484512Z 22 | …
acceptance (clean-room)	Verify isolated source snapshot	2026-10-07T13:47:57.8484615Z    |
acceptance (clean-room)	Verify isolated source snapshot	2026-10-07T13:47:57.8484672Z 
acceptance (clean-room)	Verify isolated source snapshot	2026-10-07T13:47:57.8484962Z docs/audit/evidence/execution-docs-relocation-20261007/verify-relocation.py:20:237: E702 Multiple statements on one line (semicolon)
acceptance (clean-room)	Verify isolated source snapshot	2026-10-07T13:47:57.8485391Z    |
acceptance (clean-room)	Verify isolated source snapshot	2026-10-07T13:47:57.8485497Z 18 | …
acceptance (clean-room)	Verify isolated source snapshot	2026-10-07T13:47:57.8485602Z 19 | …
acceptance (clean-room)	Verify isolated source snapshot	2026-10-07T13:47:57.8485997Z 20 | …=posixpath.relpath(newTarget,posixpath.dirname(row['newPath']));expected=relative if relative.startswith('.') else './'+relative
acceptance (clean-room)	Verify isolated source snapshot	2026-10-07T13:47:57.8486360Z    |                                                                 ^ E702
acceptance (clean-room)	Verify isolated source snapshot	2026-10-07T13:47:57.8486537Z 21 | …
acceptance (clean-room)	Verify isolated source snapshot	2026-10-07T13:47:57.8486646Z 22 | …
acceptance (clean-room)	Verify isolated source snapshot	2026-10-07T13:47:57.8486747Z    |
acceptance (clean-room)	Verify isolated source snapshot	2026-10-07T13:47:57.8486851Z 
acceptance (clean-room)	Verify isolated source snapshot	2026-10-07T13:47:57.8487176Z docs/audit/evidence/execution-docs-relocation-20261007/verify-relocation.py:22:41: E701 Multiple statements on one line (colon)
acceptance (clean-room)	Verify isolated source snapshot	2026-10-07T13:47:57.8487588Z    |
acceptance (clean-room)	Verify isolated source snapshot	2026-10-07T13:47:57.8487967Z 20 |   dest,sep,anchor=url.partition('#');oldTarget=posixpath.normpath(posixpath.join(posixpath.dirname(row['oldPath']),dest));newTarget=ma…
acceptance (clean-room)	Verify isolated source snapshot	2026-10-07T13:47:57.8488294Z 21 |   prefix=m[1]
acceptance (clean-room)	Verify isolated source snapshot	2026-10-07T13:47:57.8488540Z 22 |   for oldPath,newPath in mapping.items():prefix=prefix.replace(oldPath,newPath)
acceptance (clean-room)	Verify isolated source snapshot	2026-10-07T13:47:57.8488795Z    |                                         ^ E701
acceptance (clean-room)	Verify isolated source snapshot	2026-10-07T13:47:57.8489129Z 23 |   check(row['newPath']+':link',prefix+expected+(sep+anchor if sep else '')+m[3] in new.decode(),oldUrl=url)
acceptance (clean-room)	Verify isolated source snapshot	2026-10-07T13:47:57.8489671Z 24 | tracked=subprocess.check_output(['git','ls-tree','-r','--name-only','375019f964f375f9767b4d03a85523a141fa3f0d'],text=True).splitlines(…
acceptance (clean-room)	Verify isolated source snapshot	2026-10-07T13:47:57.8489978Z    |
acceptance (clean-room)	Verify isolated source snapshot	2026-10-07T13:47:57.8490037Z 
acceptance (clean-room)	Verify isolated source snapshot	2026-10-07T13:47:57.8490332Z docs/audit/evidence/execution-docs-relocation-20261007/verify-relocation.py:24:136: E702 Multiple statements on one line (semicolon)
acceptance (clean-room)	Verify isolated source snapshot	2026-10-07T13:47:57.8490652Z    |
acceptance (clean-room)	Verify isolated source snapshot	2026-10-07T13:47:57.8490779Z 22 | …ewPath)
acceptance (clean-room)	Verify isolated source snapshot	2026-10-07T13:47:57.8490960Z 23 | …')+m[3] in new.decode(),oldUrl=url)
acceptance (clean-room)	Verify isolated source snapshot	2026-10-07T13:47:57.8491424Z 24 | …019f964f375f9767b4d03a85523a141fa3f0d'],text=True).splitlines();changed=subprocess.check_output(['git','diff','375019f964f375f9767b4d…
acceptance (clean-room)	Verify isolated source snapshot	2026-10-07T13:47:57.8491784Z    |                                                                 ^ E702
acceptance (clean-room)	Verify isolated source snapshot	2026-10-07T13:47:57.8492075Z 25 | …cal if p not in allowed),files=len(historical)-len(allowed))
acceptance (clean-room)	Verify isolated source snapshot	2026-10-07T13:47:57.8492447Z 26 | …=original('.gitleaksignore'))
acceptance (clean-room)	Verify isolated source snapshot	2026-10-07T13:47:57.8492653Z    |
acceptance (clean-room)	Verify isolated source snapshot	2026-10-07T13:47:57.8492711Z 
acceptance (clean-room)	Verify isolated source snapshot	2026-10-07T13:47:57.8493005Z docs/audit/evidence/execution-docs-relocation-20261007/verify-relocation.py:24:264: E702 Multiple statements on one line (semicolon)
acceptance (clean-room)	Verify isolated source snapshot	2026-10-07T13:47:57.8493321Z    |
acceptance (clean-room)	Verify isolated source snapshot	2026-10-07T13:47:57.8493426Z 22 | …
acceptance (clean-room)	Verify isolated source snapshot	2026-10-07T13:47:57.8493533Z 23 | …
acceptance (clean-room)	Verify isolated source snapshot	2026-10-07T13:47:57.8493941Z 24 | …67b4d03a85523a141fa3f0d','--name-only'],text=True).splitlines();historical=[p for p in tracked if p.startswith(('docs/audit/','docs/g…
acceptance (clean-room)	Verify isolated source snapshot	2026-10-07T13:47:57.8494301Z    |                                                                 ^ E702
acceptance (clean-room)	Verify isolated source snapshot	2026-10-07T13:47:57.8494471Z 25 | …
acceptance (clean-room)	Verify isolated source snapshot	2026-10-07T13:47:57.8494579Z 26 | …
acceptance (clean-room)	Verify isolated source snapshot	2026-10-07T13:47:57.8494679Z    |
acceptance (clean-room)	Verify isolated source snapshot	2026-10-07T13:47:57.8494738Z 
acceptance (clean-room)	Verify isolated source snapshot	2026-10-07T13:47:57.8495029Z docs/audit/evidence/execution-docs-relocation-20261007/verify-relocation.py:24:350: E702 Multiple statements on one line (semicolon)
acceptance (clean-room)	Verify isolated source snapshot	2026-10-07T13:47:57.8495348Z    |
acceptance (clean-room)	Verify isolated source snapshot	2026-10-07T13:47:57.8495453Z 22 | …
acceptance (clean-room)	Verify isolated source snapshot	2026-10-07T13:47:57.8495557Z 23 | …
acceptance (clean-room)	Verify isolated source snapshot	2026-10-07T13:47:57.8495963Z 24 | … tracked if p.startswith(('docs/audit/','docs/gate-records/'))];allowed={'docs/gate-records/G0-current-scope-confirmations.json','doc…
acceptance (clean-room)	Verify isolated source snapshot	2026-10-07T13:47:57.8496328Z    |                                                                 ^ E702
acceptance (clean-room)	Verify isolated source snapshot	2026-10-07T13:47:57.8496499Z 25 | …
acceptance (clean-room)	Verify isolated source snapshot	2026-10-07T13:47:57.8496605Z 26 | …
acceptance (clean-room)	Verify isolated source snapshot	2026-10-07T13:47:57.8496705Z    |
acceptance (clean-room)	Verify isolated source snapshot	2026-10-07T13:47:57.8496759Z 
acceptance (clean-room)	Verify isolated source snapshot	2026-10-07T13:47:57.8497050Z docs/audit/evidence/execution-docs-relocation-20261007/verify-relocation.py:29:121: E701 Multiple statements on one line (colon)
acceptance (clean-room)	Verify isolated source snapshot	2026-10-07T13:47:57.8497362Z    |
acceptance (clean-room)	Verify isolated source snapshot	2026-10-07T13:47:57.8497466Z 27 | stale=[]
acceptance (clean-room)	Verify isolated source snapshot	2026-10-07T13:47:57.8497589Z 28 | for p in tracked:
acceptance (clean-room)	Verify isolated source snapshot	2026-10-07T13:47:57.8497940Z 29 |  if p=='.gitleaksignore' or p.startswith(('docs/audit/','docs/gate-records/')) or p in mapping or not (root/p).is_file():continue
acceptance (clean-room)	Verify isolated source snapshot	2026-10-07T13:47:57.8498453Z    |                                                                                                                         ^ E701
acceptance (clean-room)	Verify isolated source snapshot	2026-10-07T13:47:57.8498686Z 30 |  try:text=(root/p).read_text()
acceptance (clean-room)	Verify isolated source snapshot	2026-10-07T13:47:57.8498861Z 31 |  except UnicodeError:continue
acceptance (clean-room)	Verify isolated source snapshot	2026-10-07T13:47:57.8499003Z    |
acceptance (clean-room)	Verify isolated source snapshot	2026-10-07T13:47:57.8499057Z 
acceptance (clean-room)	Verify isolated source snapshot	2026-10-07T13:47:57.8499345Z docs/audit/evidence/execution-docs-relocation-20261007/verify-relocation.py:30:5: E701 Multiple statements on one line (colon)
acceptance (clean-room)	Verify isolated source snapshot	2026-10-07T13:47:57.8499655Z    |
acceptance (clean-room)	Verify isolated source snapshot	2026-10-07T13:47:57.8499770Z 28 | for p in tracked:
acceptance (clean-room)	Verify isolated source snapshot	2026-10-07T13:47:57.8500111Z 29 |  if p=='.gitleaksignore' or p.startswith(('docs/audit/','docs/gate-records/')) or p in mapping or not (root/p).is_file():continue
acceptance (clean-room)	Verify isolated source snapshot	2026-10-07T13:47:57.8500576Z 30 |  try:text=(root/p).read_text()
acceptance (clean-room)	Verify isolated source snapshot	2026-10-07T13:47:57.8500726Z    |     ^ E701
acceptance (clean-room)	Verify isolated source snapshot	2026-10-07T13:47:57.8500867Z 31 |  except UnicodeError:continue
acceptance (clean-room)	Verify isolated source snapshot	2026-10-07T13:47:57.8501024Z 32 |  for old in mapping:
acceptance (clean-room)	Verify isolated source snapshot	2026-10-07T13:47:57.8501154Z    |
acceptance (clean-room)	Verify isolated source snapshot	2026-10-07T13:47:57.8501211Z 
acceptance (clean-room)	Verify isolated source snapshot	2026-10-07T13:47:57.8501502Z docs/audit/evidence/execution-docs-relocation-20261007/verify-relocation.py:31:21: E701 Multiple statements on one line (colon)
acceptance (clean-room)	Verify isolated source snapshot	2026-10-07T13:47:57.8501818Z    |
acceptance (clean-room)	Verify isolated source snapshot	2026-10-07T13:47:57.8502140Z 29 |  if p=='.gitleaksignore' or p.startswith(('docs/audit/','docs/gate-records/')) or p in mapping or not (root/p).is_file():continue
acceptance (clean-room)	Verify isolated source snapshot	2026-10-07T13:47:57.8502665Z 30 |  try:text=(root/p).read_text()
acceptance (clean-room)	Verify isolated source snapshot	2026-10-07T13:47:57.8502935Z 31 |  except UnicodeError:continue
acceptance (clean-room)	Verify isolated source snapshot	2026-10-07T13:47:57.8503121Z    |                     ^ E701
acceptance (clean-room)	Verify isolated source snapshot	2026-10-07T13:47:57.8503269Z 32 |  for old in mapping:
acceptance (clean-room)	Verify isolated source snapshot	2026-10-07T13:47:57.8503478Z 33 |   if old in text:stale.append({'file':p,'reference':old})
acceptance (clean-room)	Verify isolated source snapshot	2026-10-07T13:47:57.8503667Z    |
acceptance (clean-room)	Verify isolated source snapshot	2026-10-07T13:47:57.8503725Z 
acceptance (clean-room)	Verify isolated source snapshot	2026-10-07T13:47:57.8504017Z docs/audit/evidence/execution-docs-relocation-20261007/verify-relocation.py:33:17: E701 Multiple statements on one line (colon)
acceptance (clean-room)	Verify isolated source snapshot	2026-10-07T13:47:57.8504341Z    |
acceptance (clean-room)	Verify isolated source snapshot	2026-10-07T13:47:57.8504481Z 31 |  except UnicodeError:continue
acceptance (clean-room)	Verify isolated source snapshot	2026-10-07T13:47:57.8504648Z 32 |  for old in mapping:
acceptance (clean-room)	Verify isolated source snapshot	2026-10-07T13:47:57.8504856Z 33 |   if old in text:stale.append({'file':p,'reference':old})
acceptance (clean-room)	Verify isolated source snapshot	2026-10-07T13:47:57.8505061Z    |                 ^ E701
acceptance (clean-room)	Verify isolated source snapshot	2026-10-07T13:47:57.8505301Z 34 | check('active-root-literals-removed',not stale,stale=stale)
acceptance (clean-room)	Verify isolated source snapshot	2026-10-07T13:47:57.8505750Z 35 | for p in ['docs/SumAlpha-QuantOS-Development-Plan.md','docs/SumAlpha-QuantOS-Frontend-Development-Execution-Plan.md']:
acceptance (clean-room)	Verify isolated source snapshot	2026-10-07T13:47:57.8506077Z    |
acceptance (clean-room)	Verify isolated source snapshot	2026-10-07T13:47:57.8506134Z 
acceptance (clean-room)	Verify isolated source snapshot	2026-10-07T13:47:57.8506451Z docs/audit/evidence/execution-docs-relocation-20261007/verify-relocation.py:36:29: E702 Multiple statements on one line (semicolon)
acceptance (clean-room)	Verify isolated source snapshot	2026-10-07T13:47:57.8506771Z    |
acceptance (clean-room)	Verify isolated source snapshot	2026-10-07T13:47:57.8506966Z 34 | check('active-root-literals-removed',not stale,stale=stale)
acceptance (clean-room)	Verify isolated source snapshot	2026-10-07T13:47:57.8507400Z 35 | for p in ['docs/SumAlpha-QuantOS-Development-Plan.md','docs/SumAlpha-QuantOS-Frontend-Development-Execution-Plan.md']:
acceptance (clean-room)	Verify isolated source snapshot	2026-10-07T13:47:57.8507790Z 36 |  before=original(p).decode();after=(root/p).read_text()
acceptance (clean-room)	Verify isolated source snapshot	2026-10-07T13:47:57.8507998Z    |                             ^ E702
acceptance (clean-room)	Verify isolated source snapshot	2026-10-07T13:47:57.8508378Z 37 |  oldCheckpoints=[{k:v for k,v in json.loads(m[1]).items() if k!='stage_gate'} for m in re.finditer(r'```json\s*([\s\S]*?)```',before)]
acceptance (clean-room)	Verify isolated source snapshot	2026-10-07T13:47:57.8508887Z 38 |  newCheckpoints=[{k:v for k,v in json.loads(m[1]).items() if k!='stage_gate'} for m in re.finditer(r'```json\s*([\s\S]*?)```',after)]
acceptance (clean-room)	Verify isolated source snapshot	2026-10-07T13:47:57.8509174Z    |
acceptance (clean-room)	Verify isolated source snapshot	2026-10-07T13:47:57.8509230Z 
acceptance (clean-room)	Verify isolated source snapshot	2026-10-07T13:47:57.8509601Z docs/audit/evidence/execution-docs-relocation-20261007/verify-relocation.py:43:59: E702 Multiple statements on one line (semicolon)
acceptance (clean-room)	Verify isolated source snapshot	2026-10-07T13:47:57.8519177Z    |
acceptance (clean-room)	Verify isolated source snapshot	2026-10-07T13:47:57.8519403Z 41 |   pattern=re.compile(r'^- '+field+r':.*$',re.M)
acceptance (clean-room)	Verify isolated source snapshot	2026-10-07T13:47:57.8519695Z 42 |   check(p+':'+field,pattern.findall(before)==pattern.findall(after))
acceptance (clean-room)	Verify isolated source snapshot	2026-10-07T13:47:57.8520199Z 43 |  stages=re.findall(r'^- stage_gate: (\{.*\})$',after,re.M); stages.extend([json.dumps(x['stage_gate']) for m in re.finditer(r'```json\…
acceptance (clean-room)	Verify isolated source snapshot	2026-10-07T13:47:57.8520691Z    |                                                           ^ E702
acceptance (clean-room)	Verify isolated source snapshot	2026-10-07T13:47:57.8521045Z 44 |  check(p+':stages-reset',all(json.loads(g)['status']=='NOT_ASSESSED' for g in stages),count=len(stages))
acceptance (clean-room)	Verify isolated source snapshot	2026-10-07T13:47:57.8521549Z 45 | for p in list(mapping.values())+['docs/execution/README.md','docs/audit/Execution-document-organization-2026-10-07.md']:
acceptance (clean-room)	Verify isolated source snapshot	2026-10-07T13:47:57.8521863Z    |
acceptance (clean-room)	Verify isolated source snapshot	2026-10-07T13:47:57.8521926Z 
acceptance (clean-room)	Verify isolated source snapshot	2026-10-07T13:47:57.8522229Z docs/audit/evidence/execution-docs-relocation-20261007/verify-relocation.py:48:70: E701 Multiple statements on one line (colon)
acceptance (clean-room)	Verify isolated source snapshot	2026-10-07T13:47:57.8522775Z    |
acceptance (clean-room)	Verify isolated source snapshot	2026-10-07T13:47:57.8522938Z 46 |  for m in link.finditer((root/p).read_text()):
acceptance (clean-room)	Verify isolated source snapshot	2026-10-07T13:47:57.8523115Z 47 |   url=m[2]
acceptance (clean-room)	Verify isolated source snapshot	2026-10-07T13:47:57.8523342Z 48 |   if not url or url.startswith(('#','/')) or re.match(r'[a-z]+:',url):continue
acceptance (clean-room)	Verify isolated source snapshot	2026-10-07T13:47:57.8523608Z    |                                                                      ^ E701
acceptance (clean-room)	Verify isolated source snapshot	2026-10-07T13:47:57.8523915Z 49 |   check(p+':target', (root/p).parent.joinpath(url.split('#')[0]).exists(),url=url)
acceptance (clean-room)	Verify isolated source snapshot	2026-10-07T13:47:57.8524443Z 50 | field=root/'docs/execution/PRE-04-field-dictionary.md';before=field.read_bytes();env=os.environ.copy();env['PATH']='/private/tmp/quant…
acceptance (clean-room)	Verify isolated source snapshot	2026-10-07T13:47:57.8524768Z    |
acceptance (clean-room)	Verify isolated source snapshot	2026-10-07T13:47:57.8524829Z 
acceptance (clean-room)	Verify isolated source snapshot	2026-10-07T13:47:57.8525130Z docs/audit/evidence/execution-docs-relocation-20261007/verify-relocation.py:50:55: E702 Multiple statements on one line (semicolon)
acceptance (clean-room)	Verify isolated source snapshot	2026-10-07T13:47:57.8525453Z    |
acceptance (clean-room)	Verify isolated source snapshot	2026-10-07T13:47:57.8525665Z 48 |   if not url or url.startswith(('#','/')) or re.match(r'[a-z]+:',url):continue
acceptance (clean-room)	Verify isolated source snapshot	2026-10-07T13:47:57.8526002Z 49 |   check(p+':target', (root/p).parent.joinpath(url.split('#')[0]).exists(),url=url)
acceptance (clean-room)	Verify isolated source snapshot	2026-10-07T13:47:57.8526504Z 50 | field=root/'docs/execution/PRE-04-field-dictionary.md';before=field.read_bytes();env=os.environ.copy();env['PATH']='/private/tmp/quant…
acceptance (clean-room)	Verify isolated source snapshot	2026-10-07T13:47:57.8526869Z    |                                                       ^ E702
acceptance (clean-room)	Verify isolated source snapshot	2026-10-07T13:47:57.8527196Z 51 | check('negative-tests-final', 'fail 0' in (e/'logs/negative-tests-final.log').read_text())
acceptance (clean-room)	Verify isolated source snapshot	2026-10-07T13:47:57.8527728Z 52 | (e/'relocation-verification.json').write_text(json.dumps({'status':'PASS','sourceCommit':'375019f964f375f9767b4d03a85523a141fa3f0d','c…
acceptance (clean-room)	Verify isolated source snapshot	2026-10-07T13:47:57.8528046Z    |
acceptance (clean-room)	Verify isolated source snapshot	2026-10-07T13:47:57.8528109Z 
acceptance (clean-room)	Verify isolated source snapshot	2026-10-07T13:47:57.8528409Z docs/audit/evidence/execution-docs-relocation-20261007/verify-relocation.py:50:81: E702 Multiple statements on one line (semicolon)
acceptance (clean-room)	Verify isolated source snapshot	2026-10-07T13:47:57.8528731Z    |
acceptance (clean-room)	Verify isolated source snapshot	2026-10-07T13:47:57.8528945Z 48 |   if not url or url.startswith(('#','/')) or re.match(r'[a-z]+:',url):continue
acceptance (clean-room)	Verify isolated source snapshot	2026-10-07T13:47:57.8529292Z 49 |   check(p+':target', (root/p).parent.joinpath(url.split('#')[0]).exists(),url=url)
acceptance (clean-room)	Verify isolated source snapshot	2026-10-07T13:47:57.8529820Z 50 | field=root/'docs/execution/PRE-04-field-dictionary.md';before=field.read_bytes();env=os.environ.copy();env['PATH']='/private/tmp/quant…
acceptance (clean-room)	Verify isolated source snapshot	2026-10-07T13:47:57.8530218Z    |                                                                                 ^ E702
acceptance (clean-room)	Verify isolated source snapshot	2026-10-07T13:47:57.8530561Z 51 | check('negative-tests-final', 'fail 0' in (e/'logs/negative-tests-final.log').read_text())
acceptance (clean-room)	Verify isolated source snapshot	2026-10-07T13:47:57.8531100Z 52 | (e/'relocation-verification.json').write_text(json.dumps({'status':'PASS','sourceCommit':'375019f964f375f9767b4d03a85523a141fa3f0d','c…
acceptance (clean-room)	Verify isolated source snapshot	2026-10-07T13:47:57.8531434Z    |
acceptance (clean-room)	Verify isolated source snapshot	2026-10-07T13:47:57.8531494Z 
acceptance (clean-room)	Verify isolated source snapshot	2026-10-07T13:47:57.8531808Z docs/audit/evidence/execution-docs-relocation-20261007/verify-relocation.py:50:103: E702 Multiple statements on one line (semicolon)
acceptance (clean-room)	Verify isolated source snapshot	2026-10-07T13:47:57.8532137Z    |
acceptance (clean-room)	Verify isolated source snapshot	2026-10-07T13:47:57.8532493Z 48 |   if not url or url.startswith(('#','/')) or re.match(r'[a-z]+:',url):continue
acceptance (clean-room)	Verify isolated source snapshot	2026-10-07T13:47:57.8532823Z 49 |   check(p+':target', (root/p).parent.joinpath(url.split('#')[0]).exists(),url=url)
acceptance (clean-room)	Verify isolated source snapshot	2026-10-07T13:47:57.8533324Z 50 | field=root/'docs/execution/PRE-04-field-dictionary.md';before=field.read_bytes();env=os.environ.copy();env['PATH']='/private/tmp/quant…
acceptance (clean-room)	Verify isolated source snapshot	2026-10-07T13:47:57.8533835Z    |                                                                                                       ^ E702
acceptance (clean-room)	Verify isolated source snapshot	2026-10-07T13:47:57.8534179Z 51 | check('negative-tests-final', 'fail 0' in (e/'logs/negative-tests-final.log').read_text())
acceptance (clean-room)	Verify isolated source snapshot	2026-10-07T13:47:57.8534702Z 52 | (e/'relocation-verification.json').write_text(json.dumps({'status':'PASS','sourceCommit':'375019f964f375f9767b4d03a85523a141fa3f0d','c…
acceptance (clean-room)	Verify isolated source snapshot	2026-10-07T13:47:57.8535028Z    |
acceptance (clean-room)	Verify isolated source snapshot	2026-10-07T13:47:57.8535091Z 
acceptance (clean-room)	Verify isolated source snapshot	2026-10-07T13:47:57.8535391Z docs/audit/evidence/execution-docs-relocation-20261007/verify-relocation.py:50:219: E702 Multiple statements on one line (semicolon)
acceptance (clean-room)	Verify isolated source snapshot	2026-10-07T13:47:57.8535803Z    |
acceptance (clean-room)	Verify isolated source snapshot	2026-10-07T13:47:57.8535912Z 48 | …
acceptance (clean-room)	Verify isolated source snapshot	2026-10-07T13:47:57.8536025Z 49 | …
acceptance (clean-room)	Verify isolated source snapshot	2026-10-07T13:47:57.8536444Z 50 | …-bin:/Users/anray/.nvm/versions/node/v24.12.0/bin:'+env['PATH'];r=subprocess.run(['pnpm','generate:pre04-fields'],env=env,stdout=subp…
acceptance (clean-room)	Verify isolated source snapshot	2026-10-07T13:47:57.8536851Z    |                                                                 ^ E702
acceptance (clean-room)	Verify isolated source snapshot	2026-10-07T13:47:57.8537042Z 51 | …
acceptance (clean-room)	Verify isolated source snapshot	2026-10-07T13:47:57.8537202Z 52 | …_ascii=False,indent=2)+'\n')
acceptance (clean-room)	Verify isolated source snapshot	2026-10-07T13:47:57.8537353Z    |
acceptance (clean-room)	Verify isolated source snapshot	2026-10-07T13:47:57.8537409Z 
acceptance (clean-room)	Verify isolated source snapshot	2026-10-07T13:47:57.8537710Z docs/audit/evidence/execution-docs-relocation-20261007/verify-relocation.py:50:336: E702 Multiple statements on one line (semicolon)
acceptance (clean-room)	Verify isolated source snapshot	2026-10-07T13:47:57.8538030Z    |
acceptance (clean-room)	Verify isolated source snapshot	2026-10-07T13:47:57.8538142Z 48 | …
acceptance (clean-room)	Verify isolated source snapshot	2026-10-07T13:47:57.8538252Z 49 | …
acceptance (clean-room)	Verify isolated source snapshot	2026-10-07T13:47:57.8538677Z 50 | …=env,stdout=subprocess.PIPE,stderr=subprocess.STDOUT,text=True);(e/'logs/generator.log').write_text(r.stdout);check('field-generator-…
acceptance (clean-room)	Verify isolated source snapshot	2026-10-07T13:47:57.8539052Z    |                                                                 ^ E702
acceptance (clean-room)	Verify isolated source snapshot	2026-10-07T13:47:57.8539233Z 51 | …
acceptance (clean-room)	Verify isolated source snapshot	2026-10-07T13:47:57.8539341Z 52 | …
acceptance (clean-room)	Verify isolated source snapshot	2026-10-07T13:47:57.8539448Z    |
acceptance (clean-room)	Verify isolated source snapshot	2026-10-07T13:47:57.8539504Z 
acceptance (clean-room)	Verify isolated source snapshot	2026-10-07T13:47:57.8539802Z docs/audit/evidence/execution-docs-relocation-20261007/verify-relocation.py:50:382: E702 Multiple statements on one line (semicolon)
acceptance (clean-room)	Verify isolated source snapshot	2026-10-07T13:47:57.8540125Z    |
acceptance (clean-room)	Verify isolated source snapshot	2026-10-07T13:47:57.8540235Z 48 | …
acceptance (clean-room)	Verify isolated source snapshot	2026-10-07T13:47:57.8540344Z 49 | …
acceptance (clean-room)	Verify isolated source snapshot	2026-10-07T13:47:57.8540762Z 50 | …STDOUT,text=True);(e/'logs/generator.log').write_text(r.stdout);check('field-generator-idempotent',r.returncode==0 and before==field.…
acceptance (clean-room)	Verify isolated source snapshot	2026-10-07T13:47:57.8541140Z    |                                                                 ^ E702
acceptance (clean-room)	Verify isolated source snapshot	2026-10-07T13:47:57.8541314Z 51 | …
acceptance (clean-room)	Verify isolated source snapshot	2026-10-07T13:47:57.8541421Z 52 | …
acceptance (clean-room)	Verify isolated source snapshot	2026-10-07T13:47:57.8541528Z    |
acceptance (clean-room)	Verify isolated source snapshot	2026-10-07T13:47:57.8541585Z 
acceptance (clean-room)	Verify isolated source snapshot	2026-10-07T13:47:57.8541890Z docs/audit/evidence/execution-docs-relocation-round2-20261007/verify-relocation.py:2:1: E401 [*] Multiple imports on one line
acceptance (clean-room)	Verify isolated source snapshot	2026-10-07T13:47:57.8542216Z   |
acceptance (clean-room)	Verify isolated source snapshot	2026-10-07T13:47:57.8542469Z 1 | from pathlib import Path
acceptance (clean-room)	Verify isolated source snapshot	2026-10-07T13:47:57.8542673Z 2 | import re,posixpath,subprocess,json,hashlib
acceptance (clean-room)	Verify isolated source snapshot	2026-10-07T13:47:57.8542888Z   | ^^^^^^^^^^^^^^^^^^^^^^^^^^^^^^^^^^^^^^^^^^^ E401
acceptance (clean-room)	Verify isolated source snapshot	2026-10-07T13:47:57.8543349Z 3 | root=Path.cwd();e=root/'docs/audit/evidence/execution-docs-relocation-round2-20261007';migration=json.loads((e/'migration-map.json').re…
acceptance (clean-room)	Verify isolated source snapshot	2026-10-07T13:47:57.8543816Z 4 | def original(p):return subprocess.check_output(['git','show',source+':'+p])
acceptance (clean-room)	Verify isolated source snapshot	2026-10-07T13:47:57.8544041Z   |
acceptance (clean-room)	Verify isolated source snapshot	2026-10-07T13:47:57.8544155Z   = help: Split imports
acceptance (clean-room)	Verify isolated source snapshot	2026-10-07T13:47:57.8544240Z 
acceptance (clean-room)	Verify isolated source snapshot	2026-10-07T13:47:57.8544554Z docs/audit/evidence/execution-docs-relocation-round2-20261007/verify-relocation.py:3:16: E702 Multiple statements on one line (semicolon)
acceptance (clean-room)	Verify isolated source snapshot	2026-10-07T13:47:57.8544898Z   |
acceptance (clean-room)	Verify isolated source snapshot	2026-10-07T13:47:57.8545019Z 1 | from pathlib import Path
acceptance (clean-room)	Verify isolated source snapshot	2026-10-07T13:47:57.8545211Z 2 | import re,posixpath,subprocess,json,hashlib
acceptance (clean-room)	Verify isolated source snapshot	2026-10-07T13:47:57.8545674Z 3 | root=Path.cwd();e=root/'docs/audit/evidence/execution-docs-relocation-round2-20261007';migration=json.loads((e/'migration-map.json').re…
acceptance (clean-room)	Verify isolated source snapshot	2026-10-07T13:47:57.8546024Z   |                ^ E702
acceptance (clean-room)	Verify isolated source snapshot	2026-10-07T13:47:57.8546264Z 4 | def original(p):return subprocess.check_output(['git','show',source+':'+p])
acceptance (clean-room)	Verify isolated source snapshot	2026-10-07T13:47:57.8546515Z 5 | def check(name,ok,**detail):
acceptance (clean-room)	Verify isolated source snapshot	2026-10-07T13:47:57.8546765Z   |
acceptance (clean-room)	Verify isolated source snapshot	2026-10-07T13:47:57.8546825Z 
acceptance (clean-room)	Verify isolated source snapshot	2026-10-07T13:47:57.8547144Z docs/audit/evidence/execution-docs-relocation-round2-20261007/verify-relocation.py:3:87: E702 Multiple statements on one line (semicolon)
acceptance (clean-room)	Verify isolated source snapshot	2026-10-07T13:47:57.8547488Z   |
acceptance (clean-room)	Verify isolated source snapshot	2026-10-07T13:47:57.8547611Z 1 | from pathlib import Path
acceptance (clean-room)	Verify isolated source snapshot	2026-10-07T13:47:57.8547804Z 2 | import re,posixpath,subprocess,json,hashlib
acceptance (clean-room)	Verify isolated source snapshot	2026-10-07T13:47:57.8548275Z 3 | root=Path.cwd();e=root/'docs/audit/evidence/execution-docs-relocation-round2-20261007';migration=json.loads((e/'migration-map.json').re…
acceptance (clean-room)	Verify isolated source snapshot	2026-10-07T13:47:57.8548694Z   |                                                                                       ^ E702
acceptance (clean-room)	Verify isolated source snapshot	2026-10-07T13:47:57.8549086Z 4 | def original(p):return subprocess.check_output(['git','show',source+':'+p])
acceptance (clean-room)	Verify isolated source snapshot	2026-10-07T13:47:57.8549335Z 5 | def check(name,ok,**detail):
acceptance (clean-room)	Verify isolated source snapshot	2026-10-07T13:47:57.8549471Z   |
acceptance (clean-room)	Verify isolated source snapshot	2026-10-07T13:47:57.8549528Z 
acceptance (clean-room)	Verify isolated source snapshot	2026-10-07T13:47:57.8549841Z docs/audit/evidence/execution-docs-relocation-round2-20261007/verify-relocation.py:3:146: E702 Multiple statements on one line (semicolon)
acceptance (clean-room)	Verify isolated source snapshot	2026-10-07T13:47:57.8550179Z   |
acceptance (clean-room)	Verify isolated source snapshot	2026-10-07T13:47:57.8550284Z 1 | …
acceptance (clean-room)	Verify isolated source snapshot	2026-10-07T13:47:57.8550394Z 2 | …
acceptance (clean-room)	Verify isolated source snapshot	2026-10-07T13:47:57.8550801Z 3 | …1007';migration=json.loads((e/'migration-map.json').read_text());source=migration['sourceCommit'];rows=migration['files'];mapping={r['…
acceptance (clean-room)	Verify isolated source snapshot	2026-10-07T13:47:57.8551163Z   |                                                                  ^ E702
acceptance (clean-room)	Verify isolated source snapshot	2026-10-07T13:47:57.8551334Z 4 | …
acceptance (clean-room)	Verify isolated source snapshot	2026-10-07T13:47:57.8551440Z 5 | …
acceptance (clean-room)	Verify isolated source snapshot	2026-10-07T13:47:57.8551546Z   |
acceptance (clean-room)	Verify isolated source snapshot	2026-10-07T13:47:57.8551602Z 
acceptance (clean-room)	Verify isolated source snapshot	2026-10-07T13:47:57.8551930Z docs/audit/evidence/execution-docs-relocation-round2-20261007/verify-relocation.py:3:179: E702 Multiple statements on one line (semicolon)
acceptance (clean-room)	Verify isolated source snapshot	2026-10-07T13:47:57.8552386Z   |
acceptance (clean-room)	Verify isolated source snapshot	2026-10-07T13:47:57.8552503Z 1 | …
acceptance (clean-room)	Verify isolated source snapshot	2026-10-07T13:47:57.8552608Z 2 | …
acceptance (clean-room)	Verify isolated source snapshot	2026-10-07T13:47:57.8553012Z 3 | …gration-map.json').read_text());source=migration['sourceCommit'];rows=migration['files'];mapping={r['oldPath']:r['newPath'] for r in r…
acceptance (clean-room)	Verify isolated source snapshot	2026-10-07T13:47:57.8553384Z   |                                                                  ^ E702
acceptance (clean-room)	Verify isolated source snapshot	2026-10-07T13:47:57.8553559Z 4 | …
acceptance (clean-room)	Verify isolated source snapshot	2026-10-07T13:47:57.8553663Z 5 | …
acceptance (clean-room)	Verify isolated source snapshot	2026-10-07T13:47:57.8553763Z   |
acceptance (clean-room)	Verify isolated source snapshot	2026-10-07T13:47:57.8553817Z 
acceptance (clean-room)	Verify isolated source snapshot	2026-10-07T13:47:57.8554141Z docs/audit/evidence/execution-docs-relocation-round2-20261007/verify-relocation.py:3:203: E702 Multiple statements on one line (semicolon)
acceptance (clean-room)	Verify isolated source snapshot	2026-10-07T13:47:57.8554482Z   |
acceptance (clean-room)	Verify isolated source snapshot	2026-10-07T13:47:57.8554592Z 1 | …
acceptance (clean-room)	Verify isolated source snapshot	2026-10-07T13:47:57.8554700Z 2 | …
acceptance (clean-room)	Verify isolated source snapshot	2026-10-07T13:47:57.8555079Z 3 | …text());source=migration['sourceCommit'];rows=migration['files'];mapping={r['oldPath']:r['newPath'] for r in rows};checks=[]
acceptance (clean-room)	Verify isolated source snapshot	2026-10-07T13:47:57.8555429Z   |                                                                  ^ E702
acceptance (clean-room)	Verify isolated source snapshot	2026-10-07T13:47:57.8555602Z 4 | …
acceptance (clean-room)	Verify isolated source snapshot	2026-10-07T13:47:57.8555710Z 5 | …
acceptance (clean-room)	Verify isolated source snapshot	2026-10-07T13:47:57.8555811Z   |
acceptance (clean-room)	Verify isolated source snapshot	2026-10-07T13:47:57.8555866Z 
acceptance (clean-room)	Verify isolated source snapshot	2026-10-07T13:47:57.8556183Z docs/audit/evidence/execution-docs-relocation-round2-20261007/verify-relocation.py:3:253: E702 Multiple statements on one line (semicolon)
acceptance (clean-room)	Verify isolated source snapshot	2026-10-07T13:47:57.8556527Z   |
acceptance (clean-room)	Verify isolated source snapshot	2026-10-07T13:47:57.8556633Z 1 | …
acceptance (clean-room)	Verify isolated source snapshot	2026-10-07T13:47:57.8556736Z 2 | …
acceptance (clean-room)	Verify isolated source snapshot	2026-10-07T13:47:57.8556991Z 3 | …ation['files'];mapping={r['oldPath']:r['newPath'] for r in rows};checks=[]
acceptance (clean-room)	Verify isolated source snapshot	2026-10-07T13:47:57.8557259Z   |                                                                  ^ E702
acceptance (clean-room)	Verify isolated source snapshot	2026-10-07T13:47:57.8557436Z 4 | …
acceptance (clean-room)	Verify isolated source snapshot	2026-10-07T13:47:57.8557547Z 5 | …
acceptance (clean-room)	Verify isolated source snapshot	2026-10-07T13:47:57.8557652Z   |
acceptance (clean-room)	Verify isolated source snapshot	2026-10-07T13:47:57.8557711Z 
acceptance (clean-room)	Verify isolated source snapshot	2026-10-07T13:47:57.8558031Z docs/audit/evidence/execution-docs-relocation-round2-20261007/verify-relocation.py:6:73: E702 Multiple statements on one line (semicolon)
acceptance (clean-room)	Verify isolated source snapshot	2026-10-07T13:47:57.8558372Z   |
acceptance (clean-room)	Verify isolated source snapshot	2026-10-07T13:47:57.8558594Z 4 | def original(p):return subprocess.check_output(['git','show',source+':'+p])
acceptance (clean-room)	Verify isolated source snapshot	2026-10-07T13:47:57.8558854Z 5 | def check(name,ok,**detail):
acceptance (clean-room)	Verify isolated source snapshot	2026-10-07T13:47:57.8559160Z 6 |  checks.append(dict(name=name,status='PASS' if ok else 'FAIL',**detail));assert ok,(name,detail)
acceptance (clean-room)	Verify isolated source snapshot	2026-10-07T13:47:57.8559571Z   |                                                                         ^ E702
acceptance (clean-room)	Verify isolated source snapshot	2026-10-07T13:47:57.8559819Z 7 | link=re.compile(r'(!?\[[^\]\n]*\]\()([^\s)]*)(\))')
acceptance (clean-room)	Verify isolated source snapshot	2026-10-07T13:47:57.8560097Z 8 | def normalize(s):return link.sub(lambda m:m[1]+'<destination>'+m[3],s)
acceptance (clean-room)	Verify isolated source snapshot	2026-10-07T13:47:57.8560297Z   |
acceptance (clean-room)	Verify isolated source snapshot	2026-10-07T13:47:57.8560360Z 
acceptance (clean-room)	Verify isolated source snapshot	2026-10-07T13:47:57.8560687Z docs/audit/evidence/execution-docs-relocation-round2-20261007/verify-relocation.py:10:21: E702 Multiple statements on one line (semicolon)
acceptance (clean-room)	Verify isolated source snapshot	2026-10-07T13:47:57.8561029Z    |
acceptance (clean-room)	Verify isolated source snapshot	2026-10-07T13:47:57.8561220Z  8 | def normalize(s):return link.sub(lambda m:m[1]+'<destination>'+m[3],s)
acceptance (clean-room)	Verify isolated source snapshot	2026-10-07T13:47:57.8561521Z  9 | for r in rows:
acceptance (clean-room)	Verify isolated source snapshot	2026-10-07T13:47:57.8561738Z 10 |  p=root/r['newPath'];old=original(r['oldPath']);new=p.read_bytes()
acceptance (clean-room)	Verify isolated source snapshot	2026-10-07T13:47:57.8561957Z    |                     ^ E702
acceptance (clean-room)	Verify isolated source snapshot	2026-10-07T13:47:57.8562208Z 11 |  check(r['newPath']+':moved',p.is_file() and not(root/r['oldPath']).exists())
acceptance (clean-room)	Verify isolated source snapshot	2026-10-07T13:47:57.8562654Z 12 |  check(r['newPath']+':body',normalize(old.decode())==normalize(new.decode()))
acceptance (clean-room)	Verify isolated source snapshot	2026-10-07T13:47:57.8562865Z    |
acceptance (clean-room)	Verify isolated source snapshot	2026-10-07T13:47:57.8562926Z 
acceptance (clean-room)	Verify isolated source snapshot	2026-10-07T13:47:57.8563244Z docs/audit/evidence/execution-docs-relocation-round2-20261007/verify-relocation.py:10:48: E702 Multiple statements on one line (semicolon)
acceptance (clean-room)	Verify isolated source snapshot	2026-10-07T13:47:57.8563579Z    |
acceptance (clean-room)	Verify isolated source snapshot	2026-10-07T13:47:57.8563762Z  8 | def normalize(s):return link.sub(lambda m:m[1]+'<destination>'+m[3],s)
acceptance (clean-room)	Verify isolated source snapshot	2026-10-07T13:47:57.8563969Z  9 | for r in rows:
acceptance (clean-room)	Verify isolated source snapshot	2026-10-07T13:47:57.8564176Z 10 |  p=root/r['newPath'];old=original(r['oldPath']);new=p.read_bytes()
acceptance (clean-room)	Verify isolated source snapshot	2026-10-07T13:47:57.8564408Z    |                                                ^ E702
acceptance (clean-room)	Verify isolated source snapshot	2026-10-07T13:47:57.8564687Z 11 |  check(r['newPath']+':moved',p.is_file() and not(root/r['oldPath']).exists())
acceptance (clean-room)	Verify isolated source snapshot	2026-10-07T13:47:57.8565021Z 12 |  check(r['newPath']+':body',normalize(old.decode())==normalize(new.decode()))
acceptance (clean-room)	Verify isolated source snapshot	2026-10-07T13:47:57.8565231Z    |
acceptance (clean-room)	Verify isolated source snapshot	2026-10-07T13:47:57.8565292Z 
acceptance (clean-room)	Verify isolated source snapshot	2026-10-07T13:47:57.8565613Z docs/audit/evidence/execution-docs-relocation-round2-20261007/verify-relocation.py:16:70: E701 Multiple statements on one line (colon)
acceptance (clean-room)	Verify isolated source snapshot	2026-10-07T13:47:57.8565940Z    |
acceptance (clean-room)	Verify isolated source snapshot	2026-10-07T13:47:57.8566085Z 14 |  for m in link.finditer(old.decode()):
acceptance (clean-room)	Verify isolated source snapshot	2026-10-07T13:47:57.8566245Z 15 |   url=m[2]
acceptance (clean-room)	Verify isolated source snapshot	2026-10-07T13:47:57.8566472Z 16 |   if not url or url.startswith(('#','/')) or re.match(r'[a-z]+:',url):continue
acceptance (clean-room)	Verify isolated source snapshot	2026-10-07T13:47:57.8566726Z    |                                                                      ^ E701
acceptance (clean-room)	Verify isolated source snapshot	2026-10-07T13:47:57.8567201Z 17 |   target,sep,anchor=url.partition('#');oldTarget=posixpath.normpath(posixpath.join(posixpath.dirname(r['oldPath']),target));newTarget=…
acceptance (clean-room)	Verify isolated source snapshot	2026-10-07T13:47:57.8567720Z 18 |   check(r['newPath']+':link-rebased',m[1]+relative+(sep+anchor if sep else '')+m[3] in new.decode(),oldUrl=url)
acceptance (clean-room)	Verify isolated source snapshot	2026-10-07T13:47:57.8567988Z    |
acceptance (clean-room)	Verify isolated source snapshot	2026-10-07T13:47:57.8568046Z 
acceptance (clean-room)	Verify isolated source snapshot	2026-10-07T13:47:57.8568359Z docs/audit/evidence/execution-docs-relocation-round2-20261007/verify-relocation.py:17:39: E702 Multiple statements on one line (semicolon)
acceptance (clean-room)	Verify isolated source snapshot	2026-10-07T13:47:57.8568688Z    |
acceptance (clean-room)	Verify isolated source snapshot	2026-10-07T13:47:57.8568792Z 15 |   url=m[2]
acceptance (clean-room)	Verify isolated source snapshot	2026-10-07T13:47:57.8569009Z 16 |   if not url or url.startswith(('#','/')) or re.match(r'[a-z]+:',url):continue
acceptance (clean-room)	Verify isolated source snapshot	2026-10-07T13:47:57.8569492Z 17 |   target,sep,anchor=url.partition('#');oldTarget=posixpath.normpath(posixpath.join(posixpath.dirname(r['oldPath']),target));newTarget=…
acceptance (clean-room)	Verify isolated source snapshot	2026-10-07T13:47:57.8569837Z    |                                       ^ E702
acceptance (clean-room)	Verify isolated source snapshot	2026-10-07T13:47:57.8570169Z 18 |   check(r['newPath']+':link-rebased',m[1]+relative+(sep+anchor if sep else '')+m[3] in new.decode(),oldUrl=url)
acceptance (clean-room)	Verify isolated source snapshot	2026-10-07T13:47:57.8570713Z 19 | tracked=subprocess.check_output(['git','ls-tree','-r','--name-only',source],text=True).splitlines();changed=subprocess.check_output(['…
acceptance (clean-room)	Verify isolated source snapshot	2026-10-07T13:47:57.8571030Z    |
acceptance (clean-room)	Verify isolated source snapshot	2026-10-07T13:47:57.8571087Z 
acceptance (clean-room)	Verify isolated source snapshot	2026-10-07T13:47:57.8571410Z docs/audit/evidence/execution-docs-relocation-round2-20261007/verify-relocation.py:17:124: E702 Multiple statements on one line (semicolon)
acceptance (clean-room)	Verify isolated source snapshot	2026-10-07T13:47:57.8571742Z    |
acceptance (clean-room)	Verify isolated source snapshot	2026-10-07T13:47:57.8571958Z 15 |   url=m[2]
acceptance (clean-room)	Verify isolated source snapshot	2026-10-07T13:47:57.8572176Z 16 |   if not url or url.startswith(('#','/')) or re.match(r'[a-z]+:',url):continue
acceptance (clean-room)	Verify isolated source snapshot	2026-10-07T13:47:57.8572798Z 17 |   target,sep,anchor=url.partition('#');oldTarget=posixpath.normpath(posixpath.join(posixpath.dirname(r['oldPath']),target));newTarget=…
acceptance (clean-room)	Verify isolated source snapshot	2026-10-07T13:47:57.8573220Z    |                                                                                                                            ^ E702
acceptance (clean-room)	Verify isolated source snapshot	2026-10-07T13:47:57.8573609Z 18 |   check(r['newPath']+':link-rebased',m[1]+relative+(sep+anchor if sep else '')+m[3] in new.decode(),oldUrl=url)
acceptance (clean-room)	Verify isolated source snapshot	2026-10-07T13:47:57.8574229Z 19 | tracked=subprocess.check_output(['git','ls-tree','-r','--name-only',source],text=True).splitlines();changed=subprocess.check_output(['…
acceptance (clean-room)	Verify isolated source snapshot	2026-10-07T13:47:57.8574545Z    |
acceptance (clean-room)	Verify isolated source snapshot	2026-10-07T13:47:57.8574600Z 
acceptance (clean-room)	Verify isolated source snapshot	2026-10-07T13:47:57.8574919Z docs/audit/evidence/execution-docs-relocation-round2-20261007/verify-relocation.py:17:167: E702 Multiple statements on one line (semicolon)
acceptance (clean-room)	Verify isolated source snapshot	2026-10-07T13:47:57.8575263Z    |
acceptance (clean-room)	Verify isolated source snapshot	2026-10-07T13:47:57.8575369Z 15 | …
acceptance (clean-room)	Verify isolated source snapshot	2026-10-07T13:47:57.8575479Z 16 | …
acceptance (clean-room)	Verify isolated source snapshot	2026-10-07T13:47:57.8575900Z 17 | …'oldPath']),target));newTarget=mapping.get(oldTarget,oldTarget);relative=posixpath.relpath(newTarget,posixpath.dirname(r['newPath']))…
acceptance (clean-room)	Verify isolated source snapshot	2026-10-07T13:47:57.8576274Z    |                                                                 ^ E702
acceptance (clean-room)	Verify isolated source snapshot	2026-10-07T13:47:57.8576456Z 18 | …Url=url)
acceptance (clean-room)	Verify isolated source snapshot	2026-10-07T13:47:57.8576872Z 19 | …nged=subprocess.check_output(['git','diff',source,'--name-only'],text=True).splitlines();history=[p for p in tracked if p.startswith(…
acceptance (clean-room)	Verify isolated source snapshot	2026-10-07T13:47:57.8577183Z    |
acceptance (clean-room)	Verify isolated source snapshot	2026-10-07T13:47:57.8577244Z 
acceptance (clean-room)	Verify isolated source snapshot	2026-10-07T13:47:57.8577562Z docs/audit/evidence/execution-docs-relocation-round2-20261007/verify-relocation.py:17:237: E702 Multiple statements on one line (semicolon)
acceptance (clean-room)	Verify isolated source snapshot	2026-10-07T13:47:57.8577895Z    |
acceptance (clean-room)	Verify isolated source snapshot	2026-10-07T13:47:57.8578000Z 15 | …
acceptance (clean-room)	Verify isolated source snapshot	2026-10-07T13:47:57.8578106Z 16 | …
acceptance (clean-room)	Verify isolated source snapshot	2026-10-07T13:47:57.8578497Z 17 | …ve=posixpath.relpath(newTarget,posixpath.dirname(r['newPath']));relative=relative if relative.startswith('.') else './'+relative
acceptance (clean-room)	Verify isolated source snapshot	2026-10-07T13:47:57.8578863Z    |                                                                 ^ E702
acceptance (clean-room)	Verify isolated source snapshot	2026-10-07T13:47:57.8579039Z 18 | …
acceptance (clean-room)	Verify isolated source snapshot	2026-10-07T13:47:57.8579383Z 19 | …True).splitlines();history=[p for p in tracked if p.startswith(('docs/audit/','docs/gate-records/'))]
acceptance (clean-room)	Verify isolated source snapshot	2026-10-07T13:47:57.8579643Z    |
acceptance (clean-room)	Verify isolated source snapshot	2026-10-07T13:47:57.8579698Z 
acceptance (clean-room)	Verify isolated source snapshot	2026-10-07T13:47:57.8580014Z docs/audit/evidence/execution-docs-relocation-round2-20261007/verify-relocation.py:19:100: E702 Multiple statements on one line (semicolon)
acceptance (clean-room)	Verify isolated source snapshot	2026-10-07T13:47:57.8580342Z    |
acceptance (clean-room)	Verify isolated source snapshot	2026-10-07T13:47:57.8580722Z 17 |   target,sep,anchor=url.partition('#');oldTarget=posixpath.normpath(posixpath.join(posixpath.dirname(r['oldPath']),target));newTarget=…
acceptance (clean-room)	Verify isolated source snapshot	2026-10-07T13:47:57.8581228Z 18 |   check(r['newPath']+':link-rebased',m[1]+relative+(sep+anchor if sep else '')+m[3] in new.decode(),oldUrl=url)
acceptance (clean-room)	Verify isolated source snapshot	2026-10-07T13:47:57.8581768Z 19 | tracked=subprocess.check_output(['git','ls-tree','-r','--name-only',source],text=True).splitlines();changed=subprocess.check_output(['…
acceptance (clean-room)	Verify isolated source snapshot	2026-10-07T13:47:57.8582169Z    |                                                                                                    ^ E702
acceptance (clean-room)	Verify isolated source snapshot	2026-10-07T13:47:57.8582641Z 20 | check('historical-bytes-preserved',not any(p in changed for p in history),files=len(history))
acceptance (clean-room)	Verify isolated source snapshot	2026-10-07T13:47:57.8583181Z 21 | check('previous-execution-files-preserved',all((root/p).read_bytes()==original(p) for p in tracked if p.startswith('docs/execution/') …
acceptance (clean-room)	Verify isolated source snapshot	2026-10-07T13:47:57.8583500Z    |
acceptance (clean-room)	Verify isolated source snapshot	2026-10-07T13:47:57.8583560Z 
acceptance (clean-room)	Verify isolated source snapshot	2026-10-07T13:47:57.8583872Z docs/audit/evidence/execution-docs-relocation-round2-20261007/verify-relocation.py:19:192: E702 Multiple statements on one line (semicolon)
acceptance (clean-room)	Verify isolated source snapshot	2026-10-07T13:47:57.8584210Z    |
acceptance (clean-room)	Verify isolated source snapshot	2026-10-07T13:47:57.8584621Z 17 | …arget=mapping.get(oldTarget,oldTarget);relative=posixpath.relpath(newTarget,posixpath.dirname(r['newPath']));relative=relative if rel…
acceptance (clean-room)	Verify isolated source snapshot	2026-10-07T13:47:57.8584958Z 18 | …
acceptance (clean-room)	Verify isolated source snapshot	2026-10-07T13:47:57.8585496Z 19 | …put(['git','diff',source,'--name-only'],text=True).splitlines();history=[p for p in tracked if p.startswith(('docs/audit/','docs/gate…
acceptance (clean-room)	Verify isolated source snapshot	2026-10-07T13:47:57.8585838Z    |                                                                 ^ E702
acceptance (clean-room)	Verify isolated source snapshot	2026-10-07T13:47:57.8586007Z 20 | …
acceptance (clean-room)	Verify isolated source snapshot	2026-10-07T13:47:57.8586188Z 21 | …on/') and p!='docs/execution/README.md'))
acceptance (clean-room)	Verify isolated source snapshot	2026-10-07T13:47:57.8586345Z    |
acceptance (clean-room)	Verify isolated source snapshot	2026-10-07T13:47:57.8586403Z 
acceptance (clean-room)	Verify isolated source snapshot	2026-10-07T13:47:57.8586717Z docs/audit/evidence/execution-docs-relocation-round2-20261007/verify-relocation.py:22:9: E702 Multiple statements on one line (semicolon)
acceptance (clean-room)	Verify isolated source snapshot	2026-10-07T13:47:57.8587052Z    |
acceptance (clean-room)	Verify isolated source snapshot	2026-10-07T13:47:57.8587400Z 20 | check('historical-bytes-preserved',not any(p in changed for p in history),files=len(history))
acceptance (clean-room)	Verify isolated source snapshot	2026-10-07T13:47:57.8587935Z 21 | check('previous-execution-files-preserved',all((root/p).read_bytes()==original(p) for p in tracked if p.startswith('docs/execution/') …
acceptance (clean-room)	Verify isolated source snapshot	2026-10-07T13:47:57.8588270Z 22 | stale=[];incoming=[]
acceptance (clean-room)	Verify isolated source snapshot	2026-10-07T13:47:57.8588403Z    |         ^ E702
acceptance (clean-room)	Verify isolated source snapshot	2026-10-07T13:47:57.8588534Z 23 | for p in tracked:
acceptance (clean-room)	Verify isolated source snapshot	2026-10-07T13:47:57.8588801Z 24 |  if p.startswith(('docs/audit/','docs/gate-records/')) or not(root/p).is_file():continue
acceptance (clean-room)	Verify isolated source snapshot	2026-10-07T13:47:57.8589033Z    |
acceptance (clean-room)	Verify isolated source snapshot	2026-10-07T13:47:57.8589090Z 
acceptance (clean-room)	Verify isolated source snapshot	2026-10-07T13:47:57.8589403Z docs/audit/evidence/execution-docs-relocation-round2-20261007/verify-relocation.py:24:80: E701 Multiple statements on one line (colon)
acceptance (clean-room)	Verify isolated source snapshot	2026-10-07T13:47:57.8589735Z    |
acceptance (clean-room)	Verify isolated source snapshot	2026-10-07T13:47:57.8589849Z 22 | stale=[];incoming=[]
acceptance (clean-room)	Verify isolated source snapshot	2026-10-07T13:47:57.8589989Z 23 | for p in tracked:
acceptance (clean-room)	Verify isolated source snapshot	2026-10-07T13:47:57.8590247Z 24 |  if p.startswith(('docs/audit/','docs/gate-records/')) or not(root/p).is_file():continue
acceptance (clean-room)	Verify isolated source snapshot	2026-10-07T13:47:57.8590538Z    |                                                                                ^ E701
acceptance (clean-room)	Verify isolated source snapshot	2026-10-07T13:47:57.8590751Z 25 |  try:s=(root/p).read_text()
acceptance (clean-room)	Verify isolated source snapshot	2026-10-07T13:47:57.8590925Z 26 |  except UnicodeError:continue
acceptance (clean-room)	Verify isolated source snapshot	2026-10-07T13:47:57.8591067Z    |
acceptance (clean-room)	Verify isolated source snapshot	2026-10-07T13:47:57.8591126Z 
acceptance (clean-room)	Verify isolated source snapshot	2026-10-07T13:47:57.8591431Z docs/audit/evidence/execution-docs-relocation-round2-20261007/verify-relocation.py:25:5: E701 Multiple statements on one line (colon)
acceptance (clean-room)	Verify isolated source snapshot	2026-10-07T13:47:57.8591767Z    |
acceptance (clean-room)	Verify isolated source snapshot	2026-10-07T13:47:57.8591879Z 23 | for p in tracked:
acceptance (clean-room)	Verify isolated source snapshot	2026-10-07T13:47:57.8592139Z 24 |  if p.startswith(('docs/audit/','docs/gate-records/')) or not(root/p).is_file():continue
acceptance (clean-room)	Verify isolated source snapshot	2026-10-07T13:47:57.8592520Z 25 |  try:s=(root/p).read_text()
acceptance (clean-room)	Verify isolated source snapshot	2026-10-07T13:47:57.8592661Z    |     ^ E701
acceptance (clean-room)	Verify isolated source snapshot	2026-10-07T13:47:57.8592806Z 26 |  except UnicodeError:continue
acceptance (clean-room)	Verify isolated source snapshot	2026-10-07T13:47:57.8592965Z 27 |  for old in mapping:
acceptance (clean-room)	Verify isolated source snapshot	2026-10-07T13:47:57.8593093Z    |
acceptance (clean-room)	Verify isolated source snapshot	2026-10-07T13:47:57.8593149Z 
acceptance (clean-room)	Verify isolated source snapshot	2026-10-07T13:47:57.8593460Z docs/audit/evidence/execution-docs-relocation-round2-20261007/verify-relocation.py:26:21: E701 Multiple statements on one line (colon)
acceptance (clean-room)	Verify isolated source snapshot	2026-10-07T13:47:57.8593803Z    |
acceptance (clean-room)	Verify isolated source snapshot	2026-10-07T13:47:57.8594046Z 24 |  if p.startswith(('docs/audit/','docs/gate-records/')) or not(root/p).is_file():continue
acceptance (clean-room)	Verify isolated source snapshot	2026-10-07T13:47:57.8594307Z 25 |  try:s=(root/p).read_text()
acceptance (clean-room)	Verify isolated source snapshot	2026-10-07T13:47:57.8594479Z 26 |  except UnicodeError:continue
acceptance (clean-room)	Verify isolated source snapshot	2026-10-07T13:47:57.8594638Z    |                     ^ E701
acceptance (clean-room)	Verify isolated source snapshot	2026-10-07T13:47:57.8594784Z 27 |  for old in mapping:
acceptance (clean-room)	Verify isolated source snapshot	2026-10-07T13:47:57.8594985Z 28 |   if old in s:stale.append(dict(file=p,reference=old))
acceptance (clean-room)	Verify isolated source snapshot	2026-10-07T13:47:57.8595163Z    |
acceptance (clean-room)	Verify isolated source snapshot	2026-10-07T13:47:57.8595219Z 
acceptance (clean-room)	Verify isolated source snapshot	2026-10-07T13:47:57.8595526Z docs/audit/evidence/execution-docs-relocation-round2-20261007/verify-relocation.py:28:14: E701 Multiple statements on one line (colon)
acceptance (clean-room)	Verify isolated source snapshot	2026-10-07T13:47:57.8595852Z    |
acceptance (clean-room)	Verify isolated source snapshot	2026-10-07T13:47:57.8595985Z 26 |  except UnicodeError:continue
acceptance (clean-room)	Verify isolated source snapshot	2026-10-07T13:47:57.8596139Z 27 |  for old in mapping:
acceptance (clean-room)	Verify isolated source snapshot	2026-10-07T13:47:57.8596337Z 28 |   if old in s:stale.append(dict(file=p,reference=old))
acceptance (clean-room)	Verify isolated source snapshot	2026-10-07T13:47:57.8596520Z    |              ^ E701
acceptance (clean-room)	Verify isolated source snapshot	2026-10-07T13:47:57.8596661Z 29 |  if p.endswith('.md'):
acceptance (clean-room)	Verify isolated source snapshot	2026-10-07T13:47:57.8596820Z 30 |   for m in link.finditer(s):
acceptance (clean-room)	Verify isolated source snapshot	2026-10-07T13:47:57.8596963Z    |
acceptance (clean-room)	Verify isolated source snapshot	2026-10-07T13:47:57.8597020Z 
acceptance (clean-room)	Verify isolated source snapshot	2026-10-07T13:47:57.8597335Z docs/audit/evidence/execution-docs-relocation-round2-20261007/verify-relocation.py:32:71: E701 Multiple statements on one line (colon)
acceptance (clean-room)	Verify isolated source snapshot	2026-10-07T13:47:57.8597775Z    |
acceptance (clean-room)	Verify isolated source snapshot	2026-10-07T13:47:57.8597908Z 30 |   for m in link.finditer(s):
acceptance (clean-room)	Verify isolated source snapshot	2026-10-07T13:47:57.8598049Z 31 |    url=m[2]
acceptance (clean-room)	Verify isolated source snapshot	2026-10-07T13:47:57.8598280Z 32 |    if not url or url.startswith(('#','/')) or re.match(r'[a-z]+:',url):continue
acceptance (clean-room)	Verify isolated source snapshot	2026-10-07T13:47:57.8598547Z    |                                                                       ^ E701
acceptance (clean-room)	Verify isolated source snapshot	2026-10-07T13:47:57.8598865Z 33 |    target=posixpath.normpath(posixpath.join(posixpath.dirname(p),url.split('#')[0]))
acceptance (clean-room)	Verify isolated source snapshot	2026-10-07T13:47:57.8599193Z 34 |    if target in mapping:stale.append(dict(file=p,reference=url))
acceptance (clean-room)	Verify isolated source snapshot	2026-10-07T13:47:57.8599476Z    |
acceptance (clean-room)	Verify isolated source snapshot	2026-10-07T13:47:57.8599534Z 
acceptance (clean-room)	Verify isolated source snapshot	2026-10-07T13:47:57.8599853Z docs/audit/evidence/execution-docs-relocation-round2-20261007/verify-relocation.py:34:24: E701 Multiple statements on one line (colon)
acceptance (clean-room)	Verify isolated source snapshot	2026-10-07T13:47:57.8600179Z    |
acceptance (clean-room)	Verify isolated source snapshot	2026-10-07T13:47:57.8600390Z 32 |    if not url or url.startswith(('#','/')) or re.match(r'[a-z]+:',url):continue
acceptance (clean-room)	Verify isolated source snapshot	2026-10-07T13:47:57.8600747Z 33 |    target=posixpath.normpath(posixpath.join(posixpath.dirname(p),url.split('#')[0]))
acceptance (clean-room)	Verify isolated source snapshot	2026-10-07T13:47:57.8601079Z 34 |    if target in mapping:stale.append(dict(file=p,reference=url))
acceptance (clean-room)	Verify isolated source snapshot	2026-10-07T13:47:57.8601293Z    |                        ^ E701
acceptance (clean-room)	Verify isolated source snapshot	2026-10-07T13:47:57.8601657Z 35 |    if target in mapping.values():incoming.append(dict(file=p,target=target));check(p+':incoming-link', (root/target).is_file())
acceptance (clean-room)	Verify isolated source snapshot	2026-10-07T13:47:57.8602051Z 36 | check('active-old-paths-removed',not stale,stale=stale)
acceptance (clean-room)	Verify isolated source snapshot	2026-10-07T13:47:57.8602247Z    |
acceptance (clean-room)	Verify isolated source snapshot	2026-10-07T13:47:57.8602437Z 
acceptance (clean-room)	Verify isolated source snapshot	2026-10-07T13:47:57.8602760Z docs/audit/evidence/execution-docs-relocation-round2-20261007/verify-relocation.py:35:33: E701 Multiple statements on one line (colon)
acceptance (clean-room)	Verify isolated source snapshot	2026-10-07T13:47:57.8603093Z    |
acceptance (clean-room)	Verify isolated source snapshot	2026-10-07T13:47:57.8603341Z 33 |    target=posixpath.normpath(posixpath.join(posixpath.dirname(p),url.split('#')[0]))
acceptance (clean-room)	Verify isolated source snapshot	2026-10-07T13:47:57.8603663Z 34 |    if target in mapping:stale.append(dict(file=p,reference=url))
acceptance (clean-room)	Verify isolated source snapshot	2026-10-07T13:47:57.8604082Z 35 |    if target in mapping.values():incoming.append(dict(file=p,target=target));check(p+':incoming-link', (root/target).is_file())
acceptance (clean-room)	Verify isolated source snapshot	2026-10-07T13:47:57.8604410Z    |                                 ^ E701
acceptance (clean-room)	Verify isolated source snapshot	2026-10-07T13:47:57.8604641Z 36 | check('active-old-paths-removed',not stale,stale=stale)
acceptance (clean-room)	Verify isolated source snapshot	2026-10-07T13:47:57.8605071Z 37 | for p in list(mapping.values())+['docs/execution/README.md','docs/audit/Execution-document-organization-round2-2026-10-07.md']:
acceptance (clean-room)	Verify isolated source snapshot	2026-10-07T13:47:57.8605382Z    |
acceptance (clean-room)	Verify isolated source snapshot	2026-10-07T13:47:57.8605442Z 
acceptance (clean-room)	Verify isolated source snapshot	2026-10-07T13:47:57.8605769Z docs/audit/evidence/execution-docs-relocation-round2-20261007/verify-relocation.py:35:77: E702 Multiple statements on one line (semicolon)
acceptance (clean-room)	Verify isolated source snapshot	2026-10-07T13:47:57.8606106Z    |
acceptance (clean-room)	Verify isolated source snapshot	2026-10-07T13:47:57.8606350Z 33 |    target=posixpath.normpath(posixpath.join(posixpath.dirname(p),url.split('#')[0]))
acceptance (clean-room)	Verify isolated source snapshot	2026-10-07T13:47:57.8606675Z 34 |    if target in mapping:stale.append(dict(file=p,reference=url))
acceptance (clean-room)	Verify isolated source snapshot	2026-10-07T13:47:57.8607087Z 35 |    if target in mapping.values():incoming.append(dict(file=p,target=target));check(p+':incoming-link', (root/target).is_file())
acceptance (clean-room)	Verify isolated source snapshot	2026-10-07T13:47:57.8607431Z    |                                                                             ^ E702
acceptance (clean-room)	Verify isolated source snapshot	2026-10-07T13:47:57.8607685Z 36 | check('active-old-paths-removed',not stale,stale=stale)
acceptance (clean-room)	Verify isolated source snapshot	2026-10-07T13:47:57.8608110Z 37 | for p in list(mapping.values())+['docs/execution/README.md','docs/audit/Execution-document-organization-round2-2026-10-07.md']:
acceptance (clean-room)	Verify isolated source snapshot	2026-10-07T13:47:57.8608416Z    |
acceptance (clean-room)	Verify isolated source snapshot	2026-10-07T13:47:57.8608476Z 
acceptance (clean-room)	Verify isolated source snapshot	2026-10-07T13:47:57.8608784Z docs/audit/evidence/execution-docs-relocation-round2-20261007/verify-relocation.py:40:70: E701 Multiple statements on one line (colon)
acceptance (clean-room)	Verify isolated source snapshot	2026-10-07T13:47:57.8609112Z    |
acceptance (clean-room)	Verify isolated source snapshot	2026-10-07T13:47:57.8609360Z make: *** [Makefile:155: lint-python] Error 1
acceptance (clean-room)	Verify isolated source snapshot	2026-10-07T13:47:57.8609591Z Command failed: make lockfile-check f01-check lint test
acceptance (clean-room)	Verify isolated source snapshot	2026-10-07T13:47:57.8609821Z 38 |  for m in link.finditer((root/p).read_text()):
acceptance (clean-room)	Verify isolated source snapshot	2026-10-07T13:47:57.8610105Z 39 |   url=m[2]
acceptance (clean-room)	Verify isolated source snapshot	2026-10-07T13:47:57.8610327Z 40 |   if not url or url.startswith(('#','/')) or re.match(r'[a-z]+:',url):continue
acceptance (clean-room)	Verify isolated source snapshot	2026-10-07T13:47:57.8610583Z    |                                                                      ^ E701
acceptance (clean-room)	Verify isolated source snapshot	2026-10-07T13:47:57.8610897Z 41 |   check(p+':link-target',(root/p).parent.joinpath(url.split('#')[0]).exists(),url=url)
acceptance (clean-room)	Verify isolated source snapshot	2026-10-07T13:47:57.8611376Z 42 | for p in ['docs/SumAlpha-QuantOS-Development-Plan.md','docs/SumAlpha-QuantOS-Frontend-Development-Execution-Plan.md']:
acceptance (clean-room)	Verify isolated source snapshot	2026-10-07T13:47:57.8611692Z    |
acceptance (clean-room)	Verify isolated source snapshot	2026-10-07T13:47:57.8611750Z 
acceptance (clean-room)	Verify isolated source snapshot	2026-10-07T13:47:57.8612065Z docs/audit/evidence/execution-docs-relocation-round2-20261007/verify-relocation.py:43:29: E702 Multiple statements on one line (semicolon)
acceptance (clean-room)	Verify isolated source snapshot	2026-10-07T13:47:57.8612622Z    |
acceptance (clean-room)	Verify isolated source snapshot	2026-10-07T13:47:57.8612857Z 41 |   check(p+':link-target',(root/p).parent.joinpath(url.split('#')[0]).exists(),url=url)
acceptance (clean-room)	Verify isolated source snapshot	2026-10-07T13:47:57.8613318Z 42 | for p in ['docs/SumAlpha-QuantOS-Development-Plan.md','docs/SumAlpha-QuantOS-Frontend-Development-Execution-Plan.md']:
acceptance (clean-room)	Verify isolated source snapshot	2026-10-07T13:47:57.8613702Z 43 |  before=original(p).decode();after=(root/p).read_text()
acceptance (clean-room)	Verify isolated source snapshot	2026-10-07T13:47:57.8613900Z    |                             ^ E702
acceptance (clean-room)	Verify isolated source snapshot	2026-10-07T13:47:57.8614333Z 44 |  fields=['task_id','task_type','iteration','stage_gate','depends_on','core_prerequisites','closes_core','development_status','workflow…
acceptance (clean-room)	Verify isolated source snapshot	2026-10-07T13:47:57.8614653Z 45 |  for field in fields:
acceptance (clean-room)	Verify isolated source snapshot	2026-10-07T13:47:57.8614781Z    |
acceptance (clean-room)	Verify isolated source snapshot	2026-10-07T13:47:57.8614840Z 
acceptance (clean-room)	Verify isolated source snapshot	2026-10-07T13:47:57.8615154Z docs/audit/evidence/execution-docs-relocation-round2-20261007/verify-relocation.py:46:47: E702 Multiple statements on one line (semicolon)
acceptance (clean-room)	Verify isolated source snapshot	2026-10-07T13:47:57.8615490Z    |
acceptance (clean-room)	Verify isolated source snapshot	2026-10-07T13:47:57.8615848Z 44 |  fields=['task_id','task_type','iteration','stage_gate','depends_on','core_prerequisites','closes_core','development_status','workflow…
acceptance (clean-room)	Verify isolated source snapshot	2026-10-07T13:47:57.8616168Z 45 |  for field in fields:
acceptance (clean-room)	Verify isolated source snapshot	2026-10-07T13:47:57.8616517Z 46 |   pat=re.compile(r'^- '+field+r'[:：].*$',re.M);check(p+':'+field,pat.findall(before)==pat.findall(after))
acceptance (clean-room)	Verify isolated source snapshot	2026-10-07T13:47:57.8616805Z    |                                                ^ E702
acceptance (clean-room)	Verify isolated source snapshot	2026-10-07T13:47:57.8617109Z 47 |  blocks=lambda text:[json.loads(m[1]) for m in re.finditer(r'```json\s*([\s\S]*?)```',text)]
acceptance (clean-room)	Verify isolated source snapshot	2026-10-07T13:47:57.8617427Z 48 |  check(p+':checkpoint-fields',blocks(before)==blocks(after))
acceptance (clean-room)	Verify isolated source snapshot	2026-10-07T13:47:57.8617613Z    |
acceptance (clean-room)	Verify isolated source snapshot	2026-10-07T13:47:57.8617672Z 
acceptance (clean-room)	Verify isolated source snapshot	2026-10-07T13:47:57.8617996Z docs/audit/evidence/execution-docs-relocation-round2-20261007/verify-relocation.py:47:2: E731 Do not assign a `lambda` expression, use a `def`
acceptance (clean-room)	Verify isolated source snapshot	2026-10-07T13:47:57.8618337Z    |
acceptance (clean-room)	Verify isolated source snapshot	2026-10-07T13:47:57.8618451Z 45 |  for field in fields:
acceptance (clean-room)	Verify isolated source snapshot	2026-10-07T13:47:57.8618796Z 46 |   pat=re.compile(r'^- '+field+r'[:：].*$',re.M);check(p+':'+field,pat.findall(before)==pat.findall(after))
acceptance (clean-room)	Verify isolated source snapshot	2026-10-07T13:47:57.8619172Z 47 |  blocks=lambda text:[json.loads(m[1]) for m in re.finditer(r'```json\s*([\s\S]*?)```',text)]
acceptance (clean-room)	Verify isolated source snapshot	2026-10-07T13:47:57.8619475Z    |  ^^^^^^^^^^^^^^^^^^^^^^^^^^^^^^^^^^^^^^^^^^^^^^^^^^^^^^^^^^^^^^^^^^^^^^^^^^^^^^^^^^^^^^^^^^^ E731
acceptance (clean-room)	Verify isolated source snapshot	2026-10-07T13:47:57.8619746Z 48 |  check(p+':checkpoint-fields',blocks(before)==blocks(after))
acceptance (clean-room)	Verify isolated source snapshot	2026-10-07T13:47:57.8620177Z 49 | check('g0-pending',json.loads((root/'docs/gate-records/G0-current-scope-confirmations.json').read_text())['status']=='PENDING')
acceptance (clean-room)	Verify isolated source snapshot	2026-10-07T13:47:57.8620491Z    |
acceptance (clean-room)	Verify isolated source snapshot	2026-10-07T13:47:57.8620618Z    = help: Rewrite `blocks` as a `def`
acceptance (clean-room)	Verify isolated source snapshot	2026-10-07T13:47:57.8620725Z 
acceptance (clean-room)	Verify isolated source snapshot	2026-10-07T13:47:57.8621039Z docs/audit/evidence/execution-docs-relocation-round2-20261007/verify-relocation.py:50:91: E702 Multiple statements on one line (semicolon)
acceptance (clean-room)	Verify isolated source snapshot	2026-10-07T13:47:57.8621370Z    |
acceptance (clean-room)	Verify isolated source snapshot	2026-10-07T13:47:57.8621559Z 48 |  check(p+':checkpoint-fields',blocks(before)==blocks(after))
acceptance (clean-room)	Verify isolated source snapshot	2026-10-07T13:47:57.8621985Z 49 | check('g0-pending',json.loads((root/'docs/gate-records/G0-current-scope-confirmations.json').read_text())['status']=='PENDING')
acceptance (clean-room)	Verify isolated source snapshot	2026-10-07T13:47:57.8622696Z 50 | result=dict(status='PASS',sourceCommit=source,documents=len(rows),deleted=0,checks=checks);(e/'relocation-verification.json').write_te…
acceptance (clean-room)	Verify isolated source snapshot	2026-10-07T13:47:57.8623182Z    |                                                                                           ^ E702
acceptance (clean-room)	Verify isolated source snapshot	2026-10-07T13:47:57.8623363Z    |
acceptance (clean-room)	Verify isolated source snapshot	2026-10-07T13:47:57.8623423Z 
acceptance (clean-room)	Verify isolated source snapshot	2026-10-07T13:47:57.8623738Z docs/audit/evidence/execution-docs-relocation-round2-20261007/verify-relocation.py:50:190: E702 Multiple statements on one line (semicolon)
acceptance (clean-room)	Verify isolated source snapshot	2026-10-07T13:47:57.8624066Z    |
acceptance (clean-room)	Verify isolated source snapshot	2026-10-07T13:47:57.8624171Z 48 | …
acceptance (clean-room)	Verify isolated source snapshot	2026-10-07T13:47:57.8624289Z 49 | …)
acceptance (clean-room)	Verify isolated source snapshot	2026-10-07T13:47:57.8624689Z 50 | …write_text(json.dumps(result,ensure_ascii=False,indent=2)+'\n');print(json.dumps(dict(status='PASS',documents=len(rows),checks=len(ch…
acceptance (clean-room)	Verify isolated source snapshot	2026-10-07T13:47:57.8625131Z    |                                                                 ^ E702
acceptance (clean-room)	Verify isolated source snapshot	2026-10-07T13:47:57.8625302Z    |
acceptance (clean-room)	Verify isolated source snapshot	2026-10-07T13:47:57.8625357Z 
acceptance (clean-room)	Verify isolated source snapshot	2026-10-07T13:47:57.8625409Z Found 63 errors.
acceptance (clean-room)	Verify isolated source snapshot	2026-10-07T13:47:57.8625684Z [*] 2 fixable with the `--fix` option (1 hidden fix can be enabled with the `--unsafe-fixes` option).
acceptance (clean-room)	Verify isolated source snapshot	2026-10-07T13:48:07.5552708Z ##[error]Process completed with exit code 1.
