verify	Secret scan	﻿2026-09-26T12:00:36.7985806Z ##[group]Run bash scripts/check-secrets.sh
verify	Secret scan	2026-09-26T12:00:36.7986181Z ^[[36;1mbash scripts/check-secrets.sh^[[0m
verify	Secret scan	2026-09-26T12:00:36.8048976Z shell: /usr/bin/bash -e {0}
verify	Secret scan	2026-09-26T12:00:36.8049253Z env:
verify	Secret scan	2026-09-26T12:00:36.8049661Z   QUANTOS_SKIP_ENV: 1
verify	Secret scan	2026-09-26T12:00:36.8050054Z   F02_PG_ADMIN_URL: postgresql://postgres@127.0.0.1:5432/postgres
verify	Secret scan	2026-09-26T12:00:36.8050534Z   GITLEAKS_BIN: /home/runner/work/QuantOS/QuantOS/artifacts/tools/gitleaks
verify	Secret scan	2026-09-26T12:00:36.8050995Z   QUANTOS_PROTO_BASE: 830c0c547f08d1667725fee55015fc09608b8f48
verify	Secret scan	2026-09-26T12:00:36.8051337Z   CARGO_TERM_COLOR: always
verify	Secret scan	2026-09-26T12:00:36.8051588Z   NEXT_PUBLIC_QUANTOS_ENV: local-mock
verify	Secret scan	2026-09-26T12:00:36.8051897Z   NEXT_PUBLIC_SITE_ORIGIN: https://sumalpha.ai
verify	Secret scan	2026-09-26T12:00:36.8052266Z   NEXT_PUBLIC_QUANTOS_TERMINAL_ORIGIN: http://localhost:3190
verify	Secret scan	2026-09-26T12:00:36.8052658Z   NEXT_PUBLIC_QUANTOS_BFF_ORIGIN: http://localhost:4010
verify	Secret scan	2026-09-26T12:00:36.8053228Z   NEXT_PUBLIC_QUANTOS_OIDC_ISSUER: https://mock.idp.local
verify	Secret scan	2026-09-26T12:00:36.8053629Z   NEXT_PUBLIC_QUANTOS_OIDC_CLIENT_ID: quantos-terminal-ci
verify	Secret scan	2026-09-26T12:00:36.8054057Z   NEXT_PUBLIC_QUANTOS_OIDC_REDIRECT_URI: http://localhost:3190/auth/callback
verify	Secret scan	2026-09-26T12:00:36.8054477Z   NEXT_PUBLIC_QUANTOS_DEFAULT_MODE: paper
verify	Secret scan	2026-09-26T12:00:36.8054768Z   NEXT_PUBLIC_QUANTOS_MOCK_ENABLED: true
verify	Secret scan	2026-09-26T12:00:36.8055056Z   NEXT_PUBLIC_QUANTOS_OBS_ENABLED: false
verify	Secret scan	2026-09-26T12:00:36.8055376Z   NEXT_PUBLIC_QUANTOS_FEATURE_ASSISTED_LIVE_TESTNET: off
verify	Secret scan	2026-09-26T12:00:36.8055701Z   CARGO_HOME: /home/runner/.cargo
verify	Secret scan	2026-09-26T12:00:36.8055959Z   CARGO_INCREMENTAL: 0
verify	Secret scan	2026-09-26T12:00:36.8056245Z   pythonLocation: /opt/hostedtoolcache/Python/3.12.10/x64
verify	Secret scan	2026-09-26T12:00:36.8056665Z   PKG_CONFIG_PATH: /opt/hostedtoolcache/Python/3.12.10/x64/lib/pkgconfig
verify	Secret scan	2026-09-26T12:00:36.8057097Z   Python_ROOT_DIR: /opt/hostedtoolcache/Python/3.12.10/x64
verify	Secret scan	2026-09-26T12:00:36.8057484Z   Python2_ROOT_DIR: /opt/hostedtoolcache/Python/3.12.10/x64
verify	Secret scan	2026-09-26T12:00:36.8057865Z   Python3_ROOT_DIR: /opt/hostedtoolcache/Python/3.12.10/x64
verify	Secret scan	2026-09-26T12:00:36.8058250Z   LD_LIBRARY_PATH: /opt/hostedtoolcache/Python/3.12.10/x64/lib
verify	Secret scan	2026-09-26T12:00:36.8058632Z   UV_CACHE_DIR: /home/runner/work/_temp/setup-uv-cache
verify	Secret scan	2026-09-26T12:00:36.8058946Z ##[endgroup]
verify	Secret scan	2026-09-26T12:00:38.9897714Z ^[[90m12:00PM^[[0m ^[[32mINF^[[0m ^[[1m226 commits scanned.^[[0m
verify	Secret scan	2026-09-26T12:00:38.9898835Z ^[[90m12:00PM^[[0m ^[[32mINF^[[0m ^[[1mscanned ~14473805 bytes (14.47 MB) in 1.64s^[[0m
verify	Secret scan	2026-09-26T12:00:38.9900476Z ^[[90m12:00PM^[[0m ^[[32mINF^[[0m ^[[1mno leaks found^[[0m
verify	Deliberately break quality gates	﻿2026-09-26T12:04:39.9731880Z ##[group]Run make quality-gate-self-test
verify	Deliberately break quality gates	2026-09-26T12:04:39.9732252Z ^[[36;1mmake quality-gate-self-test^[[0m
verify	Deliberately break quality gates	2026-09-26T12:04:39.9795626Z shell: /usr/bin/bash -e {0}
verify	Deliberately break quality gates	2026-09-26T12:04:39.9795892Z env:
verify	Deliberately break quality gates	2026-09-26T12:04:39.9796092Z   QUANTOS_SKIP_ENV: 1
verify	Deliberately break quality gates	2026-09-26T12:04:39.9796431Z   F02_PG_ADMIN_URL: postgresql://postgres@127.0.0.1:5432/postgres
verify	Deliberately break quality gates	2026-09-26T12:04:39.9796917Z   GITLEAKS_BIN: /home/runner/work/QuantOS/QuantOS/artifacts/tools/gitleaks
verify	Deliberately break quality gates	2026-09-26T12:04:39.9797382Z   QUANTOS_PROTO_BASE: 830c0c547f08d1667725fee55015fc09608b8f48
verify	Deliberately break quality gates	2026-09-26T12:04:39.9797731Z   CARGO_TERM_COLOR: always
verify	Deliberately break quality gates	2026-09-26T12:04:39.9797988Z   NEXT_PUBLIC_QUANTOS_ENV: local-mock
verify	Deliberately break quality gates	2026-09-26T12:04:39.9798319Z   NEXT_PUBLIC_SITE_ORIGIN: https://sumalpha.ai
verify	Deliberately break quality gates	2026-09-26T12:04:39.9798719Z   NEXT_PUBLIC_QUANTOS_TERMINAL_ORIGIN: http://localhost:3190
verify	Deliberately break quality gates	2026-09-26T12:04:39.9799124Z   NEXT_PUBLIC_QUANTOS_BFF_ORIGIN: http://localhost:4010
verify	Deliberately break quality gates	2026-09-26T12:04:39.9799744Z   NEXT_PUBLIC_QUANTOS_OIDC_ISSUER: https://mock.idp.local
verify	Deliberately break quality gates	2026-09-26T12:04:39.9800182Z   NEXT_PUBLIC_QUANTOS_OIDC_CLIENT_ID: quantos-terminal-ci
verify	Deliberately break quality gates	2026-09-26T12:04:39.9800630Z   NEXT_PUBLIC_QUANTOS_OIDC_REDIRECT_URI: http://localhost:3190/auth/callback
verify	Deliberately break quality gates	2026-09-26T12:04:39.9801058Z   NEXT_PUBLIC_QUANTOS_DEFAULT_MODE: paper
verify	Deliberately break quality gates	2026-09-26T12:04:39.9801354Z   NEXT_PUBLIC_QUANTOS_MOCK_ENABLED: true
verify	Deliberately break quality gates	2026-09-26T12:04:39.9801646Z   NEXT_PUBLIC_QUANTOS_OBS_ENABLED: false
verify	Deliberately break quality gates	2026-09-26T12:04:39.9801980Z   NEXT_PUBLIC_QUANTOS_FEATURE_ASSISTED_LIVE_TESTNET: off
verify	Deliberately break quality gates	2026-09-26T12:04:39.9802316Z   CARGO_HOME: /home/runner/.cargo
verify	Deliberately break quality gates	2026-09-26T12:04:39.9802580Z   CARGO_INCREMENTAL: 0
verify	Deliberately break quality gates	2026-09-26T12:04:39.9802873Z   pythonLocation: /opt/hostedtoolcache/Python/3.12.10/x64
verify	Deliberately break quality gates	2026-09-26T12:04:39.9803309Z   PKG_CONFIG_PATH: /opt/hostedtoolcache/Python/3.12.10/x64/lib/pkgconfig
verify	Deliberately break quality gates	2026-09-26T12:04:39.9803769Z   Python_ROOT_DIR: /opt/hostedtoolcache/Python/3.12.10/x64
verify	Deliberately break quality gates	2026-09-26T12:04:39.9804168Z   Python2_ROOT_DIR: /opt/hostedtoolcache/Python/3.12.10/x64
verify	Deliberately break quality gates	2026-09-26T12:04:39.9804569Z   Python3_ROOT_DIR: /opt/hostedtoolcache/Python/3.12.10/x64
verify	Deliberately break quality gates	2026-09-26T12:04:39.9804968Z   LD_LIBRARY_PATH: /opt/hostedtoolcache/Python/3.12.10/x64/lib
verify	Deliberately break quality gates	2026-09-26T12:04:39.9805351Z   UV_CACHE_DIR: /home/runner/work/_temp/setup-uv-cache
verify	Deliberately break quality gates	2026-09-26T12:04:39.9805662Z ##[endgroup]
verify	Deliberately break quality gates	2026-09-26T12:04:39.9901589Z bash ./scripts/check-secrets.sh
verify	Deliberately break quality gates	2026-09-26T12:04:41.7672398Z ^[[90m12:04PM^[[0m ^[[32mINF^[[0m ^[[1m226 commits scanned.^[[0m
verify	Deliberately break quality gates	2026-09-26T12:04:41.7673107Z ^[[90m12:04PM^[[0m ^[[32mINF^[[0m ^[[1mscanned ~14473805 bytes (14.47 MB) in 1.23s^[[0m
verify	Deliberately break quality gates	2026-09-26T12:04:41.7673668Z ^[[90m12:04PM^[[0m ^[[32mINF^[[0m ^[[1mno leaks found^[[0m
verify	Deliberately break quality gates	2026-09-26T12:04:41.7705042Z node ./scripts/test-quality-gates.mjs
verify	Deliberately break quality gates	2026-09-26T12:04:50.4345595Z ✔ formal gate rejects zero, one, two and noninteger runs (1.307289ms)
verify	Deliberately break quality gates	2026-09-26T12:04:50.4348345Z ✔ all binaries participate in digest and omitted binary fails (5.039862ms)
verify	Deliberately break quality gates	2026-09-26T12:04:50.4349194Z ✔ extra binary, missing wheel and stale/empty Web cannot pass output inventory (2.826084ms)
verify	Deliberately break quality gates	2026-09-26T12:04:50.4378423Z ✔ manifest inventory cannot omit or add members (0.210914ms)
verify	Deliberately break quality gates	2026-09-26T12:04:50.4381435Z ✔ dirty and untracked source rejected (40.919298ms)
verify	Deliberately break quality gates	2026-09-26T12:04:50.4384152Z ✔ deleted module README is rejected (3.381339ms)
verify	Deliberately break quality gates	2026-09-26T12:04:50.4387718Z ✔ wrong uv version fails toolchain preflight (16.738387ms)
verify	Deliberately break quality gates	2026-09-26T12:04:50.4389244Z ✔ invalid locks fail real lock entrypoint (22.338799ms)
verify	Deliberately break quality gates	2026-09-26T12:04:50.4392750Z ✔ Terminal default lint rejects a page TSX violation (2233.373148ms)
verify	Deliberately break quality gates	2026-09-26T12:04:50.4394447Z ✔ invalid run revokes old successful receipt (37.265753ms)
verify	Deliberately break quality gates	2026-09-26T12:04:50.4398260Z ✔ Cargo manifest drift is rejected by actual lock gate (1113.969651ms)
verify	Deliberately break quality gates	2026-09-26T12:04:50.4406507Z ✔ uv manifest drift is rejected by actual lock gate (1411.445317ms)
verify	Deliberately break quality gates	2026-09-26T12:04:50.4412488Z ✔ pnpm manifest drift is rejected by actual lock gate (1771.987131ms)
verify	Deliberately break quality gates	2026-09-26T12:04:50.4413745Z ✔ malformed Buf lock is rejected by actual lock gate (1199.931494ms)
verify	Deliberately break quality gates	2026-09-26T12:04:50.4426280Z ✔ broken Desktop is outside phase-one pnpm frozen check (693.139165ms)
verify	Deliberately break quality gates	2026-09-26T12:04:50.4434743Z ✔ uv output marker is metadata, other unexpected files still fail (1.899884ms)
verify	Deliberately break quality gates	2026-09-26T12:04:50.4436190Z ✔ build-only tool is required in output inventory without becoming a runtime binary (2.274474ms)
verify	Deliberately break quality gates	2026-09-26T12:04:50.4523669Z Verified 2 release files for aaaaaaaaaaaaaaaaaaaaaaaaaaaaaaaaaaaaaaaa
verify	Deliberately break quality gates	2026-09-26T12:04:50.4524363Z Verified 2 release files for aaaaaaaaaaaaaaaaaaaaaaaaaaaaaaaaaaaaaaaa
verify	Deliberately break quality gates	2026-09-26T12:04:50.4525160Z ✔ real Gitleaks positive control and GitHub/Slack leaks (3538.456335ms)
verify	Deliberately break quality gates	2026-09-26T12:04:50.4526868Z ✔ RLS baseline rejects policy deletion and late disabling with recovery (242.346369ms)
verify	Deliberately break quality gates	2026-09-26T12:04:50.4527788Z ✔ migration filename control, rejection and recovery (19.005243ms)
verify	Deliberately break quality gates	2026-09-26T12:04:50.4528558Z ✔ waivers only authorize exact advisory/ecosystem/package/version before expiry (1.314052ms)
verify	Deliberately break quality gates	2026-09-26T12:04:50.4529423Z ✔ license expression policy does not globally allow LGPL or unknown licenses (1.027858ms)
verify	Deliberately break quality gates	2026-09-26T12:04:50.4530700Z ✔ release binds complete payload and SBOM to source; rejects corruption and build-only native files (6.400335ms)
verify	Deliberately break quality gates	2026-09-26T12:04:50.4531624Z ✔ Buf compares against distinct historical source and detects removed fields (625.323454ms)
verify	Deliberately break quality gates	2026-09-26T12:04:50.4532458Z ✔ SCA scanner adapter consumes exact waivers and never waives scanner failures (459.40841ms)
verify	Deliberately break quality gates	2026-09-26T12:04:50.4532958Z ℹ tests 25
verify	Deliberately break quality gates	2026-09-26T12:04:50.4533178Z ℹ suites 0
verify	Deliberately break quality gates	2026-09-26T12:04:50.4533424Z ℹ pass 25
verify	Deliberately break quality gates	2026-09-26T12:04:50.4533643Z ℹ fail 0
verify	Deliberately break quality gates	2026-09-26T12:04:50.4533862Z ℹ cancelled 0
verify	Deliberately break quality gates	2026-09-26T12:04:50.4534131Z ℹ skipped 0
verify	Deliberately break quality gates	2026-09-26T12:04:50.4534370Z ℹ todo 0
verify	Deliberately break quality gates	2026-09-26T12:04:50.4534669Z ℹ duration_ms 8632.136685
verify	Check Python coverage	﻿2026-09-26T12:07:37.9073307Z ##[group]Run make coverage-python
verify	Check Python coverage	2026-09-26T12:07:37.9073861Z ^[[36;1mmake coverage-python^[[0m
verify	Check Python coverage	2026-09-26T12:07:37.9225413Z shell: /usr/bin/bash -e {0}
verify	Check Python coverage	2026-09-26T12:07:37.9225690Z env:
verify	Check Python coverage	2026-09-26T12:07:37.9225893Z   QUANTOS_SKIP_ENV: 1
verify	Check Python coverage	2026-09-26T12:07:37.9226238Z   F02_PG_ADMIN_URL: postgresql://postgres@127.0.0.1:5432/postgres
verify	Check Python coverage	2026-09-26T12:07:37.9226726Z   GITLEAKS_BIN: /home/runner/work/QuantOS/QuantOS/artifacts/tools/gitleaks
verify	Check Python coverage	2026-09-26T12:07:37.9227194Z   QUANTOS_PROTO_BASE: 830c0c547f08d1667725fee55015fc09608b8f48
verify	Check Python coverage	2026-09-26T12:07:37.9227540Z   CARGO_TERM_COLOR: always
verify	Check Python coverage	2026-09-26T12:07:37.9227800Z   NEXT_PUBLIC_QUANTOS_ENV: local-mock
verify	Check Python coverage	2026-09-26T12:07:37.9228118Z   NEXT_PUBLIC_SITE_ORIGIN: https://sumalpha.ai
verify	Check Python coverage	2026-09-26T12:07:37.9228516Z   NEXT_PUBLIC_QUANTOS_TERMINAL_ORIGIN: http://localhost:3190
verify	Check Python coverage	2026-09-26T12:07:37.9228921Z   NEXT_PUBLIC_QUANTOS_BFF_ORIGIN: http://localhost:4010
verify	Check Python coverage	2026-09-26T12:07:37.9229324Z   NEXT_PUBLIC_QUANTOS_OIDC_ISSUER: https://mock.idp.local
verify	Check Python coverage	2026-09-26T12:07:37.9229974Z   NEXT_PUBLIC_QUANTOS_OIDC_CLIENT_ID: quantos-terminal-ci
verify	Check Python coverage	2026-09-26T12:07:37.9230459Z   NEXT_PUBLIC_QUANTOS_OIDC_REDIRECT_URI: http://localhost:3190/auth/callback
verify	Check Python coverage	2026-09-26T12:07:37.9230887Z   NEXT_PUBLIC_QUANTOS_DEFAULT_MODE: paper
verify	Check Python coverage	2026-09-26T12:07:37.9231182Z   NEXT_PUBLIC_QUANTOS_MOCK_ENABLED: true
verify	Check Python coverage	2026-09-26T12:07:37.9231472Z   NEXT_PUBLIC_QUANTOS_OBS_ENABLED: false
verify	Check Python coverage	2026-09-26T12:07:37.9231802Z   NEXT_PUBLIC_QUANTOS_FEATURE_ASSISTED_LIVE_TESTNET: off
verify	Check Python coverage	2026-09-26T12:07:37.9232131Z   CARGO_HOME: /home/runner/.cargo
verify	Check Python coverage	2026-09-26T12:07:37.9232391Z   CARGO_INCREMENTAL: 0
verify	Check Python coverage	2026-09-26T12:07:37.9232688Z   pythonLocation: /opt/hostedtoolcache/Python/3.12.10/x64
verify	Check Python coverage	2026-09-26T12:07:37.9233116Z   PKG_CONFIG_PATH: /opt/hostedtoolcache/Python/3.12.10/x64/lib/pkgconfig
verify	Check Python coverage	2026-09-26T12:07:37.9233563Z   Python_ROOT_DIR: /opt/hostedtoolcache/Python/3.12.10/x64
verify	Check Python coverage	2026-09-26T12:07:37.9233953Z   Python2_ROOT_DIR: /opt/hostedtoolcache/Python/3.12.10/x64
verify	Check Python coverage	2026-09-26T12:07:37.9234349Z   Python3_ROOT_DIR: /opt/hostedtoolcache/Python/3.12.10/x64
verify	Check Python coverage	2026-09-26T12:07:37.9234744Z   LD_LIBRARY_PATH: /opt/hostedtoolcache/Python/3.12.10/x64/lib
verify	Check Python coverage	2026-09-26T12:07:37.9235131Z   UV_CACHE_DIR: /home/runner/work/_temp/setup-uv-cache
verify	Check Python coverage	2026-09-26T12:07:37.9235441Z ##[endgroup]
verify	Check Python coverage	2026-09-26T12:07:37.9353051Z uv run --locked --project engines --all-packages pytest --cov=engines --cov-config=engines/pyproject.toml --cov-report=term-missing
verify	Check Python coverage	2026-09-26T12:07:39.6775649Z ============================= test session starts ==============================
verify	Check Python coverage	2026-09-26T12:07:39.6776832Z platform linux -- Python 3.12.10, pytest-9.0.3, pluggy-1.6.0
verify	Check Python coverage	2026-09-26T12:07:39.6777755Z rootdir: /home/runner/work/QuantOS/QuantOS
verify	Check Python coverage	2026-09-26T12:07:39.6778408Z plugins: cov-6.2.1
verify	Check Python coverage	2026-09-26T12:07:39.6779259Z collected 134 items
verify	Check Python coverage	2026-09-26T12:07:39.6779779Z 
verify	Check Python coverage	2026-09-26T12:07:39.9220930Z engines/tests/test_engine_contract.py .................................  [ 24%]
verify	Check Python coverage	2026-09-26T12:07:40.4593485Z engines/tests/test_engine_observability.py .                             [ 25%]
verify	Check Python coverage	2026-09-26T12:07:40.9295726Z engines/tests/test_llmquant_contract.py .......                          [ 30%]
verify	Check Python coverage	2026-09-26T12:07:41.0172311Z engines/tests/test_mock_engine_recovery.py .......                       [ 35%]
verify	Check Python coverage	2026-09-26T12:07:41.3214943Z engines/tests/test_openbb_adapter_contract.py .........                  [ 42%]
verify	Check Python coverage	2026-09-26T12:07:41.3468766Z engines/tests/test_proto_sdk.py ..                                       [ 44%]
verify	Check Python coverage	2026-09-26T12:07:41.3655131Z engines/tests/test_protocol_metadata_completeness.py .......             [ 49%]
verify	Check Python coverage	2026-09-26T12:07:41.4306983Z engines/tests/test_rd_agent_contract.py .....                            [ 52%]
verify	Check Python coverage	2026-09-26T12:07:41.5677462Z engines/tests/test_strategy_lab_contract.py .......                      [ 58%]
verify	Check Python coverage	2026-09-26T12:07:41.5748378Z engines/tests/test_tp08_qlib_mapping_samples.py .....                    [ 61%]
verify	Check Python coverage	2026-09-26T12:07:41.5835994Z engines/tests/test_tp09_trendradar_mapping_samples.py ......             [ 66%]
verify	Check Python coverage	2026-09-26T12:07:41.5963481Z engines/tests/test_tp10_valuecell_evaluation.py .......                  [ 71%]
verify	Check Python coverage	2026-09-26T12:07:41.6042160Z engines/tests/test_tp11_openstock_fixtures.py .....                      [ 75%]
verify	Check Python coverage	2026-09-26T12:07:41.6143355Z engines/tests/test_tp12_nautilus_agents_rules.py .......                 [ 80%]
verify	Check Python coverage	2026-09-26T12:07:41.6230021Z engines/tests/test_tp13_loong_evaluation.py ......                       [ 85%]
verify	Check Python coverage	2026-09-26T12:07:42.2480026Z engines/tests/test_trading_agents_contract.py .......                    [ 90%]
verify	Check Python coverage	2026-09-26T12:07:42.3631158Z engines/tests/test_vibe_adapter_contract.py ......                       [ 94%]
verify	Check Python coverage	2026-09-26T12:07:42.6805573Z engines/tests/test_workspace.py .......                                  [100%]
verify	Check Python coverage	2026-09-26T12:07:42.6806075Z 
verify	Check Python coverage	2026-09-26T12:07:42.6806406Z ================================ tests coverage ================================
verify	Check Python coverage	2026-09-26T12:07:42.6807087Z _______________ coverage: platform linux, python 3.12.10-final-0 _______________
verify	Check Python coverage	2026-09-26T12:07:42.6807461Z 
verify	Check Python coverage	2026-09-26T12:07:42.6807844Z Name                                                             Stmts   Miss Branch BrPart  Cover   Missing
verify	Check Python coverage	2026-09-26T12:07:42.6808646Z ------------------------------------------------------------------------------------------------------------
verify	Check Python coverage	2026-09-26T12:07:42.6809839Z engines/engine-sdk/sdk_src/quantos_engine_sdk/__init__.py            5      0      0      0   100%
verify	Check Python coverage	2026-09-26T12:07:42.6810968Z engines/engine-sdk/sdk_src/quantos_engine_sdk/grpc.py              140      5     18      4    94%   31, 60, 141, 152, 250
verify	Check Python coverage	2026-09-26T12:07:42.6811951Z engines/engine-sdk/sdk_src/quantos_engine_sdk/manifest.py           21      1      2      1    91%   41
verify	Check Python coverage	2026-09-26T12:07:42.6813133Z engines/engine-sdk/sdk_src/quantos_engine_sdk/observability.py     141     18     26      5    85%   51, 61-62, 119-122, 142-152, 184, 189-196, 198-205, 224-226
verify	Check Python coverage	2026-09-26T12:07:42.6814232Z engines/engine-sdk/sdk_src/quantos_engine_sdk/validation.py         39      1     26      1    97%   57
verify	Check Python coverage	2026-09-26T12:07:42.6815130Z engines/llmquant/src/llmquant/__init__.py                            5      0      0      0   100%
verify	Check Python coverage	2026-09-26T12:07:42.6816097Z engines/llmquant/src/llmquant/adapter.py                            70      6     24      6    87%   63, 68, 75, 80, 102, 114
verify	Check Python coverage	2026-09-26T12:07:42.6817055Z engines/llmquant/src/llmquant/fixtures.py                           53      2      8      2    93%   78, 86
verify	Check Python coverage	2026-09-26T12:07:42.6817948Z engines/llmquant/src/llmquant/manifest.py                            5      0      0      0   100%
verify	Check Python coverage	2026-09-26T12:07:42.6818888Z engines/llmquant/src/llmquant/service.py                            78      2     10      1    97%   161, 164, 189->exit
verify	Check Python coverage	2026-09-26T12:07:42.6820011Z engines/llmquant/src/llmquant/signal_mapper.py                      64      6      4      1    90%   97, 153-155, 226-227
verify	Check Python coverage	2026-09-26T12:07:42.6821257Z engines/mock-engine/src/mock_engine/__init__.py                      5      0      0      0   100%
verify	Check Python coverage	2026-09-26T12:07:42.6822057Z engines/mock-engine/src/mock_engine/server.py                       26      2      4      2    87%   50, 69
verify	Check Python coverage	2026-09-26T12:07:42.6822937Z engines/mock-engine/src/mock_engine/service.py                     137     10     54      5    91%   61, 107, 137-142, 155, 206
verify	Check Python coverage	2026-09-26T12:07:42.6823781Z engines/openbb-adapter/src/openbb_adapter/__init__.py                5      0      0      0   100%
verify	Check Python coverage	2026-09-26T12:07:42.6824670Z engines/openbb-adapter/src/openbb_adapter/adapter.py                75      6     22      6    88%   65, 70, 77, 90, 102, 116
verify	Check Python coverage	2026-09-26T12:07:42.6825557Z engines/openbb-adapter/src/openbb_adapter/fixtures.py               59      2      8      2    94%   91, 99
verify	Check Python coverage	2026-09-26T12:07:42.6826462Z engines/openbb-adapter/src/openbb_adapter/license_gate.py           59      5     10      4    87%   59, 61, 73, 116, 120
verify	Check Python coverage	2026-09-26T12:07:42.6827292Z engines/openbb-adapter/src/openbb_adapter/manifest.py                5      0      0      0   100%
verify	Check Python coverage	2026-09-26T12:07:42.6828050Z engines/openbb-adapter/src/openbb_adapter/providers.py              72      0      4      0   100%
verify	Check Python coverage	2026-09-26T12:07:42.6829020Z engines/openbb-adapter/src/openbb_adapter/service.py                85      3     10      1    96%   191, 193, 198, 223->exit
verify	Check Python coverage	2026-09-26T12:07:42.6829912Z engines/rd-agent/src/rd_agent/__init__.py                            5      0      0      0   100%
verify	Check Python coverage	2026-09-26T12:07:42.6830616Z engines/rd-agent/src/rd_agent/adapter.py                            55      2     14      2    94%   60, 65
verify	Check Python coverage	2026-09-26T12:07:42.6831319Z engines/rd-agent/src/rd_agent/fixtures.py                           28      1      4      1    94%   53
verify	Check Python coverage	2026-09-26T12:07:42.6831999Z engines/rd-agent/src/rd_agent/manifest.py                            6      0      0      0   100%
verify	Check Python coverage	2026-09-26T12:07:42.6832686Z engines/rd-agent/src/rd_agent/research_artifact.py                  10      0      0      0   100%
verify	Check Python coverage	2026-09-26T12:07:42.6833490Z engines/rd-agent/src/rd_agent/service.py                            65      5      8      3    89%   63, 101, 146, 149, 159
verify	Check Python coverage	2026-09-26T12:07:42.6834219Z engines/strategy-lab/src/strategy_lab/__init__.py                    0      0      0      0   100%
verify	Check Python coverage	2026-09-26T12:07:42.6834989Z engines/strategy-lab/src/strategy_lab/adapter.py                    60      5     18      5    87%   65, 70, 77, 90, 127
verify	Check Python coverage	2026-09-26T12:07:42.6835763Z engines/strategy-lab/src/strategy_lab/fixtures.py                   47      2      8      2    93%   59, 104
verify	Check Python coverage	2026-09-26T12:07:42.6836503Z engines/strategy-lab/src/strategy_lab/generator.py                  33      0      0      0   100%
verify	Check Python coverage	2026-09-26T12:07:42.6837211Z engines/strategy-lab/src/strategy_lab/manifest.py                    5      0      0      0   100%
verify	Check Python coverage	2026-09-26T12:07:42.6837997Z engines/strategy-lab/src/strategy_lab/service.py                    81     10     10      3    84%   98, 133, 136, 186-191, 195
verify	Check Python coverage	2026-09-26T12:07:42.6838818Z engines/strategy-lab/src/strategy_lab/static_checks.py              30      5     16      5    78%   48, 52, 54, 59, 61
verify	Check Python coverage	2026-09-26T12:07:42.6839699Z engines/trading-agents/src/trading_agents/__init__.py                5      0      0      0   100%
verify	Check Python coverage	2026-09-26T12:07:42.6840558Z engines/trading-agents/src/trading_agents/adapter.py                80     10     28      8    83%   65, 70, 77, 90, 104, 119-120, 126, 131, 136
verify	Check Python coverage	2026-09-26T12:07:42.6841425Z engines/trading-agents/src/trading_agents/fixtures.py               86      4      8      2    94%   109, 174, 224-225
verify	Check Python coverage	2026-09-26T12:07:42.6842187Z engines/trading-agents/src/trading_agents/manifest.py                5      0      0      0   100%
verify	Check Python coverage	2026-09-26T12:07:42.6842969Z engines/trading-agents/src/trading_agents/proposal_mapper.py        66      2      6      0    97%   219-220
verify	Check Python coverage	2026-09-26T12:07:42.6843787Z engines/trading-agents/src/trading_agents/service.py                78      2     10      1    97%   161, 164, 189->exit
verify	Check Python coverage	2026-09-26T12:07:42.6844705Z engines/vibe-adapter/src/vibe_adapter/__init__.py                    8      0      0      0   100%
verify	Check Python coverage	2026-09-26T12:07:42.6845450Z engines/vibe-adapter/src/vibe_adapter/allowlist.py                  24      3     10      3    82%   43, 50, 56
verify	Check Python coverage	2026-09-26T12:07:42.6846221Z engines/vibe-adapter/src/vibe_adapter/artifact_api.py               21      0      0      0   100%
verify	Check Python coverage	2026-09-26T12:07:42.6846933Z engines/vibe-adapter/src/vibe_adapter/audit.py                       5      0      0      0   100%
verify	Check Python coverage	2026-09-26T12:07:42.6847696Z engines/vibe-adapter/src/vibe_adapter/context.py                    63      5     16      5    87%   57, 61, 65, 70, 78
verify	Check Python coverage	2026-09-26T12:07:42.6848463Z engines/vibe-adapter/src/vibe_adapter/fixtures.py                   26      2      4      1    90%   53, 66
verify	Check Python coverage	2026-09-26T12:07:42.6849198Z engines/vibe-adapter/src/vibe_adapter/manifest.py                    7      0      0      0   100%
verify	Check Python coverage	2026-09-26T12:07:42.6850260Z engines/vibe-adapter/src/vibe_adapter/protocols.py                  20      0      0      0   100%
verify	Check Python coverage	2026-09-26T12:07:42.6851047Z engines/vibe-adapter/src/vibe_adapter/providers.py                  13      2      4      2    76%   17, 21->20, 23
verify	Check Python coverage	2026-09-26T12:07:42.6851848Z engines/vibe-adapter/src/vibe_adapter/service.py                    71      5      8      3    90%   70, 99, 155, 158, 168
verify	Check Python coverage	2026-09-26T12:07:42.6852746Z engines/vibe-adapter/src/vibe_adapter/streaming.py                  10      0      0      0   100%
verify	Check Python coverage	2026-09-26T12:07:42.6853458Z engines/vibe-adapter/src/vibe_adapter/workflow.py                   20      0      0      0   100%
verify	Check Python coverage	2026-09-26T12:07:42.6854161Z ------------------------------------------------------------------------------------------------------------
verify	Check Python coverage	2026-09-26T12:07:42.6854759Z TOTAL                                                             2182    134    402     87    91%
verify	Check Python coverage	2026-09-26T12:07:42.6855270Z Required test coverage of 85.0% reached. Total coverage: 91.22%
verify	Check Python coverage	2026-09-26T12:07:42.6855784Z ============================= 134 passed in 4.40s ==============================
verify	Check TypeScript coverage	﻿2026-09-26T12:07:42.7403527Z ##[group]Run make coverage-web
verify	Check TypeScript coverage	2026-09-26T12:07:42.7403859Z ^[[36;1mmake coverage-web^[[0m
verify	Check TypeScript coverage	2026-09-26T12:07:42.7465829Z shell: /usr/bin/bash -e {0}
verify	Check TypeScript coverage	2026-09-26T12:07:42.7466113Z env:
verify	Check TypeScript coverage	2026-09-26T12:07:42.7466330Z   QUANTOS_SKIP_ENV: 1
verify	Check TypeScript coverage	2026-09-26T12:07:42.7466687Z   F02_PG_ADMIN_URL: postgresql://postgres@127.0.0.1:5432/postgres
verify	Check TypeScript coverage	2026-09-26T12:07:42.7467212Z   GITLEAKS_BIN: /home/runner/work/QuantOS/QuantOS/artifacts/tools/gitleaks
verify	Check TypeScript coverage	2026-09-26T12:07:42.7467718Z   QUANTOS_PROTO_BASE: 830c0c547f08d1667725fee55015fc09608b8f48
verify	Check TypeScript coverage	2026-09-26T12:07:42.7468164Z   CARGO_TERM_COLOR: always
verify	Check TypeScript coverage	2026-09-26T12:07:42.7468528Z   NEXT_PUBLIC_QUANTOS_ENV: local-mock
verify	Check TypeScript coverage	2026-09-26T12:07:42.7468868Z   NEXT_PUBLIC_SITE_ORIGIN: https://sumalpha.ai
verify	Check TypeScript coverage	2026-09-26T12:07:42.7469293Z   NEXT_PUBLIC_QUANTOS_TERMINAL_ORIGIN: http://localhost:3190
verify	Check TypeScript coverage	2026-09-26T12:07:42.7470097Z   NEXT_PUBLIC_QUANTOS_BFF_ORIGIN: http://localhost:4010
verify	Check TypeScript coverage	2026-09-26T12:07:42.7470537Z   NEXT_PUBLIC_QUANTOS_OIDC_ISSUER: https://mock.idp.local
verify	Check TypeScript coverage	2026-09-26T12:07:42.7470979Z   NEXT_PUBLIC_QUANTOS_OIDC_CLIENT_ID: quantos-terminal-ci
verify	Check TypeScript coverage	2026-09-26T12:07:42.7471520Z   NEXT_PUBLIC_QUANTOS_OIDC_REDIRECT_URI: http://localhost:3190/auth/callback
verify	Check TypeScript coverage	2026-09-26T12:07:42.7472003Z   NEXT_PUBLIC_QUANTOS_DEFAULT_MODE: paper
verify	Check TypeScript coverage	2026-09-26T12:07:42.7472329Z   NEXT_PUBLIC_QUANTOS_MOCK_ENABLED: true
verify	Check TypeScript coverage	2026-09-26T12:07:42.7472647Z   NEXT_PUBLIC_QUANTOS_OBS_ENABLED: false
verify	Check TypeScript coverage	2026-09-26T12:07:42.7473131Z   NEXT_PUBLIC_QUANTOS_FEATURE_ASSISTED_LIVE_TESTNET: off
verify	Check TypeScript coverage	2026-09-26T12:07:42.7473494Z   CARGO_HOME: /home/runner/.cargo
verify	Check TypeScript coverage	2026-09-26T12:07:42.7473781Z   CARGO_INCREMENTAL: 0
verify	Check TypeScript coverage	2026-09-26T12:07:42.7474097Z   pythonLocation: /opt/hostedtoolcache/Python/3.12.10/x64
verify	Check TypeScript coverage	2026-09-26T12:07:42.7474567Z   PKG_CONFIG_PATH: /opt/hostedtoolcache/Python/3.12.10/x64/lib/pkgconfig
verify	Check TypeScript coverage	2026-09-26T12:07:42.7475071Z   Python_ROOT_DIR: /opt/hostedtoolcache/Python/3.12.10/x64
verify	Check TypeScript coverage	2026-09-26T12:07:42.7475503Z   Python2_ROOT_DIR: /opt/hostedtoolcache/Python/3.12.10/x64
verify	Check TypeScript coverage	2026-09-26T12:07:42.7476142Z   Python3_ROOT_DIR: /opt/hostedtoolcache/Python/3.12.10/x64
verify	Check TypeScript coverage	2026-09-26T12:07:42.7476549Z   LD_LIBRARY_PATH: /opt/hostedtoolcache/Python/3.12.10/x64/lib
verify	Check TypeScript coverage	2026-09-26T12:07:42.7476925Z   UV_CACHE_DIR: /home/runner/work/_temp/setup-uv-cache
verify	Check TypeScript coverage	2026-09-26T12:07:42.7477230Z ##[endgroup]
verify	Check TypeScript coverage	2026-09-26T12:07:42.7576356Z pnpm coverage:web
verify	Check TypeScript coverage	2026-09-26T12:07:43.0373484Z 
verify	Check TypeScript coverage	2026-09-26T12:07:43.0375159Z > @sumalpha/quantos@ coverage:web /home/runner/work/QuantOS/QuantOS
verify	Check TypeScript coverage	2026-09-26T12:07:43.0375950Z > vitest run --config vitest.coverage.config.ts --coverage
verify	Check TypeScript coverage	2026-09-26T12:07:43.0376285Z 
verify	Check TypeScript coverage	2026-09-26T12:07:43.4789758Z 
verify	Check TypeScript coverage	2026-09-26T12:07:43.4792359Z ^[[1m^[[46m RUN ^[[49m^[[22m ^[[36mv3.2.6 ^[[39m^[[90m/home/runner/work/QuantOS/QuantOS^[[39m
verify	Check TypeScript coverage	2026-09-26T12:07:43.4793447Z       ^[[2mCoverage enabled with ^[[22m^[[33mv8^[[39m
verify	Check TypeScript coverage	2026-09-26T12:07:43.4793861Z 
verify	Check TypeScript coverage	2026-09-26T12:07:44.2310972Z  ^[[32m✓^[[39m packages/api-client/tests/proto-metadata.test.ts ^[[2m(^[[22m^[[2m34 tests^[[22m^[[2m)^[[22m^[[32m 76^[[2mms^[[22m^[[39m
verify	Check TypeScript coverage	2026-09-26T12:07:44.5698713Z  ^[[32m✓^[[39m apps/terminal/tests/x06-scenarios.test.ts ^[[2m(^[[22m^[[2m8 tests^[[22m^[[2m)^[[22m^[[32m 23^[[2mms^[[22m^[[39m
verify	Check TypeScript coverage	2026-09-26T12:07:44.5797593Z  ^[[32m✓^[[39m apps/terminal/tests/s04-scenarios.test.ts ^[[2m(^[[22m^[[2m6 tests^[[22m^[[2m)^[[22m^[[32m 40^[[2mms^[[22m^[[39m
verify	Check TypeScript coverage	2026-09-26T12:07:44.6534479Z  ^[[32m✓^[[39m packages/api-client/tests/sse-poc.test.ts ^[[2m(^[[22m^[[2m7 tests^[[22m^[[2m)^[[22m^[[32m 101^[[2mms^[[22m^[[39m
verify	Check TypeScript coverage	2026-09-26T12:07:44.9875061Z  ^[[32m✓^[[39m apps/terminal/tests/auth-poc.test.ts ^[[2m(^[[22m^[[2m12 tests^[[22m^[[2m)^[[22m^[[32m 34^[[2mms^[[22m^[[39m
verify	Check TypeScript coverage	2026-09-26T12:07:45.0941783Z  ^[[32m✓^[[39m packages/config/tests/config.test.ts ^[[2m(^[[22m^[[2m12 tests^[[22m^[[2m)^[[22m^[[32m 15^[[2mms^[[22m^[[39m
verify	Check TypeScript coverage	2026-09-26T12:07:45.3684469Z  ^[[32m✓^[[39m apps/terminal/tests/u01-scenarios.test.ts ^[[2m(^[[22m^[[2m9 tests^[[22m^[[2m)^[[22m^[[32m 19^[[2mms^[[22m^[[39m
verify	Check TypeScript coverage	2026-09-26T12:07:45.6237470Z  ^[[32m✓^[[39m packages/api-client/tests/api-client.test.ts ^[[2m(^[[22m^[[2m5 tests^[[22m^[[2m)^[[22m^[[32m 26^[[2mms^[[22m^[[39m
verify	Check TypeScript coverage	2026-09-26T12:07:45.7301993Z  ^[[32m✓^[[39m apps/terminal/tests/auth-bff.test.ts ^[[2m(^[[22m^[[2m4 tests^[[22m^[[2m)^[[22m^[[32m 14^[[2mms^[[22m^[[39m
verify	Check TypeScript coverage	2026-09-26T12:07:45.7384260Z  ^[[32m✓^[[39m apps/terminal/tests/ui104-settings.test.ts ^[[2m(^[[22m^[[2m6 tests^[[22m^[[2m)^[[22m^[[32m 19^[[2mms^[[22m^[[39m
verify	Check TypeScript coverage	2026-09-26T12:07:46.1231229Z  ^[[32m✓^[[39m packages/domain-ui/tests/ui101.test.ts ^[[2m(^[[22m^[[2m12 tests^[[22m^[[2m)^[[22m^[[32m 11^[[2mms^[[22m^[[39m
verify	Check TypeScript coverage	2026-09-26T12:07:46.2251075Z  ^[[32m✓^[[39m apps/terminal/tests/audit-gateway.test.ts ^[[2m(^[[22m^[[2m3 tests^[[22m^[[2m)^[[22m^[[32m 22^[[2mms^[[22m^[[39m
verify	Check TypeScript coverage	2026-09-26T12:07:46.5109986Z  ^[[32m✓^[[39m apps/terminal/tests/l03-scenarios.test.ts ^[[2m(^[[22m^[[2m6 tests^[[22m^[[2m)^[[22m^[[32m 15^[[2mms^[[22m^[[39m
verify	Check TypeScript coverage	2026-09-26T12:07:46.6209955Z  ^[[32m✓^[[39m apps/website/tests/website-compliance.test.ts ^[[2m(^[[22m^[[2m6 tests^[[22m^[[2m)^[[22m^[[32m 12^[[2mms^[[22m^[[39m
verify	Check TypeScript coverage	2026-09-26T12:07:46.6253680Z  ^[[32m✓^[[39m apps/terminal/tests/ui101-runtime.test.ts ^[[2m(^[[22m^[[2m4 tests^[[22m^[[2m)^[[22m^[[32m 12^[[2mms^[[22m^[[39m
verify	Check TypeScript coverage	2026-09-26T12:07:46.8724068Z  ^[[32m✓^[[39m apps/terminal/tests/deep-link-auth.test.ts ^[[2m(^[[22m^[[2m3 tests^[[22m^[[2m)^[[22m^[[32m 4^[[2mms^[[22m^[[39m
verify	Check TypeScript coverage	2026-09-26T12:07:46.9861105Z  ^[[32m✓^[[39m packages/platform/tests/platform.test.ts ^[[2m(^[[22m^[[2m2 tests^[[22m^[[2m)^[[22m^[[32m 5^[[2mms^[[22m^[[39m
verify	Check TypeScript coverage	2026-09-26T12:07:47.3254768Z  ^[[32m✓^[[39m apps/website/tests/website.test.ts ^[[2m(^[[22m^[[2m1 test^[[22m^[[2m)^[[22m^[[32m 5^[[2mms^[[22m^[[39m
verify	Check TypeScript coverage	2026-09-26T12:07:47.3652323Z  ^[[32m✓^[[39m apps/terminal/tests/terminal.test.ts ^[[2m(^[[22m^[[2m1 test^[[22m^[[2m)^[[22m^[[32m 4^[[2mms^[[22m^[[39m
verify	Check TypeScript coverage	2026-09-26T12:07:47.4906024Z  ^[[32m✓^[[39m packages/domain-ui/tests/domain-ui.test.ts ^[[2m(^[[22m^[[2m1 test^[[22m^[[2m)^[[22m^[[32m 4^[[2mms^[[22m^[[39m
verify	Check TypeScript coverage	2026-09-26T12:07:47.7055203Z  ^[[32m✓^[[39m packages/ui/tests/ui.test.ts ^[[2m(^[[22m^[[2m1 test^[[22m^[[2m)^[[22m^[[32m 3^[[2mms^[[22m^[[39m
verify	Check TypeScript coverage	2026-09-26T12:07:48.1629406Z 
verify	Check TypeScript coverage	2026-09-26T12:07:48.1634917Z ^[[2m Test Files ^[[22m ^[[1m^[[32m21 passed^[[39m^[[22m^[[90m (21)^[[39m
verify	Check TypeScript coverage	2026-09-26T12:07:48.1636062Z ^[[2m      Tests ^[[22m ^[[1m^[[32m143 passed^[[39m^[[22m^[[90m (143)^[[39m
verify	Check TypeScript coverage	2026-09-26T12:07:48.1637467Z ^[[2m   Start at ^[[22m 12:07:43
verify	Check TypeScript coverage	2026-09-26T12:07:48.1638869Z ^[[2m   Duration ^[[22m 4.68s^[[2m (transform 615ms, setup 0ms, collect 4.61s, tests 464ms, environment 6ms, prepare 2.53s)^[[22m
verify	Check TypeScript coverage	2026-09-26T12:07:48.1640006Z 
verify	Check TypeScript coverage	2026-09-26T12:07:48.1652553Z ^[[34m % ^[[39m^[[2mCoverage report from ^[[22m^[[33mv8^[[39m
verify	Check TypeScript coverage	2026-09-26T12:07:48.1710762Z -------------------|---------|----------|---------|---------|-------------------
verify	Check TypeScript coverage	2026-09-26T12:07:48.1712167Z File               | % Stmts | % Branch | % Funcs | % Lines | Uncovered Line #s 
verify	Check TypeScript coverage	2026-09-26T12:07:48.1713184Z -------------------|---------|----------|---------|---------|-------------------
verify	Check TypeScript coverage	2026-09-26T12:07:48.1719800Z All files          |   91.03 |    79.67 |    88.6 |   91.03 |                   
verify	Check TypeScript coverage	2026-09-26T12:07:48.1721012Z  apps/terminal/src |   92.59 |      100 |      75 |   92.59 |                   
verify	Check TypeScript coverage	2026-09-26T12:07:48.1721940Z   app.ts           |      90 |      100 |   66.66 |      90 | 44-45             
verify	Check TypeScript coverage	2026-09-26T12:07:48.1722798Z   index.ts         |     100 |      100 |     100 |     100 |                   
verify	Check TypeScript coverage	2026-09-26T12:07:48.1723719Z  ...inal/src/audit |   75.55 |    54.54 |      75 |   75.55 |                   
verify	Check TypeScript coverage	2026-09-26T12:07:48.1724632Z   gateway.ts       |   75.55 |    54.54 |      75 |   75.55 | ...,72-76,105-106 
verify	Check TypeScript coverage	2026-09-26T12:07:48.1725506Z  ...minal/src/auth |   89.44 |    81.48 |   89.47 |   89.44 |                   
verify	Check TypeScript coverage	2026-09-26T12:07:48.1726400Z   bff.ts           |   97.22 |    81.81 |     100 |   97.22 | 30,34             
verify	Check TypeScript coverage	2026-09-26T12:07:48.1727293Z   deep-link.ts     |     100 |      100 |     100 |     100 |                   
verify	Check TypeScript coverage	2026-09-26T12:07:48.1728151Z   flow.ts          |   85.34 |    77.14 |   88.88 |   85.34 | ...91,136,150-151 
verify	Check TypeScript coverage	2026-09-26T12:07:48.1728985Z   pkce.ts          |   77.77 |      100 |   66.66 |   77.77 | 24-27             
verify	Check TypeScript coverage	2026-09-26T12:07:48.1730092Z  ...al/src/command |     100 |    70.37 |     100 |     100 |                   
verify	Check TypeScript coverage	2026-09-26T12:07:48.1731067Z   fixture.ts       |     100 |      100 |     100 |     100 |                   
verify	Check TypeScript coverage	2026-09-26T12:07:48.1731902Z   model.ts         |       0 |        0 |       0 |       0 |                   
verify	Check TypeScript coverage	2026-09-26T12:07:48.1733105Z   runtime.ts       |     100 |    69.23 |     100 |     100 | 41,43,45,47,49,51 
verify	Check TypeScript coverage	2026-09-26T12:07:48.1734012Z  ...l/src/settings |   59.63 |    80.95 |   64.28 |   59.63 |                   
verify	Check TypeScript coverage	2026-09-26T12:07:48.1734880Z   c17.ts           |      50 |    86.66 |   83.33 |      50 | 65-82             
verify	Check TypeScript coverage	2026-09-26T12:07:48.1735680Z   fixture.ts       |     100 |      100 |     100 |     100 |                   
verify	Check TypeScript coverage	2026-09-26T12:07:48.1736509Z   gateway.ts       |   43.47 |    66.66 |      50 |   43.47 | 17-22,27-49       
verify	Check TypeScript coverage	2026-09-26T12:07:48.1737400Z  apps/website/src  |     100 |      100 |     100 |     100 |                   
verify	Check TypeScript coverage	2026-09-26T12:07:48.1738290Z   index.ts         |     100 |      100 |     100 |     100 |                   
verify	Check TypeScript coverage	2026-09-26T12:07:48.1739137Z  ...api-client/src |   89.64 |    78.46 |   88.46 |   89.64 |                   
verify	Check TypeScript coverage	2026-09-26T12:07:48.1740232Z   bff.ts           |     100 |      100 |     100 |     100 |                   
verify	Check TypeScript coverage	2026-09-26T12:07:48.1741090Z   execution.ts     |   89.63 |    68.42 |   78.57 |   89.63 | ...72,383-384,391 
verify	Check TypeScript coverage	2026-09-26T12:07:48.1741941Z   index.ts         |     100 |      100 |     100 |     100 |                   
verify	Check TypeScript coverage	2026-09-26T12:07:48.1742738Z   ops.ts           |      92 |       80 |     100 |      92 | ...09-210,234-235 
verify	Check TypeScript coverage	2026-09-26T12:07:48.1743562Z   ...validation.ts |     100 |    96.66 |     100 |     100 | 44                
verify	Check TypeScript coverage	2026-09-26T12:07:48.1744375Z   sse.ts           |   97.56 |    89.47 |     100 |   97.56 | 132-133           
verify	Check TypeScript coverage	2026-09-26T12:07:48.1745192Z   strategy.ts      |   86.02 |    65.85 |   89.47 |   86.02 | ...05-306,329-330 
verify	Check TypeScript coverage	2026-09-26T12:07:48.1746055Z   terminal.ts      |   84.79 |    73.33 |   80.95 |   84.79 | ...66-267,290-291 
verify	Check TypeScript coverage	2026-09-26T12:07:48.1746943Z  ...nt/src/bff-gen |     100 |      100 |     100 |     100 |                   
verify	Check TypeScript coverage	2026-09-26T12:07:48.1748421Z   quantos-bff.ts   |       0 |        0 |       0 |       0 |                   
verify	Check TypeScript coverage	2026-09-26T12:07:48.1749868Z   ...os-bff.zod.ts |     100 |      100 |     100 |     100 |                   
verify	Check TypeScript coverage	2026-09-26T12:07:48.1750786Z  ...ges/config/src |   86.88 |    81.81 |      80 |   86.88 |                   
verify	Check TypeScript coverage	2026-09-26T12:07:48.1751678Z   env.ts           |   86.74 |    81.81 |      80 |   86.74 | ...10-215,228-229 
verify	Check TypeScript coverage	2026-09-26T12:07:48.1752533Z   index.ts         |     100 |      100 |     100 |     100 |                   
verify	Check TypeScript coverage	2026-09-26T12:07:48.1753510Z  .../domain-ui/src |   93.87 |    81.59 |   97.87 |   93.87 |                   
verify	Check TypeScript coverage	2026-09-26T12:07:48.1754426Z   execution.ts     |   94.59 |    69.56 |     100 |   94.59 | ...64,175,197,200 
verify	Check TypeScript coverage	2026-09-26T12:07:48.1755305Z   index.ts         |     100 |      100 |     100 |     100 |                   
verify	Check TypeScript coverage	2026-09-26T12:07:48.1756102Z   ops.ts           |     100 |    95.45 |     100 |     100 | 105               
verify	Check TypeScript coverage	2026-09-26T12:07:48.1756943Z   pages.ts         |    92.3 |    76.92 |     100 |    92.3 | 40-41,43-44       
verify	Check TypeScript coverage	2026-09-26T12:07:48.1757846Z   research.ts      |   87.94 |    66.66 |     100 |   87.94 | ...83-184,189-190 
verify	Check TypeScript coverage	2026-09-26T12:07:48.1758740Z   shell.ts         |   92.22 |     87.5 |      75 |   92.22 | 333-351,356-357   
verify	Check TypeScript coverage	2026-09-26T12:07:48.1759829Z   strategy.ts      |   95.23 |    83.33 |     100 |   95.23 | ...00-101,103-104 
verify	Check TypeScript coverage	2026-09-26T12:07:48.1760743Z   ui101.ts         |     100 |      100 |     100 |     100 |                   
verify	Check TypeScript coverage	2026-09-26T12:07:48.1761612Z  ...s/platform/src |   81.25 |      100 |      75 |   81.25 |                   
verify	Check TypeScript coverage	2026-09-26T12:07:48.1762506Z   adapter.ts       |   78.57 |      100 |   66.66 |   78.57 | 47-52             
verify	Check TypeScript coverage	2026-09-26T12:07:48.1763359Z   index.ts         |     100 |      100 |     100 |     100 |                   
verify	Check TypeScript coverage	2026-09-26T12:07:48.1764201Z  packages/ui/src   |     100 |      100 |     100 |     100 |                   
verify	Check TypeScript coverage	2026-09-26T12:07:48.1765037Z   index.ts         |     100 |      100 |     100 |     100 |                   
verify	Check TypeScript coverage	2026-09-26T12:07:48.1765880Z  .../ui/src/tokens |     100 |      100 |     100 |     100 |                   
verify	Check TypeScript coverage	2026-09-26T12:07:48.1766912Z   index.ts         |     100 |      100 |     100 |     100 |                   
verify	Check TypeScript coverage	2026-09-26T12:07:48.1767860Z -------------------|---------|----------|---------|---------|-------------------
verify	Check Rust coverage	﻿2026-09-26T12:07:48.2426818Z ##[group]Run make coverage-rust
verify	Check Rust coverage	2026-09-26T12:07:48.2427371Z ^[[36;1mmake coverage-rust^[[0m
verify	Check Rust coverage	2026-09-26T12:07:48.2503204Z shell: /usr/bin/bash -e {0}
verify	Check Rust coverage	2026-09-26T12:07:48.2503489Z env:
verify	Check Rust coverage	2026-09-26T12:07:48.2503696Z   QUANTOS_SKIP_ENV: 1
verify	Check Rust coverage	2026-09-26T12:07:48.2504061Z   F02_PG_ADMIN_URL: postgresql://postgres@127.0.0.1:5432/postgres
verify	Check Rust coverage	2026-09-26T12:07:48.2504563Z   GITLEAKS_BIN: /home/runner/work/QuantOS/QuantOS/artifacts/tools/gitleaks
verify	Check Rust coverage	2026-09-26T12:07:48.2505028Z   QUANTOS_PROTO_BASE: 830c0c547f08d1667725fee55015fc09608b8f48
verify	Check Rust coverage	2026-09-26T12:07:48.2505377Z   CARGO_TERM_COLOR: always
verify	Check Rust coverage	2026-09-26T12:07:48.2505633Z   NEXT_PUBLIC_QUANTOS_ENV: local-mock
verify	Check Rust coverage	2026-09-26T12:07:48.2505967Z   NEXT_PUBLIC_SITE_ORIGIN: https://sumalpha.ai
verify	Check Rust coverage	2026-09-26T12:07:48.2506343Z   NEXT_PUBLIC_QUANTOS_TERMINAL_ORIGIN: http://localhost:3190
verify	Check Rust coverage	2026-09-26T12:07:48.2506742Z   NEXT_PUBLIC_QUANTOS_BFF_ORIGIN: http://localhost:4010
verify	Check Rust coverage	2026-09-26T12:07:48.2507129Z   NEXT_PUBLIC_QUANTOS_OIDC_ISSUER: https://mock.idp.local
verify	Check Rust coverage	2026-09-26T12:07:48.2507517Z   NEXT_PUBLIC_QUANTOS_OIDC_CLIENT_ID: quantos-terminal-ci
verify	Check Rust coverage	2026-09-26T12:07:48.2508006Z   NEXT_PUBLIC_QUANTOS_OIDC_REDIRECT_URI: http://localhost:3190/auth/callback
verify	Check Rust coverage	2026-09-26T12:07:48.2508449Z   NEXT_PUBLIC_QUANTOS_DEFAULT_MODE: paper
verify	Check Rust coverage	2026-09-26T12:07:48.2508748Z   NEXT_PUBLIC_QUANTOS_MOCK_ENABLED: true
verify	Check Rust coverage	2026-09-26T12:07:48.2509038Z   NEXT_PUBLIC_QUANTOS_OBS_ENABLED: false
verify	Check Rust coverage	2026-09-26T12:07:48.2509365Z   NEXT_PUBLIC_QUANTOS_FEATURE_ASSISTED_LIVE_TESTNET: off
verify	Check Rust coverage	2026-09-26T12:07:48.2509928Z   CARGO_HOME: /home/runner/.cargo
verify	Check Rust coverage	2026-09-26T12:07:48.2510189Z   CARGO_INCREMENTAL: 0
verify	Check Rust coverage	2026-09-26T12:07:48.2510484Z   pythonLocation: /opt/hostedtoolcache/Python/3.12.10/x64
verify	Check Rust coverage	2026-09-26T12:07:48.2511136Z   PKG_CONFIG_PATH: /opt/hostedtoolcache/Python/3.12.10/x64/lib/pkgconfig
verify	Check Rust coverage	2026-09-26T12:07:48.2511590Z   Python_ROOT_DIR: /opt/hostedtoolcache/Python/3.12.10/x64
verify	Check Rust coverage	2026-09-26T12:07:48.2511999Z   Python2_ROOT_DIR: /opt/hostedtoolcache/Python/3.12.10/x64
verify	Check Rust coverage	2026-09-26T12:07:48.2512397Z   Python3_ROOT_DIR: /opt/hostedtoolcache/Python/3.12.10/x64
verify	Check Rust coverage	2026-09-26T12:07:48.2512802Z   LD_LIBRARY_PATH: /opt/hostedtoolcache/Python/3.12.10/x64/lib
verify	Check Rust coverage	2026-09-26T12:07:48.2513189Z   UV_CACHE_DIR: /home/runner/work/_temp/setup-uv-cache
verify	Check Rust coverage	2026-09-26T12:07:48.2513498Z ##[endgroup]
verify	Check Rust coverage	2026-09-26T12:07:48.2620746Z cargo llvm-cov --package quantos-core --all-features --release --fail-under-lines 90 --fail-under-regions 90 --summary-only
verify	Check Rust coverage	2026-09-26T12:07:48.3637401Z info: cargo-llvm-cov currently setting cfg(coverage); you can opt-out it by passing --no-cfg-coverage
verify	Check Rust coverage	2026-09-26T12:07:48.6015938Z ^[[1m^[[92m   Compiling^[[0m quantos-core v0.1.0 (/home/runner/work/QuantOS/QuantOS/crates/quantos-core)
verify	Check Rust coverage	2026-09-26T12:07:50.2911073Z ^[[1m^[[92m    Finished^[[0m `release` profile [optimized] target(s) in 1.80s
verify	Check Rust coverage	2026-09-26T12:07:50.2974117Z ^[[1m^[[92m     Running^[[0m unittests src/lib.rs (target/llvm-cov-target/release/deps/quantos_core-cfad6b4604a3499f)
verify	Check Rust coverage	2026-09-26T12:07:50.2985186Z 
verify	Check Rust coverage	2026-09-26T12:07:50.2985539Z running 0 tests
verify	Check Rust coverage	2026-09-26T12:07:50.2985785Z 
verify	Check Rust coverage	2026-09-26T12:07:50.2986192Z test result: ok. 0 passed; 0 failed; 0 ignored; 0 measured; 0 filtered out; finished in 0.00s
verify	Check Rust coverage	2026-09-26T12:07:50.2986611Z 
verify	Check Rust coverage	2026-09-26T12:07:50.2989343Z ^[[1m^[[92m     Running^[[0m tests/core_contract.rs (target/llvm-cov-target/release/deps/core_contract-b1169fd6de4277e4)
verify	Check Rust coverage	2026-09-26T12:07:50.2998607Z 
verify	Check Rust coverage	2026-09-26T12:07:50.2998763Z running 10 tests
verify	Check Rust coverage	2026-09-26T12:07:50.3002700Z test clocks_are_utc_fixed_and_strictly_parsed ... ok
verify	Check Rust coverage	2026-09-26T12:07:50.3010498Z test every_error_code_and_constructor_is_stable ... ok
verify	Check Rust coverage	2026-09-26T12:07:50.3011268Z test fixtures_are_canonical_verified_and_serde_safe ... ok
verify	Check Rust coverage	2026-09-26T12:07:50.3011831Z test money_and_quantity_enforce_constructor_and_serde_boundaries ... ok
verify	Check Rust coverage	2026-09-26T12:07:50.3012402Z test fixture_rejects_hash_tampering_and_malformed_shapes ... ok
verify	Check Rust coverage	2026-09-26T12:07:50.3012922Z test money_deserialization_rejects_every_malformed_shape ... ok
verify	Check Rust coverage	2026-09-26T12:07:50.3013371Z test workspace_health_contract_is_stable ... ok
verify	Check Rust coverage	2026-09-26T12:07:50.3013811Z test typed_ids_cover_all_public_construction_paths ... ok
verify	Check Rust coverage	2026-09-26T12:07:50.3014593Z test versions_and_hashes_cover_valid_and_invalid_wire_forms ... ok
verify	Check Rust coverage	2026-09-26T12:07:50.3065820Z test builder_maps_serialization_failures_and_fixture_hashes_are_repeatable ... ok
verify	Check Rust coverage	2026-09-26T12:07:50.3066479Z 
verify	Check Rust coverage	2026-09-26T12:07:50.3067139Z test result: ok. 10 passed; 0 failed; 0 ignored; 0 measured; 0 filtered out; finished in 0.01s
verify	Check Rust coverage	2026-09-26T12:07:50.3067812Z 
verify	Check Rust coverage	2026-09-26T12:07:50.3318126Z Filename                      Regions    Missed Regions     Cover   Functions  Missed Functions  Executed       Lines      Missed Lines     Cover    Branches   Missed Branches     Cover
verify	Check Rust coverage	2026-09-26T12:07:50.3320026Z -----------------------------------------------------------------------------------------------------------------------------------------------------------------------------------------
verify	Check Rust coverage	2026-09-26T12:07:50.3321461Z clock.rs                           20                 0   100.00%           6                 0   100.00%          16                 0   100.00%           0                 0         -
verify	Check Rust coverage	2026-09-26T12:07:50.3322726Z error.rs                          104                 0   100.00%          18                 0   100.00%          91                 0   100.00%           0                 0         -
verify	Check Rust coverage	2026-09-26T12:07:50.3323962Z fixture.rs                        245                17    93.06%          22                 2    90.91%         147                10    93.20%           0                 0         -
verify	Check Rust coverage	2026-09-26T12:07:50.3325195Z id.rs                              29                 0   100.00%           8                 0   100.00%          24                 0   100.00%           0                 0         -
verify	Check Rust coverage	2026-09-26T12:07:50.3326839Z lib.rs                              3                 0   100.00%           1                 0   100.00%           6                 0   100.00%           0                 0         -
verify	Check Rust coverage	2026-09-26T12:07:50.3328070Z precision.rs                      119                 3    97.48%          17                 0   100.00%          76                 0   100.00%           0                 0         -
verify	Check Rust coverage	2026-09-26T12:07:50.3329097Z versioning.rs                     123                 1    99.19%          20                 0   100.00%          82                 0   100.00%           0                 0         -
verify	Check Rust coverage	2026-09-26T12:07:50.3330380Z -----------------------------------------------------------------------------------------------------------------------------------------------------------------------------------------
verify	Check Rust coverage	2026-09-26T12:07:50.3331419Z TOTAL                             643                21    96.73%          92                 2    97.83%         442                10    97.74%           0                 0         -
verify	Check Rust coverage	2026-09-26T12:07:50.3549890Z cargo llvm-cov --package quantos-core --package quantos-risk --package quantos-execution --all-features --fail-under-lines 90 --fail-under-regions 85 --summary-only
verify	Check Rust coverage	2026-09-26T12:07:50.4523093Z info: cargo-llvm-cov currently setting cfg(coverage); you can opt-out it by passing --no-cfg-coverage
verify	Check Rust coverage	2026-09-26T12:07:50.7847557Z ^[[1m^[[92m   Compiling^[[0m syn v2.0.119
verify	Check Rust coverage	2026-09-26T12:07:50.7848621Z ^[[1m^[[92m   Compiling^[[0m errno v0.3.14
verify	Check Rust coverage	2026-09-26T12:07:50.7879776Z ^[[1m^[[92m   Compiling^[[0m slab v0.4.12
verify	Check Rust coverage	2026-09-26T12:07:50.7888178Z ^[[1m^[[92m   Compiling^[[0m hashbrown v0.17.1
verify	Check Rust coverage	2026-09-26T12:07:50.8700854Z ^[[1m^[[92m   Compiling^[[0m signal-hook-registry v1.4.8
verify	Check Rust coverage	2026-09-26T12:07:50.8990669Z ^[[1m^[[92m   Compiling^[[0m equivalent v1.0.2
verify	Check Rust coverage	2026-09-26T12:07:50.9381101Z ^[[1m^[[92m   Compiling^[[0m either v1.17.0
verify	Check Rust coverage	2026-09-26T12:07:51.1191316Z ^[[1m^[[92m   Compiling^[[0m fnv v1.0.7
verify	Check Rust coverage	2026-09-26T12:07:51.1385766Z ^[[1m^[[92m   Compiling^[[0m anyhow v1.0.104
verify	Check Rust coverage	2026-09-26T12:07:51.1601241Z ^[[1m^[[92m   Compiling^[[0m digest v0.10.7
verify	Check Rust coverage	2026-09-26T12:07:51.3286633Z ^[[1m^[[92m   Compiling^[[0m httpdate v1.0.3
verify	Check Rust coverage	2026-09-26T12:07:51.3806243Z ^[[1m^[[92m   Compiling^[[0m indexmap v2.14.0
verify	Check Rust coverage	2026-09-26T12:07:51.4881052Z ^[[1m^[[92m   Compiling^[[0m itertools v0.14.0
verify	Check Rust coverage	2026-09-26T12:07:51.7047050Z ^[[1m^[[92m   Compiling^[[0m sha2 v0.10.9
verify	Check Rust coverage	2026-09-26T12:07:52.0968418Z ^[[1m^[[92m   Compiling^[[0m bytes v1.12.1
verify	Check Rust coverage	2026-09-26T12:07:52.1231469Z ^[[1m^[[92m   Compiling^[[0m zerocopy v0.8.55
verify	Check Rust coverage	2026-09-26T12:07:52.4061239Z ^[[1m^[[92m   Compiling^[[0m rustix v1.1.4
verify	Check Rust coverage	2026-09-26T12:07:52.6371688Z ^[[1m^[[92m   Compiling^[[0m getrandom v0.4.3
verify	Check Rust coverage	2026-09-26T12:07:52.7841271Z ^[[1m^[[92m   Compiling^[[0m quantos-core v0.1.0 (/home/runner/work/QuantOS/QuantOS/crates/quantos-core)
verify	Check Rust coverage	2026-09-26T12:07:52.7995797Z ^[[1m^[[92m   Compiling^[[0m regex-syntax v0.8.11
verify	Check Rust coverage	2026-09-26T12:07:53.1071001Z ^[[1m^[[92m   Compiling^[[0m prettyplease v0.2.37
verify	Check Rust coverage	2026-09-26T12:07:53.2141017Z ^[[1m^[[92m   Compiling^[[0m linux-raw-sys v0.12.1
verify	Check Rust coverage	2026-09-26T12:07:53.5265127Z ^[[1m^[[92m   Compiling^[[0m bitflags v2.13.1
verify	Check Rust coverage	2026-09-26T12:07:54.9485567Z ^[[1m^[[92m   Compiling^[[0m synstructure v0.13.2
verify	Check Rust coverage	2026-09-26T12:07:55.5781306Z ^[[1m^[[92m   Compiling^[[0m regex-automata v0.4.16
verify	Check Rust coverage	2026-09-26T12:07:55.9171557Z ^[[1m^[[92m   Compiling^[[0m getrandom v0.2.17
verify	Check Rust coverage	2026-09-26T12:07:56.0591580Z ^[[1m^[[92m   Compiling^[[0m fastrand v2.5.0
verify	Check Rust coverage	2026-09-26T12:07:56.2221203Z ^[[1m^[[92m   Compiling^[[0m rustversion v1.0.23
verify	Check Rust coverage	2026-09-26T12:07:56.4601436Z ^[[1m^[[92m   Compiling^[[0m fixedbitset v0.5.7
verify	Check Rust coverage	2026-09-26T12:07:56.7080421Z ^[[1m^[[92m   Compiling^[[0m tokio-openssl v0.6.5
verify	Check Rust coverage	2026-09-26T12:07:56.8291112Z ^[[1m^[[92m   Compiling^[[0m heck v0.5.0
verify	Check Rust coverage	2026-09-26T12:07:56.8340995Z ^[[1m^[[92m   Compiling^[[0m tokio-macros v2.7.1
verify	Check Rust coverage	2026-09-26T12:07:57.0030786Z ^[[1m^[[92m   Compiling^[[0m futures-macro v0.3.33
verify	Check Rust coverage	2026-09-26T12:07:57.3551472Z ^[[1m^[[92m   Compiling^[[0m tokio v1.53.1
verify	Check Rust coverage	2026-09-26T12:07:57.6691500Z ^[[1m^[[92m   Compiling^[[0m futures-util v0.3.33
verify	Check Rust coverage	2026-09-26T12:07:58.0034952Z ^[[1m^[[92m   Compiling^[[0m zerofrom-derive v0.1.7
verify	Check Rust coverage	2026-09-26T12:07:58.0958343Z ^[[1m^[[92m   Compiling^[[0m yoke-derive v0.8.2
verify	Check Rust coverage	2026-09-26T12:07:59.1771826Z ^[[1m^[[92m   Compiling^[[0m zerovec-derive v0.11.3
verify	Check Rust coverage	2026-09-26T12:07:59.2421772Z ^[[1m^[[92m   Compiling^[[0m zerofrom v0.1.8
verify	Check Rust coverage	2026-09-26T12:07:59.3242013Z ^[[1m^[[92m   Compiling^[[0m yoke v0.8.3
verify	Check Rust coverage	2026-09-26T12:07:59.4650963Z ^[[1m^[[92m   Compiling^[[0m displaydoc v0.2.6
verify	Check Rust coverage	2026-09-26T12:08:00.0682096Z ^[[1m^[[92m   Compiling^[[0m tracing-attributes v0.1.31
verify	Check Rust coverage	2026-09-26T12:08:00.2321753Z ^[[1m^[[92m   Compiling^[[0m zerovec v0.11.6
verify	Check Rust coverage	2026-09-26T12:08:00.6051270Z ^[[1m^[[92m   Compiling^[[0m zerotrie v0.2.4
verify	Check Rust coverage	2026-09-26T12:08:00.8138385Z ^[[1m^[[92m   Compiling^[[0m tinystr v0.8.3
verify	Check Rust coverage	2026-09-26T12:08:00.8591235Z ^[[1m^[[92m   Compiling^[[0m potential_utf v0.1.5
verify	Check Rust coverage	2026-09-26T12:08:00.9518243Z ^[[1m^[[92m   Compiling^[[0m icu_locale_core v2.2.0
verify	Check Rust coverage	2026-09-26T12:08:00.9563157Z ^[[1m^[[92m   Compiling^[[0m icu_collections v2.2.0
verify	Check Rust coverage	2026-09-26T12:08:01.2861521Z ^[[1m^[[92m   Compiling^[[0m tracing v0.1.44
verify	Check Rust coverage	2026-09-26T12:08:01.4679354Z ^[[1m^[[92m   Compiling^[[0m openssl-macros v0.1.1
verify	Check Rust coverage	2026-09-26T12:08:01.4903545Z ^[[1m^[[92m   Compiling^[[0m prost-derive v0.13.5
verify	Check Rust coverage	2026-09-26T12:08:01.6526256Z ^[[1m^[[92m   Compiling^[[0m openssl v0.10.81
verify	Check Rust coverage	2026-09-26T12:08:02.3291121Z ^[[1m^[[92m   Compiling^[[0m tokio-util v0.7.19
verify	Check Rust coverage	2026-09-26T12:08:03.0591244Z ^[[1m^[[92m   Compiling^[[0m h2 v0.4.16
verify	Check Rust coverage	2026-09-26T12:08:03.0751020Z ^[[1m^[[92m   Compiling^[[0m icu_provider v2.2.0
verify	Check Rust coverage	2026-09-26T12:08:03.3711801Z ^[[1m^[[92m   Compiling^[[0m icu_normalizer v2.2.0
verify	Check Rust coverage	2026-09-26T12:08:04.0403521Z ^[[1m^[[92m   Compiling^[[0m icu_properties v2.2.0
verify	Check Rust coverage	2026-09-26T12:08:04.5182812Z ^[[1m^[[92m   Compiling^[[0m tower v0.5.3
verify	Check Rust coverage	2026-09-26T12:08:04.9865123Z ^[[1m^[[92m   Compiling^[[0m tokio-postgres v0.7.18
verify	Check Rust coverage	2026-09-26T12:08:05.5691477Z ^[[1m^[[92m   Compiling^[[0m idna_adapter v1.2.2
verify	Check Rust coverage	2026-09-26T12:08:05.6381138Z ^[[1m^[[92m   Compiling^[[0m idna v1.1.0
verify	Check Rust coverage	2026-09-26T12:08:06.2361282Z ^[[1m^[[92m   Compiling^[[0m hyper v1.11.0
verify	Check Rust coverage	2026-09-26T12:08:06.5301091Z ^[[1m^[[92m   Compiling^[[0m url v2.5.8
verify	Check Rust coverage	2026-09-26T12:08:07.0514729Z ^[[1m^[[92m   Compiling^[[0m native-tls v0.2.18
verify	Check Rust coverage	2026-09-26T12:08:07.3851417Z ^[[1m^[[92m   Compiling^[[0m prost v0.13.5
verify	Check Rust coverage	2026-09-26T12:08:07.4791490Z ^[[1m^[[92m   Compiling^[[0m hyper-util v0.1.20
verify	Check Rust coverage	2026-09-26T12:08:07.7181510Z ^[[1m^[[92m   Compiling^[[0m prost-types v0.13.5
verify	Check Rust coverage	2026-09-26T12:08:08.2681036Z ^[[1m^[[92m   Compiling^[[0m tokio-native-tls v0.3.1
verify	Check Rust coverage	2026-09-26T12:08:08.3661218Z ^[[1m^[[92m   Compiling^[[0m tokio-rustls v0.26.4
verify	Check Rust coverage	2026-09-26T12:08:08.3941425Z ^[[1m^[[92m   Compiling^[[0m postgres-native-tls v0.5.3
verify	Check Rust coverage	2026-09-26T12:08:08.4831132Z ^[[1m^[[92m   Compiling^[[0m postgres v0.19.14
verify	Check Rust coverage	2026-09-26T12:08:08.5641570Z ^[[1m^[[92m   Compiling^[[0m tower-http v0.6.11
verify	Check Rust coverage	2026-09-26T12:08:08.9151129Z ^[[1m^[[92m   Compiling^[[0m hyper-rustls v0.27.9
verify	Check Rust coverage	2026-09-26T12:08:08.9718299Z ^[[1m^[[92m   Compiling^[[0m ppv-lite86 v0.2.21
verify	Check Rust coverage	2026-09-26T12:08:09.1281474Z ^[[1m^[[92m   Compiling^[[0m regex v1.13.1
verify	Check Rust coverage	2026-09-26T12:08:09.2661691Z ^[[1m^[[92m   Compiling^[[0m petgraph v0.7.1
verify	Check Rust coverage	2026-09-26T12:08:09.3210545Z ^[[1m^[[92m   Compiling^[[0m tempfile v3.27.0
verify	Check Rust coverage	2026-09-26T12:08:09.5286670Z ^[[1m^[[92m   Compiling^[[0m rand_core v0.6.4
verify	Check Rust coverage	2026-09-26T12:08:09.6851115Z ^[[1m^[[92m   Compiling^[[0m itertools v0.13.0
verify	Check Rust coverage	2026-09-26T12:08:10.4934132Z ^[[1m^[[92m   Compiling^[[0m indexmap v1.9.3
verify	Check Rust coverage	2026-09-26T12:08:10.6011781Z ^[[1m^[[92m   Compiling^[[0m multimap v0.10.1
verify	Check Rust coverage	2026-09-26T12:08:10.7241365Z ^[[1m^[[92m   Compiling^[[0m prost-build v0.13.5
verify	Check Rust coverage	2026-09-26T12:08:10.7961012Z ^[[1m^[[92m   Compiling^[[0m rand_chacha v0.3.1
verify	Check Rust coverage	2026-09-26T12:08:11.2391378Z ^[[1m^[[92m   Compiling^[[0m pbjson-build v0.7.0
verify	Check Rust coverage	2026-09-26T12:08:11.2612220Z ^[[1m^[[92m   Compiling^[[0m reqwest v0.13.4
verify	Check Rust coverage	2026-09-26T12:08:12.0581693Z ^[[1m^[[92m   Compiling^[[0m pin-project-internal v1.1.13
verify	Check Rust coverage	2026-09-26T12:08:12.2151487Z ^[[1m^[[92m   Compiling^[[0m mime v0.3.17
verify	Check Rust coverage	2026-09-26T12:08:12.2829435Z ^[[1m^[[92m   Compiling^[[0m hashbrown v0.12.3
verify	Check Rust coverage	2026-09-26T12:08:12.4341716Z ^[[1m^[[92m   Compiling^[[0m axum-core v0.4.5
verify	Check Rust coverage	2026-09-26T12:08:13.0871616Z ^[[1m^[[92m   Compiling^[[0m pin-project v1.1.13
verify	Check Rust coverage	2026-09-26T12:08:13.1131091Z ^[[1m^[[92m   Compiling^[[0m postgres-openssl v0.5.3
verify	Check Rust coverage	2026-09-26T12:08:13.1281776Z ^[[1m^[[92m   Compiling^[[0m pbjson-types v0.7.0
verify	Check Rust coverage	2026-09-26T12:08:13.2361589Z ^[[1m^[[92m   Compiling^[[0m rand v0.8.7
verify	Check Rust coverage	2026-09-26T12:08:13.9581664Z ^[[1m^[[92m   Compiling^[[0m async-stream-impl v0.3.6
verify	Check Rust coverage	2026-09-26T12:08:14.0071885Z ^[[1m^[[92m   Compiling^[[0m quantos-policy v0.1.0 (/home/runner/work/QuantOS/QuantOS/crates/quantos-policy)
verify	Check Rust coverage	2026-09-26T12:08:14.2311355Z ^[[1m^[[92m   Compiling^[[0m base64 v0.21.7
verify	Check Rust coverage	2026-09-26T12:08:14.3851350Z ^[[1m^[[92m   Compiling^[[0m matchit v0.7.3
verify	Check Rust coverage	2026-09-26T12:08:14.5152215Z ^[[1m^[[92m   Compiling^[[0m pbjson v0.7.0
verify	Check Rust coverage	2026-09-26T12:08:14.5971090Z ^[[1m^[[92m   Compiling^[[0m axum v0.7.9
verify	Check Rust coverage	2026-09-26T12:08:14.6211584Z ^[[1m^[[92m   Compiling^[[0m async-stream v0.3.6
verify	Check Rust coverage	2026-09-26T12:08:14.6541829Z ^[[1m^[[92m   Compiling^[[0m quantos-auth v0.1.0 (/home/runner/work/QuantOS/QuantOS/crates/quantos-auth)
verify	Check Rust coverage	2026-09-26T12:08:14.6854641Z ^[[1m^[[92m   Compiling^[[0m tower v0.4.13
verify	Check Rust coverage	2026-09-26T12:08:15.7791270Z ^[[1m^[[92m   Compiling^[[0m quantos-storage v0.1.0 (/home/runner/work/QuantOS/QuantOS/crates/quantos-storage)
verify	Check Rust coverage	2026-09-26T12:08:17.2401825Z ^[[1m^[[92m   Compiling^[[0m hyper-timeout v0.5.2
verify	Check Rust coverage	2026-09-26T12:08:17.3088209Z ^[[1m^[[92m   Compiling^[[0m tokio-stream v0.1.19
verify	Check Rust coverage	2026-09-26T12:08:17.3811175Z ^[[1m^[[92m   Compiling^[[0m socket2 v0.5.10
verify	Check Rust coverage	2026-09-26T12:08:17.8862203Z ^[[1m^[[92m   Compiling^[[0m quantos-strategy v0.1.0 (/home/runner/work/QuantOS/QuantOS/crates/quantos-strategy)
verify	Check Rust coverage	2026-09-26T12:08:18.6151395Z ^[[1m^[[92m   Compiling^[[0m tonic v0.12.3
verify	Check Rust coverage	2026-09-26T12:08:19.1581940Z ^[[1m^[[92m   Compiling^[[0m quantos-portfolio v0.1.0 (/home/runner/work/QuantOS/QuantOS/crates/quantos-portfolio)
verify	Check Rust coverage	2026-09-26T12:08:20.0411837Z ^[[1m^[[92m   Compiling^[[0m hmac v0.12.1
verify	Check Rust coverage	2026-09-26T12:08:20.1231915Z ^[[1m^[[92m   Compiling^[[0m quantos-risk v0.1.0 (/home/runner/work/QuantOS/QuantOS/crates/quantos-risk)
verify	Check Rust coverage	2026-09-26T12:08:20.3382612Z ^[[1m^[[92m   Compiling^[[0m quantos-proto v0.1.0 (/home/runner/work/QuantOS/QuantOS/crates/quantos-proto)
verify	Check Rust coverage	2026-09-26T12:08:22.2036815Z ^[[1m^[[92m   Compiling^[[0m quantos-engine-manager v0.1.0 (/home/runner/work/QuantOS/QuantOS/crates/quantos-engine-manager)
verify	Check Rust coverage	2026-09-26T12:08:23.2350532Z ^[[1m^[[92m   Compiling^[[0m quantos-runtime v0.1.0 (/home/runner/work/QuantOS/QuantOS/crates/quantos-runtime)
verify	Check Rust coverage	2026-09-26T12:08:25.6406824Z ^[[1m^[[92m   Compiling^[[0m quantos-execution v0.1.0 (/home/runner/work/QuantOS/QuantOS/crates/quantos-execution)
verify	Check Rust coverage	2026-09-26T12:08:27.3467180Z ^[[1m^[[92m    Finished^[[0m `test` profile [unoptimized + debuginfo] target(s) in 36.75s
verify	Check Rust coverage	2026-09-26T12:08:27.3647582Z ^[[1m^[[92m     Running^[[0m unittests src/lib.rs (target/llvm-cov-target/debug/deps/quantos_core-e780680b768f40cd)
verify	Check Rust coverage	2026-09-26T12:08:27.3661183Z 
verify	Check Rust coverage	2026-09-26T12:08:27.3661638Z running 0 tests
verify	Check Rust coverage	2026-09-26T12:08:27.3661838Z 
verify	Check Rust coverage	2026-09-26T12:08:27.3662587Z test result: ok. 0 passed; 0 failed; 0 ignored; 0 measured; 0 filtered out; finished in 0.00s
verify	Check Rust coverage	2026-09-26T12:08:27.3663207Z 
verify	Check Rust coverage	2026-09-26T12:08:27.3666799Z ^[[1m^[[92m     Running^[[0m tests/core_contract.rs (target/llvm-cov-target/debug/deps/core_contract-2b3ba9765c94332a)
verify	Check Rust coverage	2026-09-26T12:08:27.3677739Z 
verify	Check Rust coverage	2026-09-26T12:08:27.3677920Z running 10 tests
verify	Check Rust coverage	2026-09-26T12:08:27.3688543Z test clocks_are_utc_fixed_and_strictly_parsed ... ok
verify	Check Rust coverage	2026-09-26T12:08:27.3689399Z test every_error_code_and_constructor_is_stable ... ok
verify	Check Rust coverage	2026-09-26T12:08:27.3690514Z test money_and_quantity_enforce_constructor_and_serde_boundaries ... ok
verify	Check Rust coverage	2026-09-26T12:08:27.3691609Z test money_deserialization_rejects_every_malformed_shape ... ok
verify	Check Rust coverage	2026-09-26T12:08:27.3692472Z test fixtures_are_canonical_verified_and_serde_safe ... ok
verify	Check Rust coverage	2026-09-26T12:08:27.3693204Z test typed_ids_cover_all_public_construction_paths ... ok
verify	Check Rust coverage	2026-09-26T12:08:27.3693725Z test versions_and_hashes_cover_valid_and_invalid_wire_forms ... ok
verify	Check Rust coverage	2026-09-26T12:08:27.3694205Z test workspace_health_contract_is_stable ... ok
verify	Check Rust coverage	2026-09-26T12:08:27.3694675Z test fixture_rejects_hash_tampering_and_malformed_shapes ... ok
verify	Check Rust coverage	2026-09-26T12:08:27.4141354Z test builder_maps_serialization_failures_and_fixture_hashes_are_repeatable ... ok
verify	Check Rust coverage	2026-09-26T12:08:27.4142145Z 
verify	Check Rust coverage	2026-09-26T12:08:27.4143007Z test result: ok. 10 passed; 0 failed; 0 ignored; 0 measured; 0 filtered out; finished in 0.05s
verify	Check Rust coverage	2026-09-26T12:08:27.4144046Z 
verify	Check Rust coverage	2026-09-26T12:08:27.4146907Z ^[[1m^[[92m     Running^[[0m unittests src/lib.rs (target/llvm-cov-target/debug/deps/quantos_execution-dec67e9b8a0f3389)
verify	Check Rust coverage	2026-09-26T12:08:27.4158325Z 
verify	Check Rust coverage	2026-09-26T12:08:27.4158484Z running 31 tests
verify	Check Rust coverage	2026-09-26T12:08:27.4167844Z test dual::tests::m5_flag_off_makes_assisted_live_unreachable ... ok
verify	Check Rust coverage	2026-09-26T12:08:27.4174413Z test gateway::tests::all_six_boundary_rejection_classes_are_enforced_before_the_kernel ... ok
verify	Check Rust coverage	2026-09-26T12:08:27.4175956Z test gateway::tests::boundary_command_carries_no_session_or_identity_material ... ok
verify	Check Rust coverage	2026-09-26T12:08:27.4177655Z test gateway::tests::limit_intent_without_price_is_rejected_before_the_kernel ... ok
verify	Check Rust coverage	2026-09-26T12:08:27.4179134Z test dual::tests::self_approval_cap_expiry_and_allowlist_are_all_rejected ... ok
verify	Check Rust coverage	2026-09-26T12:08:27.4180892Z test gateway::tests::nautilus_adapter_maps_wire_shape_and_client_order_id_is_stable ... ok
verify	Check Rust coverage	2026-09-26T12:08:27.4182375Z test gateway::tests::nautilus_adapter_replay_also_produces_one_outbox_entry ... ok
verify	Check Rust coverage	2026-09-26T12:08:27.4183789Z test gateway::tests::order_and_fill_events_map_back_to_owned_schema ... ok
verify	Check Rust coverage	2026-09-26T12:08:27.4185197Z test gateway::tests::nautilus_events_map_back_to_owned_schema_through_the_gateway ... ok
verify	Check Rust coverage	2026-09-26T12:08:27.4189100Z test gateway::tests::thousand_replays_with_same_key_produce_exactly_one_downstream_submission ... ok
verify	Check Rust coverage	2026-09-26T12:08:27.4190497Z test paper::tests::cancel_latency_and_rejections_are_auditable ... ok
verify	Check Rust coverage	2026-09-26T12:08:27.4199172Z test gateway::tests::hundred_precision_and_limit_variants_are_fully_intercepted ... ok
verify	Check Rust coverage	2026-09-26T12:08:27.4200529Z test paper::tests::duplicate_submit_only_calls_downstream_once ... ok
verify	Check Rust coverage	2026-09-26T12:08:27.4201444Z test paper::tests::every_fill_is_traceable_to_a_command ... ok
verify	Check Rust coverage	2026-09-26T12:08:27.4216938Z test paper::tests::illegal_transitions_are_rejected_by_the_state_machine ... ok
verify	Check Rust coverage	2026-09-26T12:08:27.4217946Z test tests::approved_command_carries_approval_signature ... ok
verify	Check Rust coverage	2026-09-26T12:08:27.4239079Z test tests::seven_rejection_classes_are_all_enforced ... ok
verify	Check Rust coverage	2026-09-26T12:08:27.4335792Z test dual::tests::fifty_dual_approvals_all_write_signed_audit_entries ... ok
verify	Check Rust coverage	2026-09-26T12:08:27.4354609Z test tests::thousand_concurrent_issuances_with_same_key_emit_exactly_one_command ... ok
verify	Check Rust coverage	2026-09-26T12:08:27.4370893Z test venue::tests::network_and_authentication_failures_are_classified ... ok
verify	Check Rust coverage	2026-09-26T12:08:27.4372374Z test venue::tests::precision_and_rate_limits_are_mapped ... ok
verify	Check Rust coverage	2026-09-26T12:08:27.4373254Z test venue::tests::venue_config_rejects_production_endpoints_and_keys ... ok
verify	Check Rust coverage	2026-09-26T12:08:27.4373858Z test zone::tests::expired_sessions_and_commands_are_rejected ... ok
verify	Check Rust coverage	2026-09-26T12:08:27.4374405Z test zone::tests::mtls_identity_enforces_expiry_and_revocation ... ok
verify	Check Rust coverage	2026-09-26T12:08:27.4374988Z test zone::tests::only_execution_gateway_can_resolve_vault_references ... ok
verify	Check Rust coverage	2026-09-26T12:08:27.4375568Z test zone::tests::rotation_recovers_within_five_minutes_then_stales ... ok
verify	Check Rust coverage	2026-09-26T12:08:27.4376093Z test zone::tests::unlisted_egress_hosts_are_blocked ... ok
verify	Check Rust coverage	2026-09-26T12:08:27.4376574Z test zone::tests::zone_fixtures_contain_no_secret_material ... ok
verify	Check Rust coverage	2026-09-26T12:08:27.4450255Z test venue::tests::two_hundred_testnet_scenarios_map_fully_to_internal_schema ... ok
verify	Check Rust coverage	2026-09-26T12:08:27.4457298Z test tests::issuance_stays_under_two_hundred_millis_p95_and_is_short_lived ... ok
verify	Check Rust coverage	2026-09-26T12:08:28.5701202Z test paper::tests::one_hundred_thousand_order_events_all_transition_legally ... ok
verify	Check Rust coverage	2026-09-26T12:08:28.5701861Z 
verify	Check Rust coverage	2026-09-26T12:08:28.5702498Z test result: ok. 31 passed; 0 failed; 0 ignored; 0 measured; 0 filtered out; finished in 1.15s
verify	Check Rust coverage	2026-09-26T12:08:28.5703102Z 
verify	Check Rust coverage	2026-09-26T12:08:28.5711140Z ^[[1m^[[92m     Running^[[0m unittests src/lib.rs (target/llvm-cov-target/debug/deps/quantos_risk-f8835339b8ec93b1)
verify	Check Rust coverage	2026-09-26T12:08:28.5724398Z 
verify	Check Rust coverage	2026-09-26T12:08:28.5724600Z running 5 tests
verify	Check Rust coverage	2026-09-26T12:08:28.5762569Z test tests::fifty_allow_fixtures_all_pass ... ok
verify	Check Rust coverage	2026-09-26T12:08:28.5763596Z test tests::fifty_deny_fixtures_cover_every_rule_and_include_limits_and_signature ... ok
verify	Check Rust coverage	2026-09-26T12:08:28.5764715Z test tests::post_trade_rules_catch_daily_loss_and_leverage_breach ... ok
verify	Check Rust coverage	2026-09-26T12:08:28.5765307Z test tests::fifty_approval_required_fixtures_all_route_to_approval ... ok
verify	Check Rust coverage	2026-09-26T12:08:28.5778743Z test tests::kill_switch_rejects_new_commands_under_one_second_p95 ... ok
verify	Check Rust coverage	2026-09-26T12:08:28.5779320Z 
verify	Check Rust coverage	2026-09-26T12:08:28.5780004Z test result: ok. 5 passed; 0 failed; 0 ignored; 0 measured; 0 filtered out; finished in 0.01s
verify	Check Rust coverage	2026-09-26T12:08:28.5780383Z 
verify	Check Rust coverage	2026-09-26T12:08:28.6496864Z Filename                             Regions    Missed Regions     Cover   Functions  Missed Functions  Executed       Lines      Missed Lines     Cover    Branches   Missed Branches     Cover
verify	Check Rust coverage	2026-09-26T12:08:28.6498957Z ------------------------------------------------------------------------------------------------------------------------------------------------------------------------------------------------
verify	Check Rust coverage	2026-09-26T12:08:28.6500979Z quantos-core/src/clock.rs                 20                 0   100.00%           6                 0   100.00%          16                 0   100.00%           0                 0         -
verify	Check Rust coverage	2026-09-26T12:08:28.6502725Z quantos-core/src/error.rs                104                 0   100.00%          18                 0   100.00%          91                 0   100.00%           0                 0         -
verify	Check Rust coverage	2026-09-26T12:08:28.6504400Z quantos-core/src/fixture.rs              245                17    93.06%          22                 2    90.91%         147                10    93.20%           0                 0         -
verify	Check Rust coverage	2026-09-26T12:08:28.6506224Z quantos-core/src/id.rs                    29                 0   100.00%           8                 0   100.00%          24                 0   100.00%           0                 0         -
verify	Check Rust coverage	2026-09-26T12:08:28.6507992Z quantos-core/src/lib.rs                    3                 0   100.00%           1                 0   100.00%           6                 0   100.00%           0                 0         -
verify	Check Rust coverage	2026-09-26T12:08:28.6509819Z quantos-core/src/precision.rs            119                 3    97.48%          17                 0   100.00%          76                 0   100.00%           0                 0         -
verify	Check Rust coverage	2026-09-26T12:08:28.6510904Z quantos-core/src/versioning.rs           123                 1    99.19%          20                 0   100.00%          82                 0   100.00%           0                 0         -
verify	Check Rust coverage	2026-09-26T12:08:28.6512299Z quantos-execution/src/dual.rs            312                 9    97.12%          11                 0   100.00%         193                 3    98.45%           0                 0         -
verify	Check Rust coverage	2026-09-26T12:08:28.6513338Z quantos-execution/src/gateway.rs        1001                82    91.81%          60                10    83.33%         659                45    93.17%           0                 0         -
verify	Check Rust coverage	2026-09-26T12:08:28.6514416Z quantos-execution/src/lib.rs             660                23    96.52%          22                 1    95.45%         458                13    97.16%           0                 0         -
verify	Check Rust coverage	2026-09-26T12:08:28.6515676Z quantos-execution/src/paper.rs           546                48    91.21%          33                 3    90.91%         377                30    92.04%           0                 0         -
verify	Check Rust coverage	2026-09-26T12:08:28.6516726Z quantos-execution/src/venue.rs           593                73    87.69%          27                 3    88.89%         483                59    87.78%           0                 0         -
verify	Check Rust coverage	2026-09-26T12:08:28.6517759Z quantos-execution/src/zone.rs            320                14    95.62%          22                 1    95.45%         247                 4    98.38%           0                 0         -
verify	Check Rust coverage	2026-09-26T12:08:28.6518750Z quantos-risk/src/lib.rs                  611                39    93.62%          44                 5    88.64%         504                41    91.87%           0                 0         -
verify	Check Rust coverage	2026-09-26T12:08:28.6520305Z ------------------------------------------------------------------------------------------------------------------------------------------------------------------------------------------------
verify	Check Rust coverage	2026-09-26T12:08:28.6521393Z TOTAL                                   4686               309    93.41%         311                25    91.96%        3363               205    93.90%           0                 0         -
verify	Check licenses	﻿2026-09-26T12:08:28.7709934Z ##[group]Run make license-check
verify	Check licenses	2026-09-26T12:08:28.7710287Z ^[[36;1mmake license-check^[[0m
verify	Check licenses	2026-09-26T12:08:28.7773937Z shell: /usr/bin/bash -e {0}
verify	Check licenses	2026-09-26T12:08:28.7774200Z env:
verify	Check licenses	2026-09-26T12:08:28.7774396Z   QUANTOS_SKIP_ENV: 1
verify	Check licenses	2026-09-26T12:08:28.7774736Z   F02_PG_ADMIN_URL: postgresql://postgres@127.0.0.1:5432/postgres
verify	Check licenses	2026-09-26T12:08:28.7775206Z   GITLEAKS_BIN: /home/runner/work/QuantOS/QuantOS/artifacts/tools/gitleaks
verify	Check licenses	2026-09-26T12:08:28.7775674Z   QUANTOS_PROTO_BASE: 830c0c547f08d1667725fee55015fc09608b8f48
verify	Check licenses	2026-09-26T12:08:28.7776296Z   CARGO_TERM_COLOR: always
verify	Check licenses	2026-09-26T12:08:28.7776557Z   NEXT_PUBLIC_QUANTOS_ENV: local-mock
verify	Check licenses	2026-09-26T12:08:28.7776872Z   NEXT_PUBLIC_SITE_ORIGIN: https://sumalpha.ai
verify	Check licenses	2026-09-26T12:08:28.7777251Z   NEXT_PUBLIC_QUANTOS_TERMINAL_ORIGIN: http://localhost:3190
verify	Check licenses	2026-09-26T12:08:28.7777654Z   NEXT_PUBLIC_QUANTOS_BFF_ORIGIN: http://localhost:4010
verify	Check licenses	2026-09-26T12:08:28.7778030Z   NEXT_PUBLIC_QUANTOS_OIDC_ISSUER: https://mock.idp.local
verify	Check licenses	2026-09-26T12:08:28.7778402Z   NEXT_PUBLIC_QUANTOS_OIDC_CLIENT_ID: quantos-terminal-ci
verify	Check licenses	2026-09-26T12:08:28.7778888Z   NEXT_PUBLIC_QUANTOS_OIDC_REDIRECT_URI: http://localhost:3190/auth/callback
verify	Check licenses	2026-09-26T12:08:28.7779314Z   NEXT_PUBLIC_QUANTOS_DEFAULT_MODE: paper
verify	Check licenses	2026-09-26T12:08:28.7779822Z   NEXT_PUBLIC_QUANTOS_MOCK_ENABLED: true
verify	Check licenses	2026-09-26T12:08:28.7780114Z   NEXT_PUBLIC_QUANTOS_OBS_ENABLED: false
verify	Check licenses	2026-09-26T12:08:28.7780440Z   NEXT_PUBLIC_QUANTOS_FEATURE_ASSISTED_LIVE_TESTNET: off
verify	Check licenses	2026-09-26T12:08:28.7780762Z   CARGO_HOME: /home/runner/.cargo
verify	Check licenses	2026-09-26T12:08:28.7781020Z   CARGO_INCREMENTAL: 0
verify	Check licenses	2026-09-26T12:08:28.7781311Z   pythonLocation: /opt/hostedtoolcache/Python/3.12.10/x64
verify	Check licenses	2026-09-26T12:08:28.7781734Z   PKG_CONFIG_PATH: /opt/hostedtoolcache/Python/3.12.10/x64/lib/pkgconfig
verify	Check licenses	2026-09-26T12:08:28.7782174Z   Python_ROOT_DIR: /opt/hostedtoolcache/Python/3.12.10/x64
verify	Check licenses	2026-09-26T12:08:28.7782558Z   Python2_ROOT_DIR: /opt/hostedtoolcache/Python/3.12.10/x64
verify	Check licenses	2026-09-26T12:08:28.7782946Z   Python3_ROOT_DIR: /opt/hostedtoolcache/Python/3.12.10/x64
verify	Check licenses	2026-09-26T12:08:28.7783354Z   LD_LIBRARY_PATH: /opt/hostedtoolcache/Python/3.12.10/x64/lib
verify	Check licenses	2026-09-26T12:08:28.7783739Z   UV_CACHE_DIR: /home/runner/work/_temp/setup-uv-cache
verify	Check licenses	2026-09-26T12:08:28.7784045Z ##[endgroup]
verify	Check licenses	2026-09-26T12:08:28.8277540Z cargo deny --locked check licenses bans sources
verify	Check licenses	2026-09-26T12:08:29.4854557Z ^[[0m^[[1m^[[38;5;11mwarning[duplicate]^[[0m^[[1m: found 2 duplicate entries for crate 'base64'^[[0m
verify	Check licenses	2026-09-26T12:08:29.4855813Z    ^[[0m^[[36m┌─^[[0m /home/runner/work/QuantOS/QuantOS/Cargo.lock:18:1
verify	Check licenses	2026-09-26T12:08:29.4856591Z    ^[[0m^[[36m│^[[0m  
verify	Check licenses	2026-09-26T12:08:29.4857805Z ^[[0m^[[36m18^[[0m ^[[0m^[[36m│^[[0m ^[[0m^[[33m╭^[[0m ^[[0m^[[33mbase64 0.21.7 registry+https://github.com/rust-lang/crates.io-index^[[0m
verify	Check licenses	2026-09-26T12:08:29.4859697Z ^[[0m^[[36m19^[[0m ^[[0m^[[36m│^[[0m ^[[0m^[[33m│^[[0m ^[[0m^[[33mbase64 0.22.1 registry+https://github.com/rust-lang/crates.io-index^[[0m
verify	Check licenses	2026-09-26T12:08:29.4861280Z    ^[[0m^[[36m│^[[0m ^[[0m^[[33m╰^[[0m^[[0m^[[33m───────────────────────────────────────────────────────────────────┘ lock entries^[[0m
verify	Check licenses	2026-09-26T12:08:29.4862141Z    ^[[0m^[[36m│^[[0m  
verify	Check licenses	2026-09-26T12:08:29.4862763Z    ^[[0m^[[36m├^[[0m base64 v0.21.7
verify	Check licenses	2026-09-26T12:08:29.4863287Z      └── pbjson v0.7.0
verify	Check licenses	2026-09-26T12:08:29.4863804Z          ├── pbjson-types v0.7.0
verify	Check licenses	2026-09-26T12:08:29.4864455Z          │   ├── (dev) quantos-engine-manager v0.1.0
verify	Check licenses	2026-09-26T12:08:29.4865127Z          │   │   └── quantos-runtime v0.1.0
verify	Check licenses	2026-09-26T12:08:29.4865788Z          │   │       ├── quantos-evidence v0.1.0
verify	Check licenses	2026-09-26T12:08:29.4866462Z          │   │       ├── quantos-execution v0.1.0
verify	Check licenses	2026-09-26T12:08:29.4867532Z          │   │       │   ├── execution-gateway v0.1.0
verify	Check licenses	2026-09-26T12:08:29.4868469Z          │   │       │   ├── quantos-evidence v0.1.0 (*)
verify	Check licenses	2026-09-26T12:08:29.4869183Z          │   │       │   └── quantos-reconcile v0.1.0
verify	Check licenses	2026-09-26T12:08:29.4870097Z          │   │       ├── quantos-observability v0.1.0
verify	Check licenses	2026-09-26T12:08:29.4870795Z          │   │       │   ├── capacity-monitor v0.1.0
verify	Check licenses	2026-09-26T12:08:29.4871509Z          │   │       │   ├── execution-gateway v0.1.0 (*)
verify	Check licenses	2026-09-26T12:08:29.4872556Z          │   │       │   ├── market-ingestor v0.1.0
verify	Check licenses	2026-09-26T12:08:29.4873249Z          │   │       │   ├── portfolio-rebuild v0.1.0
verify	Check licenses	2026-09-26T12:08:29.4873909Z          │   │       │   ├── replay-cli v0.1.0
verify	Check licenses	2026-09-26T12:08:29.4874582Z          │   │       │   └── runtime-gateway v0.1.0
verify	Check licenses	2026-09-26T12:08:29.4875249Z          │   │       └── runtime-gateway v0.1.0 (*)
verify	Check licenses	2026-09-26T12:08:29.4875936Z          │   ├── quantos-proto v0.1.0
verify	Check licenses	2026-09-26T12:08:29.4876602Z          │   │   ├── quantos-engine-manager v0.1.0 (*)
verify	Check licenses	2026-09-26T12:08:29.4877310Z          │   │   └── quantos-runtime v0.1.0 (*)
verify	Check licenses	2026-09-26T12:08:29.4877948Z          │   └── quantos-runtime v0.1.0 (*)
verify	Check licenses	2026-09-26T12:08:29.4878596Z          └── quantos-proto v0.1.0 (*)
verify	Check licenses	2026-09-26T12:08:29.4879191Z    ^[[0m^[[36m├^[[0m base64 v0.22.1
verify	Check licenses	2026-09-26T12:08:29.4881963Z      ├── hyper-util v0.1.20
verify	Check licenses	2026-09-26T12:08:29.4882460Z      │   ├── axum v0.7.9
verify	Check licenses	2026-09-26T12:08:29.4883176Z      │   │   ├── bff-gateway v0.1.0
verify	Check licenses	2026-09-26T12:08:29.4883834Z      │   │   ├── runtime-gateway v0.1.0
verify	Check licenses	2026-09-26T12:08:29.4884434Z      │   │   └── tonic v0.12.3
verify	Check licenses	2026-09-26T12:08:29.4885067Z      │   │       ├── quantos-engine-manager v0.1.0
verify	Check licenses	2026-09-26T12:08:29.4885742Z      │   │       │   └── quantos-runtime v0.1.0
verify	Check licenses	2026-09-26T12:08:29.4886472Z      │   │       │       ├── quantos-evidence v0.1.0
verify	Check licenses	2026-09-26T12:08:29.4887166Z      │   │       │       ├── quantos-execution v0.1.0
verify	Check licenses	2026-09-26T12:08:29.4887915Z      │   │       │       │   ├── execution-gateway v0.1.0
verify	Check licenses	2026-09-26T12:08:29.4888679Z      │   │       │       │   ├── quantos-evidence v0.1.0 (*)
verify	Check licenses	2026-09-26T12:08:29.4889658Z      │   │       │       │   └── quantos-reconcile v0.1.0
verify	Check licenses	2026-09-26T12:08:29.4890401Z      │   │       │       ├── quantos-observability v0.1.0
verify	Check licenses	2026-09-26T12:08:29.4891117Z      │   │       │       │   ├── capacity-monitor v0.1.0
verify	Check licenses	2026-09-26T12:08:29.4891840Z      │   │       │       │   ├── execution-gateway v0.1.0 (*)
verify	Check licenses	2026-09-26T12:08:29.4892546Z      │   │       │       │   ├── market-ingestor v0.1.0
verify	Check licenses	2026-09-26T12:08:29.4893320Z      │   │       │       │   ├── portfolio-rebuild v0.1.0
verify	Check licenses	2026-09-26T12:08:29.4894095Z      │   │       │       │   ├── replay-cli v0.1.0
verify	Check licenses	2026-09-26T12:08:29.4894853Z      │   │       │       │   └── runtime-gateway v0.1.0 (*)
verify	Check licenses	2026-09-26T12:08:29.4895567Z      │   │       │       └── runtime-gateway v0.1.0 (*)
verify	Check licenses	2026-09-26T12:08:29.4896216Z      │   │       └── quantos-proto v0.1.0
verify	Check licenses	2026-09-26T12:08:29.4896899Z      │   │           ├── quantos-engine-manager v0.1.0 (*)
verify	Check licenses	2026-09-26T12:08:29.4897864Z      │   │           └── quantos-runtime v0.1.0 (*)
verify	Check licenses	2026-09-26T12:08:29.4898480Z      │   ├── hyper-rustls v0.27.9
verify	Check licenses	2026-09-26T12:08:29.4899032Z      │   │   └── reqwest v0.13.4
verify	Check licenses	2026-09-26T12:08:29.4899851Z      │   │       ├── quantos-auth v0.1.0
verify	Check licenses	2026-09-26T12:08:29.4900496Z      │   │       │   ├── bff-gateway v0.1.0 (*)
verify	Check licenses	2026-09-26T12:08:29.4901171Z      │   │       │   ├── execution-gateway v0.1.0 (*)
verify	Check licenses	2026-09-26T12:08:29.4901929Z      │   │       │   ├── quantos-observability v0.1.0 (*)
verify	Check licenses	2026-09-26T12:08:29.4902652Z      │   │       │   ├── quantos-runtime v0.1.0 (*)
verify	Check licenses	2026-09-26T12:08:29.4903317Z      │   │       │   ├── quantos-strategy v0.1.0
verify	Check licenses	2026-09-26T12:08:29.4903961Z      │   │       │   │   └── quantos-risk v0.1.0
verify	Check licenses	2026-09-26T12:08:29.4904661Z      │   │       │   │       ├── quantos-evidence v0.1.0 (*)
verify	Check licenses	2026-09-26T12:08:29.4905425Z      │   │       │   │       └── quantos-execution v0.1.0 (*)
verify	Check licenses	2026-09-26T12:08:29.4906130Z      │   │       │   └── runtime-gateway v0.1.0 (*)
verify	Check licenses	2026-09-26T12:08:29.4906834Z      │   │       └── quantos-storage v0.1.0
verify	Check licenses	2026-09-26T12:08:29.4907590Z      │   │           ├── (dev) quantos-evidence v0.1.0 (*)
verify	Check licenses	2026-09-26T12:08:29.4908412Z      │   │           ├── (dev) quantos-execution v0.1.0 (*)
verify	Check licenses	2026-09-26T12:08:29.4909194Z      │   │           ├── quantos-observability v0.1.0 (*)
verify	Check licenses	2026-09-26T12:08:29.4911163Z      │   │           ├── quantos-runtime v0.1.0 (*)
verify	Check licenses	2026-09-26T12:08:29.4911874Z      │   │           ├── quantos-strategy v0.1.0 (*)
verify	Check licenses	2026-09-26T12:08:29.4912846Z      │   │           └── runtime-gateway v0.1.0 (*)
verify	Check licenses	2026-09-26T12:08:29.4913468Z      │   ├── hyper-timeout v0.5.2
verify	Check licenses	2026-09-26T12:08:29.4914097Z      │   │   └── tonic v0.12.3 (*)
verify	Check licenses	2026-09-26T12:08:29.4914701Z      │   ├── quantos-engine-manager v0.1.0 (*)
verify	Check licenses	2026-09-26T12:08:29.4915473Z      │   ├── reqwest v0.13.4 (*)
verify	Check licenses	2026-09-26T12:08:29.4916010Z      │   └── tonic v0.12.3 (*)
verify	Check licenses	2026-09-26T12:08:29.4916555Z      ├── postgres-protocol v0.6.12
verify	Check licenses	2026-09-26T12:08:29.4917127Z      │   ├── postgres-types v0.2.14
verify	Check licenses	2026-09-26T12:08:29.4917757Z      │   │   └── tokio-postgres v0.7.18
verify	Check licenses	2026-09-26T12:08:29.4918344Z      │   │       ├── postgres v0.19.14
verify	Check licenses	2026-09-26T12:08:29.4918963Z      │   │       │   ├── quantos-auth v0.1.0 (*)
verify	Check licenses	2026-09-26T12:08:29.4919778Z      │   │       │   ├── quantos-event v0.1.0
verify	Check licenses	2026-09-26T12:08:29.4920512Z      │   │       │   │   ├── market-ingestor v0.1.0 (*)
verify	Check licenses	2026-09-26T12:08:29.4921213Z      │   │       │   │   ├── quantos-market v0.1.0
verify	Check licenses	2026-09-26T12:08:29.4922000Z      │   │       │   │   │   └── market-ingestor v0.1.0 (*)
verify	Check licenses	2026-09-26T12:08:29.4922750Z      │   │       │   │   ├── quantos-observability v0.1.0 (*)
verify	Check licenses	2026-09-26T12:08:29.4923442Z      │   │       │   │   └── replay-cli v0.1.0 (*)
verify	Check licenses	2026-09-26T12:08:29.4924155Z      │   │       │   ├── quantos-observability v0.1.0 (*)
verify	Check licenses	2026-09-26T12:08:29.4924849Z      │   │       │   ├── quantos-portfolio v0.1.0
verify	Check licenses	2026-09-26T12:08:29.4925563Z      │   │       │   │   ├── portfolio-rebuild v0.1.0 (*)
verify	Check licenses	2026-09-26T12:08:29.4926289Z      │   │       │   │   ├── quantos-evidence v0.1.0 (*)
verify	Check licenses	2026-09-26T12:08:29.4926987Z      │   │       │   │   ├── quantos-reconcile v0.1.0 (*)
verify	Check licenses	2026-09-26T12:08:29.4927662Z      │   │       │   │   └── quantos-risk v0.1.0 (*)
verify	Check licenses	2026-09-26T12:08:29.4928331Z      │   │       │   ├── quantos-runtime v0.1.0 (*)
verify	Check licenses	2026-09-26T12:08:29.4928993Z      │   │       │   ├── quantos-storage v0.1.0 (*)
verify	Check licenses	2026-09-26T12:08:29.4929890Z      │   │       │   ├── quantos-strategy v0.1.0 (*)
verify	Check licenses	2026-09-26T12:08:29.4930593Z      │   │       │   ├── replay-cli v0.1.0 (*)
verify	Check licenses	2026-09-26T12:08:29.4931287Z      │   │       │   └── (dev) runtime-gateway v0.1.0 (*)
verify	Check licenses	2026-09-26T12:08:29.4931969Z      │   │       ├── postgres-native-tls v0.5.3
verify	Check licenses	2026-09-26T12:08:29.4932642Z      │   │       │   ├── quantos-auth v0.1.0 (*)
verify	Check licenses	2026-09-26T12:08:29.4933314Z      │   │       │   ├── quantos-event v0.1.0 (*)
verify	Check licenses	2026-09-26T12:08:29.4934036Z      │   │       │   ├── quantos-observability v0.1.0 (*)
verify	Check licenses	2026-09-26T12:08:29.4934741Z      │   │       │   ├── quantos-portfolio v0.1.0 (*)
verify	Check licenses	2026-09-26T12:08:29.4935642Z      │   │       │   ├── quantos-storage v0.1.0 (*)
verify	Check licenses	2026-09-26T12:08:29.4936314Z      │   │       │   └── quantos-strategy v0.1.0 (*)
verify	Check licenses	2026-09-26T12:08:29.4936960Z      │   │       └── postgres-openssl v0.5.3
verify	Check licenses	2026-09-26T12:08:29.4937605Z      │   │           ├── quantos-auth v0.1.0 (*)
verify	Check licenses	2026-09-26T12:08:29.4938258Z      │   │           ├── quantos-runtime v0.1.0 (*)
verify	Check licenses	2026-09-26T12:08:29.4938953Z      │   │           └── (dev) runtime-gateway v0.1.0 (*)
verify	Check licenses	2026-09-26T12:08:29.4940648Z      │   └── tokio-postgres v0.7.18 (*)
verify	Check licenses	2026-09-26T12:08:29.4941259Z      ├── quantos-auth v0.1.0 (*)
verify	Check licenses	2026-09-26T12:08:29.4941785Z      ├── reqwest v0.13.4 (*)
verify	Check licenses	2026-09-26T12:08:29.4942279Z      └── tonic v0.12.3 (*)
verify	Check licenses	2026-09-26T12:08:29.4942532Z 
verify	Check licenses	2026-09-26T12:08:29.4943529Z ^[[0m^[[1m^[[38;5;11mwarning[duplicate]^[[0m^[[1m: found 2 duplicate entries for crate 'block-buffer'^[[0m
verify	Check licenses	2026-09-26T12:08:29.4944793Z    ^[[0m^[[36m┌─^[[0m /home/runner/work/QuantOS/QuantOS/Cargo.lock:22:1
verify	Check licenses	2026-09-26T12:08:29.4945471Z    ^[[0m^[[36m│^[[0m  
verify	Check licenses	2026-09-26T12:08:29.4946738Z ^[[0m^[[36m22^[[0m ^[[0m^[[36m│^[[0m ^[[0m^[[33m╭^[[0m ^[[0m^[[33mblock-buffer 0.10.4 registry+https://github.com/rust-lang/crates.io-index^[[0m
verify	Check licenses	2026-09-26T12:08:29.4948589Z ^[[0m^[[36m23^[[0m ^[[0m^[[36m│^[[0m ^[[0m^[[33m│^[[0m ^[[0m^[[33mblock-buffer 0.12.1 registry+https://github.com/rust-lang/crates.io-index^[[0m
verify	Check licenses	2026-09-26T12:08:29.4950403Z    ^[[0m^[[36m│^[[0m ^[[0m^[[33m╰^[[0m^[[0m^[[33m─────────────────────────────────────────────────────────────────────────┘ lock entries^[[0m
verify	Check licenses	2026-09-26T12:08:29.4951282Z    ^[[0m^[[36m│^[[0m  
verify	Check licenses	2026-09-26T12:08:29.4951793Z    ^[[0m^[[36m├^[[0m block-buffer v0.10.4
verify	Check licenses	2026-09-26T12:08:29.4952341Z      └── digest v0.10.7
verify	Check licenses	2026-09-26T12:08:29.4952795Z          ├── hmac v0.12.1
verify	Check licenses	2026-09-26T12:08:29.4953393Z          │   └── quantos-engine-manager v0.1.0
verify	Check licenses	2026-09-26T12:08:29.4954055Z          │       └── quantos-runtime v0.1.0
verify	Check licenses	2026-09-26T12:08:29.4954698Z          │           ├── quantos-evidence v0.1.0
verify	Check licenses	2026-09-26T12:08:29.4955519Z          │           ├── quantos-execution v0.1.0
verify	Check licenses	2026-09-26T12:08:29.4956242Z          │           │   ├── execution-gateway v0.1.0
verify	Check licenses	2026-09-26T12:08:29.4956943Z          │           │   ├── quantos-evidence v0.1.0 (*)
verify	Check licenses	2026-09-26T12:08:29.4957639Z          │           │   └── quantos-reconcile v0.1.0
verify	Check licenses	2026-09-26T12:08:29.4958326Z          │           ├── quantos-observability v0.1.0
verify	Check licenses	2026-09-26T12:08:29.4959028Z          │           │   ├── capacity-monitor v0.1.0
verify	Check licenses	2026-09-26T12:08:29.4960678Z          │           │   ├── execution-gateway v0.1.0 (*)
verify	Check licenses	2026-09-26T12:08:29.4961456Z          │           │   ├── market-ingestor v0.1.0
verify	Check licenses	2026-09-26T12:08:29.4962148Z          │           │   ├── portfolio-rebuild v0.1.0
verify	Check licenses	2026-09-26T12:08:29.4962858Z          │           │   ├── replay-cli v0.1.0
verify	Check licenses	2026-09-26T12:08:29.4963537Z          │           │   └── runtime-gateway v0.1.0
verify	Check licenses	2026-09-26T12:08:29.4964211Z          │           └── runtime-gateway v0.1.0 (*)
verify	Check licenses	2026-09-26T12:08:29.4964764Z          └── sha2 v0.10.9
verify	Check licenses	2026-09-26T12:08:29.4965291Z              ├── quantos-auth v0.1.0
verify	Check licenses	2026-09-26T12:08:29.4966103Z              │   ├── bff-gateway v0.1.0
verify	Check licenses	2026-09-26T12:08:29.4966744Z              │   ├── execution-gateway v0.1.0 (*)
verify	Check licenses	2026-09-26T12:08:29.4967492Z              │   ├── quantos-observability v0.1.0 (*)
verify	Check licenses	2026-09-26T12:08:29.4968164Z              │   ├── quantos-runtime v0.1.0 (*)
verify	Check licenses	2026-09-26T12:08:29.4968862Z              │   ├── quantos-strategy v0.1.0
verify	Check licenses	2026-09-26T12:08:29.4969703Z              │   │   └── quantos-risk v0.1.0
verify	Check licenses	2026-09-26T12:08:29.4970443Z              │   │       ├── quantos-evidence v0.1.0 (*)
verify	Check licenses	2026-09-26T12:08:29.4971167Z              │   │       └── quantos-execution v0.1.0 (*)
verify	Check licenses	2026-09-26T12:08:29.4971848Z              │   └── runtime-gateway v0.1.0 (*)
verify	Check licenses	2026-09-26T12:08:29.4972454Z              ├── quantos-core v0.1.0
verify	Check licenses	2026-09-26T12:08:29.4973040Z              │   ├── bff-gateway v0.1.0 (*)
verify	Check licenses	2026-09-26T12:08:29.4973707Z              │   ├── execution-gateway v0.1.0 (*)
verify	Check licenses	2026-09-26T12:08:29.4974380Z              │   ├── market-ingestor v0.1.0 (*)
verify	Check licenses	2026-09-26T12:08:29.4975099Z              │   ├── portfolio-rebuild v0.1.0 (*)
verify	Check licenses	2026-09-26T12:08:29.4975769Z              │   ├── quantos-auth v0.1.0 (*)
verify	Check licenses	2026-09-26T12:08:29.4976385Z              │   ├── quantos-event v0.1.0
verify	Check licenses	2026-09-26T12:08:29.4977039Z              │   │   ├── market-ingestor v0.1.0 (*)
verify	Check licenses	2026-09-26T12:08:29.4977695Z              │   │   ├── quantos-market v0.1.0
verify	Check licenses	2026-09-26T12:08:29.4978373Z              │   │   │   └── market-ingestor v0.1.0 (*)
verify	Check licenses	2026-09-26T12:08:29.4979092Z              │   │   ├── quantos-observability v0.1.0 (*)
verify	Check licenses	2026-09-26T12:08:29.4980234Z              │   │   └── replay-cli v0.1.0 (*)
verify	Check licenses	2026-09-26T12:08:29.4980839Z              │   ├── quantos-evidence v0.1.0 (*)
verify	Check licenses	2026-09-26T12:08:29.4981468Z              │   ├── quantos-execution v0.1.0 (*)
verify	Check licenses	2026-09-26T12:08:29.4982167Z              │   ├── quantos-market v0.1.0 (*)
verify	Check licenses	2026-09-26T12:08:29.4983068Z              │   ├── quantos-observability v0.1.0 (*)
verify	Check licenses	2026-09-26T12:08:29.4983691Z              │   ├── quantos-policy v0.1.0
verify	Check licenses	2026-09-26T12:08:29.4984333Z              │   │   ├── quantos-auth v0.1.0 (*)
verify	Check licenses	2026-09-26T12:08:29.4985003Z              │   │   ├── quantos-observability v0.1.0 (*)
verify	Check licenses	2026-09-26T12:08:29.4985714Z              │   │   ├── quantos-runtime v0.1.0 (*)
verify	Check licenses	2026-09-26T12:08:29.4986372Z              │   │   ├── quantos-strategy v0.1.0 (*)
verify	Check licenses	2026-09-26T12:08:29.4987055Z              │   │   └── runtime-gateway v0.1.0 (*)
verify	Check licenses	2026-09-26T12:08:29.4987755Z              │   ├── quantos-portfolio v0.1.0
verify	Check licenses	2026-09-26T12:08:29.4988527Z              │   │   ├── portfolio-rebuild v0.1.0 (*)
verify	Check licenses	2026-09-26T12:08:29.4989257Z              │   │   ├── quantos-evidence v0.1.0 (*)
verify	Check licenses	2026-09-26T12:08:29.4990310Z              │   │   ├── quantos-reconcile v0.1.0 (*)
verify	Check licenses	2026-09-26T12:08:29.4991027Z              │   │   └── quantos-risk v0.1.0 (*)
verify	Check licenses	2026-09-26T12:08:29.4992416Z              │   ├── quantos-reconcile v0.1.0 (*)
verify	Check licenses	2026-09-26T12:08:29.4993086Z              │   ├── quantos-risk v0.1.0 (*)
verify	Check licenses	2026-09-26T12:08:29.4993719Z              │   ├── quantos-runtime v0.1.0 (*)
verify	Check licenses	2026-09-26T12:08:29.4994431Z              │   ├── quantos-storage v0.1.0
verify	Check licenses	2026-09-26T12:08:29.4995207Z              │   │   ├── (dev) quantos-evidence v0.1.0 (*)
verify	Check licenses	2026-09-26T12:08:29.4996453Z              │   │   ├── (dev) quantos-execution v0.1.0 (*)
verify	Check licenses	2026-09-26T12:08:29.4997626Z              │   │   ├── quantos-observability v0.1.0 (*)
verify	Check licenses	2026-09-26T12:08:29.4998513Z              │   │   ├── quantos-runtime v0.1.0 (*)
verify	Check licenses	2026-09-26T12:08:29.4999216Z              │   │   ├── quantos-strategy v0.1.0 (*)
verify	Check licenses	2026-09-26T12:08:29.5000168Z              │   │   └── runtime-gateway v0.1.0 (*)
verify	Check licenses	2026-09-26T12:08:29.5000881Z              │   ├── quantos-strategy v0.1.0 (*)
verify	Check licenses	2026-09-26T12:08:29.5001527Z              │   ├── quantos-testkit v0.1.0
verify	Check licenses	2026-09-26T12:08:29.5002150Z              │   ├── replay-cli v0.1.0 (*)
verify	Check licenses	2026-09-26T12:08:29.5002796Z              │   └── runtime-gateway v0.1.0 (*)
verify	Check licenses	2026-09-26T12:08:29.5003469Z              ├── quantos-engine-manager v0.1.0 (*)
verify	Check licenses	2026-09-26T12:08:29.5004150Z              └── (dev) runtime-gateway v0.1.0 (*)
verify	Check licenses	2026-09-26T12:08:29.5005017Z    ^[[0m^[[36m├^[[0m block-buffer v0.12.1
verify	Check licenses	2026-09-26T12:08:29.5005545Z      └── digest v0.11.3
verify	Check licenses	2026-09-26T12:08:29.5006001Z          ├── hmac v0.13.0
verify	Check licenses	2026-09-26T12:08:29.5006552Z          │   └── postgres-protocol v0.6.12
verify	Check licenses	2026-09-26T12:08:29.5007186Z          │       ├── postgres-types v0.2.14
verify	Check licenses	2026-09-26T12:08:29.5007825Z          │       │   └── tokio-postgres v0.7.18
verify	Check licenses	2026-09-26T12:08:29.5008473Z          │       │       ├── postgres v0.19.14
verify	Check licenses	2026-09-26T12:08:29.5009321Z          │       │       │   ├── quantos-auth v0.1.0
verify	Check licenses	2026-09-26T12:08:29.5010964Z          │       │       │   │   ├── bff-gateway v0.1.0
verify	Check licenses	2026-09-26T12:08:29.5011709Z          │       │       │   │   ├── execution-gateway v0.1.0
verify	Check licenses	2026-09-26T12:08:29.5012502Z          │       │       │   │   ├── quantos-observability v0.1.0
verify	Check licenses	2026-09-26T12:08:29.5013289Z          │       │       │   │   │   ├── capacity-monitor v0.1.0
verify	Check licenses	2026-09-26T12:08:29.5014086Z          │       │       │   │   │   ├── execution-gateway v0.1.0 (*)
verify	Check licenses	2026-09-26T12:08:29.5014892Z          │       │       │   │   │   ├── market-ingestor v0.1.0
verify	Check licenses	2026-09-26T12:08:29.5015666Z          │       │       │   │   │   ├── portfolio-rebuild v0.1.0
verify	Check licenses	2026-09-26T12:08:29.5016405Z          │       │       │   │   │   ├── replay-cli v0.1.0
verify	Check licenses	2026-09-26T12:08:29.5017151Z          │       │       │   │   │   └── runtime-gateway v0.1.0
verify	Check licenses	2026-09-26T12:08:29.5017878Z          │       │       │   │   ├── quantos-runtime v0.1.0
verify	Check licenses	2026-09-26T12:08:29.5018704Z          │       │       │   │   │   ├── quantos-evidence v0.1.0
verify	Check licenses	2026-09-26T12:08:29.5019663Z          │       │       │   │   │   ├── quantos-execution v0.1.0
verify	Check licenses	2026-09-26T12:08:29.5020499Z          │       │       │   │   │   │   ├── execution-gateway v0.1.0 (*)
verify	Check licenses	2026-09-26T12:08:29.5021320Z          │       │       │   │   │   │   ├── quantos-evidence v0.1.0 (*)
verify	Check licenses	2026-09-26T12:08:29.5022111Z          │       │       │   │   │   │   └── quantos-reconcile v0.1.0
verify	Check licenses	2026-09-26T12:08:29.5022966Z          │       │       │   │   │   ├── quantos-observability v0.1.0 (*)
verify	Check licenses	2026-09-26T12:08:29.5023786Z          │       │       │   │   │   └── runtime-gateway v0.1.0 (*)
verify	Check licenses	2026-09-26T12:08:29.5024541Z          │       │       │   │   ├── quantos-strategy v0.1.0
verify	Check licenses	2026-09-26T12:08:29.5025261Z          │       │       │   │   │   └── quantos-risk v0.1.0
verify	Check licenses	2026-09-26T12:08:29.5026036Z          │       │       │   │   │       ├── quantos-evidence v0.1.0 (*)
verify	Check licenses	2026-09-26T12:08:29.5026871Z          │       │       │   │   │       └── quantos-execution v0.1.0 (*)
verify	Check licenses	2026-09-26T12:08:29.5027705Z          │       │       │   │   └── runtime-gateway v0.1.0 (*)
verify	Check licenses	2026-09-26T12:08:29.5028412Z          │       │       │   ├── quantos-event v0.1.0
verify	Check licenses	2026-09-26T12:08:29.5029135Z          │       │       │   │   ├── market-ingestor v0.1.0 (*)
verify	Check licenses	2026-09-26T12:08:29.5030169Z          │       │       │   │   ├── quantos-market v0.1.0
verify	Check licenses	2026-09-26T12:08:29.5030942Z          │       │       │   │   │   └── market-ingestor v0.1.0 (*)
verify	Check licenses	2026-09-26T12:08:29.5031732Z          │       │       │   │   ├── quantos-observability v0.1.0 (*)
verify	Check licenses	2026-09-26T12:08:29.5032715Z          │       │       │   │   └── replay-cli v0.1.0 (*)
verify	Check licenses	2026-09-26T12:08:29.5033466Z          │       │       │   ├── quantos-observability v0.1.0 (*)
verify	Check licenses	2026-09-26T12:08:29.5034208Z          │       │       │   ├── quantos-portfolio v0.1.0
verify	Check licenses	2026-09-26T12:08:29.5034953Z          │       │       │   │   ├── portfolio-rebuild v0.1.0 (*)
verify	Check licenses	2026-09-26T12:08:29.5035714Z          │       │       │   │   ├── quantos-evidence v0.1.0 (*)
verify	Check licenses	2026-09-26T12:08:29.5036502Z          │       │       │   │   ├── quantos-reconcile v0.1.0 (*)
verify	Check licenses	2026-09-26T12:08:29.5037249Z          │       │       │   │   └── quantos-risk v0.1.0 (*)
verify	Check licenses	2026-09-26T12:08:29.5038008Z          │       │       │   ├── quantos-runtime v0.1.0 (*)
verify	Check licenses	2026-09-26T12:08:29.5038741Z          │       │       │   ├── quantos-storage v0.1.0
verify	Check licenses	2026-09-26T12:08:29.5039788Z          │       │       │   │   ├── (dev) quantos-evidence v0.1.0 (*)
verify	Check licenses	2026-09-26T12:08:29.5040651Z          │       │       │   │   ├── (dev) quantos-execution v0.1.0 (*)
verify	Check licenses	2026-09-26T12:08:29.5041514Z          │       │       │   │   ├── quantos-observability v0.1.0 (*)
verify	Check licenses	2026-09-26T12:08:29.5042309Z          │       │       │   │   ├── quantos-runtime v0.1.0 (*)
verify	Check licenses	2026-09-26T12:08:29.5064053Z          │       │       │   │   ├── quantos-strategy v0.1.0 (*)
verify	Check licenses	2026-09-26T12:08:29.5064938Z          │       │       │   │   └── runtime-gateway v0.1.0 (*)
verify	Check licenses	2026-09-26T12:08:29.5065720Z          │       │       │   ├── quantos-strategy v0.1.0 (*)
verify	Check licenses	2026-09-26T12:08:29.5066727Z          │       │       │   ├── replay-cli v0.1.0 (*)
verify	Check licenses	2026-09-26T12:08:29.5067482Z          │       │       │   └── (dev) runtime-gateway v0.1.0 (*)
verify	Check licenses	2026-09-26T12:08:29.5068223Z          │       │       ├── postgres-native-tls v0.5.3
verify	Check licenses	2026-09-26T12:08:29.5068937Z          │       │       │   ├── quantos-auth v0.1.0 (*)
verify	Check licenses	2026-09-26T12:08:29.5069915Z          │       │       │   ├── quantos-event v0.1.0 (*)
verify	Check licenses	2026-09-26T12:08:29.5070705Z          │       │       │   ├── quantos-observability v0.1.0 (*)
verify	Check licenses	2026-09-26T12:08:29.5071495Z          │       │       │   ├── quantos-portfolio v0.1.0 (*)
verify	Check licenses	2026-09-26T12:08:29.5072233Z          │       │       │   ├── quantos-storage v0.1.0 (*)
verify	Check licenses	2026-09-26T12:08:29.5072960Z          │       │       │   └── quantos-strategy v0.1.0 (*)
verify	Check licenses	2026-09-26T12:08:29.5073670Z          │       │       └── postgres-openssl v0.5.3
verify	Check licenses	2026-09-26T12:08:29.5074361Z          │       │           ├── quantos-auth v0.1.0 (*)
verify	Check licenses	2026-09-26T12:08:29.5075095Z          │       │           ├── quantos-runtime v0.1.0 (*)
verify	Check licenses	2026-09-26T12:08:29.5075867Z          │       │           └── (dev) runtime-gateway v0.1.0 (*)
verify	Check licenses	2026-09-26T12:08:29.5076586Z          │       └── tokio-postgres v0.7.18 (*)
verify	Check licenses	2026-09-26T12:08:29.5077158Z          ├── md-5 v0.11.0
verify	Check licenses	2026-09-26T12:08:29.5077777Z          │   └── postgres-protocol v0.6.12 (*)
verify	Check licenses	2026-09-26T12:08:29.5078336Z          └── sha2 v0.11.0
verify	Check licenses	2026-09-26T12:08:29.5078898Z              └── postgres-protocol v0.6.12 (*)
verify	Check licenses	2026-09-26T12:08:29.5079285Z 
verify	Check licenses	2026-09-26T12:08:29.5080281Z ^[[0m^[[1m^[[38;5;11mwarning[duplicate]^[[0m^[[1m: found 2 duplicate entries for crate 'cpufeatures'^[[0m
verify	Check licenses	2026-09-26T12:08:29.5081436Z    ^[[0m^[[36m┌─^[[0m /home/runner/work/QuantOS/QuantOS/Cargo.lock:43:1
verify	Check licenses	2026-09-26T12:08:29.5082087Z    ^[[0m^[[36m│^[[0m  
verify	Check licenses	2026-09-26T12:08:29.5083625Z ^[[0m^[[36m43^[[0m ^[[0m^[[36m│^[[0m ^[[0m^[[33m╭^[[0m ^[[0m^[[33mcpufeatures 0.2.17 registry+https://github.com/rust-lang/crates.io-index^[[0m
verify	Check licenses	2026-09-26T12:08:29.5085492Z ^[[0m^[[36m44^[[0m ^[[0m^[[36m│^[[0m ^[[0m^[[33m│^[[0m ^[[0m^[[33mcpufeatures 0.3.0 registry+https://github.com/rust-lang/crates.io-index^[[0m
verify	Check licenses	2026-09-26T12:08:29.5087114Z    ^[[0m^[[36m│^[[0m ^[[0m^[[33m╰^[[0m^[[0m^[[33m───────────────────────────────────────────────────────────────────────┘ lock entries^[[0m
verify	Check licenses	2026-09-26T12:08:29.5088002Z    ^[[0m^[[36m│^[[0m  
verify	Check licenses	2026-09-26T12:08:29.5088522Z    ^[[0m^[[36m├^[[0m cpufeatures v0.2.17
verify	Check licenses	2026-09-26T12:08:29.5089055Z      └── sha2 v0.10.9
verify	Check licenses	2026-09-26T12:08:29.5089866Z          ├── quantos-auth v0.1.0
verify	Check licenses	2026-09-26T12:08:29.5090449Z          │   ├── bff-gateway v0.1.0
verify	Check licenses	2026-09-26T12:08:29.5091343Z          │   ├── execution-gateway v0.1.0
verify	Check licenses	2026-09-26T12:08:29.5092006Z          │   ├── quantos-observability v0.1.0
verify	Check licenses	2026-09-26T12:08:29.5092670Z          │   │   ├── capacity-monitor v0.1.0
verify	Check licenses	2026-09-26T12:08:29.5093326Z          │   │   ├── execution-gateway v0.1.0 (*)
verify	Check licenses	2026-09-26T12:08:29.5093974Z          │   │   ├── market-ingestor v0.1.0
verify	Check licenses	2026-09-26T12:08:29.5094607Z          │   │   ├── portfolio-rebuild v0.1.0
verify	Check licenses	2026-09-26T12:08:29.5095427Z          │   │   ├── replay-cli v0.1.0
verify	Check licenses	2026-09-26T12:08:29.5096030Z          │   │   └── runtime-gateway v0.1.0
verify	Check licenses	2026-09-26T12:08:29.5096633Z          │   ├── quantos-runtime v0.1.0
verify	Check licenses	2026-09-26T12:08:29.5097249Z          │   │   ├── quantos-evidence v0.1.0
verify	Check licenses	2026-09-26T12:08:29.5097932Z          │   │   ├── quantos-execution v0.1.0
verify	Check licenses	2026-09-26T12:08:29.5098607Z          │   │   │   ├── execution-gateway v0.1.0 (*)
verify	Check licenses	2026-09-26T12:08:29.5099192Z          │   │   │   ├── quantos-evidence v0.1.0 (*)
verify	Check licenses	2026-09-26T12:08:29.5099942Z          │   │   │   └── quantos-reconcile v0.1.0
verify	Check licenses	2026-09-26T12:08:29.5100641Z          │   │   ├── quantos-observability v0.1.0 (*)
verify	Check licenses	2026-09-26T12:08:29.5101265Z          │   │   └── runtime-gateway v0.1.0 (*)
verify	Check licenses	2026-09-26T12:08:29.5101648Z          │   ├── quantos-strategy v0.1.0
verify	Check licenses	2026-09-26T12:08:29.5102005Z          │   │   └── quantos-risk v0.1.0
verify	Check licenses	2026-09-26T12:08:29.5102565Z          │   │       ├── quantos-evidence v0.1.0 (*)
verify	Check licenses	2026-09-26T12:08:29.5102974Z          │   │       └── quantos-execution v0.1.0 (*)
verify	Check licenses	2026-09-26T12:08:29.5103409Z          │   └── runtime-gateway v0.1.0 (*)
verify	Check licenses	2026-09-26T12:08:29.5103762Z          ├── quantos-core v0.1.0
verify	Check licenses	2026-09-26T12:08:29.5104083Z          │   ├── bff-gateway v0.1.0 (*)
verify	Check licenses	2026-09-26T12:08:29.5104436Z          │   ├── execution-gateway v0.1.0 (*)
verify	Check licenses	2026-09-26T12:08:29.5104802Z          │   ├── market-ingestor v0.1.0 (*)
verify	Check licenses	2026-09-26T12:08:29.5105167Z          │   ├── portfolio-rebuild v0.1.0 (*)
verify	Check licenses	2026-09-26T12:08:29.5105518Z          │   ├── quantos-auth v0.1.0 (*)
verify	Check licenses	2026-09-26T12:08:29.5105874Z          │   ├── quantos-event v0.1.0
verify	Check licenses	2026-09-26T12:08:29.5106237Z          │   │   ├── market-ingestor v0.1.0 (*)
verify	Check licenses	2026-09-26T12:08:29.5106605Z          │   │   ├── quantos-market v0.1.0
verify	Check licenses	2026-09-26T12:08:29.5106980Z          │   │   │   └── market-ingestor v0.1.0 (*)
verify	Check licenses	2026-09-26T12:08:29.5107379Z          │   │   ├── quantos-observability v0.1.0 (*)
verify	Check licenses	2026-09-26T12:08:29.5107755Z          │   │   └── replay-cli v0.1.0 (*)
verify	Check licenses	2026-09-26T12:08:29.5108107Z          │   ├── quantos-evidence v0.1.0 (*)
verify	Check licenses	2026-09-26T12:08:29.5108485Z          │   ├── quantos-execution v0.1.0 (*)
verify	Check licenses	2026-09-26T12:08:29.5108843Z          │   ├── quantos-market v0.1.0 (*)
verify	Check licenses	2026-09-26T12:08:29.5109210Z          │   ├── quantos-observability v0.1.0 (*)
verify	Check licenses	2026-09-26T12:08:29.5109916Z          │   ├── quantos-policy v0.1.0
verify	Check licenses	2026-09-26T12:08:29.5110339Z          │   │   ├── quantos-auth v0.1.0 (*)
verify	Check licenses	2026-09-26T12:08:29.5110733Z          │   │   ├── quantos-observability v0.1.0 (*)
verify	Check licenses	2026-09-26T12:08:29.5111122Z          │   │   ├── quantos-runtime v0.1.0 (*)
verify	Check licenses	2026-09-26T12:08:29.5111714Z          │   │   ├── quantos-strategy v0.1.0 (*)
verify	Check licenses	2026-09-26T12:08:29.5112089Z          │   │   └── runtime-gateway v0.1.0 (*)
verify	Check licenses	2026-09-26T12:08:29.5112456Z          │   ├── quantos-portfolio v0.1.0
verify	Check licenses	2026-09-26T12:08:29.5112833Z          │   │   ├── portfolio-rebuild v0.1.0 (*)
verify	Check licenses	2026-09-26T12:08:29.5113260Z          │   │   ├── quantos-evidence v0.1.0 (*)
verify	Check licenses	2026-09-26T12:08:29.5113637Z          │   │   ├── quantos-reconcile v0.1.0 (*)
verify	Check licenses	2026-09-26T12:08:29.5114022Z          │   │   └── quantos-risk v0.1.0 (*)
verify	Check licenses	2026-09-26T12:08:29.5114383Z          │   ├── quantos-reconcile v0.1.0 (*)
verify	Check licenses	2026-09-26T12:08:29.5114742Z          │   ├── quantos-risk v0.1.0 (*)
verify	Check licenses	2026-09-26T12:08:29.5115090Z          │   ├── quantos-runtime v0.1.0 (*)
verify	Check licenses	2026-09-26T12:08:29.5115440Z          │   ├── quantos-storage v0.1.0
verify	Check licenses	2026-09-26T12:08:29.5115824Z          │   │   ├── (dev) quantos-evidence v0.1.0 (*)
verify	Check licenses	2026-09-26T12:08:29.5116230Z          │   │   ├── (dev) quantos-execution v0.1.0 (*)
verify	Check licenses	2026-09-26T12:08:29.5116663Z          │   │   ├── quantos-observability v0.1.0 (*)
verify	Check licenses	2026-09-26T12:08:29.5117045Z          │   │   ├── quantos-runtime v0.1.0 (*)
verify	Check licenses	2026-09-26T12:08:29.5117428Z          │   │   ├── quantos-strategy v0.1.0 (*)
verify	Check licenses	2026-09-26T12:08:29.5117797Z          │   │   └── runtime-gateway v0.1.0 (*)
verify	Check licenses	2026-09-26T12:08:29.5118167Z          │   ├── quantos-strategy v0.1.0 (*)
verify	Check licenses	2026-09-26T12:08:29.5118519Z          │   ├── quantos-testkit v0.1.0
verify	Check licenses	2026-09-26T12:08:29.5118870Z          │   ├── replay-cli v0.1.0 (*)
verify	Check licenses	2026-09-26T12:08:29.5119363Z          │   └── runtime-gateway v0.1.0 (*)
verify	Check licenses	2026-09-26T12:08:29.5120200Z          ├── quantos-engine-manager v0.1.0
verify	Check licenses	2026-09-26T12:08:29.5120842Z          │   └── quantos-runtime v0.1.0 (*)
verify	Check licenses	2026-09-26T12:08:29.5121451Z          └── (dev) runtime-gateway v0.1.0 (*)
verify	Check licenses	2026-09-26T12:08:29.5121828Z    ^[[0m^[[36m├^[[0m cpufeatures v0.3.0
verify	Check licenses	2026-09-26T12:08:29.5122142Z      ├── chacha20 v0.10.2
verify	Check licenses	2026-09-26T12:08:29.5122427Z      │   └── rand v0.10.2
verify	Check licenses	2026-09-26T12:08:29.5122745Z      │       ├── postgres-protocol v0.6.12
verify	Check licenses	2026-09-26T12:08:29.5123171Z      │       │   ├── postgres-types v0.2.14
verify	Check licenses	2026-09-26T12:08:29.5123786Z      │       │   │   └── tokio-postgres v0.7.18
verify	Check licenses	2026-09-26T12:08:29.5124223Z      │       │   │       ├── postgres v0.19.14
verify	Check licenses	2026-09-26T12:08:29.5124613Z      │       │   │       │   ├── quantos-auth v0.1.0
verify	Check licenses	2026-09-26T12:08:29.5125015Z      │       │   │       │   │   ├── bff-gateway v0.1.0
verify	Check licenses	2026-09-26T12:08:29.5125434Z      │       │   │       │   │   ├── execution-gateway v0.1.0
verify	Check licenses	2026-09-26T12:08:29.5125903Z      │       │   │       │   │   ├── quantos-observability v0.1.0
verify	Check licenses	2026-09-26T12:08:29.5126352Z      │       │   │       │   │   │   ├── capacity-monitor v0.1.0
verify	Check licenses	2026-09-26T12:08:29.5126846Z      │       │   │       │   │   │   ├── execution-gateway v0.1.0 (*)
verify	Check licenses	2026-09-26T12:08:29.5127297Z      │       │   │       │   │   │   ├── market-ingestor v0.1.0
verify	Check licenses	2026-09-26T12:08:29.5127740Z      │       │   │       │   │   │   ├── portfolio-rebuild v0.1.0
verify	Check licenses	2026-09-26T12:08:29.5128157Z      │       │   │       │   │   │   ├── replay-cli v0.1.0
verify	Check licenses	2026-09-26T12:08:29.5128608Z      │       │   │       │   │   │   └── runtime-gateway v0.1.0
verify	Check licenses	2026-09-26T12:08:29.5129028Z      │       │   │       │   │   ├── quantos-runtime v0.1.0
verify	Check licenses	2026-09-26T12:08:29.5129682Z      │       │   │       │   │   │   ├── quantos-evidence v0.1.0
verify	Check licenses	2026-09-26T12:08:29.5130158Z      │       │   │       │   │   │   ├── quantos-execution v0.1.0
verify	Check licenses	2026-09-26T12:08:29.5130634Z      │       │   │       │   │   │   │   ├── execution-gateway v0.1.0 (*)
verify	Check licenses	2026-09-26T12:08:29.5131123Z      │       │   │       │   │   │   │   ├── quantos-evidence v0.1.0 (*)
verify	Check licenses	2026-09-26T12:08:29.5131582Z      │       │   │       │   │   │   │   └── quantos-reconcile v0.1.0
verify	Check licenses	2026-09-26T12:08:29.5132074Z      │       │   │       │   │   │   ├── quantos-observability v0.1.0 (*)
verify	Check licenses	2026-09-26T12:08:29.5132535Z      │       │   │       │   │   │   └── runtime-gateway v0.1.0 (*)
verify	Check licenses	2026-09-26T12:08:29.5132973Z      │       │   │       │   │   ├── quantos-strategy v0.1.0
verify	Check licenses	2026-09-26T12:08:29.5133602Z      │       │   │       │   │   │   └── quantos-risk v0.1.0
verify	Check licenses	2026-09-26T12:08:29.5134057Z      │       │   │       │   │   │       ├── quantos-evidence v0.1.0 (*)
verify	Check licenses	2026-09-26T12:08:29.5134519Z      │       │   │       │   │   │       └── quantos-execution v0.1.0 (*)
verify	Check licenses	2026-09-26T12:08:29.5134964Z      │       │   │       │   │   └── runtime-gateway v0.1.0 (*)
verify	Check licenses	2026-09-26T12:08:29.5135374Z      │       │   │       │   ├── quantos-event v0.1.0
verify	Check licenses	2026-09-26T12:08:29.5135996Z      │       │   │       │   │   ├── market-ingestor v0.1.0 (*)
verify	Check licenses	2026-09-26T12:08:29.5136415Z      │       │   │       │   │   ├── quantos-market v0.1.0
verify	Check licenses	2026-09-26T12:08:29.5136857Z      │       │   │       │   │   │   └── market-ingestor v0.1.0 (*)
verify	Check licenses	2026-09-26T12:08:29.5137339Z      │       │   │       │   │   ├── quantos-observability v0.1.0 (*)
verify	Check licenses	2026-09-26T12:08:29.5137782Z      │       │   │       │   │   └── replay-cli v0.1.0 (*)
verify	Check licenses	2026-09-26T12:08:29.5138519Z      │       │   │       │   ├── quantos-observability v0.1.0 (*)
verify	Check licenses	2026-09-26T12:08:29.5155039Z      │       │   │       │   ├── quantos-portfolio v0.1.0
verify	Check licenses	2026-09-26T12:08:29.5155644Z      │       │   │       │   │   ├── portfolio-rebuild v0.1.0 (*)
verify	Check licenses	2026-09-26T12:08:29.5156332Z      │       │   │       │   │   ├── quantos-evidence v0.1.0 (*)
verify	Check licenses	2026-09-26T12:08:29.5156793Z      │       │   │       │   │   ├── quantos-reconcile v0.1.0 (*)
verify	Check licenses	2026-09-26T12:08:29.5157233Z      │       │   │       │   │   └── quantos-risk v0.1.0 (*)
verify	Check licenses	2026-09-26T12:08:29.5157658Z      │       │   │       │   ├── quantos-runtime v0.1.0 (*)
verify	Check licenses	2026-09-26T12:08:29.5158101Z      │       │   │       │   ├── quantos-storage v0.1.0
verify	Check licenses	2026-09-26T12:08:29.5158543Z      │       │   │       │   │   ├── (dev) quantos-evidence v0.1.0 (*)
verify	Check licenses	2026-09-26T12:08:29.5159015Z      │       │   │       │   │   ├── (dev) quantos-execution v0.1.0 (*)
verify	Check licenses	2026-09-26T12:08:29.5159725Z      │       │   │       │   │   ├── quantos-observability v0.1.0 (*)
verify	Check licenses	2026-09-26T12:08:29.5160371Z      │       │   │       │   │   ├── quantos-runtime v0.1.0 (*)
verify	Check licenses	2026-09-26T12:08:29.5160839Z      │       │   │       │   │   ├── quantos-strategy v0.1.0 (*)
verify	Check licenses	2026-09-26T12:08:29.5161275Z      │       │   │       │   │   └── runtime-gateway v0.1.0 (*)
verify	Check licenses	2026-09-26T12:08:29.5161696Z      │       │   │       │   ├── quantos-strategy v0.1.0 (*)
verify	Check licenses	2026-09-26T12:08:29.5162102Z      │       │   │       │   ├── replay-cli v0.1.0 (*)
verify	Check licenses	2026-09-26T12:08:29.5162538Z      │       │   │       │   └── (dev) runtime-gateway v0.1.0 (*)
verify	Check licenses	2026-09-26T12:08:29.5162968Z      │       │   │       ├── postgres-native-tls v0.5.3
verify	Check licenses	2026-09-26T12:08:29.5163559Z      │       │   │       │   ├── quantos-auth v0.1.0 (*)
verify	Check licenses	2026-09-26T12:08:29.5164131Z      │       │   │       │   ├── quantos-event v0.1.0 (*)
verify	Check licenses	2026-09-26T12:08:29.5164574Z      │       │   │       │   ├── quantos-observability v0.1.0 (*)
verify	Check licenses	2026-09-26T12:08:29.5165012Z      │       │   │       │   ├── quantos-portfolio v0.1.0 (*)
verify	Check licenses	2026-09-26T12:08:29.5165439Z      │       │   │       │   ├── quantos-storage v0.1.0 (*)
verify	Check licenses	2026-09-26T12:08:29.5166071Z      │       │   │       │   └── quantos-strategy v0.1.0 (*)
verify	Check licenses	2026-09-26T12:08:29.5166489Z      │       │   │       └── postgres-openssl v0.5.3
verify	Check licenses	2026-09-26T12:08:29.5166891Z      │       │   │           ├── quantos-auth v0.1.0 (*)
verify	Check licenses	2026-09-26T12:08:29.5167299Z      │       │   │           ├── quantos-runtime v0.1.0 (*)
verify	Check licenses	2026-09-26T12:08:29.5167721Z      │       │   │           └── (dev) runtime-gateway v0.1.0 (*)
verify	Check licenses	2026-09-26T12:08:29.5168129Z      │       │   └── tokio-postgres v0.7.18 (*)
verify	Check licenses	2026-09-26T12:08:29.5168519Z      │       └── tokio-postgres v0.7.18 (*)
verify	Check licenses	2026-09-26T12:08:29.5168839Z      └── sha2 v0.11.0
verify	Check licenses	2026-09-26T12:08:29.5169150Z          └── postgres-protocol v0.6.12 (*)
verify	Check licenses	2026-09-26T12:08:29.5169352Z 
verify	Check licenses	2026-09-26T12:08:29.5170215Z ^[[0m^[[1m^[[38;5;11mwarning[duplicate]^[[0m^[[1m: found 2 duplicate entries for crate 'crypto-common'^[[0m
verify	Check licenses	2026-09-26T12:08:29.5171066Z    ^[[0m^[[36m┌─^[[0m /home/runner/work/QuantOS/QuantOS/Cargo.lock:45:1
verify	Check licenses	2026-09-26T12:08:29.5171544Z    ^[[0m^[[36m│^[[0m  
verify	Check licenses	2026-09-26T12:08:29.5172304Z ^[[0m^[[36m45^[[0m ^[[0m^[[36m│^[[0m ^[[0m^[[33m╭^[[0m ^[[0m^[[33mcrypto-common 0.1.7 registry+https://github.com/rust-lang/crates.io-index^[[0m
verify	Check licenses	2026-09-26T12:08:29.5173363Z ^[[0m^[[36m46^[[0m ^[[0m^[[36m│^[[0m ^[[0m^[[33m│^[[0m ^[[0m^[[33mcrypto-common 0.2.2 registry+https://github.com/rust-lang/crates.io-index^[[0m
verify	Check licenses	2026-09-26T12:08:29.5174284Z    ^[[0m^[[36m│^[[0m ^[[0m^[[33m╰^[[0m^[[0m^[[33m─────────────────────────────────────────────────────────────────────────┘ lock entries^[[0m
verify	Check licenses	2026-09-26T12:08:29.5174778Z    ^[[0m^[[36m│^[[0m  
verify	Check licenses	2026-09-26T12:08:29.5175269Z    ^[[0m^[[36m├^[[0m crypto-common v0.1.7
verify	Check licenses	2026-09-26T12:08:29.5175599Z      └── digest v0.10.7
verify	Check licenses	2026-09-26T12:08:29.5175871Z          ├── hmac v0.12.1
verify	Check licenses	2026-09-26T12:08:29.5176222Z          │   └── quantos-engine-manager v0.1.0
verify	Check licenses	2026-09-26T12:08:29.5176610Z          │       └── quantos-runtime v0.1.0
verify	Check licenses	2026-09-26T12:08:29.5176989Z          │           ├── quantos-evidence v0.1.0
verify	Check licenses	2026-09-26T12:08:29.5177388Z          │           ├── quantos-execution v0.1.0
verify	Check licenses	2026-09-26T12:08:29.5177789Z          │           │   ├── execution-gateway v0.1.0
verify	Check licenses	2026-09-26T12:08:29.5178227Z          │           │   ├── quantos-evidence v0.1.0 (*)
verify	Check licenses	2026-09-26T12:08:29.5178634Z          │           │   └── quantos-reconcile v0.1.0
verify	Check licenses	2026-09-26T12:08:29.5179037Z          │           ├── quantos-observability v0.1.0
verify	Check licenses	2026-09-26T12:08:29.5179435Z          │           │   ├── capacity-monitor v0.1.0
verify	Check licenses	2026-09-26T12:08:29.5180117Z          │           │   ├── execution-gateway v0.1.0 (*)
verify	Check licenses	2026-09-26T12:08:29.5180536Z          │           │   ├── market-ingestor v0.1.0
verify	Check licenses	2026-09-26T12:08:29.5180937Z          │           │   ├── portfolio-rebuild v0.1.0
verify	Check licenses	2026-09-26T12:08:29.5181337Z          │           │   ├── replay-cli v0.1.0
verify	Check licenses	2026-09-26T12:08:29.5181733Z          │           │   └── runtime-gateway v0.1.0
verify	Check licenses	2026-09-26T12:08:29.5182119Z          │           └── runtime-gateway v0.1.0 (*)
verify	Check licenses	2026-09-26T12:08:29.5182452Z          └── sha2 v0.10.9
verify	Check licenses	2026-09-26T12:08:29.5182757Z              ├── quantos-auth v0.1.0
verify	Check licenses	2026-09-26T12:08:29.5183115Z              │   ├── bff-gateway v0.1.0
verify	Check licenses	2026-09-26T12:08:29.5183499Z              │   ├── execution-gateway v0.1.0 (*)
verify	Check licenses	2026-09-26T12:08:29.5183903Z              │   ├── quantos-observability v0.1.0 (*)
verify	Check licenses	2026-09-26T12:08:29.5184290Z              │   ├── quantos-runtime v0.1.0 (*)
verify	Check licenses	2026-09-26T12:08:29.5184662Z              │   ├── quantos-strategy v0.1.0
verify	Check licenses	2026-09-26T12:08:29.5185032Z              │   │   └── quantos-risk v0.1.0
verify	Check licenses	2026-09-26T12:08:29.5185420Z              │   │       ├── quantos-evidence v0.1.0 (*)
verify	Check licenses	2026-09-26T12:08:29.5185854Z              │   │       └── quantos-execution v0.1.0 (*)
verify	Check licenses	2026-09-26T12:08:29.5186243Z              │   └── runtime-gateway v0.1.0 (*)
verify	Check licenses	2026-09-26T12:08:29.5186605Z              ├── quantos-core v0.1.0
verify	Check licenses	2026-09-26T12:08:29.5186948Z              │   ├── bff-gateway v0.1.0 (*)
verify	Check licenses	2026-09-26T12:08:29.5187322Z              │   ├── execution-gateway v0.1.0 (*)
verify	Check licenses	2026-09-26T12:08:29.5187699Z              │   ├── market-ingestor v0.1.0 (*)
verify	Check licenses	2026-09-26T12:08:29.5188112Z              │   ├── portfolio-rebuild v0.1.0 (*)
verify	Check licenses	2026-09-26T12:08:29.5188651Z              │   ├── quantos-auth v0.1.0 (*)
verify	Check licenses	2026-09-26T12:08:29.5189010Z              │   ├── quantos-event v0.1.0
verify	Check licenses	2026-09-26T12:08:29.5189389Z              │   │   ├── market-ingestor v0.1.0 (*)
verify	Check licenses	2026-09-26T12:08:29.5190091Z              │   │   ├── quantos-market v0.1.0
verify	Check licenses	2026-09-26T12:08:29.5190500Z              │   │   │   └── market-ingestor v0.1.0 (*)
verify	Check licenses	2026-09-26T12:08:29.5190921Z              │   │   ├── quantos-observability v0.1.0 (*)
verify	Check licenses	2026-09-26T12:08:29.5191485Z              │   │   └── replay-cli v0.1.0 (*)
verify	Check licenses	2026-09-26T12:08:29.5191864Z              │   ├── quantos-evidence v0.1.0 (*)
verify	Check licenses	2026-09-26T12:08:29.5192252Z              │   ├── quantos-execution v0.1.0 (*)
verify	Check licenses	2026-09-26T12:08:29.5192626Z              │   ├── quantos-market v0.1.0 (*)
verify	Check licenses	2026-09-26T12:08:29.5193013Z              │   ├── quantos-observability v0.1.0 (*)
verify	Check licenses	2026-09-26T12:08:29.5193393Z              │   ├── quantos-policy v0.1.0
verify	Check licenses	2026-09-26T12:08:29.5193770Z              │   │   ├── quantos-auth v0.1.0 (*)
verify	Check licenses	2026-09-26T12:08:29.5194183Z              │   │   ├── quantos-observability v0.1.0 (*)
verify	Check licenses	2026-09-26T12:08:29.5194585Z              │   │   ├── quantos-runtime v0.1.0 (*)
verify	Check licenses	2026-09-26T12:08:29.5194974Z              │   │   ├── quantos-strategy v0.1.0 (*)
verify	Check licenses	2026-09-26T12:08:29.5195364Z              │   │   └── runtime-gateway v0.1.0 (*)
verify	Check licenses	2026-09-26T12:08:29.5195740Z              │   ├── quantos-portfolio v0.1.0
verify	Check licenses	2026-09-26T12:08:29.5196137Z              │   │   ├── portfolio-rebuild v0.1.0 (*)
verify	Check licenses	2026-09-26T12:08:29.5196544Z              │   │   ├── quantos-evidence v0.1.0 (*)
verify	Check licenses	2026-09-26T12:08:29.5196942Z              │   │   ├── quantos-reconcile v0.1.0 (*)
verify	Check licenses	2026-09-26T12:08:29.5197324Z              │   │   └── quantos-risk v0.1.0 (*)
verify	Check licenses	2026-09-26T12:08:29.5197710Z              │   ├── quantos-reconcile v0.1.0 (*)
verify	Check licenses	2026-09-26T12:08:29.5198089Z              │   ├── quantos-risk v0.1.0 (*)
verify	Check licenses	2026-09-26T12:08:29.5198456Z              │   ├── quantos-runtime v0.1.0 (*)
verify	Check licenses	2026-09-26T12:08:29.5198826Z              │   ├── quantos-storage v0.1.0
verify	Check licenses	2026-09-26T12:08:29.5199238Z              │   │   ├── (dev) quantos-evidence v0.1.0 (*)
verify	Check licenses	2026-09-26T12:08:29.5199903Z              │   │   ├── (dev) quantos-execution v0.1.0 (*)
verify	Check licenses	2026-09-26T12:08:29.5200338Z              │   │   ├── quantos-observability v0.1.0 (*)
verify	Check licenses	2026-09-26T12:08:29.5200743Z              │   │   ├── quantos-runtime v0.1.0 (*)
verify	Check licenses	2026-09-26T12:08:29.5201135Z              │   │   ├── quantos-strategy v0.1.0 (*)
verify	Check licenses	2026-09-26T12:08:29.5201527Z              │   │   └── runtime-gateway v0.1.0 (*)
verify	Check licenses	2026-09-26T12:08:29.5201919Z              │   ├── quantos-strategy v0.1.0 (*)
verify	Check licenses	2026-09-26T12:08:29.5202293Z              │   ├── quantos-testkit v0.1.0
verify	Check licenses	2026-09-26T12:08:29.5202650Z              │   ├── replay-cli v0.1.0 (*)
verify	Check licenses	2026-09-26T12:08:29.5203021Z              │   └── runtime-gateway v0.1.0 (*)
verify	Check licenses	2026-09-26T12:08:29.5203410Z              ├── quantos-engine-manager v0.1.0 (*)
verify	Check licenses	2026-09-26T12:08:29.5203810Z              └── (dev) runtime-gateway v0.1.0 (*)
verify	Check licenses	2026-09-26T12:08:29.5204186Z    ^[[0m^[[36m├^[[0m crypto-common v0.2.2
verify	Check licenses	2026-09-26T12:08:29.5204508Z      └── digest v0.11.3
verify	Check licenses	2026-09-26T12:08:29.5204781Z          ├── hmac v0.13.0
verify	Check licenses	2026-09-26T12:08:29.5205100Z          │   └── postgres-protocol v0.6.12
verify	Check licenses	2026-09-26T12:08:29.5205476Z          │       ├── postgres-types v0.2.14
verify	Check licenses	2026-09-26T12:08:29.5205853Z          │       │   └── tokio-postgres v0.7.18
verify	Check licenses	2026-09-26T12:08:29.5206235Z          │       │       ├── postgres v0.19.14
verify	Check licenses	2026-09-26T12:08:29.5206624Z          │       │       │   ├── quantos-auth v0.1.0
verify	Check licenses	2026-09-26T12:08:29.5207042Z          │       │       │   │   ├── bff-gateway v0.1.0
verify	Check licenses	2026-09-26T12:08:29.5207458Z          │       │       │   │   ├── execution-gateway v0.1.0
verify	Check licenses	2026-09-26T12:08:29.5207905Z          │       │       │   │   ├── quantos-observability v0.1.0
verify	Check licenses	2026-09-26T12:08:29.5208353Z          │       │       │   │   │   ├── capacity-monitor v0.1.0
verify	Check licenses	2026-09-26T12:08:29.5208807Z          │       │       │   │   │   ├── execution-gateway v0.1.0 (*)
verify	Check licenses	2026-09-26T12:08:29.5209257Z          │       │       │   │   │   ├── market-ingestor v0.1.0
verify	Check licenses	2026-09-26T12:08:29.5210134Z          │       │       │   │   │   ├── portfolio-rebuild v0.1.0
verify	Check licenses	2026-09-26T12:08:29.5210566Z          │       │       │   │   │   ├── replay-cli v0.1.0
verify	Check licenses	2026-09-26T12:08:29.5210991Z          │       │       │   │   │   └── runtime-gateway v0.1.0
verify	Check licenses	2026-09-26T12:08:29.5211412Z          │       │       │   │   ├── quantos-runtime v0.1.0
verify	Check licenses	2026-09-26T12:08:29.5211848Z          │       │       │   │   │   ├── quantos-evidence v0.1.0
verify	Check licenses	2026-09-26T12:08:29.5212446Z          │       │       │   │   │   ├── quantos-execution v0.1.0
verify	Check licenses	2026-09-26T12:08:29.5212914Z          │       │       │   │   │   │   ├── execution-gateway v0.1.0 (*)
verify	Check licenses	2026-09-26T12:08:29.5213388Z          │       │       │   │   │   │   ├── quantos-evidence v0.1.0 (*)
verify	Check licenses	2026-09-26T12:08:29.5213846Z          │       │       │   │   │   │   └── quantos-reconcile v0.1.0
verify	Check licenses	2026-09-26T12:08:29.5214324Z          │       │       │   │   │   ├── quantos-observability v0.1.0 (*)
verify	Check licenses	2026-09-26T12:08:29.5214798Z          │       │       │   │   │   └── runtime-gateway v0.1.0 (*)
verify	Check licenses	2026-09-26T12:08:29.5215235Z          │       │       │   │   ├── quantos-strategy v0.1.0
verify	Check licenses	2026-09-26T12:08:29.5215654Z          │       │       │   │   │   └── quantos-risk v0.1.0
verify	Check licenses	2026-09-26T12:08:29.5216099Z          │       │       │   │   │       ├── quantos-evidence v0.1.0 (*)
verify	Check licenses	2026-09-26T12:08:29.5216561Z          │       │       │   │   │       └── quantos-execution v0.1.0 (*)
verify	Check licenses	2026-09-26T12:08:29.5217029Z          │       │       │   │   └── runtime-gateway v0.1.0 (*)
verify	Check licenses	2026-09-26T12:08:29.5217440Z          │       │       │   ├── quantos-event v0.1.0
verify	Check licenses	2026-09-26T12:08:29.5217861Z          │       │       │   │   ├── market-ingestor v0.1.0 (*)
verify	Check licenses	2026-09-26T12:08:29.5218276Z          │       │       │   │   ├── quantos-market v0.1.0
verify	Check licenses	2026-09-26T12:08:29.5218712Z          │       │       │   │   │   └── market-ingestor v0.1.0 (*)
verify	Check licenses	2026-09-26T12:08:29.5219166Z          │       │       │   │   ├── quantos-observability v0.1.0 (*)
verify	Check licenses	2026-09-26T12:08:29.5219844Z          │       │       │   │   └── replay-cli v0.1.0 (*)
verify	Check licenses	2026-09-26T12:08:29.5220278Z          │       │       │   ├── quantos-observability v0.1.0 (*)
verify	Check licenses	2026-09-26T12:08:29.5220712Z          │       │       │   ├── quantos-portfolio v0.1.0
verify	Check licenses	2026-09-26T12:08:29.5221142Z          │       │       │   │   ├── portfolio-rebuild v0.1.0 (*)
verify	Check licenses	2026-09-26T12:08:29.5221579Z          │       │       │   │   ├── quantos-evidence v0.1.0 (*)
verify	Check licenses	2026-09-26T12:08:29.5222026Z          │       │       │   │   ├── quantos-reconcile v0.1.0 (*)
verify	Check licenses	2026-09-26T12:08:29.5222469Z          │       │       │   │   └── quantos-risk v0.1.0 (*)
verify	Check licenses	2026-09-26T12:08:29.5222889Z          │       │       │   ├── quantos-runtime v0.1.0 (*)
verify	Check licenses	2026-09-26T12:08:29.5223300Z          │       │       │   ├── quantos-storage v0.1.0
verify	Check licenses	2026-09-26T12:08:29.5223734Z          │       │       │   │   ├── (dev) quantos-evidence v0.1.0 (*)
verify	Check licenses	2026-09-26T12:08:29.5224200Z          │       │       │   │   ├── (dev) quantos-execution v0.1.0 (*)
verify	Check licenses	2026-09-26T12:08:29.5224817Z          │       │       │   │   ├── quantos-observability v0.1.0 (*)
verify	Check licenses	2026-09-26T12:08:29.5225292Z          │       │       │   │   ├── quantos-runtime v0.1.0 (*)
verify	Check licenses	2026-09-26T12:08:29.5225728Z          │       │       │   │   ├── quantos-strategy v0.1.0 (*)
verify	Check licenses	2026-09-26T12:08:29.5226158Z          │       │       │   │   └── runtime-gateway v0.1.0 (*)
verify	Check licenses	2026-09-26T12:08:29.5226581Z          │       │       │   ├── quantos-strategy v0.1.0 (*)
verify	Check licenses	2026-09-26T12:08:29.5227135Z          │       │       │   ├── replay-cli v0.1.0 (*)
verify	Check licenses	2026-09-26T12:08:29.5227556Z          │       │       │   └── (dev) runtime-gateway v0.1.0 (*)
verify	Check licenses	2026-09-26T12:08:29.5227974Z          │       │       ├── postgres-native-tls v0.5.3
verify	Check licenses	2026-09-26T12:08:29.5228389Z          │       │       │   ├── quantos-auth v0.1.0 (*)
verify	Check licenses	2026-09-26T12:08:29.5228791Z          │       │       │   ├── quantos-event v0.1.0 (*)
verify	Check licenses	2026-09-26T12:08:29.5229220Z          │       │       │   ├── quantos-observability v0.1.0 (*)
verify	Check licenses	2026-09-26T12:08:29.5229904Z          │       │       │   ├── quantos-portfolio v0.1.0 (*)
verify	Check licenses	2026-09-26T12:08:29.5230339Z          │       │       │   ├── quantos-storage v0.1.0 (*)
verify	Check licenses	2026-09-26T12:08:29.5230754Z          │       │       │   └── quantos-strategy v0.1.0 (*)
verify	Check licenses	2026-09-26T12:08:29.5231165Z          │       │       └── postgres-openssl v0.5.3
verify	Check licenses	2026-09-26T12:08:29.5231569Z          │       │           ├── quantos-auth v0.1.0 (*)
verify	Check licenses	2026-09-26T12:08:29.5231979Z          │       │           ├── quantos-runtime v0.1.0 (*)
verify	Check licenses	2026-09-26T12:08:29.5232421Z          │       │           └── (dev) runtime-gateway v0.1.0 (*)
verify	Check licenses	2026-09-26T12:08:29.5232838Z          │       └── tokio-postgres v0.7.18 (*)
verify	Check licenses	2026-09-26T12:08:29.5233168Z          ├── md-5 v0.11.0
verify	Check licenses	2026-09-26T12:08:29.5233507Z          │   └── postgres-protocol v0.6.12 (*)
verify	Check licenses	2026-09-26T12:08:29.5233840Z          └── sha2 v0.11.0
verify	Check licenses	2026-09-26T12:08:29.5234166Z              └── postgres-protocol v0.6.12 (*)
verify	Check licenses	2026-09-26T12:08:29.5234362Z 
verify	Check licenses	2026-09-26T12:08:29.5234787Z ^[[0m^[[1m^[[38;5;11mwarning[duplicate]^[[0m^[[1m: found 2 duplicate entries for crate 'digest'^[[0m
verify	Check licenses	2026-09-26T12:08:29.5235423Z    ^[[0m^[[36m┌─^[[0m /home/runner/work/QuantOS/QuantOS/Cargo.lock:48:1
verify	Check licenses	2026-09-26T12:08:29.5235801Z    ^[[0m^[[36m│^[[0m  
verify	Check licenses	2026-09-26T12:08:29.5236486Z ^[[0m^[[36m48^[[0m ^[[0m^[[36m│^[[0m ^[[0m^[[33m╭^[[0m ^[[0m^[[33mdigest 0.10.7 registry+https://github.com/rust-lang/crates.io-index^[[0m
verify	Check licenses	2026-09-26T12:08:29.5237443Z ^[[0m^[[36m49^[[0m ^[[0m^[[36m│^[[0m ^[[0m^[[33m│^[[0m ^[[0m^[[33mdigest 0.11.3 registry+https://github.com/rust-lang/crates.io-index^[[0m
verify	Check licenses	2026-09-26T12:08:29.5238315Z    ^[[0m^[[36m│^[[0m ^[[0m^[[33m╰^[[0m^[[0m^[[33m───────────────────────────────────────────────────────────────────┘ lock entries^[[0m
verify	Check licenses	2026-09-26T12:08:29.5238781Z    ^[[0m^[[36m│^[[0m  
verify	Check licenses	2026-09-26T12:08:29.5239071Z    ^[[0m^[[36m├^[[0m digest v0.10.7
verify	Check licenses	2026-09-26T12:08:29.5239362Z      ├── hmac v0.12.1
verify	Check licenses	2026-09-26T12:08:29.5239877Z      │   └── quantos-engine-manager v0.1.0
verify	Check licenses	2026-09-26T12:08:29.5240256Z      │       └── quantos-runtime v0.1.0
verify	Check licenses	2026-09-26T12:08:29.5240621Z      │           ├── quantos-evidence v0.1.0
verify	Check licenses	2026-09-26T12:08:29.5241013Z      │           ├── quantos-execution v0.1.0
verify	Check licenses	2026-09-26T12:08:29.5241400Z      │           │   ├── execution-gateway v0.1.0
verify	Check licenses	2026-09-26T12:08:29.5241807Z      │           │   ├── quantos-evidence v0.1.0 (*)
verify	Check licenses	2026-09-26T12:08:29.5242203Z      │           │   └── quantos-reconcile v0.1.0
verify	Check licenses	2026-09-26T12:08:29.5242593Z      │           ├── quantos-observability v0.1.0
verify	Check licenses	2026-09-26T12:08:29.5242982Z      │           │   ├── capacity-monitor v0.1.0
verify	Check licenses	2026-09-26T12:08:29.5243405Z      │           │   ├── execution-gateway v0.1.0 (*)
verify	Check licenses	2026-09-26T12:08:29.5243797Z      │           │   ├── market-ingestor v0.1.0
verify	Check licenses	2026-09-26T12:08:29.5244186Z      │           │   ├── portfolio-rebuild v0.1.0
verify	Check licenses	2026-09-26T12:08:29.5244552Z      │           │   ├── replay-cli v0.1.0
verify	Check licenses	2026-09-26T12:08:29.5244923Z      │           │   └── runtime-gateway v0.1.0
verify	Check licenses	2026-09-26T12:08:29.5245296Z      │           └── runtime-gateway v0.1.0 (*)
verify	Check licenses	2026-09-26T12:08:29.5245613Z      └── sha2 v0.10.9
verify	Check licenses	2026-09-26T12:08:29.5246071Z          ├── quantos-auth v0.1.0
verify	Check licenses	2026-09-26T12:08:29.5246397Z          │   ├── bff-gateway v0.1.0
verify	Check licenses	2026-09-26T12:08:29.5246755Z          │   ├── execution-gateway v0.1.0 (*)
verify	Check licenses	2026-09-26T12:08:29.5247138Z          │   ├── quantos-observability v0.1.0 (*)
verify	Check licenses	2026-09-26T12:08:29.5247514Z          │   ├── quantos-runtime v0.1.0 (*)
verify	Check licenses	2026-09-26T12:08:29.5247873Z          │   ├── quantos-strategy v0.1.0
verify	Check licenses	2026-09-26T12:08:29.5248227Z          │   │   └── quantos-risk v0.1.0
verify	Check licenses	2026-09-26T12:08:29.5248738Z          │   │       ├── quantos-evidence v0.1.0 (*)
verify	Check licenses	2026-09-26T12:08:29.5249144Z          │   │       └── quantos-execution v0.1.0 (*)
verify	Check licenses	2026-09-26T12:08:29.5249761Z          │   └── runtime-gateway v0.1.0 (*)
verify	Check licenses	2026-09-26T12:08:29.5250142Z          ├── quantos-core v0.1.0
verify	Check licenses	2026-09-26T12:08:29.5250474Z          │   ├── bff-gateway v0.1.0 (*)
verify	Check licenses	2026-09-26T12:08:29.5250835Z          │   ├── execution-gateway v0.1.0 (*)
verify	Check licenses	2026-09-26T12:08:29.5251206Z          │   ├── market-ingestor v0.1.0 (*)
verify	Check licenses	2026-09-26T12:08:29.5251588Z          │   ├── portfolio-rebuild v0.1.0 (*)
verify	Check licenses	2026-09-26T12:08:29.5251989Z          │   ├── quantos-auth v0.1.0 (*)
verify	Check licenses	2026-09-26T12:08:29.5252336Z          │   ├── quantos-event v0.1.0
verify	Check licenses	2026-09-26T12:08:29.5252701Z          │   │   ├── market-ingestor v0.1.0 (*)
verify	Check licenses	2026-09-26T12:08:29.5253072Z          │   │   ├── quantos-market v0.1.0
verify	Check licenses	2026-09-26T12:08:29.5253456Z          │   │   │   └── market-ingestor v0.1.0 (*)
verify	Check licenses	2026-09-26T12:08:29.5253862Z          │   │   ├── quantos-observability v0.1.0 (*)
verify	Check licenses	2026-09-26T12:08:29.5254257Z          │   │   └── replay-cli v0.1.0 (*)
verify	Check licenses	2026-09-26T12:08:29.5254615Z          │   ├── quantos-evidence v0.1.0 (*)
verify	Check licenses	2026-09-26T12:08:29.5254989Z          │   ├── quantos-execution v0.1.0 (*)
verify	Check licenses	2026-09-26T12:08:29.5255346Z          │   ├── quantos-market v0.1.0 (*)
verify	Check licenses	2026-09-26T12:08:29.5255719Z          │   ├── quantos-observability v0.1.0 (*)
verify	Check licenses	2026-09-26T12:08:29.5256090Z          │   ├── quantos-policy v0.1.0
verify	Check licenses	2026-09-26T12:08:29.5256443Z          │   │   ├── quantos-auth v0.1.0 (*)
verify	Check licenses	2026-09-26T12:08:29.5256851Z          │   │   ├── quantos-observability v0.1.0 (*)
verify	Check licenses	2026-09-26T12:08:29.5257235Z          │   │   ├── quantos-runtime v0.1.0 (*)
verify	Check licenses	2026-09-26T12:08:29.5257616Z          │   │   ├── quantos-strategy v0.1.0 (*)
verify	Check licenses	2026-09-26T12:08:29.5257990Z          │   │   └── runtime-gateway v0.1.0 (*)
verify	Check licenses	2026-09-26T12:08:29.5258355Z          │   ├── quantos-portfolio v0.1.0
verify	Check licenses	2026-09-26T12:08:29.5258726Z          │   │   ├── portfolio-rebuild v0.1.0 (*)
verify	Check licenses	2026-09-26T12:08:29.5259127Z          │   │   ├── quantos-evidence v0.1.0 (*)
verify	Check licenses	2026-09-26T12:08:29.5259725Z          │   │   ├── quantos-reconcile v0.1.0 (*)
verify	Check licenses	2026-09-26T12:08:29.5260126Z          │   │   └── quantos-risk v0.1.0 (*)
verify	Check licenses	2026-09-26T12:08:29.5260560Z          │   ├── quantos-reconcile v0.1.0 (*)
verify	Check licenses	2026-09-26T12:08:29.5261162Z          │   ├── quantos-risk v0.1.0 (*)
verify	Check licenses	2026-09-26T12:08:29.5261760Z          │   ├── quantos-runtime v0.1.0 (*)
verify	Check licenses	2026-09-26T12:08:29.5262236Z          │   ├── quantos-storage v0.1.0
verify	Check licenses	2026-09-26T12:08:29.5262627Z          │   │   ├── (dev) quantos-evidence v0.1.0 (*)
verify	Check licenses	2026-09-26T12:08:29.5263536Z          │   │   ├── (dev) quantos-execution v0.1.0 (*)
verify	Check licenses	2026-09-26T12:08:29.5264118Z          │   │   ├── quantos-observability v0.1.0 (*)
verify	Check licenses	2026-09-26T12:08:29.5264604Z          │   │   ├── quantos-runtime v0.1.0 (*)
verify	Check licenses	2026-09-26T12:08:29.5265003Z          │   │   ├── quantos-strategy v0.1.0 (*)
verify	Check licenses	2026-09-26T12:08:29.5265384Z          │   │   └── runtime-gateway v0.1.0 (*)
verify	Check licenses	2026-09-26T12:08:29.5265761Z          │   ├── quantos-strategy v0.1.0 (*)
verify	Check licenses	2026-09-26T12:08:29.5266142Z          │   ├── quantos-testkit v0.1.0
verify	Check licenses	2026-09-26T12:08:29.5266496Z          │   ├── replay-cli v0.1.0 (*)
verify	Check licenses	2026-09-26T12:08:29.5266848Z          │   └── runtime-gateway v0.1.0 (*)
verify	Check licenses	2026-09-26T12:08:29.5267230Z          ├── quantos-engine-manager v0.1.0 (*)
verify	Check licenses	2026-09-26T12:08:29.5267609Z          └── (dev) runtime-gateway v0.1.0 (*)
verify	Check licenses	2026-09-26T12:08:29.5267967Z    ^[[0m^[[36m├^[[0m digest v0.11.3
verify	Check licenses	2026-09-26T12:08:29.5268254Z      ├── hmac v0.13.0
verify	Check licenses	2026-09-26T12:08:29.5268563Z      │   └── postgres-protocol v0.6.12
verify	Check licenses	2026-09-26T12:08:29.5268939Z      │       ├── postgres-types v0.2.14
verify	Check licenses	2026-09-26T12:08:29.5269295Z      │       │   └── tokio-postgres v0.7.18
verify	Check licenses	2026-09-26T12:08:29.5270001Z      │       │       ├── postgres v0.19.14
verify	Check licenses	2026-09-26T12:08:29.5270393Z      │       │       │   ├── quantos-auth v0.1.0
verify	Check licenses	2026-09-26T12:08:29.5270793Z      │       │       │   │   ├── bff-gateway v0.1.0
verify	Check licenses	2026-09-26T12:08:29.5271205Z      │       │       │   │   ├── execution-gateway v0.1.0
verify	Check licenses	2026-09-26T12:08:29.5271827Z      │       │       │   │   ├── quantos-observability v0.1.0
verify	Check licenses	2026-09-26T12:08:29.5272265Z      │       │       │   │   │   ├── capacity-monitor v0.1.0
verify	Check licenses	2026-09-26T12:08:29.5272705Z      │       │       │   │   │   ├── execution-gateway v0.1.0 (*)
verify	Check licenses	2026-09-26T12:08:29.5273138Z      │       │       │   │   │   ├── market-ingestor v0.1.0
verify	Check licenses	2026-09-26T12:08:29.5273569Z      │       │       │   │   │   ├── portfolio-rebuild v0.1.0
verify	Check licenses	2026-09-26T12:08:29.5273974Z      │       │       │   │   │   ├── replay-cli v0.1.0
verify	Check licenses	2026-09-26T12:08:29.5274401Z      │       │       │   │   │   └── runtime-gateway v0.1.0
verify	Check licenses	2026-09-26T12:08:29.5274810Z      │       │       │   │   ├── quantos-runtime v0.1.0
verify	Check licenses	2026-09-26T12:08:29.5275230Z      │       │       │   │   │   ├── quantos-evidence v0.1.0
verify	Check licenses	2026-09-26T12:08:29.5275648Z      │       │       │   │   │   ├── quantos-execution v0.1.0
verify	Check licenses	2026-09-26T12:08:29.5276094Z      │       │       │   │   │   │   ├── execution-gateway v0.1.0 (*)
verify	Check licenses	2026-09-26T12:08:29.5276574Z      │       │       │   │   │   │   ├── quantos-evidence v0.1.0 (*)
verify	Check licenses	2026-09-26T12:08:29.5277023Z      │       │       │   │   │   │   └── quantos-reconcile v0.1.0
verify	Check licenses	2026-09-26T12:08:29.5277472Z      │       │       │   │   │   ├── quantos-observability v0.1.0 (*)
verify	Check licenses	2026-09-26T12:08:29.5277923Z      │       │       │   │   │   └── runtime-gateway v0.1.0 (*)
verify	Check licenses	2026-09-26T12:08:29.5278344Z      │       │       │   │   ├── quantos-strategy v0.1.0
verify	Check licenses	2026-09-26T12:08:29.5278752Z      │       │       │   │   │   └── quantos-risk v0.1.0
verify	Check licenses	2026-09-26T12:08:29.5279196Z      │       │       │   │   │       ├── quantos-evidence v0.1.0 (*)
verify	Check licenses	2026-09-26T12:08:29.5279922Z      │       │       │   │   │       └── quantos-execution v0.1.0 (*)
verify	Check licenses	2026-09-26T12:08:29.5280374Z      │       │       │   │   └── runtime-gateway v0.1.0 (*)
verify	Check licenses	2026-09-26T12:08:29.5280775Z      │       │       │   ├── quantos-event v0.1.0
verify	Check licenses	2026-09-26T12:08:29.5281186Z      │       │       │   │   ├── market-ingestor v0.1.0 (*)
verify	Check licenses	2026-09-26T12:08:29.5281590Z      │       │       │   │   ├── quantos-market v0.1.0
verify	Check licenses	2026-09-26T12:08:29.5282031Z      │       │       │   │   │   └── market-ingestor v0.1.0 (*)
verify	Check licenses	2026-09-26T12:08:29.5282474Z      │       │       │   │   ├── quantos-observability v0.1.0 (*)
verify	Check licenses	2026-09-26T12:08:29.5282890Z      │       │       │   │   └── replay-cli v0.1.0 (*)
verify	Check licenses	2026-09-26T12:08:29.5283304Z      │       │       │   ├── quantos-observability v0.1.0 (*)
verify	Check licenses	2026-09-26T12:08:29.5283724Z      │       │       │   ├── quantos-portfolio v0.1.0
verify	Check licenses	2026-09-26T12:08:29.5284138Z      │       │       │   │   ├── portfolio-rebuild v0.1.0 (*)
verify	Check licenses	2026-09-26T12:08:29.5284739Z      │       │       │   │   ├── quantos-evidence v0.1.0 (*)
verify	Check licenses	2026-09-26T12:08:29.5285168Z      │       │       │   │   ├── quantos-reconcile v0.1.0 (*)
verify	Check licenses	2026-09-26T12:08:29.5285598Z      │       │       │   │   └── quantos-risk v0.1.0 (*)
verify	Check licenses	2026-09-26T12:08:29.5285999Z      │       │       │   ├── quantos-runtime v0.1.0 (*)
verify	Check licenses	2026-09-26T12:08:29.5286400Z      │       │       │   ├── quantos-storage v0.1.0
verify	Check licenses	2026-09-26T12:08:29.5286964Z      │       │       │   │   ├── (dev) quantos-evidence v0.1.0 (*)
verify	Check licenses	2026-09-26T12:08:29.5287416Z      │       │       │   │   ├── (dev) quantos-execution v0.1.0 (*)
verify	Check licenses	2026-09-26T12:08:29.5287864Z      │       │       │   │   ├── quantos-observability v0.1.0 (*)
verify	Check licenses	2026-09-26T12:08:29.5288295Z      │       │       │   │   ├── quantos-runtime v0.1.0 (*)
verify	Check licenses	2026-09-26T12:08:29.5288710Z      │       │       │   │   ├── quantos-strategy v0.1.0 (*)
verify	Check licenses	2026-09-26T12:08:29.5289127Z      │       │       │   │   └── runtime-gateway v0.1.0 (*)
verify	Check licenses	2026-09-26T12:08:29.5289786Z      │       │       │   ├── quantos-strategy v0.1.0 (*)
verify	Check licenses	2026-09-26T12:08:29.5290238Z      │       │       │   ├── replay-cli v0.1.0 (*)
verify	Check licenses	2026-09-26T12:08:29.5290650Z      │       │       │   └── (dev) runtime-gateway v0.1.0 (*)
verify	Check licenses	2026-09-26T12:08:29.5291061Z      │       │       ├── postgres-native-tls v0.5.3
verify	Check licenses	2026-09-26T12:08:29.5291471Z      │       │       │   ├── quantos-auth v0.1.0 (*)
verify	Check licenses	2026-09-26T12:08:29.5291873Z      │       │       │   ├── quantos-event v0.1.0 (*)
verify	Check licenses	2026-09-26T12:08:29.5292312Z      │       │       │   ├── quantos-observability v0.1.0 (*)
verify	Check licenses	2026-09-26T12:08:29.5292733Z      │       │       │   ├── quantos-portfolio v0.1.0 (*)
verify	Check licenses	2026-09-26T12:08:29.5293143Z      │       │       │   ├── quantos-storage v0.1.0 (*)
verify	Check licenses	2026-09-26T12:08:29.5293545Z      │       │       │   └── quantos-strategy v0.1.0 (*)
verify	Check licenses	2026-09-26T12:08:29.5293940Z      │       │       └── postgres-openssl v0.5.3
verify	Check licenses	2026-09-26T12:08:29.5294333Z      │       │           ├── quantos-auth v0.1.0 (*)
verify	Check licenses	2026-09-26T12:08:29.5294750Z      │       │           ├── quantos-runtime v0.1.0 (*)
verify	Check licenses	2026-09-26T12:08:29.5295159Z      │       │           └── (dev) runtime-gateway v0.1.0 (*)
verify	Check licenses	2026-09-26T12:08:29.5295558Z      │       └── tokio-postgres v0.7.18 (*)
verify	Check licenses	2026-09-26T12:08:29.5295880Z      ├── md-5 v0.11.0
verify	Check licenses	2026-09-26T12:08:29.5296194Z      │   └── postgres-protocol v0.6.12 (*)
verify	Check licenses	2026-09-26T12:08:29.5296509Z      └── sha2 v0.11.0
verify	Check licenses	2026-09-26T12:08:29.5296824Z          └── postgres-protocol v0.6.12 (*)
verify	Check licenses	2026-09-26T12:08:29.5297033Z 
verify	Check licenses	2026-09-26T12:08:29.5297468Z ^[[0m^[[1m^[[38;5;11mwarning[duplicate]^[[0m^[[1m: found 2 duplicate entries for crate 'getrandom'^[[0m
verify	Check licenses	2026-09-26T12:08:29.5298100Z    ^[[0m^[[36m┌─^[[0m /home/runner/work/QuantOS/QuantOS/Cargo.lock:73:1
verify	Check licenses	2026-09-26T12:08:29.5298577Z    ^[[0m^[[36m│^[[0m  
verify	Check licenses	2026-09-26T12:08:29.5299380Z ^[[0m^[[36m73^[[0m ^[[0m^[[36m│^[[0m ^[[0m^[[33m╭^[[0m ^[[0m^[[33mgetrandom 0.2.17 registry+https://github.com/rust-lang/crates.io-index^[[0m
verify	Check licenses	2026-09-26T12:08:29.5300829Z ^[[0m^[[36m74^[[0m ^[[0m^[[36m│^[[0m ^[[0m^[[33m│^[[0m ^[[0m^[[33mgetrandom 0.4.3 registry+https://github.com/rust-lang/crates.io-index^[[0m
verify	Check licenses	2026-09-26T12:08:29.5302094Z    ^[[0m^[[36m│^[[0m ^[[0m^[[33m╰^[[0m^[[0m^[[33m─────────────────────────────────────────────────────────────────────┘ lock entries^[[0m
verify	Check licenses	2026-09-26T12:08:29.5302582Z    ^[[0m^[[36m│^[[0m  
verify	Check licenses	2026-09-26T12:08:29.5302879Z    ^[[0m^[[36m├^[[0m getrandom v0.2.17
verify	Check licenses	2026-09-26T12:08:29.5303190Z      └── rand_core v0.6.4
verify	Check licenses	2026-09-26T12:08:29.5303472Z          ├── rand v0.8.7
verify	Check licenses	2026-09-26T12:08:29.5303958Z          │   └── tower v0.4.13
verify	Check licenses	2026-09-26T12:08:29.5304271Z          │       └── tonic v0.12.3
verify	Check licenses	2026-09-26T12:08:29.5304648Z          │           ├── quantos-engine-manager v0.1.0
verify	Check licenses	2026-09-26T12:08:29.5305054Z          │           │   └── quantos-runtime v0.1.0
verify	Check licenses	2026-09-26T12:08:29.5305465Z          │           │       ├── quantos-evidence v0.1.0
verify	Check licenses	2026-09-26T12:08:29.5305877Z          │           │       ├── quantos-execution v0.1.0
verify	Check licenses	2026-09-26T12:08:29.5306306Z          │           │       │   ├── execution-gateway v0.1.0
verify	Check licenses	2026-09-26T12:08:29.5306761Z          │           │       │   ├── quantos-evidence v0.1.0 (*)
verify	Check licenses	2026-09-26T12:08:29.5307196Z          │           │       │   └── quantos-reconcile v0.1.0
verify	Check licenses	2026-09-26T12:08:29.5307621Z          │           │       ├── quantos-observability v0.1.0
verify	Check licenses	2026-09-26T12:08:29.5308047Z          │           │       │   ├── capacity-monitor v0.1.0
verify	Check licenses	2026-09-26T12:08:29.5308475Z          │           │       │   ├── execution-gateway v0.1.0 (*)
verify	Check licenses	2026-09-26T12:08:29.5308924Z          │           │       │   ├── market-ingestor v0.1.0
verify	Check licenses	2026-09-26T12:08:29.5309347Z          │           │       │   ├── portfolio-rebuild v0.1.0
verify	Check licenses	2026-09-26T12:08:29.5310083Z          │           │       │   ├── replay-cli v0.1.0
verify	Check licenses	2026-09-26T12:08:29.5310498Z          │           │       │   └── runtime-gateway v0.1.0
verify	Check licenses	2026-09-26T12:08:29.5310909Z          │           │       └── runtime-gateway v0.1.0 (*)
verify	Check licenses	2026-09-26T12:08:29.5311305Z          │           └── quantos-proto v0.1.0
verify	Check licenses	2026-09-26T12:08:29.5311718Z          │               ├── quantos-engine-manager v0.1.0 (*)
verify	Check licenses	2026-09-26T12:08:29.5312164Z          │               └── quantos-runtime v0.1.0 (*)
verify	Check licenses	2026-09-26T12:08:29.5312522Z          └── rand_chacha v0.3.1
verify	Check licenses	2026-09-26T12:08:29.5312844Z              └── rand v0.8.7 (*)
verify	Check licenses	2026-09-26T12:08:29.5313169Z    ^[[0m^[[36m├^[[0m getrandom v0.4.3
verify	Check licenses	2026-09-26T12:08:29.5313472Z      ├── jobserver v0.1.35
verify	Check licenses	2026-09-26T12:08:29.5313742Z      │   └── cc v1.4.0
verify	Check licenses	2026-09-26T12:08:29.5314056Z      │       ├── (build) aws-lc-sys v0.44.0
verify	Check licenses	2026-09-26T12:08:29.5314430Z      │       │   └── aws-lc-rs v1.18.0
verify	Check licenses	2026-09-26T12:08:29.5314782Z      │       │       ├── rustls v0.23.45
verify	Check licenses	2026-09-26T12:08:29.5315159Z      │       │       │   ├── hyper-rustls v0.27.9
verify	Check licenses	2026-09-26T12:08:29.5315544Z      │       │       │   │   └── reqwest v0.13.4
verify	Check licenses	2026-09-26T12:08:29.5315947Z      │       │       │   │       ├── quantos-auth v0.1.0
verify	Check licenses	2026-09-26T12:08:29.5316358Z      │       │       │   │       │   ├── bff-gateway v0.1.0
verify	Check licenses	2026-09-26T12:08:29.5316796Z      │       │       │   │       │   ├── execution-gateway v0.1.0
verify	Check licenses	2026-09-26T12:08:29.5317276Z      │       │       │   │       │   ├── quantos-observability v0.1.0
verify	Check licenses	2026-09-26T12:08:29.5317742Z      │       │       │   │       │   │   ├── capacity-monitor v0.1.0
verify	Check licenses	2026-09-26T12:08:29.5318207Z      │       │       │   │       │   │   ├── execution-gateway v0.1.0 (*)
verify	Check licenses	2026-09-26T12:08:29.5318680Z      │       │       │   │       │   │   ├── market-ingestor v0.1.0
verify	Check licenses	2026-09-26T12:08:29.5319128Z      │       │       │   │       │   │   ├── portfolio-rebuild v0.1.0
verify	Check licenses	2026-09-26T12:08:29.5319901Z      │       │       │   │       │   │   ├── replay-cli v0.1.0
verify	Check licenses	2026-09-26T12:08:29.5320648Z      │       │       │   │       │   │   └── runtime-gateway v0.1.0
verify	Check licenses	2026-09-26T12:08:29.5321124Z      │       │       │   │       │   ├── quantos-runtime v0.1.0
verify	Check licenses	2026-09-26T12:08:29.5321573Z      │       │       │   │       │   │   ├── quantos-evidence v0.1.0
verify	Check licenses	2026-09-26T12:08:29.5322033Z      │       │       │   │       │   │   ├── quantos-execution v0.1.0
verify	Check licenses	2026-09-26T12:08:29.5322716Z      │       │       │   │       │   │   │   ├── execution-gateway v0.1.0 (*)
verify	Check licenses	2026-09-26T12:08:29.5323208Z      │       │       │   │       │   │   │   ├── quantos-evidence v0.1.0 (*)
verify	Check licenses	2026-09-26T12:08:29.5323685Z      │       │       │   │       │   │   │   └── quantos-reconcile v0.1.0
verify	Check licenses	2026-09-26T12:08:29.5324170Z      │       │       │   │       │   │   ├── quantos-observability v0.1.0 (*)
verify	Check licenses	2026-09-26T12:08:29.5324642Z      │       │       │   │       │   │   └── runtime-gateway v0.1.0 (*)
verify	Check licenses	2026-09-26T12:08:29.5325242Z      │       │       │   │       │   ├── quantos-strategy v0.1.0
verify	Check licenses	2026-09-26T12:08:29.5325675Z      │       │       │   │       │   │   └── quantos-risk v0.1.0
verify	Check licenses	2026-09-26T12:08:29.5326136Z      │       │       │   │       │   │       ├── quantos-evidence v0.1.0 (*)
verify	Check licenses	2026-09-26T12:08:29.5326874Z      │       │       │   │       │   │       └── quantos-execution v0.1.0 (*)
verify	Check licenses	2026-09-26T12:08:29.5327360Z      │       │       │   │       │   └── runtime-gateway v0.1.0 (*)
verify	Check licenses	2026-09-26T12:08:29.5327823Z      │       │       │   │       └── quantos-storage v0.1.0
verify	Check licenses	2026-09-26T12:08:29.5328469Z      │       │       │   │           ├── (dev) quantos-evidence v0.1.0 (*)
verify	Check licenses	2026-09-26T12:08:29.5329321Z      │       │       │   │           ├── (dev) quantos-execution v0.1.0 (*)
verify	Check licenses	2026-09-26T12:08:29.5330371Z      │       │       │   │           ├── quantos-observability v0.1.0 (*)
verify	Check licenses	2026-09-26T12:08:29.5330854Z      │       │       │   │           ├── quantos-runtime v0.1.0 (*)
verify	Check licenses	2026-09-26T12:08:29.5331390Z      │       │       │   │           ├── quantos-strategy v0.1.0 (*)
verify	Check licenses	2026-09-26T12:08:29.5331838Z      │       │       │   │           └── runtime-gateway v0.1.0 (*)
verify	Check licenses	2026-09-26T12:08:29.5332247Z      │       │       │   ├── reqwest v0.13.4 (*)
verify	Check licenses	2026-09-26T12:08:29.5332671Z      │       │       │   ├── rustls-platform-verifier v0.7.0
verify	Check licenses	2026-09-26T12:08:29.5333092Z      │       │       │   │   └── reqwest v0.13.4 (*)
verify	Check licenses	2026-09-26T12:08:29.5333478Z      │       │       │   └── tokio-rustls v0.26.4
verify	Check licenses	2026-09-26T12:08:29.5333903Z      │       │       │       ├── hyper-rustls v0.27.9 (*)
verify	Check licenses	2026-09-26T12:08:29.5334306Z      │       │       │       └── reqwest v0.13.4 (*)
verify	Check licenses	2026-09-26T12:08:29.5334712Z      │       │       └── rustls-webpki v0.103.14
verify	Check licenses	2026-09-26T12:08:29.5335101Z      │       │           ├── rustls v0.23.45 (*)
verify	Check licenses	2026-09-26T12:08:29.5335522Z      │       │           └── rustls-platform-verifier v0.7.0 (*)
verify	Check licenses	2026-09-26T12:08:29.5335921Z      │       ├── cmake v0.1.58
verify	Check licenses	2026-09-26T12:08:29.5336292Z      │       │   └── (build) aws-lc-sys v0.44.0 (*)
verify	Check licenses	2026-09-26T12:08:29.5336703Z      │       ├── (build) iana-time-zone-haiku v0.1.2
verify	Check licenses	2026-09-26T12:08:29.5337303Z      │       │   └── iana-time-zone v0.1.65
verify	Check licenses	2026-09-26T12:08:29.5337932Z      │       │       └── chrono v0.4.45
verify	Check licenses	2026-09-26T12:08:29.5338520Z      │       │           ├── bff-gateway v0.1.0 (*)
verify	Check licenses	2026-09-26T12:08:29.5338953Z      │       │           ├── capacity-monitor v0.1.0 (*)
verify	Check licenses	2026-09-26T12:08:29.5339370Z      │       │           ├── execution-gateway v0.1.0 (*)
verify	Check licenses	2026-09-26T12:08:29.5340238Z      │       │           ├── pbjson-types v0.7.0
verify	Check licenses	2026-09-26T12:08:29.5340689Z      │       │           │   ├── (dev) quantos-engine-manager v0.1.0
verify	Check licenses	2026-09-26T12:08:29.5341160Z      │       │           │   │   └── quantos-runtime v0.1.0 (*)
verify	Check licenses	2026-09-26T12:08:29.5341585Z      │       │           │   ├── quantos-proto v0.1.0
verify	Check licenses	2026-09-26T12:08:29.5342036Z      │       │           │   │   ├── quantos-engine-manager v0.1.0 (*)
verify	Check licenses	2026-09-26T12:08:29.5342483Z      │       │           │   │   └── quantos-runtime v0.1.0 (*)
verify	Check licenses	2026-09-26T12:08:29.5343076Z      │       │           │   └── quantos-runtime v0.1.0 (*)
verify	Check licenses	2026-09-26T12:08:29.5343487Z      │       │           ├── postgres-types v0.2.14
verify	Check licenses	2026-09-26T12:08:29.5343897Z      │       │           │   └── tokio-postgres v0.7.18
verify	Check licenses	2026-09-26T12:08:29.5344308Z      │       │           │       ├── postgres v0.19.14
verify	Check licenses	2026-09-26T12:08:29.5344735Z      │       │           │       │   ├── quantos-auth v0.1.0 (*)
verify	Check licenses	2026-09-26T12:08:29.5345165Z      │       │           │       │   ├── quantos-event v0.1.0
verify	Check licenses	2026-09-26T12:08:29.5345640Z      │       │           │       │   │   ├── market-ingestor v0.1.0 (*)
verify	Check licenses	2026-09-26T12:08:29.5346099Z      │       │           │       │   │   ├── quantos-market v0.1.0
verify	Check licenses	2026-09-26T12:08:29.5346561Z      │       │           │       │   │   │   └── market-ingestor v0.1.0 (*)
verify	Check licenses	2026-09-26T12:08:29.5347050Z      │       │           │       │   │   ├── quantos-observability v0.1.0 (*)
verify	Check licenses	2026-09-26T12:08:29.5347508Z      │       │           │       │   │   └── replay-cli v0.1.0 (*)
verify	Check licenses	2026-09-26T12:08:29.5347986Z      │       │           │       │   ├── quantos-observability v0.1.0 (*)
verify	Check licenses	2026-09-26T12:08:29.5348445Z      │       │           │       │   ├── quantos-portfolio v0.1.0
verify	Check licenses	2026-09-26T12:08:29.5348907Z      │       │           │       │   │   ├── portfolio-rebuild v0.1.0 (*)
verify	Check licenses	2026-09-26T12:08:29.5349370Z      │       │           │       │   │   ├── quantos-evidence v0.1.0 (*)
verify	Check licenses	2026-09-26T12:08:29.5350112Z      │       │           │       │   │   ├── quantos-reconcile v0.1.0 (*)
verify	Check licenses	2026-09-26T12:08:29.5350698Z      │       │           │       │   │   └── quantos-risk v0.1.0 (*)
verify	Check licenses	2026-09-26T12:08:29.5351331Z      │       │           │       │   ├── quantos-runtime v0.1.0 (*)
verify	Check licenses	2026-09-26T12:08:29.5351780Z      │       │           │       │   ├── quantos-storage v0.1.0 (*)
verify	Check licenses	2026-09-26T12:08:29.5352242Z      │       │           │       │   ├── quantos-strategy v0.1.0 (*)
verify	Check licenses	2026-09-26T12:08:29.5352684Z      │       │           │       │   ├── replay-cli v0.1.0 (*)
verify	Check licenses	2026-09-26T12:08:29.5353173Z      │       │           │       │   └── (dev) runtime-gateway v0.1.0 (*)
verify	Check licenses	2026-09-26T12:08:29.5353624Z      │       │           │       ├── postgres-native-tls v0.5.3
verify	Check licenses	2026-09-26T12:08:29.5354068Z      │       │           │       │   ├── quantos-auth v0.1.0 (*)
verify	Check licenses	2026-09-26T12:08:29.5354499Z      │       │           │       │   ├── quantos-event v0.1.0 (*)
verify	Check licenses	2026-09-26T12:08:29.5366167Z      │       │           │       │   ├── quantos-observability v0.1.0 (*)
verify	Check licenses	2026-09-26T12:08:29.5366838Z      │       │           │       │   ├── quantos-portfolio v0.1.0 (*)
verify	Check licenses	2026-09-26T12:08:29.5367328Z      │       │           │       │   ├── quantos-storage v0.1.0 (*)
verify	Check licenses	2026-09-26T12:08:29.5367773Z      │       │           │       │   └── quantos-strategy v0.1.0 (*)
verify	Check licenses	2026-09-26T12:08:29.5368228Z      │       │           │       └── postgres-openssl v0.5.3
verify	Check licenses	2026-09-26T12:08:29.5368675Z      │       │           │           ├── quantos-auth v0.1.0 (*)
verify	Check licenses	2026-09-26T12:08:29.5369132Z      │       │           │           ├── quantos-runtime v0.1.0 (*)
verify	Check licenses	2026-09-26T12:08:29.5369913Z      │       │           │           └── (dev) runtime-gateway v0.1.0 (*)
verify	Check licenses	2026-09-26T12:08:29.5370380Z      │       │           ├── quantos-auth v0.1.0 (*)
verify	Check licenses	2026-09-26T12:08:29.5370781Z      │       │           ├── quantos-core v0.1.0
verify	Check licenses	2026-09-26T12:08:29.5371187Z      │       │           │   ├── bff-gateway v0.1.0 (*)
verify	Check licenses	2026-09-26T12:08:29.5371607Z      │       │           │   ├── execution-gateway v0.1.0 (*)
verify	Check licenses	2026-09-26T12:08:29.5372249Z      │       │           │   ├── market-ingestor v0.1.0 (*)
verify	Check licenses	2026-09-26T12:08:29.5372890Z      │       │           │   ├── portfolio-rebuild v0.1.0 (*)
verify	Check licenses	2026-09-26T12:08:29.5373328Z      │       │           │   ├── quantos-auth v0.1.0 (*)
verify	Check licenses	2026-09-26T12:08:29.5373735Z      │       │           │   ├── quantos-event v0.1.0 (*)
verify	Check licenses	2026-09-26T12:08:29.5374145Z      │       │           │   ├── quantos-evidence v0.1.0 (*)
verify	Check licenses	2026-09-26T12:08:29.5374575Z      │       │           │   ├── quantos-execution v0.1.0 (*)
verify	Check licenses	2026-09-26T12:08:29.5375165Z      │       │           │   ├── quantos-market v0.1.0 (*)
verify	Check licenses	2026-09-26T12:08:29.5375604Z      │       │           │   ├── quantos-observability v0.1.0 (*)
verify	Check licenses	2026-09-26T12:08:29.5376018Z      │       │           │   ├── quantos-policy v0.1.0
verify	Check licenses	2026-09-26T12:08:29.5376440Z      │       │           │   │   ├── quantos-auth v0.1.0 (*)
verify	Check licenses	2026-09-26T12:08:29.5376883Z      │       │           │   │   ├── quantos-observability v0.1.0 (*)
verify	Check licenses	2026-09-26T12:08:29.5377325Z      │       │           │   │   ├── quantos-runtime v0.1.0 (*)
verify	Check licenses	2026-09-26T12:08:29.5377766Z      │       │           │   │   ├── quantos-strategy v0.1.0 (*)
verify	Check licenses	2026-09-26T12:08:29.5378202Z      │       │           │   │   └── runtime-gateway v0.1.0 (*)
verify	Check licenses	2026-09-26T12:08:29.5378628Z      │       │           │   ├── quantos-portfolio v0.1.0 (*)
verify	Check licenses	2026-09-26T12:08:29.5379051Z      │       │           │   ├── quantos-reconcile v0.1.0 (*)
verify	Check licenses	2026-09-26T12:08:29.5379665Z      │       │           │   ├── quantos-risk v0.1.0 (*)
verify	Check licenses	2026-09-26T12:08:29.5380153Z      │       │           │   ├── quantos-runtime v0.1.0 (*)
verify	Check licenses	2026-09-26T12:08:29.5380570Z      │       │           │   ├── quantos-storage v0.1.0 (*)
verify	Check licenses	2026-09-26T12:08:29.5380989Z      │       │           │   ├── quantos-strategy v0.1.0 (*)
verify	Check licenses	2026-09-26T12:08:29.5381386Z      │       │           │   ├── quantos-testkit v0.1.0
verify	Check licenses	2026-09-26T12:08:29.5381787Z      │       │           │   ├── replay-cli v0.1.0 (*)
verify	Check licenses	2026-09-26T12:08:29.5382181Z      │       │           │   └── runtime-gateway v0.1.0 (*)
verify	Check licenses	2026-09-26T12:08:29.5382630Z      │       │           ├── quantos-engine-manager v0.1.0 (*)
verify	Check licenses	2026-09-26T12:08:29.5383298Z      │       │           ├── quantos-event v0.1.0 (*)
verify	Check licenses	2026-09-26T12:08:29.5383725Z      │       │           ├── quantos-evidence v0.1.0 (*)
verify	Check licenses	2026-09-26T12:08:29.5384137Z      │       │           ├── quantos-execution v0.1.0 (*)
verify	Check licenses	2026-09-26T12:08:29.5384546Z      │       │           ├── quantos-market v0.1.0 (*)
verify	Check licenses	2026-09-26T12:08:29.5384959Z      │       │           ├── quantos-observability v0.1.0 (*)
verify	Check licenses	2026-09-26T12:08:29.5385395Z      │       │           ├── quantos-portfolio v0.1.0 (*)
verify	Check licenses	2026-09-26T12:08:29.5385805Z      │       │           ├── quantos-reconcile v0.1.0 (*)
verify	Check licenses	2026-09-26T12:08:29.5386193Z      │       │           ├── quantos-risk v0.1.0 (*)
verify	Check licenses	2026-09-26T12:08:29.5386592Z      │       │           ├── quantos-runtime v0.1.0 (*)
verify	Check licenses	2026-09-26T12:08:29.5386988Z      │       │           ├── quantos-storage v0.1.0 (*)
verify	Check licenses	2026-09-26T12:08:29.5387392Z      │       │           ├── quantos-strategy v0.1.0 (*)
verify	Check licenses	2026-09-26T12:08:29.5387978Z      │       │           ├── quantos-testkit v0.1.0 (*)
verify	Check licenses	2026-09-26T12:08:29.5388376Z      │       │           ├── replay-cli v0.1.0 (*)
verify	Check licenses	2026-09-26T12:08:29.5388769Z      │       │           └── runtime-gateway v0.1.0 (*)
verify	Check licenses	2026-09-26T12:08:29.5389156Z      │       └── (build) openssl-sys v0.9.117
verify	Check licenses	2026-09-26T12:08:29.5389776Z      │           ├── native-tls v0.2.18
verify	Check licenses	2026-09-26T12:08:29.5390225Z      │           │   ├── postgres-native-tls v0.5.3 (*)
verify	Check licenses	2026-09-26T12:08:29.5390771Z      │           │   ├── quantos-auth v0.1.0 (*)
verify	Check licenses	2026-09-26T12:08:29.5391157Z      │           │   ├── quantos-event v0.1.0 (*)
verify	Check licenses	2026-09-26T12:08:29.5391556Z      │           │   ├── quantos-observability v0.1.0 (*)
verify	Check licenses	2026-09-26T12:08:29.5391972Z      │           │   ├── quantos-portfolio v0.1.0 (*)
verify	Check licenses	2026-09-26T12:08:29.5392362Z      │           │   ├── quantos-storage v0.1.0 (*)
verify	Check licenses	2026-09-26T12:08:29.5392759Z      │           │   ├── quantos-strategy v0.1.0 (*)
verify	Check licenses	2026-09-26T12:08:29.5393139Z      │           │   └── tokio-native-tls v0.3.1
verify	Check licenses	2026-09-26T12:08:29.5393566Z      │           │       └── postgres-native-tls v0.5.3 (*)
verify	Check licenses	2026-09-26T12:08:29.5393945Z      │           ├── openssl v0.10.81
verify	Check licenses	2026-09-26T12:08:29.5394300Z      │           │   ├── native-tls v0.2.18 (*)
verify	Check licenses	2026-09-26T12:08:29.5394693Z      │           │   ├── postgres-openssl v0.5.3 (*)
verify	Check licenses	2026-09-26T12:08:29.5395071Z      │           │   ├── quantos-auth v0.1.0 (*)
verify	Check licenses	2026-09-26T12:08:29.5395454Z      │           │   ├── quantos-runtime v0.1.0 (*)
verify	Check licenses	2026-09-26T12:08:29.5395867Z      │           │   ├── (dev) runtime-gateway v0.1.0 (*)
verify	Check licenses	2026-09-26T12:08:29.5396257Z      │           │   └── tokio-openssl v0.6.5
verify	Check licenses	2026-09-26T12:08:29.5396652Z      │           │       └── postgres-openssl v0.5.3 (*)
verify	Check licenses	2026-09-26T12:08:29.5397039Z      │           └── tokio-openssl v0.6.5 (*)
verify	Check licenses	2026-09-26T12:08:29.5397354Z      ├── rand v0.10.2
verify	Check licenses	2026-09-26T12:08:29.5397664Z      │   ├── postgres-protocol v0.6.12
verify	Check licenses	2026-09-26T12:08:29.5398024Z      │   │   ├── postgres-types v0.2.14 (*)
verify	Check licenses	2026-09-26T12:08:29.5398406Z      │   │   └── tokio-postgres v0.7.18 (*)
verify	Check licenses	2026-09-26T12:08:29.5398753Z      │   └── tokio-postgres v0.7.18 (*)
verify	Check licenses	2026-09-26T12:08:29.5399067Z      ├── tempfile v3.27.0
verify	Check licenses	2026-09-26T12:08:29.5399371Z      │   ├── native-tls v0.2.18 (*)
verify	Check licenses	2026-09-26T12:08:29.5400103Z      │   ├── prost-build v0.13.5
verify	Check licenses	2026-09-26T12:08:29.5400488Z      │   │   └── (build) pbjson-types v0.7.0 (*)
verify	Check licenses	2026-09-26T12:08:29.5400893Z      │   ├── (dev) quantos-engine-manager v0.1.0 (*)
verify	Check licenses	2026-09-26T12:08:29.5401302Z      │   └── (dev) quantos-runtime v0.1.0 (*)
verify	Check licenses	2026-09-26T12:08:29.5401613Z      └── uuid v1.24.0
verify	Check licenses	2026-09-26T12:08:29.5401911Z          ├── bff-gateway v0.1.0 (*)
verify	Check licenses	2026-09-26T12:08:29.5402250Z          ├── execution-gateway v0.1.0 (*)
verify	Check licenses	2026-09-26T12:08:29.5402609Z          ├── portfolio-rebuild v0.1.0 (*)
verify	Check licenses	2026-09-26T12:08:29.5402958Z          ├── postgres-types v0.2.14 (*)
verify	Check licenses	2026-09-26T12:08:29.5403301Z          ├── quantos-auth v0.1.0 (*)
verify	Check licenses	2026-09-26T12:08:29.5403627Z          ├── quantos-core v0.1.0 (*)
verify	Check licenses	2026-09-26T12:08:29.5404017Z          ├── (dev) quantos-engine-manager v0.1.0 (*)
verify	Check licenses	2026-09-26T12:08:29.5404385Z          ├── quantos-event v0.1.0 (*)
verify	Check licenses	2026-09-26T12:08:29.5404741Z          ├── (dev) quantos-evidence v0.1.0 (*)
verify	Check licenses	2026-09-26T12:08:29.5405140Z          ├── (dev) quantos-observability v0.1.0 (*)
verify	Check licenses	2026-09-26T12:08:29.5405520Z          ├── quantos-portfolio v0.1.0 (*)
verify	Check licenses	2026-09-26T12:08:29.5405872Z          ├── quantos-runtime v0.1.0 (*)
verify	Check licenses	2026-09-26T12:08:29.5406205Z          ├── quantos-storage v0.1.0 (*)
verify	Check licenses	2026-09-26T12:08:29.5406563Z          ├── quantos-strategy v0.1.0 (*)
verify	Check licenses	2026-09-26T12:08:29.5406906Z          ├── quantos-testkit v0.1.0 (*)
verify	Check licenses	2026-09-26T12:08:29.5407243Z          └── runtime-gateway v0.1.0 (*)
verify	Check licenses	2026-09-26T12:08:29.5407419Z 
verify	Check licenses	2026-09-26T12:08:29.5407866Z ^[[0m^[[1m^[[38;5;11mwarning[duplicate]^[[0m^[[1m: found 2 duplicate entries for crate 'hashbrown'^[[0m
verify	Check licenses	2026-09-26T12:08:29.5408502Z    ^[[0m^[[36m┌─^[[0m /home/runner/work/QuantOS/QuantOS/Cargo.lock:76:1
verify	Check licenses	2026-09-26T12:08:29.5408883Z    ^[[0m^[[36m│^[[0m  
verify	Check licenses	2026-09-26T12:08:29.5410011Z ^[[0m^[[36m76^[[0m ^[[0m^[[36m│^[[0m ^[[0m^[[33m╭^[[0m ^[[0m^[[33mhashbrown 0.12.3 registry+https://github.com/rust-lang/crates.io-index^[[0m
verify	Check licenses	2026-09-26T12:08:29.5411013Z ^[[0m^[[36m77^[[0m ^[[0m^[[36m│^[[0m ^[[0m^[[33m│^[[0m ^[[0m^[[33mhashbrown 0.17.1 registry+https://github.com/rust-lang/crates.io-index^[[0m
verify	Check licenses	2026-09-26T12:08:29.5411893Z    ^[[0m^[[36m│^[[0m ^[[0m^[[33m╰^[[0m^[[0m^[[33m──────────────────────────────────────────────────────────────────────┘ lock entries^[[0m
verify	Check licenses	2026-09-26T12:08:29.5412363Z    ^[[0m^[[36m│^[[0m  
verify	Check licenses	2026-09-26T12:08:29.5412817Z    ^[[0m^[[36m├^[[0m hashbrown v0.12.3
verify	Check licenses	2026-09-26T12:08:29.5413126Z      └── indexmap v1.9.3
verify	Check licenses	2026-09-26T12:08:29.5413416Z          └── tower v0.4.13
verify	Check licenses	2026-09-26T12:08:29.5413710Z              └── tonic v0.12.3
verify	Check licenses	2026-09-26T12:08:29.5414065Z                  ├── quantos-engine-manager v0.1.0
verify	Check licenses	2026-09-26T12:08:29.5414469Z                  │   └── quantos-runtime v0.1.0
verify	Check licenses	2026-09-26T12:08:29.5414860Z                  │       ├── quantos-evidence v0.1.0
verify	Check licenses	2026-09-26T12:08:29.5415268Z                  │       ├── quantos-execution v0.1.0
verify	Check licenses	2026-09-26T12:08:29.5415696Z                  │       │   ├── execution-gateway v0.1.0
verify	Check licenses	2026-09-26T12:08:29.5416122Z                  │       │   ├── quantos-evidence v0.1.0 (*)
verify	Check licenses	2026-09-26T12:08:29.5416534Z                  │       │   └── quantos-reconcile v0.1.0
verify	Check licenses	2026-09-26T12:08:29.5416946Z                  │       ├── quantos-observability v0.1.0
verify	Check licenses	2026-09-26T12:08:29.5417349Z                  │       │   ├── capacity-monitor v0.1.0
verify	Check licenses	2026-09-26T12:08:29.5417793Z                  │       │   ├── execution-gateway v0.1.0 (*)
verify	Check licenses	2026-09-26T12:08:29.5418207Z                  │       │   ├── market-ingestor v0.1.0
verify	Check licenses	2026-09-26T12:08:29.5418607Z                  │       │   ├── portfolio-rebuild v0.1.0
verify	Check licenses	2026-09-26T12:08:29.5418995Z                  │       │   ├── replay-cli v0.1.0
verify	Check licenses	2026-09-26T12:08:29.5419389Z                  │       │   └── runtime-gateway v0.1.0
verify	Check licenses	2026-09-26T12:08:29.5420024Z                  │       └── runtime-gateway v0.1.0 (*)
verify	Check licenses	2026-09-26T12:08:29.5420422Z                  └── quantos-proto v0.1.0
verify	Check licenses	2026-09-26T12:08:29.5420822Z                      ├── quantos-engine-manager v0.1.0 (*)
verify	Check licenses	2026-09-26T12:08:29.5421233Z                      └── quantos-runtime v0.1.0 (*)
verify	Check licenses	2026-09-26T12:08:29.5421596Z    ^[[0m^[[36m├^[[0m hashbrown v0.17.1
verify	Check licenses	2026-09-26T12:08:29.5421901Z      └── indexmap v2.14.0
verify	Check licenses	2026-09-26T12:08:29.5422175Z          ├── h2 v0.4.16
verify	Check licenses	2026-09-26T12:08:29.5422454Z          │   ├── hyper v1.11.0
verify	Check licenses	2026-09-26T12:08:29.5422763Z          │   │   ├── axum v0.7.9
verify	Check licenses	2026-09-26T12:08:29.5423249Z          │   │   │   ├── bff-gateway v0.1.0
verify	Check licenses	2026-09-26T12:08:29.5423885Z          │   │   │   ├── runtime-gateway v0.1.0
verify	Check licenses	2026-09-26T12:08:29.5424262Z          │   │   │   └── tonic v0.12.3
verify	Check licenses	2026-09-26T12:08:29.5424653Z          │   │   │       ├── quantos-engine-manager v0.1.0
verify	Check licenses	2026-09-26T12:08:29.5425061Z          │   │   │       │   └── quantos-runtime v0.1.0
verify	Check licenses	2026-09-26T12:08:29.5425475Z          │   │   │       │       ├── quantos-evidence v0.1.0
verify	Check licenses	2026-09-26T12:08:29.5425898Z          │   │   │       │       ├── quantos-execution v0.1.0
verify	Check licenses	2026-09-26T12:08:29.5426526Z          │   │   │       │       │   ├── execution-gateway v0.1.0
verify	Check licenses	2026-09-26T12:08:29.5426979Z          │   │   │       │       │   ├── quantos-evidence v0.1.0 (*)
verify	Check licenses	2026-09-26T12:08:29.5427427Z          │   │   │       │       │   └── quantos-reconcile v0.1.0
verify	Check licenses	2026-09-26T12:08:29.5427864Z          │   │   │       │       ├── quantos-observability v0.1.0
verify	Check licenses	2026-09-26T12:08:29.5428299Z          │   │   │       │       │   ├── capacity-monitor v0.1.0
verify	Check licenses	2026-09-26T12:08:29.5428772Z          │   │   │       │       │   ├── execution-gateway v0.1.0 (*)
verify	Check licenses	2026-09-26T12:08:29.5429210Z          │   │   │       │       │   ├── market-ingestor v0.1.0
verify	Check licenses	2026-09-26T12:08:29.5429889Z          │   │   │       │       │   ├── portfolio-rebuild v0.1.0
verify	Check licenses	2026-09-26T12:08:29.5430310Z          │   │   │       │       │   ├── replay-cli v0.1.0
verify	Check licenses	2026-09-26T12:08:29.5430742Z          │   │   │       │       │   └── runtime-gateway v0.1.0 (*)
verify	Check licenses	2026-09-26T12:08:29.5431194Z          │   │   │       │       └── runtime-gateway v0.1.0 (*)
verify	Check licenses	2026-09-26T12:08:29.5431610Z          │   │   │       └── quantos-proto v0.1.0
verify	Check licenses	2026-09-26T12:08:29.5432059Z          │   │   │           ├── quantos-engine-manager v0.1.0 (*)
verify	Check licenses	2026-09-26T12:08:29.5432502Z          │   │   │           └── quantos-runtime v0.1.0 (*)
verify	Check licenses	2026-09-26T12:08:29.5432888Z          │   │   ├── hyper-rustls v0.27.9
verify	Check licenses	2026-09-26T12:08:29.5433252Z          │   │   │   └── reqwest v0.13.4
verify	Check licenses	2026-09-26T12:08:29.5433778Z          │   │   │       ├── quantos-auth v0.1.0
verify	Check licenses	2026-09-26T12:08:29.5434179Z          │   │   │       │   ├── bff-gateway v0.1.0 (*)
verify	Check licenses	2026-09-26T12:08:29.5434598Z          │   │   │       │   ├── execution-gateway v0.1.0 (*)
verify	Check licenses	2026-09-26T12:08:29.5435040Z          │   │   │       │   ├── quantos-observability v0.1.0 (*)
verify	Check licenses	2026-09-26T12:08:29.5435461Z          │   │   │       │   ├── quantos-runtime v0.1.0 (*)
verify	Check licenses	2026-09-26T12:08:29.5435877Z          │   │   │       │   ├── quantos-strategy v0.1.0
verify	Check licenses	2026-09-26T12:08:29.5436296Z          │   │   │       │   │   └── quantos-risk v0.1.0
verify	Check licenses	2026-09-26T12:08:29.5436731Z          │   │   │       │   │       ├── quantos-evidence v0.1.0 (*)
verify	Check licenses	2026-09-26T12:08:29.5437184Z          │   │   │       │   │       └── quantos-execution v0.1.0 (*)
verify	Check licenses	2026-09-26T12:08:29.5437619Z          │   │   │       │   └── runtime-gateway v0.1.0 (*)
verify	Check licenses	2026-09-26T12:08:29.5438016Z          │   │   │       └── quantos-storage v0.1.0
verify	Check licenses	2026-09-26T12:08:29.5438444Z          │   │   │           ├── (dev) quantos-evidence v0.1.0 (*)
verify	Check licenses	2026-09-26T12:08:29.5438903Z          │   │   │           ├── (dev) quantos-execution v0.1.0 (*)
verify	Check licenses	2026-09-26T12:08:29.5439346Z          │   │   │           ├── quantos-observability v0.1.0 (*)
verify	Check licenses	2026-09-26T12:08:29.5440016Z          │   │   │           ├── quantos-runtime v0.1.0 (*)
verify	Check licenses	2026-09-26T12:08:29.5440437Z          │   │   │           ├── quantos-strategy v0.1.0 (*)
verify	Check licenses	2026-09-26T12:08:29.5440860Z          │   │   │           └── runtime-gateway v0.1.0 (*)
verify	Check licenses	2026-09-26T12:08:29.5441238Z          │   │   ├── hyper-timeout v0.5.2
verify	Check licenses	2026-09-26T12:08:29.5441615Z          │   │   │   └── tonic v0.12.3 (*)
verify	Check licenses	2026-09-26T12:08:29.5441978Z          │   │   ├── hyper-util v0.1.20
verify	Check licenses	2026-09-26T12:08:29.5442494Z          │   │   │   ├── axum v0.7.9 (*)
verify	Check licenses	2026-09-26T12:08:29.5442860Z          │   │   │   ├── hyper-rustls v0.27.9 (*)
verify	Check licenses	2026-09-26T12:08:29.5443246Z          │   │   │   ├── hyper-timeout v0.5.2 (*)
verify	Check licenses	2026-09-26T12:08:29.5443649Z          │   │   │   ├── quantos-engine-manager v0.1.0 (*)
verify	Check licenses	2026-09-26T12:08:29.5444065Z          │   │   │   ├── reqwest v0.13.4 (*)
verify	Check licenses	2026-09-26T12:08:29.5444418Z          │   │   │   └── tonic v0.12.3 (*)
verify	Check licenses	2026-09-26T12:08:29.5444774Z          │   │   ├── reqwest v0.13.4 (*)
verify	Check licenses	2026-09-26T12:08:29.5445360Z          │   │   └── tonic v0.12.3 (*)
verify	Check licenses	2026-09-26T12:08:29.5445942Z          │   └── tonic v0.12.3 (*)
verify	Check licenses	2026-09-26T12:08:29.5446453Z          └── petgraph v0.7.1
verify	Check licenses	2026-09-26T12:08:29.5447023Z              └── prost-build v0.13.5
verify	Check licenses	2026-09-26T12:08:29.5447535Z                  └── (build) pbjson-types v0.7.0
verify	Check licenses	2026-09-26T12:08:29.5448236Z                      ├── (dev) quantos-engine-manager v0.1.0 (*)
verify	Check licenses	2026-09-26T12:08:29.5448662Z                      ├── quantos-proto v0.1.0 (*)
verify	Check licenses	2026-09-26T12:08:29.5449059Z                      └── quantos-runtime v0.1.0 (*)
verify	Check licenses	2026-09-26T12:08:29.5449274Z 
verify	Check licenses	2026-09-26T12:08:29.5449987Z ^[[0m^[[1m^[[38;5;11mwarning[duplicate]^[[0m^[[1m: found 2 duplicate entries for crate 'hmac'^[[0m
verify	Check licenses	2026-09-26T12:08:29.5450634Z    ^[[0m^[[36m┌─^[[0m /home/runner/work/QuantOS/QuantOS/Cargo.lock:80:1
verify	Check licenses	2026-09-26T12:08:29.5451185Z    ^[[0m^[[36m│^[[0m  
verify	Check licenses	2026-09-26T12:08:29.5451868Z ^[[0m^[[36m80^[[0m ^[[0m^[[36m│^[[0m ^[[0m^[[33m╭^[[0m ^[[0m^[[33mhmac 0.12.1 registry+https://github.com/rust-lang/crates.io-index^[[0m
verify	Check licenses	2026-09-26T12:08:29.5452801Z ^[[0m^[[36m81^[[0m ^[[0m^[[36m│^[[0m ^[[0m^[[33m│^[[0m ^[[0m^[[33mhmac 0.13.0 registry+https://github.com/rust-lang/crates.io-index^[[0m
verify	Check licenses	2026-09-26T12:08:29.5453651Z    ^[[0m^[[36m│^[[0m ^[[0m^[[33m╰^[[0m^[[0m^[[33m─────────────────────────────────────────────────────────────────┘ lock entries^[[0m
verify	Check licenses	2026-09-26T12:08:29.5454140Z    ^[[0m^[[36m│^[[0m  
verify	Check licenses	2026-09-26T12:08:29.5454429Z    ^[[0m^[[36m├^[[0m hmac v0.12.1
verify	Check licenses	2026-09-26T12:08:29.5454767Z      └── quantos-engine-manager v0.1.0
verify	Check licenses	2026-09-26T12:08:29.5455125Z          └── quantos-runtime v0.1.0
verify	Check licenses	2026-09-26T12:08:29.5455472Z              ├── quantos-evidence v0.1.0
verify	Check licenses	2026-09-26T12:08:29.5455841Z              ├── quantos-execution v0.1.0
verify	Check licenses	2026-09-26T12:08:29.5456215Z              │   ├── execution-gateway v0.1.0
verify	Check licenses	2026-09-26T12:08:29.5456624Z              │   ├── quantos-evidence v0.1.0 (*)
verify	Check licenses	2026-09-26T12:08:29.5457007Z              │   └── quantos-reconcile v0.1.0
verify	Check licenses	2026-09-26T12:08:29.5457380Z              ├── quantos-observability v0.1.0
verify	Check licenses	2026-09-26T12:08:29.5458248Z              │   ├── capacity-monitor v0.1.0
verify	Check licenses	2026-09-26T12:08:29.5458506Z              │   ├── execution-gateway v0.1.0 (*)
verify	Check licenses	2026-09-26T12:08:29.5458798Z              │   ├── market-ingestor v0.1.0
verify	Check licenses	2026-09-26T12:08:29.5459128Z              │   ├── portfolio-rebuild v0.1.0
verify	Check licenses	2026-09-26T12:08:29.5459443Z              │   ├── replay-cli v0.1.0
verify	Check licenses	2026-09-26T12:08:29.5459991Z              │   └── runtime-gateway v0.1.0
verify	Check licenses	2026-09-26T12:08:29.5460305Z              └── runtime-gateway v0.1.0 (*)
verify	Check licenses	2026-09-26T12:08:29.5460573Z    ^[[0m^[[36m├^[[0m hmac v0.13.0
verify	Check licenses	2026-09-26T12:08:29.5460865Z      └── postgres-protocol v0.6.12
verify	Check licenses	2026-09-26T12:08:29.5461154Z          ├── postgres-types v0.2.14
verify	Check licenses	2026-09-26T12:08:29.5461467Z          │   └── tokio-postgres v0.7.18
verify	Check licenses	2026-09-26T12:08:29.5461764Z          │       ├── postgres v0.19.14
verify	Check licenses	2026-09-26T12:08:29.5462104Z          │       │   ├── quantos-auth v0.1.0
verify	Check licenses	2026-09-26T12:08:29.5462438Z          │       │   │   ├── bff-gateway v0.1.0
verify	Check licenses	2026-09-26T12:08:29.5462813Z          │       │   │   ├── execution-gateway v0.1.0
verify	Check licenses	2026-09-26T12:08:29.5463231Z          │       │   │   ├── quantos-observability v0.1.0
verify	Check licenses	2026-09-26T12:08:29.5463636Z          │       │   │   │   ├── capacity-monitor v0.1.0
verify	Check licenses	2026-09-26T12:08:29.5464059Z          │       │   │   │   ├── execution-gateway v0.1.0 (*)
verify	Check licenses	2026-09-26T12:08:29.5464816Z          │       │   │   │   ├── market-ingestor v0.1.0
verify	Check licenses	2026-09-26T12:08:29.5465158Z          │       │   │   │   ├── portfolio-rebuild v0.1.0
verify	Check licenses	2026-09-26T12:08:29.5465519Z          │       │   │   │   ├── replay-cli v0.1.0
verify	Check licenses	2026-09-26T12:08:29.5465889Z          │       │   │   │   └── runtime-gateway v0.1.0
verify	Check licenses	2026-09-26T12:08:29.5466245Z          │       │   │   ├── quantos-runtime v0.1.0
verify	Check licenses	2026-09-26T12:08:29.5466607Z          │       │   │   │   ├── quantos-evidence v0.1.0
verify	Check licenses	2026-09-26T12:08:29.5467009Z          │       │   │   │   ├── quantos-execution v0.1.0
verify	Check licenses	2026-09-26T12:08:29.5467253Z          │       │   │   │   │   ├── execution-gateway v0.1.0 (*)
verify	Check licenses	2026-09-26T12:08:29.5467471Z          │       │   │   │   │   ├── quantos-evidence v0.1.0 (*)
verify	Check licenses	2026-09-26T12:08:29.5467690Z          │       │   │   │   │   └── quantos-reconcile v0.1.0
verify	Check licenses	2026-09-26T12:08:29.5467921Z          │       │   │   │   ├── quantos-observability v0.1.0 (*)
verify	Check licenses	2026-09-26T12:08:29.5468131Z          │       │   │   │   └── runtime-gateway v0.1.0 (*)
verify	Check licenses	2026-09-26T12:08:29.5468348Z          │       │   │   ├── quantos-strategy v0.1.0
verify	Check licenses	2026-09-26T12:08:29.5468534Z          │       │   │   │   └── quantos-risk v0.1.0
verify	Check licenses	2026-09-26T12:08:29.5468758Z          │       │   │   │       ├── quantos-evidence v0.1.0 (*)
verify	Check licenses	2026-09-26T12:08:29.5468982Z          │       │   │   │       └── quantos-execution v0.1.0 (*)
verify	Check licenses	2026-09-26T12:08:29.5469186Z          │       │   │   └── runtime-gateway v0.1.0 (*)
verify	Check licenses	2026-09-26T12:08:29.5469369Z          │       │   ├── quantos-event v0.1.0
verify	Check licenses	2026-09-26T12:08:29.5470062Z          │       │   │   ├── market-ingestor v0.1.0 (*)
verify	Check licenses	2026-09-26T12:08:29.5470265Z          │       │   │   ├── quantos-market v0.1.0
verify	Check licenses	2026-09-26T12:08:29.5470478Z          │       │   │   │   └── market-ingestor v0.1.0 (*)
verify	Check licenses	2026-09-26T12:08:29.5470703Z          │       │   │   ├── quantos-observability v0.1.0 (*)
verify	Check licenses	2026-09-26T12:08:29.5470897Z          │       │   │   └── replay-cli v0.1.0 (*)
verify	Check licenses	2026-09-26T12:08:29.5471107Z          │       │   ├── quantos-observability v0.1.0 (*)
verify	Check licenses	2026-09-26T12:08:29.5471322Z          │       │   ├── quantos-portfolio v0.1.0
verify	Check licenses	2026-09-26T12:08:29.5471528Z          │       │   │   ├── portfolio-rebuild v0.1.0 (*)
verify	Check licenses	2026-09-26T12:08:29.5471734Z          │       │   │   ├── quantos-evidence v0.1.0 (*)
verify	Check licenses	2026-09-26T12:08:29.5471946Z          │       │   │   ├── quantos-reconcile v0.1.0 (*)
verify	Check licenses	2026-09-26T12:08:29.5472286Z          │       │   │   └── quantos-risk v0.1.0 (*)
verify	Check licenses	2026-09-26T12:08:29.5472499Z          │       │   ├── quantos-runtime v0.1.0 (*)
verify	Check licenses	2026-09-26T12:08:29.5472707Z          │       │   ├── quantos-storage v0.1.0
verify	Check licenses	2026-09-26T12:08:29.5472936Z          │       │   │   ├── (dev) quantos-evidence v0.1.0 (*)
verify	Check licenses	2026-09-26T12:08:29.5473163Z          │       │   │   ├── (dev) quantos-execution v0.1.0 (*)
verify	Check licenses	2026-09-26T12:08:29.5473385Z          │       │   │   ├── quantos-observability v0.1.0 (*)
verify	Check licenses	2026-09-26T12:08:29.5473587Z          │       │   │   ├── quantos-runtime v0.1.0 (*)
verify	Check licenses	2026-09-26T12:08:29.5473794Z          │       │   │   ├── quantos-strategy v0.1.0 (*)
verify	Check licenses	2026-09-26T12:08:29.5474006Z          │       │   │   └── runtime-gateway v0.1.0 (*)
verify	Check licenses	2026-09-26T12:08:29.5474203Z          │       │   ├── quantos-strategy v0.1.0 (*)
verify	Check licenses	2026-09-26T12:08:29.5474380Z          │       │   ├── replay-cli v0.1.0 (*)
verify	Check licenses	2026-09-26T12:08:29.5474592Z          │       │   └── (dev) runtime-gateway v0.1.0 (*)
verify	Check licenses	2026-09-26T12:08:29.5474788Z          │       ├── postgres-native-tls v0.5.3
verify	Check licenses	2026-09-26T12:08:29.5474975Z          │       │   ├── quantos-auth v0.1.0 (*)
verify	Check licenses	2026-09-26T12:08:29.5475180Z          │       │   ├── quantos-event v0.1.0 (*)
verify	Check licenses	2026-09-26T12:08:29.5475396Z          │       │   ├── quantos-observability v0.1.0 (*)
verify	Check licenses	2026-09-26T12:08:29.5475599Z          │       │   ├── quantos-portfolio v0.1.0 (*)
verify	Check licenses	2026-09-26T12:08:29.5475791Z          │       │   ├── quantos-storage v0.1.0 (*)
verify	Check licenses	2026-09-26T12:08:29.5475985Z          │       │   └── quantos-strategy v0.1.0 (*)
verify	Check licenses	2026-09-26T12:08:29.5476168Z          │       └── postgres-openssl v0.5.3
verify	Check licenses	2026-09-26T12:08:29.5476354Z          │           ├── quantos-auth v0.1.0 (*)
verify	Check licenses	2026-09-26T12:08:29.5476728Z          │           ├── quantos-runtime v0.1.0 (*)
verify	Check licenses	2026-09-26T12:08:29.5476936Z          │           └── (dev) runtime-gateway v0.1.0 (*)
verify	Check licenses	2026-09-26T12:08:29.5477111Z          └── tokio-postgres v0.7.18 (*)
verify	Check licenses	2026-09-26T12:08:29.5477122Z 
verify	Check licenses	2026-09-26T12:08:29.5477565Z ^[[0m^[[1m^[[38;5;11mwarning[duplicate]^[[0m^[[1m: found 2 duplicate entries for crate 'indexmap'^[[0m
verify	Check licenses	2026-09-26T12:08:29.5477855Z     ^[[0m^[[36m┌─^[[0m /home/runner/work/QuantOS/QuantOS/Cargo.lock:103:1
verify	Check licenses	2026-09-26T12:08:29.5478112Z     ^[[0m^[[36m│^[[0m  
verify	Check licenses	2026-09-26T12:08:29.5478922Z ^[[0m^[[36m103^[[0m ^[[0m^[[36m│^[[0m ^[[0m^[[33m╭^[[0m ^[[0m^[[33mindexmap 1.9.3 registry+https://github.com/rust-lang/crates.io-index^[[0m
verify	Check licenses	2026-09-26T12:08:29.5479731Z ^[[0m^[[36m104^[[0m ^[[0m^[[36m│^[[0m ^[[0m^[[33m│^[[0m ^[[0m^[[33mindexmap 2.14.0 registry+https://github.com/rust-lang/crates.io-index^[[0m
verify	Check licenses	2026-09-26T12:08:29.5480334Z     ^[[0m^[[36m│^[[0m ^[[0m^[[33m╰^[[0m^[[0m^[[33m─────────────────────────────────────────────────────────────────────┘ lock entries^[[0m
verify	Check licenses	2026-09-26T12:08:29.5480479Z     ^[[0m^[[36m│^[[0m  
verify	Check licenses	2026-09-26T12:08:29.5480653Z     ^[[0m^[[36m├^[[0m indexmap v1.9.3
verify	Check licenses	2026-09-26T12:08:29.5480795Z       └── tower v0.4.13
verify	Check licenses	2026-09-26T12:08:29.5480932Z           └── tonic v0.12.3
verify	Check licenses	2026-09-26T12:08:29.5481137Z               ├── quantos-engine-manager v0.1.0
verify	Check licenses	2026-09-26T12:08:29.5481315Z               │   └── quantos-runtime v0.1.0
verify	Check licenses	2026-09-26T12:08:29.5481509Z               │       ├── quantos-evidence v0.1.0
verify	Check licenses	2026-09-26T12:08:29.5481721Z               │       ├── quantos-execution v0.1.0
verify	Check licenses	2026-09-26T12:08:29.5481927Z               │       │   ├── execution-gateway v0.1.0
verify	Check licenses	2026-09-26T12:08:29.5482132Z               │       │   ├── quantos-evidence v0.1.0 (*)
verify	Check licenses	2026-09-26T12:08:29.5482333Z               │       │   └── quantos-reconcile v0.1.0
verify	Check licenses	2026-09-26T12:08:29.5482538Z               │       ├── quantos-observability v0.1.0
verify	Check licenses	2026-09-26T12:08:29.5482735Z               │       │   ├── capacity-monitor v0.1.0
verify	Check licenses	2026-09-26T12:08:29.5482958Z               │       │   ├── execution-gateway v0.1.0 (*)
verify	Check licenses	2026-09-26T12:08:29.5483150Z               │       │   ├── market-ingestor v0.1.0
verify	Check licenses	2026-09-26T12:08:29.5483354Z               │       │   ├── portfolio-rebuild v0.1.0
verify	Check licenses	2026-09-26T12:08:29.5483540Z               │       │   ├── replay-cli v0.1.0
verify	Check licenses	2026-09-26T12:08:29.5483737Z               │       │   └── runtime-gateway v0.1.0
verify	Check licenses	2026-09-26T12:08:29.5483929Z               │       └── runtime-gateway v0.1.0 (*)
verify	Check licenses	2026-09-26T12:08:29.5484110Z               └── quantos-proto v0.1.0
verify	Check licenses	2026-09-26T12:08:29.5484325Z                   ├── quantos-engine-manager v0.1.0 (*)
verify	Check licenses	2026-09-26T12:08:29.5484513Z                   └── quantos-runtime v0.1.0 (*)
verify	Check licenses	2026-09-26T12:08:29.5484677Z     ^[[0m^[[36m├^[[0m indexmap v2.14.0
verify	Check licenses	2026-09-26T12:08:29.5484808Z       ├── h2 v0.4.16
verify	Check licenses	2026-09-26T12:08:29.5484938Z       │   ├── hyper v1.11.0
verify	Check licenses	2026-09-26T12:08:29.5485076Z       │   │   ├── axum v0.7.9
verify	Check licenses	2026-09-26T12:08:29.5485248Z       │   │   │   ├── bff-gateway v0.1.0
verify	Check licenses	2026-09-26T12:08:29.5485601Z       │   │   │   ├── runtime-gateway v0.1.0
verify	Check licenses	2026-09-26T12:08:29.5485758Z       │   │   │   └── tonic v0.12.3
verify	Check licenses	2026-09-26T12:08:29.5485971Z       │   │   │       ├── quantos-engine-manager v0.1.0
verify	Check licenses	2026-09-26T12:08:29.5486165Z       │   │   │       │   └── quantos-runtime v0.1.0
verify	Check licenses	2026-09-26T12:08:29.5486374Z       │   │   │       │       ├── quantos-evidence v0.1.0
verify	Check licenses	2026-09-26T12:08:29.5486582Z       │   │   │       │       ├── quantos-execution v0.1.0
verify	Check licenses	2026-09-26T12:08:29.5486904Z       │   │   │       │       │   ├── execution-gateway v0.1.0
verify	Check licenses	2026-09-26T12:08:29.5487268Z       │   │   │       │       │   ├── quantos-evidence v0.1.0 (*)
verify	Check licenses	2026-09-26T12:08:29.5487498Z       │   │   │       │       │   └── quantos-reconcile v0.1.0
verify	Check licenses	2026-09-26T12:08:29.5487719Z       │   │   │       │       ├── quantos-observability v0.1.0
verify	Check licenses	2026-09-26T12:08:29.5487938Z       │   │   │       │       │   ├── capacity-monitor v0.1.0
verify	Check licenses	2026-09-26T12:08:29.5488170Z       │   │   │       │       │   ├── execution-gateway v0.1.0 (*)
verify	Check licenses	2026-09-26T12:08:29.5488399Z       │   │   │       │       │   ├── market-ingestor v0.1.0
verify	Check licenses	2026-09-26T12:08:29.5488617Z       │   │   │       │       │   ├── portfolio-rebuild v0.1.0
verify	Check licenses	2026-09-26T12:08:29.5488815Z       │   │   │       │       │   ├── replay-cli v0.1.0
verify	Check licenses	2026-09-26T12:08:29.5489040Z       │   │   │       │       │   └── runtime-gateway v0.1.0 (*)
verify	Check licenses	2026-09-26T12:08:29.5489252Z       │   │   │       │       └── runtime-gateway v0.1.0 (*)
verify	Check licenses	2026-09-26T12:08:29.5489433Z       │   │   │       └── quantos-proto v0.1.0
verify	Check licenses	2026-09-26T12:08:29.5490108Z       │   │   │           ├── quantos-engine-manager v0.1.0 (*)
verify	Check licenses	2026-09-26T12:08:29.5490328Z       │   │   │           └── quantos-runtime v0.1.0 (*)
verify	Check licenses	2026-09-26T12:08:29.5490501Z       │   │   ├── hyper-rustls v0.27.9
verify	Check licenses	2026-09-26T12:08:29.5490667Z       │   │   │   └── reqwest v0.13.4
verify	Check licenses	2026-09-26T12:08:29.5490843Z       │   │   │       ├── quantos-auth v0.1.0
verify	Check licenses	2026-09-26T12:08:29.5491041Z       │   │   │       │   ├── bff-gateway v0.1.0 (*)
verify	Check licenses	2026-09-26T12:08:29.5491254Z       │   │   │       │   ├── execution-gateway v0.1.0 (*)
verify	Check licenses	2026-09-26T12:08:29.5491492Z       │   │   │       │   ├── quantos-observability v0.1.0 (*)
verify	Check licenses	2026-09-26T12:08:29.5491689Z       │   │   │       │   ├── quantos-runtime v0.1.0 (*)
verify	Check licenses	2026-09-26T12:08:29.5491888Z       │   │   │       │   ├── quantos-strategy v0.1.0
verify	Check licenses	2026-09-26T12:08:29.5492081Z       │   │   │       │   │   └── quantos-risk v0.1.0
verify	Check licenses	2026-09-26T12:08:29.5492306Z       │   │   │       │   │       ├── quantos-evidence v0.1.0 (*)
verify	Check licenses	2026-09-26T12:08:29.5492555Z       │   │   │       │   │       └── quantos-execution v0.1.0 (*)
verify	Check licenses	2026-09-26T12:08:29.5492754Z       │   │   │       │   └── runtime-gateway v0.1.0 (*)
verify	Check licenses	2026-09-26T12:08:29.5492949Z       │   │   │       └── quantos-storage v0.1.0
verify	Check licenses	2026-09-26T12:08:29.5493169Z       │   │   │           ├── (dev) quantos-evidence v0.1.0 (*)
verify	Check licenses	2026-09-26T12:08:29.5493392Z       │   │   │           ├── (dev) quantos-execution v0.1.0 (*)
verify	Check licenses	2026-09-26T12:08:29.5493612Z       │   │   │           ├── quantos-observability v0.1.0 (*)
verify	Check licenses	2026-09-26T12:08:29.5493825Z       │   │   │           ├── quantos-runtime v0.1.0 (*)
verify	Check licenses	2026-09-26T12:08:29.5494031Z       │   │   │           ├── quantos-strategy v0.1.0 (*)
verify	Check licenses	2026-09-26T12:08:29.5494229Z       │   │   │           └── runtime-gateway v0.1.0 (*)
verify	Check licenses	2026-09-26T12:08:29.5494397Z       │   │   ├── hyper-timeout v0.5.2
verify	Check licenses	2026-09-26T12:08:29.5494563Z       │   │   │   └── tonic v0.12.3 (*)
verify	Check licenses	2026-09-26T12:08:29.5494723Z       │   │   ├── hyper-util v0.1.20
verify	Check licenses	2026-09-26T12:08:29.5494899Z       │   │   │   ├── axum v0.7.9 (*)
verify	Check licenses	2026-09-26T12:08:29.5495085Z       │   │   │   ├── hyper-rustls v0.27.9 (*)
verify	Check licenses	2026-09-26T12:08:29.5495263Z       │   │   │   ├── hyper-timeout v0.5.2 (*)
verify	Check licenses	2026-09-26T12:08:29.5495485Z       │   │   │   ├── quantos-engine-manager v0.1.0 (*)
verify	Check licenses	2026-09-26T12:08:29.5495650Z       │   │   │   ├── reqwest v0.13.4 (*)
verify	Check licenses	2026-09-26T12:08:29.5495813Z       │   │   │   └── tonic v0.12.3 (*)
verify	Check licenses	2026-09-26T12:08:29.5495978Z       │   │   ├── reqwest v0.13.4 (*)
verify	Check licenses	2026-09-26T12:08:29.5496135Z       │   │   └── tonic v0.12.3 (*)
verify	Check licenses	2026-09-26T12:08:29.5496428Z       │   └── tonic v0.12.3 (*)
verify	Check licenses	2026-09-26T12:08:29.5496561Z       └── petgraph v0.7.1
verify	Check licenses	2026-09-26T12:08:29.5496724Z           └── prost-build v0.13.5
verify	Check licenses	2026-09-26T12:08:29.5496914Z               └── (build) pbjson-types v0.7.0
verify	Check licenses	2026-09-26T12:08:29.5497146Z                   ├── (dev) quantos-engine-manager v0.1.0 (*)
verify	Check licenses	2026-09-26T12:08:29.5497333Z                   ├── quantos-proto v0.1.0 (*)
verify	Check licenses	2026-09-26T12:08:29.5497520Z                   └── quantos-runtime v0.1.0 (*)
verify	Check licenses	2026-09-26T12:08:29.5497622Z 
verify	Check licenses	2026-09-26T12:08:29.5498068Z ^[[0m^[[1m^[[38;5;11mwarning[duplicate]^[[0m^[[1m: found 2 duplicate entries for crate 'itertools'^[[0m
verify	Check licenses	2026-09-26T12:08:29.5498354Z     ^[[0m^[[36m┌─^[[0m /home/runner/work/QuantOS/QuantOS/Cargo.lock:107:1
verify	Check licenses	2026-09-26T12:08:29.5498480Z     ^[[0m^[[36m│^[[0m  
verify	Check licenses	2026-09-26T12:08:29.5499065Z ^[[0m^[[36m107^[[0m ^[[0m^[[36m│^[[0m ^[[0m^[[33m╭^[[0m ^[[0m^[[33mitertools 0.13.0 registry+https://github.com/rust-lang/crates.io-index^[[0m
verify	Check licenses	2026-09-26T12:08:29.5499863Z ^[[0m^[[36m108^[[0m ^[[0m^[[36m│^[[0m ^[[0m^[[33m│^[[0m ^[[0m^[[33mitertools 0.14.0 registry+https://github.com/rust-lang/crates.io-index^[[0m
verify	Check licenses	2026-09-26T12:08:29.5500357Z     ^[[0m^[[36m│^[[0m ^[[0m^[[33m╰^[[0m^[[0m^[[33m──────────────────────────────────────────────────────────────────────┘ lock entries^[[0m
verify	Check licenses	2026-09-26T12:08:29.5500484Z     ^[[0m^[[36m│^[[0m  
verify	Check licenses	2026-09-26T12:08:29.5500649Z     ^[[0m^[[36m├^[[0m itertools v0.13.0
verify	Check licenses	2026-09-26T12:08:29.5500793Z       └── pbjson-build v0.7.0
verify	Check licenses	2026-09-26T12:08:29.5500970Z           ├── (build) pbjson-types v0.7.0
verify	Check licenses	2026-09-26T12:08:29.5501198Z           │   ├── (dev) quantos-engine-manager v0.1.0
verify	Check licenses	2026-09-26T12:08:29.5501382Z           │   │   └── quantos-runtime v0.1.0
verify	Check licenses	2026-09-26T12:08:29.5501575Z           │   │       ├── quantos-evidence v0.1.0
verify	Check licenses	2026-09-26T12:08:29.5501774Z           │   │       ├── quantos-execution v0.1.0
verify	Check licenses	2026-09-26T12:08:29.5501973Z           │   │       │   ├── execution-gateway v0.1.0
verify	Check licenses	2026-09-26T12:08:29.5502183Z           │   │       │   ├── quantos-evidence v0.1.0 (*)
verify	Check licenses	2026-09-26T12:08:29.5502398Z           │   │       │   └── quantos-reconcile v0.1.0
verify	Check licenses	2026-09-26T12:08:29.5502603Z           │   │       ├── quantos-observability v0.1.0
verify	Check licenses	2026-09-26T12:08:29.5502799Z           │   │       │   ├── capacity-monitor v0.1.0
verify	Check licenses	2026-09-26T12:08:29.5503008Z           │   │       │   ├── execution-gateway v0.1.0 (*)
verify	Check licenses	2026-09-26T12:08:29.5503205Z           │   │       │   ├── market-ingestor v0.1.0
verify	Check licenses	2026-09-26T12:08:29.5503402Z           │   │       │   ├── portfolio-rebuild v0.1.0
verify	Check licenses	2026-09-26T12:08:29.5503601Z           │   │       │   ├── replay-cli v0.1.0
verify	Check licenses	2026-09-26T12:08:29.5503790Z           │   │       │   └── runtime-gateway v0.1.0
verify	Check licenses	2026-09-26T12:08:29.5503980Z           │   │       └── runtime-gateway v0.1.0 (*)
verify	Check licenses	2026-09-26T12:08:29.5504153Z           │   ├── quantos-proto v0.1.0
verify	Check licenses	2026-09-26T12:08:29.5504362Z           │   │   ├── quantos-engine-manager v0.1.0 (*)
verify	Check licenses	2026-09-26T12:08:29.5504550Z           │   │   └── quantos-runtime v0.1.0 (*)
verify	Check licenses	2026-09-26T12:08:29.5504727Z           │   └── quantos-runtime v0.1.0 (*)
verify	Check licenses	2026-09-26T12:08:29.5505079Z           └── quantos-proto-json-codegen v0.1.0
verify	Check licenses	2026-09-26T12:08:29.5505246Z     ^[[0m^[[36m├^[[0m itertools v0.14.0
verify	Check licenses	2026-09-26T12:08:29.5505388Z       ├── prost-build v0.13.5
verify	Check licenses	2026-09-26T12:08:29.5505566Z       │   └── (build) pbjson-types v0.7.0
verify	Check licenses	2026-09-26T12:08:29.5505766Z       │       ├── (dev) quantos-engine-manager v0.1.0
verify	Check licenses	2026-09-26T12:08:29.5505947Z       │       │   └── quantos-runtime v0.1.0
verify	Check licenses	2026-09-26T12:08:29.5506138Z       │       │       ├── quantos-evidence v0.1.0
verify	Check licenses	2026-09-26T12:08:29.5506344Z       │       │       ├── quantos-execution v0.1.0
verify	Check licenses	2026-09-26T12:08:29.5506727Z       │       │       │   ├── execution-gateway v0.1.0
verify	Check licenses	2026-09-26T12:08:29.5507132Z       │       │       │   ├── quantos-evidence v0.1.0 (*)
verify	Check licenses	2026-09-26T12:08:29.5507522Z       │       │       │   └── quantos-reconcile v0.1.0
verify	Check licenses	2026-09-26T12:08:29.5507804Z       │       │       ├── quantos-observability v0.1.0
verify	Check licenses	2026-09-26T12:08:29.5508009Z       │       │       │   ├── capacity-monitor v0.1.0
verify	Check licenses	2026-09-26T12:08:29.5508245Z       │       │       │   ├── execution-gateway v0.1.0 (*)
verify	Check licenses	2026-09-26T12:08:29.5508435Z       │       │       │   ├── market-ingestor v0.1.0
verify	Check licenses	2026-09-26T12:08:29.5508633Z       │       │       │   ├── portfolio-rebuild v0.1.0
verify	Check licenses	2026-09-26T12:08:29.5508815Z       │       │       │   ├── replay-cli v0.1.0
verify	Check licenses	2026-09-26T12:08:29.5509006Z       │       │       │   └── runtime-gateway v0.1.0
verify	Check licenses	2026-09-26T12:08:29.5509198Z       │       │       └── runtime-gateway v0.1.0 (*)
verify	Check licenses	2026-09-26T12:08:29.5509863Z       │       ├── quantos-proto v0.1.0
verify	Check licenses	2026-09-26T12:08:29.5510154Z       │       │   ├── quantos-engine-manager v0.1.0 (*)
verify	Check licenses	2026-09-26T12:08:29.5510349Z       │       │   └── quantos-runtime v0.1.0 (*)
verify	Check licenses	2026-09-26T12:08:29.5510528Z       │       └── quantos-runtime v0.1.0 (*)
verify	Check licenses	2026-09-26T12:08:29.5510691Z       └── prost-derive v0.13.5
verify	Check licenses	2026-09-26T12:08:29.5510823Z           └── prost v0.13.5
verify	Check licenses	2026-09-26T12:08:29.5510994Z               ├── pbjson-build v0.7.0
verify	Check licenses	2026-09-26T12:08:29.5511195Z               │   ├── (build) pbjson-types v0.7.0 (*)
verify	Check licenses	2026-09-26T12:08:29.5511424Z               │   └── quantos-proto-json-codegen v0.1.0
verify	Check licenses	2026-09-26T12:08:29.5511594Z               ├── pbjson-types v0.7.0 (*)
verify	Check licenses	2026-09-26T12:08:29.5511766Z               ├── prost-build v0.13.5 (*)
verify	Check licenses	2026-09-26T12:08:29.5511937Z               ├── prost-types v0.13.5
verify	Check licenses	2026-09-26T12:08:29.5512118Z               │   ├── pbjson-build v0.7.0 (*)
verify	Check licenses	2026-09-26T12:08:29.5512294Z               │   └── prost-build v0.13.5 (*)
verify	Check licenses	2026-09-26T12:08:29.5512476Z               ├── quantos-proto v0.1.0 (*)
verify	Check licenses	2026-09-26T12:08:29.5512631Z               └── tonic v0.12.3
verify	Check licenses	2026-09-26T12:08:29.5512840Z                   ├── quantos-engine-manager v0.1.0 (*)
verify	Check licenses	2026-09-26T12:08:29.5513024Z                   └── quantos-proto v0.1.0 (*)
verify	Check licenses	2026-09-26T12:08:29.5513033Z 
verify	Check licenses	2026-09-26T12:08:29.5513455Z ^[[0m^[[1m^[[38;5;11mwarning[duplicate]^[[0m^[[1m: found 2 duplicate entries for crate 'rand'^[[0m
verify	Check licenses	2026-09-26T12:08:29.5513732Z     ^[[0m^[[36m┌─^[[0m /home/runner/work/QuantOS/QuantOS/Cargo.lock:186:1
verify	Check licenses	2026-09-26T12:08:29.5513874Z     ^[[0m^[[36m│^[[0m  
verify	Check licenses	2026-09-26T12:08:29.5514420Z ^[[0m^[[36m186^[[0m ^[[0m^[[36m│^[[0m ^[[0m^[[33m╭^[[0m ^[[0m^[[33mrand 0.8.7 registry+https://github.com/rust-lang/crates.io-index^[[0m
verify	Check licenses	2026-09-26T12:08:29.5514960Z ^[[0m^[[36m187^[[0m ^[[0m^[[36m│^[[0m ^[[0m^[[33m│^[[0m ^[[0m^[[33mrand 0.10.2 registry+https://github.com/rust-lang/crates.io-index^[[0m
verify	Check licenses	2026-09-26T12:08:29.5515403Z     ^[[0m^[[36m│^[[0m ^[[0m^[[33m╰^[[0m^[[0m^[[33m─────────────────────────────────────────────────────────────────┘ lock entries^[[0m
verify	Check licenses	2026-09-26T12:08:29.5515530Z     ^[[0m^[[36m│^[[0m  
verify	Check licenses	2026-09-26T12:08:29.5515685Z     ^[[0m^[[36m├^[[0m rand v0.8.7
verify	Check licenses	2026-09-26T12:08:29.5515820Z       └── tower v0.4.13
verify	Check licenses	2026-09-26T12:08:29.5515954Z           └── tonic v0.12.3
verify	Check licenses	2026-09-26T12:08:29.5516153Z               ├── quantos-engine-manager v0.1.0
verify	Check licenses	2026-09-26T12:08:29.5516329Z               │   └── quantos-runtime v0.1.0
verify	Check licenses	2026-09-26T12:08:29.5516520Z               │       ├── quantos-evidence v0.1.0
verify	Check licenses	2026-09-26T12:08:29.5516715Z               │       ├── quantos-execution v0.1.0
verify	Check licenses	2026-09-26T12:08:29.5517075Z               │       │   ├── execution-gateway v0.1.0
verify	Check licenses	2026-09-26T12:08:29.5517294Z               │       │   ├── quantos-evidence v0.1.0 (*)
verify	Check licenses	2026-09-26T12:08:29.5517490Z               │       │   └── quantos-reconcile v0.1.0
verify	Check licenses	2026-09-26T12:08:29.5517692Z               │       ├── quantos-observability v0.1.0
verify	Check licenses	2026-09-26T12:08:29.5517894Z               │       │   ├── capacity-monitor v0.1.0
verify	Check licenses	2026-09-26T12:08:29.5518106Z               │       │   ├── execution-gateway v0.1.0 (*)
verify	Check licenses	2026-09-26T12:08:29.5518450Z               │       │   ├── market-ingestor v0.1.0
verify	Check licenses	2026-09-26T12:08:29.5518646Z               │       │   ├── portfolio-rebuild v0.1.0
verify	Check licenses	2026-09-26T12:08:29.5518826Z               │       │   ├── replay-cli v0.1.0
verify	Check licenses	2026-09-26T12:08:29.5519020Z               │       │   └── runtime-gateway v0.1.0
verify	Check licenses	2026-09-26T12:08:29.5519215Z               │       └── runtime-gateway v0.1.0 (*)
verify	Check licenses	2026-09-26T12:08:29.5519380Z               └── quantos-proto v0.1.0
verify	Check licenses	2026-09-26T12:08:29.5519876Z                   ├── quantos-engine-manager v0.1.0 (*)
verify	Check licenses	2026-09-26T12:08:29.5520079Z                   └── quantos-runtime v0.1.0 (*)
verify	Check licenses	2026-09-26T12:08:29.5520236Z     ^[[0m^[[36m├^[[0m rand v0.10.2
verify	Check licenses	2026-09-26T12:08:29.5520409Z       ├── postgres-protocol v0.6.12
verify	Check licenses	2026-09-26T12:08:29.5520569Z       │   ├── postgres-types v0.2.14
verify	Check licenses	2026-09-26T12:08:29.5520744Z       │   │   └── tokio-postgres v0.7.18
verify	Check licenses	2026-09-26T12:08:29.5520912Z       │   │       ├── postgres v0.19.14
verify	Check licenses	2026-09-26T12:08:29.5521106Z       │   │       │   ├── quantos-auth v0.1.0
verify	Check licenses	2026-09-26T12:08:29.5521288Z       │   │       │   │   ├── bff-gateway v0.1.0
verify	Check licenses	2026-09-26T12:08:29.5521480Z       │   │       │   │   ├── execution-gateway v0.1.0
verify	Check licenses	2026-09-26T12:08:29.5521692Z       │   │       │   │   ├── quantos-observability v0.1.0
verify	Check licenses	2026-09-26T12:08:29.5521900Z       │   │       │   │   │   ├── capacity-monitor v0.1.0
verify	Check licenses	2026-09-26T12:08:29.5522119Z       │   │       │   │   │   ├── execution-gateway v0.1.0 (*)
verify	Check licenses	2026-09-26T12:08:29.5522323Z       │   │       │   │   │   ├── market-ingestor v0.1.0
verify	Check licenses	2026-09-26T12:08:29.5522539Z       │   │       │   │   │   ├── portfolio-rebuild v0.1.0
verify	Check licenses	2026-09-26T12:08:29.5522731Z       │   │       │   │   │   ├── replay-cli v0.1.0
verify	Check licenses	2026-09-26T12:08:29.5522932Z       │   │       │   │   │   └── runtime-gateway v0.1.0
verify	Check licenses	2026-09-26T12:08:29.5523128Z       │   │       │   │   ├── quantos-runtime v0.1.0
verify	Check licenses	2026-09-26T12:08:29.5523332Z       │   │       │   │   │   ├── quantos-evidence v0.1.0
verify	Check licenses	2026-09-26T12:08:29.5523545Z       │   │       │   │   │   ├── quantos-execution v0.1.0
verify	Check licenses	2026-09-26T12:08:29.5523778Z       │   │       │   │   │   │   ├── execution-gateway v0.1.0 (*)
verify	Check licenses	2026-09-26T12:08:29.5524006Z       │   │       │   │   │   │   ├── quantos-evidence v0.1.0 (*)
verify	Check licenses	2026-09-26T12:08:29.5524224Z       │   │       │   │   │   │   └── quantos-reconcile v0.1.0
verify	Check licenses	2026-09-26T12:08:29.5524451Z       │   │       │   │   │   ├── quantos-observability v0.1.0 (*)
verify	Check licenses	2026-09-26T12:08:29.5524658Z       │   │       │   │   │   └── runtime-gateway v0.1.0 (*)
verify	Check licenses	2026-09-26T12:08:29.5525016Z       │   │       │   │   ├── quantos-strategy v0.1.0
verify	Check licenses	2026-09-26T12:08:29.5525211Z       │   │       │   │   │   └── quantos-risk v0.1.0
verify	Check licenses	2026-09-26T12:08:29.5525434Z       │   │       │   │   │       ├── quantos-evidence v0.1.0 (*)
verify	Check licenses	2026-09-26T12:08:29.5525657Z       │   │       │   │   │       └── quantos-execution v0.1.0 (*)
verify	Check licenses	2026-09-26T12:08:29.5525857Z       │   │       │   │   └── runtime-gateway v0.1.0 (*)
verify	Check licenses	2026-09-26T12:08:29.5526042Z       │   │       │   ├── quantos-event v0.1.0
verify	Check licenses	2026-09-26T12:08:29.5526260Z       │   │       │   │   ├── market-ingestor v0.1.0 (*)
verify	Check licenses	2026-09-26T12:08:29.5526451Z       │   │       │   │   ├── quantos-market v0.1.0
verify	Check licenses	2026-09-26T12:08:29.5526661Z       │   │       │   │   │   └── market-ingestor v0.1.0 (*)
verify	Check licenses	2026-09-26T12:08:29.5526878Z       │   │       │   │   ├── quantos-observability v0.1.0 (*)
verify	Check licenses	2026-09-26T12:08:29.5527066Z       │   │       │   │   └── replay-cli v0.1.0 (*)
verify	Check licenses	2026-09-26T12:08:29.5527276Z       │   │       │   ├── quantos-observability v0.1.0 (*)
verify	Check licenses	2026-09-26T12:08:29.5527487Z       │   │       │   ├── quantos-portfolio v0.1.0
verify	Check licenses	2026-09-26T12:08:29.5527694Z       │   │       │   │   ├── portfolio-rebuild v0.1.0 (*)
verify	Check licenses	2026-09-26T12:08:29.5527893Z       │   │       │   │   ├── quantos-evidence v0.1.0 (*)
verify	Check licenses	2026-09-26T12:08:29.5528097Z       │   │       │   │   ├── quantos-reconcile v0.1.0 (*)
verify	Check licenses	2026-09-26T12:08:29.5528291Z       │   │       │   │   └── quantos-risk v0.1.0 (*)
verify	Check licenses	2026-09-26T12:08:29.5528486Z       │   │       │   ├── quantos-runtime v0.1.0 (*)
verify	Check licenses	2026-09-26T12:08:29.5528813Z       │   │       │   ├── quantos-storage v0.1.0
verify	Check licenses	2026-09-26T12:08:29.5529033Z       │   │       │   │   ├── (dev) quantos-evidence v0.1.0 (*)
verify	Check licenses	2026-09-26T12:08:29.5529262Z       │   │       │   │   ├── (dev) quantos-execution v0.1.0 (*)
verify	Check licenses	2026-09-26T12:08:29.5529690Z       │   │       │   │   ├── quantos-observability v0.1.0 (*)
verify	Check licenses	2026-09-26T12:08:29.5530005Z       │   │       │   │   ├── quantos-runtime v0.1.0 (*)
verify	Check licenses	2026-09-26T12:08:29.5530220Z       │   │       │   │   ├── quantos-strategy v0.1.0 (*)
verify	Check licenses	2026-09-26T12:08:29.5530439Z       │   │       │   │   └── runtime-gateway v0.1.0 (*)
verify	Check licenses	2026-09-26T12:08:29.5530638Z       │   │       │   ├── quantos-strategy v0.1.0 (*)
verify	Check licenses	2026-09-26T12:08:29.5530824Z       │   │       │   ├── replay-cli v0.1.0 (*)
verify	Check licenses	2026-09-26T12:08:29.5531036Z       │   │       │   └── (dev) runtime-gateway v0.1.0 (*)
verify	Check licenses	2026-09-26T12:08:29.5531228Z       │   │       ├── postgres-native-tls v0.5.3
verify	Check licenses	2026-09-26T12:08:29.5531409Z       │   │       │   ├── quantos-auth v0.1.0 (*)
verify	Check licenses	2026-09-26T12:08:29.5531614Z       │   │       │   ├── quantos-event v0.1.0 (*)
verify	Check licenses	2026-09-26T12:08:29.5531826Z       │   │       │   ├── quantos-observability v0.1.0 (*)
verify	Check licenses	2026-09-26T12:08:29.5532027Z       │   │       │   ├── quantos-portfolio v0.1.0 (*)
verify	Check licenses	2026-09-26T12:08:29.5532219Z       │   │       │   ├── quantos-storage v0.1.0 (*)
verify	Check licenses	2026-09-26T12:08:29.5532411Z       │   │       │   └── quantos-strategy v0.1.0 (*)
verify	Check licenses	2026-09-26T12:08:29.5532598Z       │   │       └── postgres-openssl v0.5.3
verify	Check licenses	2026-09-26T12:08:29.5532798Z       │   │           ├── quantos-auth v0.1.0 (*)
verify	Check licenses	2026-09-26T12:08:29.5532989Z       │   │           ├── quantos-runtime v0.1.0 (*)
verify	Check licenses	2026-09-26T12:08:29.5533202Z       │   │           └── (dev) runtime-gateway v0.1.0 (*)
verify	Check licenses	2026-09-26T12:08:29.5533370Z       │   └── tokio-postgres v0.7.18 (*)
verify	Check licenses	2026-09-26T12:08:29.5533538Z       └── tokio-postgres v0.7.18 (*)
verify	Check licenses	2026-09-26T12:08:29.5533547Z 
verify	Check licenses	2026-09-26T12:08:29.5533986Z ^[[0m^[[1m^[[38;5;11mwarning[duplicate]^[[0m^[[1m: found 2 duplicate entries for crate 'rand_core'^[[0m
verify	Check licenses	2026-09-26T12:08:29.5534276Z     ^[[0m^[[36m┌─^[[0m /home/runner/work/QuantOS/QuantOS/Cargo.lock:189:1
verify	Check licenses	2026-09-26T12:08:29.5534401Z     ^[[0m^[[36m│^[[0m  
verify	Check licenses	2026-09-26T12:08:29.5534989Z ^[[0m^[[36m189^[[0m ^[[0m^[[36m│^[[0m ^[[0m^[[33m╭^[[0m ^[[0m^[[33mrand_core 0.6.4 registry+https://github.com/rust-lang/crates.io-index^[[0m
verify	Check licenses	2026-09-26T12:08:29.5535577Z ^[[0m^[[36m190^[[0m ^[[0m^[[36m│^[[0m ^[[0m^[[33m│^[[0m ^[[0m^[[33mrand_core 0.10.1 registry+https://github.com/rust-lang/crates.io-index^[[0m
verify	Check licenses	2026-09-26T12:08:29.5536194Z     ^[[0m^[[36m│^[[0m ^[[0m^[[33m╰^[[0m^[[0m^[[33m──────────────────────────────────────────────────────────────────────┘ lock entries^[[0m
verify	Check licenses	2026-09-26T12:08:29.5536319Z     ^[[0m^[[36m│^[[0m  
verify	Check licenses	2026-09-26T12:08:29.5536483Z     ^[[0m^[[36m├^[[0m rand_core v0.6.4
verify	Check licenses	2026-09-26T12:08:29.5536608Z       ├── rand v0.8.7
verify	Check licenses	2026-09-26T12:08:29.5536745Z       │   └── tower v0.4.13
verify	Check licenses	2026-09-26T12:08:29.5536899Z       │       └── tonic v0.12.3
verify	Check licenses	2026-09-26T12:08:29.5537104Z       │           ├── quantos-engine-manager v0.1.0
verify	Check licenses	2026-09-26T12:08:29.5537426Z       │           │   └── quantos-runtime v0.1.0
verify	Check licenses	2026-09-26T12:08:29.5537621Z       │           │       ├── quantos-evidence v0.1.0
verify	Check licenses	2026-09-26T12:08:29.5537824Z       │           │       ├── quantos-execution v0.1.0
verify	Check licenses	2026-09-26T12:08:29.5538030Z       │           │       │   ├── execution-gateway v0.1.0
verify	Check licenses	2026-09-26T12:08:29.5538246Z       │           │       │   ├── quantos-evidence v0.1.0 (*)
verify	Check licenses	2026-09-26T12:08:29.5538454Z       │           │       │   └── quantos-reconcile v0.1.0
verify	Check licenses	2026-09-26T12:08:29.5538673Z       │           │       ├── quantos-observability v0.1.0
verify	Check licenses	2026-09-26T12:08:29.5538878Z       │           │       │   ├── capacity-monitor v0.1.0
verify	Check licenses	2026-09-26T12:08:29.5539095Z       │           │       │   ├── execution-gateway v0.1.0 (*)
verify	Check licenses	2026-09-26T12:08:29.5539297Z       │           │       │   ├── market-ingestor v0.1.0
verify	Check licenses	2026-09-26T12:08:29.5539759Z       │           │       │   ├── portfolio-rebuild v0.1.0
verify	Check licenses	2026-09-26T12:08:29.5540092Z       │           │       │   ├── replay-cli v0.1.0
verify	Check licenses	2026-09-26T12:08:29.5540327Z       │           │       │   └── runtime-gateway v0.1.0
verify	Check licenses	2026-09-26T12:08:29.5540534Z       │           │       └── runtime-gateway v0.1.0 (*)
verify	Check licenses	2026-09-26T12:08:29.5540713Z       │           └── quantos-proto v0.1.0
verify	Check licenses	2026-09-26T12:08:29.5540932Z       │               ├── quantos-engine-manager v0.1.0 (*)
verify	Check licenses	2026-09-26T12:08:29.5541123Z       │               └── quantos-runtime v0.1.0 (*)
verify	Check licenses	2026-09-26T12:08:29.5541264Z       └── rand_chacha v0.3.1
verify	Check licenses	2026-09-26T12:08:29.5541402Z           └── rand v0.8.7 (*)
verify	Check licenses	2026-09-26T12:08:29.5541584Z     ^[[0m^[[36m├^[[0m rand_core v0.10.1
verify	Check licenses	2026-09-26T12:08:29.5541718Z       ├── chacha20 v0.10.2
verify	Check licenses	2026-09-26T12:08:29.5541848Z       │   └── rand v0.10.2
verify	Check licenses	2026-09-26T12:08:29.5542032Z       │       ├── postgres-protocol v0.6.12
verify	Check licenses	2026-09-26T12:08:29.5542215Z       │       │   ├── postgres-types v0.2.14
verify	Check licenses	2026-09-26T12:08:29.5542403Z       │       │   │   └── tokio-postgres v0.7.18
verify	Check licenses	2026-09-26T12:08:29.5542584Z       │       │   │       ├── postgres v0.19.14
verify	Check licenses	2026-09-26T12:08:29.5542796Z       │       │   │       │   ├── quantos-auth v0.1.0
verify	Check licenses	2026-09-26T12:08:29.5543002Z       │       │   │       │   │   ├── bff-gateway v0.1.0
verify	Check licenses	2026-09-26T12:08:29.5543226Z       │       │   │       │   │   ├── execution-gateway v0.1.0
verify	Check licenses	2026-09-26T12:08:29.5543460Z       │       │   │       │   │   ├── quantos-observability v0.1.0
verify	Check licenses	2026-09-26T12:08:29.5543681Z       │       │   │       │   │   │   ├── capacity-monitor v0.1.0
verify	Check licenses	2026-09-26T12:08:29.5543922Z       │       │   │       │   │   │   ├── execution-gateway v0.1.0 (*)
verify	Check licenses	2026-09-26T12:08:29.5544358Z       │       │   │       │   │   │   ├── market-ingestor v0.1.0
verify	Check licenses	2026-09-26T12:08:29.5544587Z       │       │   │       │   │   │   ├── portfolio-rebuild v0.1.0
verify	Check licenses	2026-09-26T12:08:29.5544798Z       │       │   │       │   │   │   ├── replay-cli v0.1.0
verify	Check licenses	2026-09-26T12:08:29.5545012Z       │       │   │       │   │   │   └── runtime-gateway v0.1.0
verify	Check licenses	2026-09-26T12:08:29.5545228Z       │       │   │       │   │   ├── quantos-runtime v0.1.0
verify	Check licenses	2026-09-26T12:08:29.5545470Z       │       │   │       │   │   │   ├── quantos-evidence v0.1.0
verify	Check licenses	2026-09-26T12:08:29.5545692Z       │       │   │       │   │   │   ├── quantos-execution v0.1.0
verify	Check licenses	2026-09-26T12:08:29.5545938Z       │       │   │       │   │   │   │   ├── execution-gateway v0.1.0 (*)
verify	Check licenses	2026-09-26T12:08:29.5546175Z       │       │   │       │   │   │   │   ├── quantos-evidence v0.1.0 (*)
verify	Check licenses	2026-09-26T12:08:29.5546408Z       │       │   │       │   │   │   │   └── quantos-reconcile v0.1.0
verify	Check licenses	2026-09-26T12:08:29.5546669Z       │       │   │       │   │   │   ├── quantos-observability v0.1.0 (*)
verify	Check licenses	2026-09-26T12:08:29.5546900Z       │       │   │       │   │   │   └── runtime-gateway v0.1.0 (*)
verify	Check licenses	2026-09-26T12:08:29.5547119Z       │       │   │       │   │   ├── quantos-strategy v0.1.0
verify	Check licenses	2026-09-26T12:08:29.5547325Z       │       │   │       │   │   │   └── quantos-risk v0.1.0
verify	Check licenses	2026-09-26T12:08:29.5547566Z       │       │   │       │   │   │       ├── quantos-evidence v0.1.0 (*)
verify	Check licenses	2026-09-26T12:08:29.5547806Z       │       │   │       │   │   │       └── quantos-execution v0.1.0 (*)
verify	Check licenses	2026-09-26T12:08:29.5548167Z       │       │   │       │   │   └── runtime-gateway v0.1.0 (*)
verify	Check licenses	2026-09-26T12:08:29.5548370Z       │       │   │       │   ├── quantos-event v0.1.0
verify	Check licenses	2026-09-26T12:08:29.5548587Z       │       │   │       │   │   ├── market-ingestor v0.1.0 (*)
verify	Check licenses	2026-09-26T12:08:29.5548789Z       │       │   │       │   │   ├── quantos-market v0.1.0
verify	Check licenses	2026-09-26T12:08:29.5549016Z       │       │   │       │   │   │   └── market-ingestor v0.1.0 (*)
verify	Check licenses	2026-09-26T12:08:29.5549272Z       │       │   │       │   │   ├── quantos-observability v0.1.0 (*)
verify	Check licenses	2026-09-26T12:08:29.5549718Z       │       │   │       │   │   └── replay-cli v0.1.0 (*)
verify	Check licenses	2026-09-26T12:08:29.5550094Z       │       │   │       │   ├── quantos-observability v0.1.0 (*)
verify	Check licenses	2026-09-26T12:08:29.5550315Z       │       │   │       │   ├── quantos-portfolio v0.1.0
verify	Check licenses	2026-09-26T12:08:29.5550546Z       │       │   │       │   │   ├── portfolio-rebuild v0.1.0 (*)
verify	Check licenses	2026-09-26T12:08:29.5550790Z       │       │   │       │   │   ├── quantos-evidence v0.1.0 (*)
verify	Check licenses	2026-09-26T12:08:29.5551010Z       │       │   │       │   │   ├── quantos-reconcile v0.1.0 (*)
verify	Check licenses	2026-09-26T12:08:29.5551219Z       │       │   │       │   │   └── quantos-risk v0.1.0 (*)
verify	Check licenses	2026-09-26T12:08:29.5551424Z       │       │   │       │   ├── quantos-runtime v0.1.0 (*)
verify	Check licenses	2026-09-26T12:08:29.5551627Z       │       │   │       │   ├── quantos-storage v0.1.0
verify	Check licenses	2026-09-26T12:08:29.5551871Z       │       │   │       │   │   ├── (dev) quantos-evidence v0.1.0 (*)
verify	Check licenses	2026-09-26T12:08:29.5552272Z       │       │   │       │   │   ├── (dev) quantos-execution v0.1.0 (*)
verify	Check licenses	2026-09-26T12:08:29.5552741Z       │       │   │       │   │   ├── quantos-observability v0.1.0 (*)
verify	Check licenses	2026-09-26T12:08:29.5553163Z       │       │   │       │   │   ├── quantos-runtime v0.1.0 (*)
verify	Check licenses	2026-09-26T12:08:29.5553565Z       │       │   │       │   │   ├── quantos-strategy v0.1.0 (*)
verify	Check licenses	2026-09-26T12:08:29.5553798Z       │       │   │       │   │   └── runtime-gateway v0.1.0 (*)
verify	Check licenses	2026-09-26T12:08:29.5554036Z       │       │   │       │   ├── quantos-strategy v0.1.0 (*)
verify	Check licenses	2026-09-26T12:08:29.5554238Z       │       │   │       │   ├── replay-cli v0.1.0 (*)
verify	Check licenses	2026-09-26T12:08:29.5554462Z       │       │   │       │   └── (dev) runtime-gateway v0.1.0 (*)
verify	Check licenses	2026-09-26T12:08:29.5554674Z       │       │   │       ├── postgres-native-tls v0.5.3
verify	Check licenses	2026-09-26T12:08:29.5554877Z       │       │   │       │   ├── quantos-auth v0.1.0 (*)
verify	Check licenses	2026-09-26T12:08:29.5555080Z       │       │   │       │   ├── quantos-event v0.1.0 (*)
verify	Check licenses	2026-09-26T12:08:29.5555488Z       │       │   │       │   ├── quantos-observability v0.1.0 (*)
verify	Check licenses	2026-09-26T12:08:29.5555704Z       │       │   │       │   ├── quantos-portfolio v0.1.0 (*)
verify	Check licenses	2026-09-26T12:08:29.5555915Z       │       │   │       │   ├── quantos-storage v0.1.0 (*)
verify	Check licenses	2026-09-26T12:08:29.5556125Z       │       │   │       │   └── quantos-strategy v0.1.0 (*)
verify	Check licenses	2026-09-26T12:08:29.5556326Z       │       │   │       └── postgres-openssl v0.5.3
verify	Check licenses	2026-09-26T12:08:29.5556526Z       │       │   │           ├── quantos-auth v0.1.0 (*)
verify	Check licenses	2026-09-26T12:08:29.5556940Z       │       │   │           ├── quantos-runtime v0.1.0 (*)
verify	Check licenses	2026-09-26T12:08:29.5557314Z       │       │   │           └── (dev) runtime-gateway v0.1.0 (*)
verify	Check licenses	2026-09-26T12:08:29.5557516Z       │       │   └── tokio-postgres v0.7.18 (*)
verify	Check licenses	2026-09-26T12:08:29.5557702Z       │       └── tokio-postgres v0.7.18 (*)
verify	Check licenses	2026-09-26T12:08:29.5557840Z       ├── getrandom v0.4.3
verify	Check licenses	2026-09-26T12:08:29.5557994Z       │   ├── jobserver v0.1.35
verify	Check licenses	2026-09-26T12:08:29.5558124Z       │   │   └── cc v1.4.0
verify	Check licenses	2026-09-26T12:08:29.5558332Z       │   │       ├── (build) aws-lc-sys v0.44.0
verify	Check licenses	2026-09-26T12:08:29.5558508Z       │   │       │   └── aws-lc-rs v1.18.0
verify	Check licenses	2026-09-26T12:08:29.5558688Z       │   │       │       ├── rustls v0.23.45
verify	Check licenses	2026-09-26T12:08:29.5558884Z       │   │       │       │   ├── hyper-rustls v0.27.9
verify	Check licenses	2026-09-26T12:08:29.5559075Z       │   │       │       │   │   └── reqwest v0.13.4
verify	Check licenses	2026-09-26T12:08:29.5559298Z       │   │       │       │   │       ├── quantos-auth v0.1.0 (*)
verify	Check licenses	2026-09-26T12:08:29.5559777Z       │   │       │       │   │       └── quantos-storage v0.1.0 (*)
verify	Check licenses	2026-09-26T12:08:29.5559996Z       │   │       │       │   ├── reqwest v0.13.4 (*)
verify	Check licenses	2026-09-26T12:08:29.5560227Z       │   │       │       │   ├── rustls-platform-verifier v0.7.0
verify	Check licenses	2026-09-26T12:08:29.5560564Z       │   │       │       │   │   └── reqwest v0.13.4 (*)
verify	Check licenses	2026-09-26T12:08:29.5560949Z       │   │       │       │   └── tokio-rustls v0.26.4
verify	Check licenses	2026-09-26T12:08:29.5561354Z       │   │       │       │       ├── hyper-rustls v0.27.9 (*)
verify	Check licenses	2026-09-26T12:08:29.5561683Z       │   │       │       │       └── reqwest v0.13.4 (*)
verify	Check licenses	2026-09-26T12:08:29.5561887Z       │   │       │       └── rustls-webpki v0.103.14
verify	Check licenses	2026-09-26T12:08:29.5562088Z       │   │       │           ├── rustls v0.23.45 (*)
verify	Check licenses	2026-09-26T12:08:29.5562334Z       │   │       │           └── rustls-platform-verifier v0.7.0 (*)
verify	Check licenses	2026-09-26T12:08:29.5562495Z       │   │       ├── cmake v0.1.58
verify	Check licenses	2026-09-26T12:08:29.5562704Z       │   │       │   └── (build) aws-lc-sys v0.44.0 (*)
verify	Check licenses	2026-09-26T12:08:29.5562932Z       │   │       ├── (build) iana-time-zone-haiku v0.1.2
verify	Check licenses	2026-09-26T12:08:29.5563124Z       │   │       │   └── iana-time-zone v0.1.65
verify	Check licenses	2026-09-26T12:08:29.5563307Z       │   │       │       └── chrono v0.4.45
verify	Check licenses	2026-09-26T12:08:29.5563509Z       │   │       │           ├── bff-gateway v0.1.0 (*)
verify	Check licenses	2026-09-26T12:08:29.5563727Z       │   │       │           ├── capacity-monitor v0.1.0 (*)
verify	Check licenses	2026-09-26T12:08:29.5563937Z       │   │       │           ├── execution-gateway v0.1.0 (*)
verify	Check licenses	2026-09-26T12:08:29.5564312Z       │   │       │           ├── pbjson-types v0.7.0
verify	Check licenses	2026-09-26T12:08:29.5564663Z       │   │       │           │   ├── (dev) quantos-engine-manager v0.1.0
verify	Check licenses	2026-09-26T12:08:29.5565091Z       │   │       │           │   │   └── quantos-runtime v0.1.0 (*)
verify	Check licenses	2026-09-26T12:08:29.5565486Z       │   │       │           │   ├── quantos-proto v0.1.0
verify	Check licenses	2026-09-26T12:08:29.5565943Z       │   │       │           │   │   ├── quantos-engine-manager v0.1.0 (*)
verify	Check licenses	2026-09-26T12:08:29.5566376Z       │   │       │           │   │   └── quantos-runtime v0.1.0 (*)
verify	Check licenses	2026-09-26T12:08:29.5566777Z       │   │       │           │   └── quantos-runtime v0.1.0 (*)
verify	Check licenses	2026-09-26T12:08:29.5567202Z       │   │       │           ├── postgres-types v0.2.14 (*)
verify	Check licenses	2026-09-26T12:08:29.5567605Z       │   │       │           ├── quantos-auth v0.1.0 (*)
verify	Check licenses	2026-09-26T12:08:29.5568006Z       │   │       │           ├── quantos-core v0.1.0
verify	Check licenses	2026-09-26T12:08:29.5568436Z       │   │       │           │   ├── bff-gateway v0.1.0 (*)
verify	Check licenses	2026-09-26T12:08:29.5568929Z       │   │       │           │   ├── execution-gateway v0.1.0 (*)
verify	Check licenses	2026-09-26T12:08:29.5569385Z       │   │       │           │   ├── market-ingestor v0.1.0 (*)
verify	Check licenses	2026-09-26T12:08:29.5570100Z       │   │       │           │   ├── portfolio-rebuild v0.1.0 (*)
verify	Check licenses	2026-09-26T12:08:29.5570526Z       │   │       │           │   ├── quantos-auth v0.1.0 (*)
verify	Check licenses	2026-09-26T12:08:29.5570961Z       │   │       │           │   ├── quantos-event v0.1.0 (*)
verify	Check licenses	2026-09-26T12:08:29.5571683Z       │   │       │           │   ├── quantos-evidence v0.1.0 (*)
verify	Check licenses	2026-09-26T12:08:29.5572139Z       │   │       │           │   ├── quantos-execution v0.1.0 (*)
verify	Check licenses	2026-09-26T12:08:29.5572585Z       │   │       │           │   ├── quantos-market v0.1.0 (*)
verify	Check licenses	2026-09-26T12:08:29.5573072Z       │   │       │           │   ├── quantos-observability v0.1.0 (*)
verify	Check licenses	2026-09-26T12:08:29.5573508Z       │   │       │           │   ├── quantos-policy v0.1.0
verify	Check licenses	2026-09-26T12:08:29.5573925Z       │   │       │           │   │   ├── quantos-auth v0.1.0 (*)
verify	Check licenses	2026-09-26T12:08:29.5574400Z       │   │       │           │   │   ├── quantos-observability v0.1.0 (*)
verify	Check licenses	2026-09-26T12:08:29.5574835Z       │   │       │           │   │   ├── quantos-runtime v0.1.0 (*)
verify	Check licenses	2026-09-26T12:08:29.5575261Z       │   │       │           │   │   ├── quantos-strategy v0.1.0 (*)
verify	Check licenses	2026-09-26T12:08:29.5575695Z       │   │       │           │   │   └── runtime-gateway v0.1.0 (*)
verify	Check licenses	2026-09-26T12:08:29.5576163Z       │   │       │           │   ├── quantos-portfolio v0.1.0 (*)
verify	Check licenses	2026-09-26T12:08:29.5576595Z       │   │       │           │   ├── quantos-reconcile v0.1.0 (*)
verify	Check licenses	2026-09-26T12:08:29.5576996Z       │   │       │           │   ├── quantos-risk v0.1.0 (*)
verify	Check licenses	2026-09-26T12:08:29.5577413Z       │   │       │           │   ├── quantos-runtime v0.1.0 (*)
verify	Check licenses	2026-09-26T12:08:29.5577814Z       │   │       │           │   ├── quantos-storage v0.1.0 (*)
verify	Check licenses	2026-09-26T12:08:29.5578229Z       │   │       │           │   ├── quantos-strategy v0.1.0 (*)
verify	Check licenses	2026-09-26T12:08:29.5578621Z       │   │       │           │   ├── quantos-testkit v0.1.0
verify	Check licenses	2026-09-26T12:08:29.5579061Z       │   │       │           │   ├── replay-cli v0.1.0 (*)
verify	Check licenses	2026-09-26T12:08:29.5579407Z       │   │       │           │   └── runtime-gateway v0.1.0 (*)
verify	Check licenses	2026-09-26T12:08:29.5579893Z       │   │       │           ├── quantos-engine-manager v0.1.0 (*)
verify	Check licenses	2026-09-26T12:08:29.5580115Z       │   │       │           ├── quantos-event v0.1.0 (*)
verify	Check licenses	2026-09-26T12:08:29.5580339Z       │   │       │           ├── quantos-evidence v0.1.0 (*)
verify	Check licenses	2026-09-26T12:08:29.5580580Z       │   │       │           ├── quantos-execution v0.1.0 (*)
verify	Check licenses	2026-09-26T12:08:29.5580791Z       │   │       │           ├── quantos-market v0.1.0 (*)
verify	Check licenses	2026-09-26T12:08:29.5581016Z       │   │       │           ├── quantos-observability v0.1.0 (*)
verify	Check licenses	2026-09-26T12:08:29.5581235Z       │   │       │           ├── quantos-portfolio v0.1.0 (*)
verify	Check licenses	2026-09-26T12:08:29.5581454Z       │   │       │           ├── quantos-reconcile v0.1.0 (*)
verify	Check licenses	2026-09-26T12:08:29.5581660Z       │   │       │           ├── quantos-risk v0.1.0 (*)
verify	Check licenses	2026-09-26T12:08:29.5582074Z       │   │       │           ├── quantos-runtime v0.1.0 (*)
verify	Check licenses	2026-09-26T12:08:29.5582280Z       │   │       │           ├── quantos-storage v0.1.0 (*)
verify	Check licenses	2026-09-26T12:08:29.5582493Z       │   │       │           ├── quantos-strategy v0.1.0 (*)
verify	Check licenses	2026-09-26T12:08:29.5582702Z       │   │       │           ├── quantos-testkit v0.1.0 (*)
verify	Check licenses	2026-09-26T12:08:29.5582902Z       │   │       │           ├── replay-cli v0.1.0 (*)
verify	Check licenses	2026-09-26T12:08:29.5583236Z       │   │       │           └── runtime-gateway v0.1.0 (*)
verify	Check licenses	2026-09-26T12:08:29.5583435Z       │   │       └── (build) openssl-sys v0.9.117
verify	Check licenses	2026-09-26T12:08:29.5583619Z       │   │           ├── native-tls v0.2.18
verify	Check licenses	2026-09-26T12:08:29.5583837Z       │   │           │   ├── postgres-native-tls v0.5.3 (*)
verify	Check licenses	2026-09-26T12:08:29.5584037Z       │   │           │   ├── quantos-auth v0.1.0 (*)
verify	Check licenses	2026-09-26T12:08:29.5584236Z       │   │           │   ├── quantos-event v0.1.0 (*)
verify	Check licenses	2026-09-26T12:08:29.5584447Z       │   │           │   ├── quantos-observability v0.1.0 (*)
verify	Check licenses	2026-09-26T12:08:29.5584674Z       │   │           │   ├── quantos-portfolio v0.1.0 (*)
verify	Check licenses	2026-09-26T12:08:29.5584877Z       │   │           │   ├── quantos-storage v0.1.0 (*)
verify	Check licenses	2026-09-26T12:08:29.5585079Z       │   │           │   ├── quantos-strategy v0.1.0 (*)
verify	Check licenses	2026-09-26T12:08:29.5585274Z       │   │           │   └── tokio-native-tls v0.3.1
verify	Check licenses	2026-09-26T12:08:29.5585495Z       │   │           │       └── postgres-native-tls v0.5.3 (*)
verify	Check licenses	2026-09-26T12:08:29.5585687Z       │   │           ├── openssl v0.10.81
verify	Check licenses	2026-09-26T12:08:29.5585882Z       │   │           │   ├── native-tls v0.2.18 (*)
verify	Check licenses	2026-09-26T12:08:29.5586086Z       │   │           │   ├── postgres-openssl v0.5.3 (*)
verify	Check licenses	2026-09-26T12:08:29.5586280Z       │   │           │   ├── quantos-auth v0.1.0 (*)
verify	Check licenses	2026-09-26T12:08:29.5586473Z       │   │           │   ├── quantos-runtime v0.1.0 (*)
verify	Check licenses	2026-09-26T12:08:29.5586686Z       │   │           │   ├── (dev) runtime-gateway v0.1.0 (*)
verify	Check licenses	2026-09-26T12:08:29.5586875Z       │   │           │   └── tokio-openssl v0.6.5
verify	Check licenses	2026-09-26T12:08:29.5587104Z       │   │           │       └── postgres-openssl v0.5.3 (*)
verify	Check licenses	2026-09-26T12:08:29.5587296Z       │   │           └── tokio-openssl v0.6.5 (*)
verify	Check licenses	2026-09-26T12:08:29.5587450Z       │   ├── rand v0.10.2 (*)
verify	Check licenses	2026-09-26T12:08:29.5587611Z       │   ├── tempfile v3.27.0
verify	Check licenses	2026-09-26T12:08:29.5587785Z       │   │   ├── native-tls v0.2.18 (*)
verify	Check licenses	2026-09-26T12:08:29.5587956Z       │   │   ├── prost-build v0.13.5
verify	Check licenses	2026-09-26T12:08:29.5588171Z       │   │   │   └── (build) pbjson-types v0.7.0 (*)
verify	Check licenses	2026-09-26T12:08:29.5588382Z       │   │   ├── (dev) quantos-engine-manager v0.1.0 (*)
verify	Check licenses	2026-09-26T12:08:29.5588580Z       │   │   └── (dev) quantos-runtime v0.1.0 (*)
verify	Check licenses	2026-09-26T12:08:29.5588714Z       │   └── uuid v1.24.0
verify	Check licenses	2026-09-26T12:08:29.5588885Z       │       ├── bff-gateway v0.1.0 (*)
verify	Check licenses	2026-09-26T12:08:29.5589065Z       │       ├── execution-gateway v0.1.0 (*)
verify	Check licenses	2026-09-26T12:08:29.5589250Z       │       ├── portfolio-rebuild v0.1.0 (*)
verify	Check licenses	2026-09-26T12:08:29.5589805Z       │       ├── postgres-types v0.2.14 (*)
verify	Check licenses	2026-09-26T12:08:29.5590012Z       │       ├── quantos-auth v0.1.0 (*)
verify	Check licenses	2026-09-26T12:08:29.5590216Z       │       ├── quantos-core v0.1.0 (*)
verify	Check licenses	2026-09-26T12:08:29.5590427Z       │       ├── (dev) quantos-engine-manager v0.1.0 (*)
verify	Check licenses	2026-09-26T12:08:29.5590602Z       │       ├── quantos-event v0.1.0 (*)
verify	Check licenses	2026-09-26T12:08:29.5590800Z       │       ├── (dev) quantos-evidence v0.1.0 (*)
verify	Check licenses	2026-09-26T12:08:29.5591010Z       │       ├── (dev) quantos-observability v0.1.0 (*)
verify	Check licenses	2026-09-26T12:08:29.5591212Z       │       ├── quantos-portfolio v0.1.0 (*)
verify	Check licenses	2026-09-26T12:08:29.5591383Z       │       ├── quantos-runtime v0.1.0 (*)
verify	Check licenses	2026-09-26T12:08:29.5591558Z       │       ├── quantos-storage v0.1.0 (*)
verify	Check licenses	2026-09-26T12:08:29.5591737Z       │       ├── quantos-strategy v0.1.0 (*)
verify	Check licenses	2026-09-26T12:08:29.5591912Z       │       ├── quantos-testkit v0.1.0 (*)
verify	Check licenses	2026-09-26T12:08:29.5592085Z       │       └── runtime-gateway v0.1.0 (*)
verify	Check licenses	2026-09-26T12:08:29.5592212Z       └── rand v0.10.2 (*)
verify	Check licenses	2026-09-26T12:08:29.5592236Z 
verify	Check licenses	2026-09-26T12:08:29.5592664Z ^[[0m^[[1m^[[38;5;11mwarning[duplicate]^[[0m^[[1m: found 2 duplicate entries for crate 'sha2'^[[0m
verify	Check licenses	2026-09-26T12:08:29.5592958Z     ^[[0m^[[36m┌─^[[0m /home/runner/work/QuantOS/QuantOS/Cargo.lock:221:1
verify	Check licenses	2026-09-26T12:08:29.5593086Z     ^[[0m^[[36m│^[[0m  
verify	Check licenses	2026-09-26T12:08:29.5593654Z ^[[0m^[[36m221^[[0m ^[[0m^[[36m│^[[0m ^[[0m^[[33m╭^[[0m ^[[0m^[[33msha2 0.10.9 registry+https://github.com/rust-lang/crates.io-index^[[0m
verify	Check licenses	2026-09-26T12:08:29.5594189Z ^[[0m^[[36m222^[[0m ^[[0m^[[36m│^[[0m ^[[0m^[[33m│^[[0m ^[[0m^[[33msha2 0.11.0 registry+https://github.com/rust-lang/crates.io-index^[[0m
verify	Check licenses	2026-09-26T12:08:29.5594796Z     ^[[0m^[[36m│^[[0m ^[[0m^[[33m╰^[[0m^[[0m^[[33m─────────────────────────────────────────────────────────────────┘ lock entries^[[0m
verify	Check licenses	2026-09-26T12:08:29.5594930Z     ^[[0m^[[36m│^[[0m  
verify	Check licenses	2026-09-26T12:08:29.5595088Z     ^[[0m^[[36m├^[[0m sha2 v0.10.9
verify	Check licenses	2026-09-26T12:08:29.5595233Z       ├── quantos-auth v0.1.0
verify	Check licenses	2026-09-26T12:08:29.5595389Z       │   ├── bff-gateway v0.1.0
verify	Check licenses	2026-09-26T12:08:29.5595604Z       │   ├── execution-gateway v0.1.0
verify	Check licenses	2026-09-26T12:08:29.5595787Z       │   ├── quantos-observability v0.1.0
verify	Check licenses	2026-09-26T12:08:29.5595962Z       │   │   ├── capacity-monitor v0.1.0
verify	Check licenses	2026-09-26T12:08:29.5596150Z       │   │   ├── execution-gateway v0.1.0 (*)
verify	Check licenses	2026-09-26T12:08:29.5596317Z       │   │   ├── market-ingestor v0.1.0
verify	Check licenses	2026-09-26T12:08:29.5596495Z       │   │   ├── portfolio-rebuild v0.1.0
verify	Check licenses	2026-09-26T12:08:29.5596658Z       │   │   ├── replay-cli v0.1.0
verify	Check licenses	2026-09-26T12:08:29.5596843Z       │   │   └── runtime-gateway v0.1.0
verify	Check licenses	2026-09-26T12:08:29.5597002Z       │   ├── quantos-runtime v0.1.0
verify	Check licenses	2026-09-26T12:08:29.5597173Z       │   │   ├── quantos-evidence v0.1.0
verify	Check licenses	2026-09-26T12:08:29.5597347Z       │   │   ├── quantos-execution v0.1.0
verify	Check licenses	2026-09-26T12:08:29.5597543Z       │   │   │   ├── execution-gateway v0.1.0 (*)
verify	Check licenses	2026-09-26T12:08:29.5597734Z       │   │   │   ├── quantos-evidence v0.1.0 (*)
verify	Check licenses	2026-09-26T12:08:29.5597912Z       │   │   │   └── quantos-reconcile v0.1.0
verify	Check licenses	2026-09-26T12:08:29.5598107Z       │   │   ├── quantos-observability v0.1.0 (*)
verify	Check licenses	2026-09-26T12:08:29.5598300Z       │   │   └── runtime-gateway v0.1.0 (*)
verify	Check licenses	2026-09-26T12:08:29.5598470Z       │   ├── quantos-strategy v0.1.0
verify	Check licenses	2026-09-26T12:08:29.5598636Z       │   │   └── quantos-risk v0.1.0
verify	Check licenses	2026-09-26T12:08:29.5598821Z       │   │       ├── quantos-evidence v0.1.0 (*)
verify	Check licenses	2026-09-26T12:08:29.5599011Z       │   │       └── quantos-execution v0.1.0 (*)
verify	Check licenses	2026-09-26T12:08:29.5599186Z       │   └── runtime-gateway v0.1.0 (*)
verify	Check licenses	2026-09-26T12:08:29.5599339Z       ├── quantos-core v0.1.0
verify	Check licenses	2026-09-26T12:08:29.5599737Z       │   ├── bff-gateway v0.1.0 (*)
verify	Check licenses	2026-09-26T12:08:29.5599961Z       │   ├── execution-gateway v0.1.0 (*)
verify	Check licenses	2026-09-26T12:08:29.5600293Z       │   ├── market-ingestor v0.1.0 (*)
verify	Check licenses	2026-09-26T12:08:29.5600649Z       │   ├── portfolio-rebuild v0.1.0 (*)
verify	Check licenses	2026-09-26T12:08:29.5600977Z       │   ├── quantos-auth v0.1.0 (*)
verify	Check licenses	2026-09-26T12:08:29.5601207Z       │   ├── quantos-event v0.1.0
verify	Check licenses	2026-09-26T12:08:29.5601396Z       │   │   ├── market-ingestor v0.1.0 (*)
verify	Check licenses	2026-09-26T12:08:29.5601755Z       │   │   ├── quantos-market v0.1.0
verify	Check licenses	2026-09-26T12:08:29.5601947Z       │   │   │   └── market-ingestor v0.1.0 (*)
verify	Check licenses	2026-09-26T12:08:29.5602143Z       │   │   ├── quantos-observability v0.1.0 (*)
verify	Check licenses	2026-09-26T12:08:29.5602307Z       │   │   └── replay-cli v0.1.0 (*)
verify	Check licenses	2026-09-26T12:08:29.5602480Z       │   ├── quantos-evidence v0.1.0 (*)
verify	Check licenses	2026-09-26T12:08:29.5602654Z       │   ├── quantos-execution v0.1.0 (*)
verify	Check licenses	2026-09-26T12:08:29.5602821Z       │   ├── quantos-market v0.1.0 (*)
verify	Check licenses	2026-09-26T12:08:29.5603137Z       │   ├── quantos-observability v0.1.0 (*)
verify	Check licenses	2026-09-26T12:08:29.5603299Z       │   ├── quantos-policy v0.1.0
verify	Check licenses	2026-09-26T12:08:29.5603470Z       │   │   ├── quantos-auth v0.1.0 (*)
verify	Check licenses	2026-09-26T12:08:29.5603667Z       │   │   ├── quantos-observability v0.1.0 (*)
verify	Check licenses	2026-09-26T12:08:29.5603845Z       │   │   ├── quantos-runtime v0.1.0 (*)
verify	Check licenses	2026-09-26T12:08:29.5604027Z       │   │   ├── quantos-strategy v0.1.0 (*)
verify	Check licenses	2026-09-26T12:08:29.5604198Z       │   │   └── runtime-gateway v0.1.0 (*)
verify	Check licenses	2026-09-26T12:08:29.5604387Z       │   ├── quantos-portfolio v0.1.0
verify	Check licenses	2026-09-26T12:08:29.5604569Z       │   │   ├── portfolio-rebuild v0.1.0 (*)
verify	Check licenses	2026-09-26T12:08:29.5604748Z       │   │   ├── quantos-evidence v0.1.0 (*)
verify	Check licenses	2026-09-26T12:08:29.5604924Z       │   │   ├── quantos-reconcile v0.1.0 (*)
verify	Check licenses	2026-09-26T12:08:29.5605093Z       │   │   └── quantos-risk v0.1.0 (*)
verify	Check licenses	2026-09-26T12:08:29.5605265Z       │   ├── quantos-reconcile v0.1.0 (*)
verify	Check licenses	2026-09-26T12:08:29.5605429Z       │   ├── quantos-risk v0.1.0 (*)
verify	Check licenses	2026-09-26T12:08:29.5605686Z       │   ├── quantos-runtime v0.1.0 (*)
verify	Check licenses	2026-09-26T12:08:29.5605995Z       │   ├── quantos-storage v0.1.0
verify	Check licenses	2026-09-26T12:08:29.5606371Z       │   │   ├── (dev) quantos-evidence v0.1.0 (*)
verify	Check licenses	2026-09-26T12:08:29.5606615Z       │   │   ├── (dev) quantos-execution v0.1.0 (*)
verify	Check licenses	2026-09-26T12:08:29.5606815Z       │   │   ├── quantos-observability v0.1.0 (*)
verify	Check licenses	2026-09-26T12:08:29.5606994Z       │   │   ├── quantos-runtime v0.1.0 (*)
verify	Check licenses	2026-09-26T12:08:29.5607169Z       │   │   ├── quantos-strategy v0.1.0 (*)
verify	Check licenses	2026-09-26T12:08:29.5607369Z       │   │   └── runtime-gateway v0.1.0 (*)
verify	Check licenses	2026-09-26T12:08:29.5607540Z       │   ├── quantos-strategy v0.1.0 (*)
verify	Check licenses	2026-09-26T12:08:29.5607703Z       │   ├── quantos-testkit v0.1.0
verify	Check licenses	2026-09-26T12:08:29.5607865Z       │   ├── replay-cli v0.1.0 (*)
verify	Check licenses	2026-09-26T12:08:29.5608030Z       │   └── runtime-gateway v0.1.0 (*)
verify	Check licenses	2026-09-26T12:08:29.5608204Z       ├── quantos-engine-manager v0.1.0
verify	Check licenses	2026-09-26T12:08:29.5608371Z       │   └── quantos-runtime v0.1.0 (*)
verify	Check licenses	2026-09-26T12:08:29.5608556Z       └── (dev) runtime-gateway v0.1.0 (*)
verify	Check licenses	2026-09-26T12:08:29.5608710Z     ^[[0m^[[36m├^[[0m sha2 v0.11.0
verify	Check licenses	2026-09-26T12:08:29.5608881Z       └── postgres-protocol v0.6.12
verify	Check licenses	2026-09-26T12:08:29.5609049Z           ├── postgres-types v0.2.14
verify	Check licenses	2026-09-26T12:08:29.5609221Z           │   └── tokio-postgres v0.7.18
verify	Check licenses	2026-09-26T12:08:29.5609388Z           │       ├── postgres v0.19.14
verify	Check licenses	2026-09-26T12:08:29.5609804Z           │       │   ├── quantos-auth v0.1.0
verify	Check licenses	2026-09-26T12:08:29.5610002Z           │       │   │   ├── bff-gateway v0.1.0
verify	Check licenses	2026-09-26T12:08:29.5610385Z           │       │   │   ├── execution-gateway v0.1.0
verify	Check licenses	2026-09-26T12:08:29.5610608Z           │       │   │   ├── quantos-observability v0.1.0
verify	Check licenses	2026-09-26T12:08:29.5610819Z           │       │   │   │   ├── capacity-monitor v0.1.0
verify	Check licenses	2026-09-26T12:08:29.5611033Z           │       │   │   │   ├── execution-gateway v0.1.0 (*)
verify	Check licenses	2026-09-26T12:08:29.5611237Z           │       │   │   │   ├── market-ingestor v0.1.0
verify	Check licenses	2026-09-26T12:08:29.5611446Z           │       │   │   │   ├── portfolio-rebuild v0.1.0
verify	Check licenses	2026-09-26T12:08:29.5611654Z           │       │   │   │   ├── replay-cli v0.1.0
verify	Check licenses	2026-09-26T12:08:29.5611856Z           │       │   │   │   └── runtime-gateway v0.1.0
verify	Check licenses	2026-09-26T12:08:29.5612044Z           │       │   │   ├── quantos-runtime v0.1.0
verify	Check licenses	2026-09-26T12:08:29.5612248Z           │       │   │   │   ├── quantos-evidence v0.1.0
verify	Check licenses	2026-09-26T12:08:29.5612453Z           │       │   │   │   ├── quantos-execution v0.1.0
verify	Check licenses	2026-09-26T12:08:29.5612685Z           │       │   │   │   │   ├── execution-gateway v0.1.0 (*)
verify	Check licenses	2026-09-26T12:08:29.5612927Z           │       │   │   │   │   ├── quantos-evidence v0.1.0 (*)
verify	Check licenses	2026-09-26T12:08:29.5613141Z           │       │   │   │   │   └── quantos-reconcile v0.1.0
verify	Check licenses	2026-09-26T12:08:29.5613371Z           │       │   │   │   ├── quantos-observability v0.1.0 (*)
verify	Check licenses	2026-09-26T12:08:29.5613586Z           │       │   │   │   └── runtime-gateway v0.1.0 (*)
verify	Check licenses	2026-09-26T12:08:29.5613792Z           │       │   │   ├── quantos-strategy v0.1.0
verify	Check licenses	2026-09-26T12:08:29.5614127Z           │       │   │   │   └── quantos-risk v0.1.0
verify	Check licenses	2026-09-26T12:08:29.5614350Z           │       │   │   │       ├── quantos-evidence v0.1.0 (*)
verify	Check licenses	2026-09-26T12:08:29.5614575Z           │       │   │   │       └── quantos-execution v0.1.0 (*)
verify	Check licenses	2026-09-26T12:08:29.5614779Z           │       │   │   └── runtime-gateway v0.1.0 (*)
verify	Check licenses	2026-09-26T12:08:29.5614967Z           │       │   ├── quantos-event v0.1.0
verify	Check licenses	2026-09-26T12:08:29.5615169Z           │       │   │   ├── market-ingestor v0.1.0 (*)
verify	Check licenses	2026-09-26T12:08:29.5615373Z           │       │   │   ├── quantos-market v0.1.0
verify	Check licenses	2026-09-26T12:08:29.5615587Z           │       │   │   │   └── market-ingestor v0.1.0 (*)
verify	Check licenses	2026-09-26T12:08:29.5615813Z           │       │   │   ├── quantos-observability v0.1.0 (*)
verify	Check licenses	2026-09-26T12:08:29.5616000Z           │       │   │   └── replay-cli v0.1.0 (*)
verify	Check licenses	2026-09-26T12:08:29.5616341Z           │       │   ├── quantos-observability v0.1.0 (*)
verify	Check licenses	2026-09-26T12:08:29.5616550Z           │       │   ├── quantos-portfolio v0.1.0
verify	Check licenses	2026-09-26T12:08:29.5616784Z           │       │   │   ├── portfolio-rebuild v0.1.0 (*)
verify	Check licenses	2026-09-26T12:08:29.5616988Z           │       │   │   ├── quantos-evidence v0.1.0 (*)
verify	Check licenses	2026-09-26T12:08:29.5617193Z           │       │   │   ├── quantos-reconcile v0.1.0 (*)
verify	Check licenses	2026-09-26T12:08:29.5617386Z           │       │   │   └── quantos-risk v0.1.0 (*)
verify	Check licenses	2026-09-26T12:08:29.5617573Z           │       │   ├── quantos-runtime v0.1.0 (*)
verify	Check licenses	2026-09-26T12:08:29.5617761Z           │       │   ├── quantos-storage v0.1.0
verify	Check licenses	2026-09-26T12:08:29.5617999Z           │       │   │   ├── (dev) quantos-evidence v0.1.0 (*)
verify	Check licenses	2026-09-26T12:08:29.5618223Z           │       │   │   ├── (dev) quantos-execution v0.1.0 (*)
verify	Check licenses	2026-09-26T12:08:29.5618442Z           │       │   │   ├── quantos-observability v0.1.0 (*)
verify	Check licenses	2026-09-26T12:08:29.5618637Z           │       │   │   ├── quantos-runtime v0.1.0 (*)
verify	Check licenses	2026-09-26T12:08:29.5618841Z           │       │   │   ├── quantos-strategy v0.1.0 (*)
verify	Check licenses	2026-09-26T12:08:29.5619042Z           │       │   │   └── runtime-gateway v0.1.0 (*)
verify	Check licenses	2026-09-26T12:08:29.5619248Z           │       │   ├── quantos-strategy v0.1.0 (*)
verify	Check licenses	2026-09-26T12:08:29.5619433Z           │       │   ├── replay-cli v0.1.0 (*)
verify	Check licenses	2026-09-26T12:08:29.5619858Z           │       │   └── (dev) runtime-gateway v0.1.0 (*)
verify	Check licenses	2026-09-26T12:08:29.5620058Z           │       ├── postgres-native-tls v0.5.3
verify	Check licenses	2026-09-26T12:08:29.5620247Z           │       │   ├── quantos-auth v0.1.0 (*)
verify	Check licenses	2026-09-26T12:08:29.5620436Z           │       │   ├── quantos-event v0.1.0 (*)
verify	Check licenses	2026-09-26T12:08:29.5620798Z           │       │   ├── quantos-observability v0.1.0 (*)
verify	Check licenses	2026-09-26T12:08:29.5621000Z           │       │   ├── quantos-portfolio v0.1.0 (*)
verify	Check licenses	2026-09-26T12:08:29.5621196Z           │       │   ├── quantos-storage v0.1.0 (*)
verify	Check licenses	2026-09-26T12:08:29.5621389Z           │       │   └── quantos-strategy v0.1.0 (*)
verify	Check licenses	2026-09-26T12:08:29.5621573Z           │       └── postgres-openssl v0.5.3
verify	Check licenses	2026-09-26T12:08:29.5621753Z           │           ├── quantos-auth v0.1.0 (*)
verify	Check licenses	2026-09-26T12:08:29.5622107Z           │           ├── quantos-runtime v0.1.0 (*)
verify	Check licenses	2026-09-26T12:08:29.5622320Z           │           └── (dev) runtime-gateway v0.1.0 (*)
verify	Check licenses	2026-09-26T12:08:29.5622494Z           └── tokio-postgres v0.7.18 (*)
verify	Check licenses	2026-09-26T12:08:29.5622504Z 
verify	Check licenses	2026-09-26T12:08:29.5622940Z ^[[0m^[[1m^[[38;5;11mwarning[duplicate]^[[0m^[[1m: found 2 duplicate entries for crate 'socket2'^[[0m
verify	Check licenses	2026-09-26T12:08:29.5623457Z     ^[[0m^[[36m┌─^[[0m /home/runner/work/QuantOS/QuantOS/Cargo.lock:230:1
verify	Check licenses	2026-09-26T12:08:29.5623715Z     ^[[0m^[[36m│^[[0m  
verify	Check licenses	2026-09-26T12:08:29.5624578Z ^[[0m^[[36m230^[[0m ^[[0m^[[36m│^[[0m ^[[0m^[[33m╭^[[0m ^[[0m^[[33msocket2 0.5.10 registry+https://github.com/rust-lang/crates.io-index^[[0m
verify	Check licenses	2026-09-26T12:08:29.5625152Z ^[[0m^[[36m231^[[0m ^[[0m^[[36m│^[[0m ^[[0m^[[33m│^[[0m ^[[0m^[[33msocket2 0.6.5 registry+https://github.com/rust-lang/crates.io-index^[[0m
verify	Check licenses	2026-09-26T12:08:29.5625607Z     ^[[0m^[[36m│^[[0m ^[[0m^[[33m╰^[[0m^[[0m^[[33m───────────────────────────────────────────────────────────────────┘ lock entries^[[0m
verify	Check licenses	2026-09-26T12:08:29.5625749Z     ^[[0m^[[36m│^[[0m  
verify	Check licenses	2026-09-26T12:08:29.5625911Z     ^[[0m^[[36m├^[[0m socket2 v0.5.10
verify	Check licenses	2026-09-26T12:08:29.5626045Z       └── tonic v0.12.3
verify	Check licenses	2026-09-26T12:08:29.5626236Z           ├── quantos-engine-manager v0.1.0
verify	Check licenses	2026-09-26T12:08:29.5626410Z           │   └── quantos-runtime v0.1.0
verify	Check licenses	2026-09-26T12:08:29.5626593Z           │       ├── quantos-evidence v0.1.0
verify	Check licenses	2026-09-26T12:08:29.5626772Z           │       ├── quantos-execution v0.1.0
verify	Check licenses	2026-09-26T12:08:29.5626966Z           │       │   ├── execution-gateway v0.1.0
verify	Check licenses	2026-09-26T12:08:29.5627182Z           │       │   ├── quantos-evidence v0.1.0 (*)
verify	Check licenses	2026-09-26T12:08:29.5627371Z           │       │   └── quantos-reconcile v0.1.0
verify	Check licenses	2026-09-26T12:08:29.5627558Z           │       ├── quantos-observability v0.1.0
verify	Check licenses	2026-09-26T12:08:29.5627747Z           │       │   ├── capacity-monitor v0.1.0
verify	Check licenses	2026-09-26T12:08:29.5627950Z           │       │   ├── execution-gateway v0.1.0 (*)
verify	Check licenses	2026-09-26T12:08:29.5628137Z           │       │   ├── market-ingestor v0.1.0
verify	Check licenses	2026-09-26T12:08:29.5628340Z           │       │   ├── portfolio-rebuild v0.1.0
verify	Check licenses	2026-09-26T12:08:29.5628510Z           │       │   ├── replay-cli v0.1.0
verify	Check licenses	2026-09-26T12:08:29.5628695Z           │       │   └── runtime-gateway v0.1.0
verify	Check licenses	2026-09-26T12:08:29.5628880Z           │       └── runtime-gateway v0.1.0 (*)
verify	Check licenses	2026-09-26T12:08:29.5629045Z           └── quantos-proto v0.1.0
verify	Check licenses	2026-09-26T12:08:29.5629247Z               ├── quantos-engine-manager v0.1.0 (*)
verify	Check licenses	2026-09-26T12:08:29.5629423Z               └── quantos-runtime v0.1.0 (*)
verify	Check licenses	2026-09-26T12:08:29.5630061Z     ^[[0m^[[36m├^[[0m socket2 v0.6.5
verify	Check licenses	2026-09-26T12:08:29.5630219Z       ├── hyper-util v0.1.20
verify	Check licenses	2026-09-26T12:08:29.5630353Z       │   ├── axum v0.7.9
verify	Check licenses	2026-09-26T12:08:29.5630525Z       │   │   ├── bff-gateway v0.1.0
verify	Check licenses	2026-09-26T12:08:29.5630701Z       │   │   ├── runtime-gateway v0.1.0
verify	Check licenses	2026-09-26T12:08:29.5630857Z       │   │   └── tonic v0.12.3
verify	Check licenses	2026-09-26T12:08:29.5631064Z       │   │       ├── quantos-engine-manager v0.1.0
verify	Check licenses	2026-09-26T12:08:29.5631255Z       │   │       │   └── quantos-runtime v0.1.0
verify	Check licenses	2026-09-26T12:08:29.5631477Z       │   │       │       ├── quantos-evidence v0.1.0
verify	Check licenses	2026-09-26T12:08:29.5631686Z       │   │       │       ├── quantos-execution v0.1.0
verify	Check licenses	2026-09-26T12:08:29.5631899Z       │   │       │       │   ├── execution-gateway v0.1.0
verify	Check licenses	2026-09-26T12:08:29.5632121Z       │   │       │       │   ├── quantos-evidence v0.1.0 (*)
verify	Check licenses	2026-09-26T12:08:29.5632326Z       │   │       │       │   └── quantos-reconcile v0.1.0
verify	Check licenses	2026-09-26T12:08:29.5632529Z       │   │       │       ├── quantos-observability v0.1.0
verify	Check licenses	2026-09-26T12:08:29.5632760Z       │   │       │       │   ├── capacity-monitor v0.1.0
verify	Check licenses	2026-09-26T12:08:29.5632978Z       │   │       │       │   ├── execution-gateway v0.1.0 (*)
verify	Check licenses	2026-09-26T12:08:29.5633179Z       │   │       │       │   ├── market-ingestor v0.1.0
verify	Check licenses	2026-09-26T12:08:29.5633397Z       │   │       │       │   ├── portfolio-rebuild v0.1.0
verify	Check licenses	2026-09-26T12:08:29.5633584Z       │   │       │       │   ├── replay-cli v0.1.0
verify	Check licenses	2026-09-26T12:08:29.5633798Z       │   │       │       │   └── runtime-gateway v0.1.0 (*)
verify	Check licenses	2026-09-26T12:08:29.5634136Z       │   │       │       └── runtime-gateway v0.1.0 (*)
verify	Check licenses	2026-09-26T12:08:29.5634317Z       │   │       └── quantos-proto v0.1.0
verify	Check licenses	2026-09-26T12:08:29.5634556Z       │   │           ├── quantos-engine-manager v0.1.0 (*)
verify	Check licenses	2026-09-26T12:08:29.5634751Z       │   │           └── quantos-runtime v0.1.0 (*)
verify	Check licenses	2026-09-26T12:08:29.5634916Z       │   ├── hyper-rustls v0.27.9
verify	Check licenses	2026-09-26T12:08:29.5635074Z       │   │   └── reqwest v0.13.4
verify	Check licenses	2026-09-26T12:08:29.5635246Z       │   │       ├── quantos-auth v0.1.0
verify	Check licenses	2026-09-26T12:08:29.5635445Z       │   │       │   ├── bff-gateway v0.1.0 (*)
verify	Check licenses	2026-09-26T12:08:29.5643760Z       │   │       │   ├── execution-gateway v0.1.0 (*)
verify	Check licenses	2026-09-26T12:08:29.5644132Z       │   │       │   ├── quantos-observability v0.1.0 (*)
verify	Check licenses	2026-09-26T12:08:29.5644351Z       │   │       │   ├── quantos-runtime v0.1.0 (*)
verify	Check licenses	2026-09-26T12:08:29.5644653Z       │   │       │   ├── quantos-strategy v0.1.0
verify	Check licenses	2026-09-26T12:08:29.5644961Z       │   │       │   │   └── quantos-risk v0.1.0
verify	Check licenses	2026-09-26T12:08:29.5645379Z       │   │       │   │       ├── quantos-evidence v0.1.0 (*)
verify	Check licenses	2026-09-26T12:08:29.5645620Z       │   │       │   │       └── quantos-execution v0.1.0 (*)
verify	Check licenses	2026-09-26T12:08:29.5645828Z       │   │       │   └── runtime-gateway v0.1.0 (*)
verify	Check licenses	2026-09-26T12:08:29.5646012Z       │   │       └── quantos-storage v0.1.0
verify	Check licenses	2026-09-26T12:08:29.5646228Z       │   │           ├── (dev) quantos-evidence v0.1.0 (*)
verify	Check licenses	2026-09-26T12:08:29.5646450Z       │   │           ├── (dev) quantos-execution v0.1.0 (*)
verify	Check licenses	2026-09-26T12:08:29.5646683Z       │   │           ├── quantos-observability v0.1.0 (*)
verify	Check licenses	2026-09-26T12:08:29.5646872Z       │   │           ├── quantos-runtime v0.1.0 (*)
verify	Check licenses	2026-09-26T12:08:29.5647071Z       │   │           ├── quantos-strategy v0.1.0 (*)
verify	Check licenses	2026-09-26T12:08:29.5647261Z       │   │           └── runtime-gateway v0.1.0 (*)
verify	Check licenses	2026-09-26T12:08:29.5647430Z       │   ├── hyper-timeout v0.5.2
verify	Check licenses	2026-09-26T12:08:29.5647591Z       │   │   └── tonic v0.12.3 (*)
verify	Check licenses	2026-09-26T12:08:29.5647796Z       │   ├── quantos-engine-manager v0.1.0 (*)
verify	Check licenses	2026-09-26T12:08:29.5647955Z       │   ├── reqwest v0.13.4 (*)
verify	Check licenses	2026-09-26T12:08:29.5648107Z       │   └── tonic v0.12.3 (*)
verify	Check licenses	2026-09-26T12:08:29.5648234Z       ├── tokio v1.53.1
verify	Check licenses	2026-09-26T12:08:29.5648412Z       │   ├── axum v0.7.9 (*)
verify	Check licenses	2026-09-26T12:08:29.5648711Z       │   ├── bff-gateway v0.1.0 (*)
verify	Check licenses	2026-09-26T12:08:29.5648958Z       │   ├── h2 v0.4.16
verify	Check licenses	2026-09-26T12:08:29.5649245Z       │   │   ├── hyper v1.11.0
verify	Check licenses	2026-09-26T12:08:29.5649772Z       │   │   │   ├── axum v0.7.9 (*)
verify	Check licenses	2026-09-26T12:08:29.5650279Z       │   │   │   ├── hyper-rustls v0.27.9 (*)
verify	Check licenses	2026-09-26T12:08:29.5650476Z       │   │   │   ├── hyper-timeout v0.5.2 (*)
verify	Check licenses	2026-09-26T12:08:29.5650658Z       │   │   │   ├── hyper-util v0.1.20 (*)
verify	Check licenses	2026-09-26T12:08:29.5650826Z       │   │   │   ├── reqwest v0.13.4 (*)
verify	Check licenses	2026-09-26T12:08:29.5650990Z       │   │   │   └── tonic v0.12.3 (*)
verify	Check licenses	2026-09-26T12:08:29.5651141Z       │   │   └── tonic v0.12.3 (*)
verify	Check licenses	2026-09-26T12:08:29.5651294Z       │   ├── hyper v1.11.0 (*)
verify	Check licenses	2026-09-26T12:08:29.5651597Z       │   ├── hyper-rustls v0.27.9 (*)
verify	Check licenses	2026-09-26T12:08:29.5651767Z       │   ├── hyper-timeout v0.5.2 (*)
verify	Check licenses	2026-09-26T12:08:29.5651927Z       │   ├── hyper-util v0.1.20 (*)
verify	Check licenses	2026-09-26T12:08:29.5652076Z       │   ├── postgres v0.19.14
verify	Check licenses	2026-09-26T12:08:29.5652247Z       │   │   ├── quantos-auth v0.1.0 (*)
verify	Check licenses	2026-09-26T12:08:29.5652410Z       │   │   ├── quantos-event v0.1.0
verify	Check licenses	2026-09-26T12:08:29.5652597Z       │   │   │   ├── market-ingestor v0.1.0 (*)
verify	Check licenses	2026-09-26T12:08:29.5652767Z       │   │   │   ├── quantos-market v0.1.0
verify	Check licenses	2026-09-26T12:08:29.5652981Z       │   │   │   │   └── market-ingestor v0.1.0 (*)
verify	Check licenses	2026-09-26T12:08:29.5653187Z       │   │   │   ├── quantos-observability v0.1.0 (*)
verify	Check licenses	2026-09-26T12:08:29.5653357Z       │   │   │   └── replay-cli v0.1.0 (*)
verify	Check licenses	2026-09-26T12:08:29.5653554Z       │   │   ├── quantos-observability v0.1.0 (*)
verify	Check licenses	2026-09-26T12:08:29.5653727Z       │   │   ├── quantos-portfolio v0.1.0
verify	Check licenses	2026-09-26T12:08:29.5653935Z       │   │   │   ├── portfolio-rebuild v0.1.0 (*)
verify	Check licenses	2026-09-26T12:08:29.5654143Z       │   │   │   ├── quantos-evidence v0.1.0 (*)
verify	Check licenses	2026-09-26T12:08:29.5654331Z       │   │   │   ├── quantos-reconcile v0.1.0 (*)
verify	Check licenses	2026-09-26T12:08:29.5654508Z       │   │   │   └── quantos-risk v0.1.0 (*)
verify	Check licenses	2026-09-26T12:08:29.5654678Z       │   │   ├── quantos-runtime v0.1.0 (*)
verify	Check licenses	2026-09-26T12:08:29.5654852Z       │   │   ├── quantos-storage v0.1.0 (*)
verify	Check licenses	2026-09-26T12:08:29.5655029Z       │   │   ├── quantos-strategy v0.1.0 (*)
verify	Check licenses	2026-09-26T12:08:29.5655197Z       │   │   ├── replay-cli v0.1.0 (*)
verify	Check licenses	2026-09-26T12:08:29.5655402Z       │   │   └── (dev) runtime-gateway v0.1.0 (*)
verify	Check licenses	2026-09-26T12:08:29.5655576Z       │   ├── postgres-native-tls v0.5.3
verify	Check licenses	2026-09-26T12:08:29.5655746Z       │   │   ├── quantos-auth v0.1.0 (*)
verify	Check licenses	2026-09-26T12:08:29.5655917Z       │   │   ├── quantos-event v0.1.0 (*)
verify	Check licenses	2026-09-26T12:08:29.5656107Z       │   │   ├── quantos-observability v0.1.0 (*)
verify	Check licenses	2026-09-26T12:08:29.5656285Z       │   │   ├── quantos-portfolio v0.1.0 (*)
verify	Check licenses	2026-09-26T12:08:29.5656457Z       │   │   ├── quantos-storage v0.1.0 (*)
verify	Check licenses	2026-09-26T12:08:29.5656648Z       │   │   └── quantos-strategy v0.1.0 (*)
verify	Check licenses	2026-09-26T12:08:29.5656818Z       │   ├── postgres-openssl v0.5.3
verify	Check licenses	2026-09-26T12:08:29.5656983Z       │   │   ├── quantos-auth v0.1.0 (*)
verify	Check licenses	2026-09-26T12:08:29.5657152Z       │   │   ├── quantos-runtime v0.1.0 (*)
verify	Check licenses	2026-09-26T12:08:29.5657342Z       │   │   └── (dev) runtime-gateway v0.1.0 (*)
verify	Check licenses	2026-09-26T12:08:29.5657530Z       │   ├── quantos-engine-manager v0.1.0 (*)
verify	Check licenses	2026-09-26T12:08:29.5657695Z       │   ├── quantos-runtime v0.1.0 (*)
verify	Check licenses	2026-09-26T12:08:29.5657960Z       │   ├── reqwest v0.13.4 (*)
verify	Check licenses	2026-09-26T12:08:29.5658127Z       │   ├── runtime-gateway v0.1.0 (*)
verify	Check licenses	2026-09-26T12:08:29.5658298Z       │   ├── tokio-native-tls v0.3.1
verify	Check licenses	2026-09-26T12:08:29.5658487Z       │   │   └── postgres-native-tls v0.5.3 (*)
verify	Check licenses	2026-09-26T12:08:29.5658648Z       │   ├── tokio-openssl v0.6.5
verify	Check licenses	2026-09-26T12:08:29.5658827Z       │   │   └── postgres-openssl v0.5.3 (*)
verify	Check licenses	2026-09-26T12:08:29.5658985Z       │   ├── tokio-postgres v0.7.18
verify	Check licenses	2026-09-26T12:08:29.5659166Z       │   │   ├── postgres v0.19.14 (*)
verify	Check licenses	2026-09-26T12:08:29.5659353Z       │   │   ├── postgres-native-tls v0.5.3 (*)
verify	Check licenses	2026-09-26T12:08:29.5659760Z       │   │   └── postgres-openssl v0.5.3 (*)
verify	Check licenses	2026-09-26T12:08:29.5659934Z       │   ├── tokio-rustls v0.26.4
verify	Check licenses	2026-09-26T12:08:29.5660108Z       │   │   ├── hyper-rustls v0.27.9 (*)
verify	Check licenses	2026-09-26T12:08:29.5660269Z       │   │   └── reqwest v0.13.4 (*)
verify	Check licenses	2026-09-26T12:08:29.5660425Z       │   ├── tokio-stream v0.1.19
verify	Check licenses	2026-09-26T12:08:29.5660641Z       │   │   ├── quantos-engine-manager v0.1.0 (*)
verify	Check licenses	2026-09-26T12:08:29.5660793Z       │   │   └── tonic v0.12.3 (*)
verify	Check licenses	2026-09-26T12:08:29.5660949Z       │   ├── tokio-util v0.7.19
verify	Check licenses	2026-09-26T12:08:29.5661099Z       │   │   ├── h2 v0.4.16 (*)
verify	Check licenses	2026-09-26T12:08:29.5661282Z       │   │   ├── tokio-postgres v0.7.18 (*)
verify	Check licenses	2026-09-26T12:08:29.5661428Z       │   │   └── tower v0.4.13
verify	Check licenses	2026-09-26T12:08:29.5661589Z       │   │       └── tonic v0.12.3 (*)
verify	Check licenses	2026-09-26T12:08:29.5661738Z       │   ├── tonic v0.12.3 (*)
verify	Check licenses	2026-09-26T12:08:29.5662250Z       │   ├── tower v0.4.13 (*)
verify	Check licenses	2026-09-26T12:08:29.5662498Z       │   └── tower v0.5.3
verify	Check licenses	2026-09-26T12:08:29.5662752Z       │       ├── axum v0.7.9 (*)
verify	Check licenses	2026-09-26T12:08:29.5662931Z       │       ├── bff-gateway v0.1.0 (*)
verify	Check licenses	2026-09-26T12:08:29.5663134Z       │       ├── quantos-engine-manager v0.1.0 (*)
verify	Check licenses	2026-09-26T12:08:29.5663296Z       │       ├── reqwest v0.13.4 (*)
verify	Check licenses	2026-09-26T12:08:29.5663454Z       │       └── tower-http v0.6.11
verify	Check licenses	2026-09-26T12:08:29.5663623Z       │           ├── bff-gateway v0.1.0 (*)
verify	Check licenses	2026-09-26T12:08:29.5663815Z       │           ├── reqwest v0.13.4 (*)
verify	Check licenses	2026-09-26T12:08:29.5663997Z       │           └── runtime-gateway v0.1.0 (*)
verify	Check licenses	2026-09-26T12:08:29.5664158Z       └── tokio-postgres v0.7.18 (*)
verify	Check licenses	2026-09-26T12:08:29.5664169Z 
verify	Check licenses	2026-09-26T12:08:29.5664594Z ^[[0m^[[1m^[[38;5;11mwarning[duplicate]^[[0m^[[1m: found 2 duplicate entries for crate 'syn'^[[0m
verify	Check licenses	2026-09-26T12:08:29.5664894Z     ^[[0m^[[36m┌─^[[0m /home/runner/work/QuantOS/QuantOS/Cargo.lock:236:1
verify	Check licenses	2026-09-26T12:08:29.5665064Z     ^[[0m^[[36m│^[[0m  
verify	Check licenses	2026-09-26T12:08:29.5665891Z ^[[0m^[[36m236^[[0m ^[[0m^[[36m│^[[0m ^[[0m^[[33m╭^[[0m ^[[0m^[[33msyn 2.0.119 registry+https://github.com/rust-lang/crates.io-index^[[0m
verify	Check licenses	2026-09-26T12:08:29.5666461Z ^[[0m^[[36m237^[[0m ^[[0m^[[36m│^[[0m ^[[0m^[[33m│^[[0m ^[[0m^[[33msyn 3.0.3 registry+https://github.com/rust-lang/crates.io-index^[[0m
verify	Check licenses	2026-09-26T12:08:29.5667104Z     ^[[0m^[[36m│^[[0m ^[[0m^[[33m╰^[[0m^[[0m^[[33m───────────────────────────────────────────────────────────────┘ lock entries^[[0m
verify	Check licenses	2026-09-26T12:08:29.5667365Z     ^[[0m^[[36m│^[[0m  
verify	Check licenses	2026-09-26T12:08:29.5667556Z     ^[[0m^[[36m├^[[0m syn v2.0.119
verify	Check licenses	2026-09-26T12:08:29.5667730Z       ├── async-stream-impl v0.3.6
verify	Check licenses	2026-09-26T12:08:29.5667893Z       │   └── async-stream v0.3.6
verify	Check licenses	2026-09-26T12:08:29.5668042Z       │       └── tonic v0.12.3
verify	Check licenses	2026-09-26T12:08:29.5668247Z       │           ├── quantos-engine-manager v0.1.0
verify	Check licenses	2026-09-26T12:08:29.5668442Z       │           │   └── quantos-runtime v0.1.0
verify	Check licenses	2026-09-26T12:08:29.5668646Z       │           │       ├── quantos-evidence v0.1.0
verify	Check licenses	2026-09-26T12:08:29.5668868Z       │           │       ├── quantos-execution v0.1.0
verify	Check licenses	2026-09-26T12:08:29.5669079Z       │           │       │   ├── execution-gateway v0.1.0
verify	Check licenses	2026-09-26T12:08:29.5669292Z       │           │       │   ├── quantos-evidence v0.1.0 (*)
verify	Check licenses	2026-09-26T12:08:29.5669813Z       │           │       │   └── quantos-reconcile v0.1.0
verify	Check licenses	2026-09-26T12:08:29.5670114Z       │           │       ├── quantos-observability v0.1.0
verify	Check licenses	2026-09-26T12:08:29.5670328Z       │           │       │   ├── capacity-monitor v0.1.0
verify	Check licenses	2026-09-26T12:08:29.5670778Z       │           │       │   ├── execution-gateway v0.1.0 (*)
verify	Check licenses	2026-09-26T12:08:29.5670984Z       │           │       │   ├── market-ingestor v0.1.0
verify	Check licenses	2026-09-26T12:08:29.5671196Z       │           │       │   ├── portfolio-rebuild v0.1.0
verify	Check licenses	2026-09-26T12:08:29.5671390Z       │           │       │   ├── replay-cli v0.1.0
verify	Check licenses	2026-09-26T12:08:29.5671595Z       │           │       │   └── runtime-gateway v0.1.0
verify	Check licenses	2026-09-26T12:08:29.5671796Z       │           │       └── runtime-gateway v0.1.0 (*)
verify	Check licenses	2026-09-26T12:08:29.5672104Z       │           └── quantos-proto v0.1.0
verify	Check licenses	2026-09-26T12:08:29.5672325Z       │               ├── quantos-engine-manager v0.1.0 (*)
verify	Check licenses	2026-09-26T12:08:29.5672526Z       │               └── quantos-runtime v0.1.0 (*)
verify	Check licenses	2026-09-26T12:08:29.5672666Z       ├── displaydoc v0.2.6
verify	Check licenses	2026-09-26T12:08:29.5672831Z       │   ├── icu_collections v2.2.0
verify	Check licenses	2026-09-26T12:08:29.5672992Z       │   │   ├── icu_normalizer v2.2.0
verify	Check licenses	2026-09-26T12:08:29.5673163Z       │   │   │   └── idna_adapter v1.2.2
verify	Check licenses	2026-09-26T12:08:29.5673337Z       │   │   │       └── idna v1.1.0
verify	Check licenses	2026-09-26T12:08:29.5673500Z       │   │   │           └── url v2.5.8
verify	Check licenses	2026-09-26T12:08:29.5673690Z       │   │   │               ├── quantos-auth v0.1.0
verify	Check licenses	2026-09-26T12:08:29.5673886Z       │   │   │               │   ├── bff-gateway v0.1.0
verify	Check licenses	2026-09-26T12:08:29.5674117Z       │   │   │               │   ├── execution-gateway v0.1.0 (*)
verify	Check licenses	2026-09-26T12:08:29.5674357Z       │   │   │               │   ├── quantos-observability v0.1.0 (*)
verify	Check licenses	2026-09-26T12:08:29.5674596Z       │   │   │               │   ├── quantos-runtime v0.1.0 (*)
verify	Check licenses	2026-09-26T12:08:29.5674808Z       │   │   │               │   ├── quantos-strategy v0.1.0
verify	Check licenses	2026-09-26T12:08:29.5675010Z       │   │   │               │   │   └── quantos-risk v0.1.0
verify	Check licenses	2026-09-26T12:08:29.5675257Z       │   │   │               │   │       ├── quantos-evidence v0.1.0 (*)
verify	Check licenses	2026-09-26T12:08:29.5675499Z       │   │   │               │   │       └── quantos-execution v0.1.0 (*)
verify	Check licenses	2026-09-26T12:08:29.5675737Z       │   │   │               │   └── runtime-gateway v0.1.0 (*)
verify	Check licenses	2026-09-26T12:08:29.5675970Z       │   │   │               ├── quantos-event v0.1.0
verify	Check licenses	2026-09-26T12:08:29.5676386Z       │   │   │               │   ├── market-ingestor v0.1.0 (*)
verify	Check licenses	2026-09-26T12:08:29.5676764Z       │   │   │               │   ├── quantos-market v0.1.0
verify	Check licenses	2026-09-26T12:08:29.5677014Z       │   │   │               │   │   └── market-ingestor v0.1.0 (*)
verify	Check licenses	2026-09-26T12:08:29.5677381Z       │   │   │               │   ├── quantos-observability v0.1.0 (*)
verify	Check licenses	2026-09-26T12:08:29.5677810Z       │   │   │               │   └── replay-cli v0.1.0 (*)
verify	Check licenses	2026-09-26T12:08:29.5678061Z       │   │   │               ├── quantos-observability v0.1.0 (*)
verify	Check licenses	2026-09-26T12:08:29.5678272Z       │   │   │               ├── quantos-portfolio v0.1.0
verify	Check licenses	2026-09-26T12:08:29.5678495Z       │   │   │               │   ├── portfolio-rebuild v0.1.0 (*)
verify	Check licenses	2026-09-26T12:08:29.5678715Z       │   │   │               │   ├── quantos-evidence v0.1.0 (*)
verify	Check licenses	2026-09-26T12:08:29.5679069Z       │   │   │               │   ├── quantos-reconcile v0.1.0 (*)
verify	Check licenses	2026-09-26T12:08:29.5679274Z       │   │   │               │   └── quantos-risk v0.1.0 (*)
verify	Check licenses	2026-09-26T12:08:29.5679769Z       │   │   │               ├── quantos-runtime v0.1.0 (*)
verify	Check licenses	2026-09-26T12:08:29.5680065Z       │   │   │               ├── quantos-storage v0.1.0
verify	Check licenses	2026-09-26T12:08:29.5680315Z       │   │   │               │   ├── (dev) quantos-evidence v0.1.0 (*)
verify	Check licenses	2026-09-26T12:08:29.5680558Z       │   │   │               │   ├── (dev) quantos-execution v0.1.0 (*)
verify	Check licenses	2026-09-26T12:08:29.5680802Z       │   │   │               │   ├── quantos-observability v0.1.0 (*)
verify	Check licenses	2026-09-26T12:08:29.5681022Z       │   │   │               │   ├── quantos-runtime v0.1.0 (*)
verify	Check licenses	2026-09-26T12:08:29.5681246Z       │   │   │               │   ├── quantos-strategy v0.1.0 (*)
verify	Check licenses	2026-09-26T12:08:29.5681460Z       │   │   │               │   └── runtime-gateway v0.1.0 (*)
verify	Check licenses	2026-09-26T12:08:29.5681669Z       │   │   │               ├── quantos-strategy v0.1.0 (*)
verify	Check licenses	2026-09-26T12:08:29.5681862Z       │   │   │               ├── reqwest v0.13.4
verify	Check licenses	2026-09-26T12:08:29.5682064Z       │   │   │               │   ├── quantos-auth v0.1.0 (*)
verify	Check licenses	2026-09-26T12:08:29.5682274Z       │   │   │               │   └── quantos-storage v0.1.0 (*)
verify	Check licenses	2026-09-26T12:08:29.5682496Z       │   │   │               ├── (dev) runtime-gateway v0.1.0 (*)
verify	Check licenses	2026-09-26T12:08:29.5682690Z       │   │   │               └── tower-http v0.6.11
verify	Check licenses	2026-09-26T12:08:29.5682888Z       │   │   │                   ├── bff-gateway v0.1.0 (*)
verify	Check licenses	2026-09-26T12:08:29.5683252Z       │   │   │                   ├── reqwest v0.13.4 (*)
verify	Check licenses	2026-09-26T12:08:29.5683466Z       │   │   │                   └── runtime-gateway v0.1.0 (*)
verify	Check licenses	2026-09-26T12:08:29.5683636Z       │   │   └── icu_properties v2.2.0
verify	Check licenses	2026-09-26T12:08:29.5683816Z       │   │       └── idna_adapter v1.2.2 (*)
verify	Check licenses	2026-09-26T12:08:29.5683972Z       │   ├── icu_locale_core v2.2.0
verify	Check licenses	2026-09-26T12:08:29.5684149Z       │   │   ├── icu_properties v2.2.0 (*)
verify	Check licenses	2026-09-26T12:08:29.5684316Z       │   │   └── icu_provider v2.2.0
verify	Check licenses	2026-09-26T12:08:29.5684517Z       │   │       ├── icu_normalizer v2.2.0 (*)
verify	Check licenses	2026-09-26T12:08:29.5684695Z       │   │       └── icu_properties v2.2.0 (*)
verify	Check licenses	2026-09-26T12:08:29.5684852Z       │   ├── icu_provider v2.2.0 (*)
verify	Check licenses	2026-09-26T12:08:29.5684989Z       │   ├── tinystr v0.8.3
verify	Check licenses	2026-09-26T12:08:29.5685165Z       │   │   └── icu_locale_core v2.2.0 (*)
verify	Check licenses	2026-09-26T12:08:29.5685301Z       │   └── zerotrie v0.2.4
verify	Check licenses	2026-09-26T12:08:29.5685473Z       │       ├── icu_properties v2.2.0 (*)
verify	Check licenses	2026-09-26T12:08:29.5685650Z       │       └── icu_provider v2.2.0 (*)
verify	Check licenses	2026-09-26T12:08:29.5685806Z       ├── futures-macro v0.3.33
verify	Check licenses	2026-09-26T12:08:29.5685963Z       │   └── futures-util v0.3.33
verify	Check licenses	2026-09-26T12:08:29.5686091Z       │       ├── axum v0.7.9
verify	Check licenses	2026-09-26T12:08:29.5686262Z       │       │   ├── bff-gateway v0.1.0 (*)
verify	Check licenses	2026-09-26T12:08:29.5686448Z       │       │   ├── runtime-gateway v0.1.0 (*)
verify	Check licenses	2026-09-26T12:08:29.5686610Z       │       │   └── tonic v0.12.3 (*)
verify	Check licenses	2026-09-26T12:08:29.5686776Z       │       ├── axum-core v0.4.5
verify	Check licenses	2026-09-26T12:08:29.5686934Z       │       │   └── axum v0.7.9 (*)
verify	Check licenses	2026-09-26T12:08:29.5687087Z       │       ├── hyper-util v0.1.20
verify	Check licenses	2026-09-26T12:08:29.5687246Z       │       │   ├── axum v0.7.9 (*)
verify	Check licenses	2026-09-26T12:08:29.5687419Z       │       │   ├── hyper-rustls v0.27.9
verify	Check licenses	2026-09-26T12:08:29.5687600Z       │       │   │   └── reqwest v0.13.4 (*)
verify	Check licenses	2026-09-26T12:08:29.5687770Z       │       │   ├── hyper-timeout v0.5.2
verify	Check licenses	2026-09-26T12:08:29.5687931Z       │       │   │   └── tonic v0.12.3 (*)
verify	Check licenses	2026-09-26T12:08:29.5688154Z       │       │   ├── quantos-engine-manager v0.1.0 (*)
verify	Check licenses	2026-09-26T12:08:29.5688319Z       │       │   ├── reqwest v0.13.4 (*)
verify	Check licenses	2026-09-26T12:08:29.5688548Z       │       │   └── tonic v0.12.3 (*)
verify	Check licenses	2026-09-26T12:08:29.5688841Z       │       ├── js-sys v0.3.103
verify	Check licenses	2026-09-26T12:08:29.5689144Z       │       │   ├── chrono v0.4.45
verify	Check licenses	2026-09-26T12:08:29.5689727Z       │       │   │   ├── bff-gateway v0.1.0 (*)
verify	Check licenses	2026-09-26T12:08:29.5690222Z       │       │   │   ├── capacity-monitor v0.1.0 (*)
verify	Check licenses	2026-09-26T12:08:29.5690835Z       │       │   │   ├── execution-gateway v0.1.0 (*)
verify	Check licenses	2026-09-26T12:08:29.5691031Z       │       │   │   ├── pbjson-types v0.7.0
verify	Check licenses	2026-09-26T12:08:29.5691282Z       │       │   │   │   ├── (dev) quantos-engine-manager v0.1.0 (*)
verify	Check licenses	2026-09-26T12:08:29.5691485Z       │       │   │   │   ├── quantos-proto v0.1.0 (*)
verify	Check licenses	2026-09-26T12:08:29.5691691Z       │       │   │   │   └── quantos-runtime v0.1.0 (*)
verify	Check licenses	2026-09-26T12:08:29.5691880Z       │       │   │   ├── postgres-types v0.2.14
verify	Check licenses	2026-09-26T12:08:29.5692222Z       │       │   │   │   └── tokio-postgres v0.7.18
verify	Check licenses	2026-09-26T12:08:29.5692412Z       │       │   │   │       ├── postgres v0.19.14
verify	Check licenses	2026-09-26T12:08:29.5692626Z       │       │   │   │       │   ├── quantos-auth v0.1.0 (*)
verify	Check licenses	2026-09-26T12:08:29.5692843Z       │       │   │   │       │   ├── quantos-event v0.1.0 (*)
verify	Check licenses	2026-09-26T12:08:29.5693078Z       │       │   │   │       │   ├── quantos-observability v0.1.0 (*)
verify	Check licenses	2026-09-26T12:08:29.5693302Z       │       │   │   │       │   ├── quantos-portfolio v0.1.0 (*)
verify	Check licenses	2026-09-26T12:08:29.5693537Z       │       │   │   │       │   ├── quantos-runtime v0.1.0 (*)
verify	Check licenses	2026-09-26T12:08:29.5693751Z       │       │   │   │       │   ├── quantos-storage v0.1.0 (*)
verify	Check licenses	2026-09-26T12:08:29.5693973Z       │       │   │   │       │   ├── quantos-strategy v0.1.0 (*)
verify	Check licenses	2026-09-26T12:08:29.5694180Z       │       │   │   │       │   ├── replay-cli v0.1.0 (*)
verify	Check licenses	2026-09-26T12:08:29.5694585Z       │       │   │   │       │   └── (dev) runtime-gateway v0.1.0 (*)
verify	Check licenses	2026-09-26T12:08:29.5694985Z       │       │   │   │       ├── postgres-native-tls v0.5.3
verify	Check licenses	2026-09-26T12:08:29.5695305Z       │       │   │   │       │   ├── quantos-auth v0.1.0 (*)
verify	Check licenses	2026-09-26T12:08:29.5695666Z       │       │   │   │       │   ├── quantos-event v0.1.0 (*)
verify	Check licenses	2026-09-26T12:08:29.5695912Z       │       │   │   │       │   ├── quantos-observability v0.1.0 (*)
verify	Check licenses	2026-09-26T12:08:29.5696141Z       │       │   │   │       │   ├── quantos-portfolio v0.1.0 (*)
verify	Check licenses	2026-09-26T12:08:29.5696354Z       │       │   │   │       │   ├── quantos-storage v0.1.0 (*)
verify	Check licenses	2026-09-26T12:08:29.5696593Z       │       │   │   │       │   └── quantos-strategy v0.1.0 (*)
verify	Check licenses	2026-09-26T12:08:29.5696919Z       │       │   │   │       └── postgres-openssl v0.5.3
verify	Check licenses	2026-09-26T12:08:29.5697146Z       │       │   │   │           ├── quantos-auth v0.1.0 (*)
verify	Check licenses	2026-09-26T12:08:29.5697363Z       │       │   │   │           ├── quantos-runtime v0.1.0 (*)
verify	Check licenses	2026-09-26T12:08:29.5697585Z       │       │   │   │           └── (dev) runtime-gateway v0.1.0 (*)
verify	Check licenses	2026-09-26T12:08:29.5697791Z       │       │   │   ├── quantos-auth v0.1.0 (*)
verify	Check licenses	2026-09-26T12:08:29.5697970Z       │       │   │   ├── quantos-core v0.1.0
verify	Check licenses	2026-09-26T12:08:29.5698159Z       │       │   │   │   ├── bff-gateway v0.1.0 (*)
verify	Check licenses	2026-09-26T12:08:29.5698367Z       │       │   │   │   ├── execution-gateway v0.1.0 (*)
verify	Check licenses	2026-09-26T12:08:29.5698568Z       │       │   │   │   ├── market-ingestor v0.1.0 (*)
verify	Check licenses	2026-09-26T12:08:29.5698772Z       │       │   │   │   ├── portfolio-rebuild v0.1.0 (*)
verify	Check licenses	2026-09-26T12:08:29.5699106Z       │       │   │   │   ├── quantos-auth v0.1.0 (*)
verify	Check licenses	2026-09-26T12:08:29.5699351Z       │       │   │   │   ├── quantos-event v0.1.0 (*)
verify	Check licenses	2026-09-26T12:08:29.5699948Z       │       │   │   │   ├── quantos-evidence v0.1.0 (*)
verify	Check licenses	2026-09-26T12:08:29.5700322Z       │       │   │   │   ├── quantos-execution v0.1.0 (*)
verify	Check licenses	2026-09-26T12:08:29.5700685Z       │       │   │   │   ├── quantos-market v0.1.0 (*)
verify	Check licenses	2026-09-26T12:08:29.5701074Z       │       │   │   │   ├── quantos-observability v0.1.0 (*)
verify	Check licenses	2026-09-26T12:08:29.5701459Z       │       │   │   │   ├── quantos-policy v0.1.0
verify	Check licenses	2026-09-26T12:08:29.5701829Z       │       │   │   │   │   ├── quantos-auth v0.1.0 (*)
verify	Check licenses	2026-09-26T12:08:29.5702234Z       │       │   │   │   │   ├── quantos-observability v0.1.0 (*)
verify	Check licenses	2026-09-26T12:08:29.5702619Z       │       │   │   │   │   ├── quantos-runtime v0.1.0 (*)
verify	Check licenses	2026-09-26T12:08:29.5703004Z       │       │   │   │   │   ├── quantos-strategy v0.1.0 (*)
verify	Check licenses	2026-09-26T12:08:29.5703380Z       │       │   │   │   │   └── runtime-gateway v0.1.0 (*)
verify	Check licenses	2026-09-26T12:08:29.5703792Z       │       │   │   │   ├── quantos-portfolio v0.1.0 (*)
verify	Check licenses	2026-09-26T12:08:29.5704057Z       │       │   │   │   ├── quantos-reconcile v0.1.0 (*)
verify	Check licenses	2026-09-26T12:08:29.5704311Z       │       │   │   │   ├── quantos-risk v0.1.0 (*)
verify	Check licenses	2026-09-26T12:08:29.5704647Z       │       │   │   │   ├── quantos-runtime v0.1.0 (*)
verify	Check licenses	2026-09-26T12:08:29.5704854Z       │       │   │   │   ├── quantos-storage v0.1.0 (*)
verify	Check licenses	2026-09-26T12:08:29.5705058Z       │       │   │   │   ├── quantos-strategy v0.1.0 (*)
verify	Check licenses	2026-09-26T12:08:29.5705433Z       │       │   │   │   ├── quantos-testkit v0.1.0
verify	Check licenses	2026-09-26T12:08:29.5705630Z       │       │   │   │   ├── replay-cli v0.1.0 (*)
verify	Check licenses	2026-09-26T12:08:29.5705834Z       │       │   │   │   └── runtime-gateway v0.1.0 (*)
verify	Check licenses	2026-09-26T12:08:29.5706048Z       │       │   │   ├── quantos-engine-manager v0.1.0 (*)
verify	Check licenses	2026-09-26T12:08:29.5706236Z       │       │   │   ├── quantos-event v0.1.0 (*)
verify	Check licenses	2026-09-26T12:08:29.5706424Z       │       │   │   ├── quantos-evidence v0.1.0 (*)
verify	Check licenses	2026-09-26T12:08:29.5706636Z       │       │   │   ├── quantos-execution v0.1.0 (*)
verify	Check licenses	2026-09-26T12:08:29.5706823Z       │       │   │   ├── quantos-market v0.1.0 (*)
verify	Check licenses	2026-09-26T12:08:29.5707032Z       │       │   │   ├── quantos-observability v0.1.0 (*)
verify	Check licenses	2026-09-26T12:08:29.5707229Z       │       │   │   ├── quantos-portfolio v0.1.0 (*)
verify	Check licenses	2026-09-26T12:08:29.5707416Z       │       │   │   ├── quantos-reconcile v0.1.0 (*)
verify	Check licenses	2026-09-26T12:08:29.5707600Z       │       │   │   ├── quantos-risk v0.1.0 (*)
verify	Check licenses	2026-09-26T12:08:29.5707804Z       │       │   │   ├── quantos-runtime v0.1.0 (*)
verify	Check licenses	2026-09-26T12:08:29.5707990Z       │       │   │   ├── quantos-storage v0.1.0 (*)
verify	Check licenses	2026-09-26T12:08:29.5708180Z       │       │   │   ├── quantos-strategy v0.1.0 (*)
verify	Check licenses	2026-09-26T12:08:29.5708360Z       │       │   │   ├── quantos-testkit v0.1.0 (*)
verify	Check licenses	2026-09-26T12:08:29.5708543Z       │       │   │   ├── replay-cli v0.1.0 (*)
verify	Check licenses	2026-09-26T12:08:29.5708729Z       │       │   │   └── runtime-gateway v0.1.0 (*)
verify	Check licenses	2026-09-26T12:08:29.5708922Z       │       │   ├── iana-time-zone v0.1.65
verify	Check licenses	2026-09-26T12:08:29.5709089Z       │       │   │   └── chrono v0.4.45 (*)
verify	Check licenses	2026-09-26T12:08:29.5709259Z       │       │   ├── reqwest v0.13.4 (*)
verify	Check licenses	2026-09-26T12:08:29.5709454Z       │       │   ├── wasm-bindgen-futures v0.4.76
verify	Check licenses	2026-09-26T12:08:29.5709903Z       │       │   │   └── reqwest v0.13.4 (*)
verify	Check licenses	2026-09-26T12:08:29.5710076Z       │       │   └── web-sys v0.3.103
verify	Check licenses	2026-09-26T12:08:29.5710246Z       │       │       ├── reqwest v0.13.4 (*)
verify	Check licenses	2026-09-26T12:08:29.5710425Z       │       │       └── whoami v2.1.2
verify	Check licenses	2026-09-26T12:08:29.5710629Z       │       │           └── tokio-postgres v0.7.18 (*)
verify	Check licenses	2026-09-26T12:08:29.5710795Z       │       ├── postgres v0.19.14 (*)
verify	Check licenses	2026-09-26T12:08:29.5710991Z       │       ├── quantos-engine-manager v0.1.0 (*)
verify	Check licenses	2026-09-26T12:08:29.5711147Z       │       ├── reqwest v0.13.4 (*)
verify	Check licenses	2026-09-26T12:08:29.5711322Z       │       ├── tokio-postgres v0.7.18 (*)
verify	Check licenses	2026-09-26T12:08:29.5711476Z       │       ├── tower v0.4.13
verify	Check licenses	2026-09-26T12:08:29.5711790Z       │       │   └── tonic v0.12.3 (*)
verify	Check licenses	2026-09-26T12:08:29.5711942Z       │       ├── tower v0.5.3
verify	Check licenses	2026-09-26T12:08:29.5712095Z       │       │   ├── axum v0.7.9 (*)
verify	Check licenses	2026-09-26T12:08:29.5712267Z       │       │   ├── bff-gateway v0.1.0 (*)
verify	Check licenses	2026-09-26T12:08:29.5712476Z       │       │   ├── quantos-engine-manager v0.1.0 (*)
verify	Check licenses	2026-09-26T12:08:29.5712639Z       │       │   ├── reqwest v0.13.4 (*)
verify	Check licenses	2026-09-26T12:08:29.5712809Z       │       │   └── tower-http v0.6.11 (*)
verify	Check licenses	2026-09-26T12:08:29.5713142Z       │       └── tower-http v0.6.11 (*)
verify	Check licenses	2026-09-26T12:08:29.5713280Z       ├── jni-macros v0.22.4
verify	Check licenses	2026-09-26T12:08:29.5713411Z       │   └── jni v0.22.4
verify	Check licenses	2026-09-26T12:08:29.5713610Z       │       └── rustls-platform-verifier v0.7.0
verify	Check licenses	2026-09-26T12:08:29.5713770Z       │           └── reqwest v0.13.4 (*)
verify	Check licenses	2026-09-26T12:08:29.5713926Z       ├── jni-sys-macros v0.4.1
verify	Check licenses	2026-09-26T12:08:29.5714058Z       │   └── jni-sys v0.4.1
verify	Check licenses	2026-09-26T12:08:29.5714210Z       │       └── jni v0.22.4 (*)
verify	Check licenses	2026-09-26T12:08:29.5714380Z       ├── openssl-macros v0.1.1
verify	Check licenses	2026-09-26T12:08:29.5714524Z       │   └── openssl v0.10.81
verify	Check licenses	2026-09-26T12:08:29.5714684Z       │       ├── native-tls v0.2.18
verify	Check licenses	2026-09-26T12:08:29.5714879Z       │       │   ├── postgres-native-tls v0.5.3 (*)
verify	Check licenses	2026-09-26T12:08:29.5715054Z       │       │   ├── quantos-auth v0.1.0 (*)
verify	Check licenses	2026-09-26T12:08:29.5715227Z       │       │   ├── quantos-event v0.1.0 (*)
verify	Check licenses	2026-09-26T12:08:29.5715432Z       │       │   ├── quantos-observability v0.1.0 (*)
verify	Check licenses	2026-09-26T12:08:29.5715637Z       │       │   ├── quantos-portfolio v0.1.0 (*)
verify	Check licenses	2026-09-26T12:08:29.5715821Z       │       │   ├── quantos-storage v0.1.0 (*)
verify	Check licenses	2026-09-26T12:08:29.5716006Z       │       │   ├── quantos-strategy v0.1.0 (*)
verify	Check licenses	2026-09-26T12:08:29.5716176Z       │       │   └── tokio-native-tls v0.3.1
verify	Check licenses	2026-09-26T12:08:29.5716378Z       │       │       └── postgres-native-tls v0.5.3 (*)
verify	Check licenses	2026-09-26T12:08:29.5716557Z       │       ├── postgres-openssl v0.5.3 (*)
verify	Check licenses	2026-09-26T12:08:29.5716723Z       │       ├── quantos-auth v0.1.0 (*)
verify	Check licenses	2026-09-26T12:08:29.5716917Z       │       ├── quantos-runtime v0.1.0 (*)
verify	Check licenses	2026-09-26T12:08:29.5717104Z       │       ├── (dev) runtime-gateway v0.1.0 (*)
verify	Check licenses	2026-09-26T12:08:29.5717269Z       │       └── tokio-openssl v0.6.5
verify	Check licenses	2026-09-26T12:08:29.5717453Z       │           └── postgres-openssl v0.5.3 (*)
verify	Check licenses	2026-09-26T12:08:29.5717624Z       ├── pin-project-internal v1.1.13
verify	Check licenses	2026-09-26T12:08:29.5717780Z       │   └── pin-project v1.1.13
verify	Check licenses	2026-09-26T12:08:29.5717933Z       │       ├── tonic v0.12.3 (*)
verify	Check licenses	2026-09-26T12:08:29.5718098Z       │       └── tower v0.4.13 (*)
verify	Check licenses	2026-09-26T12:08:29.5718250Z       ├── prettyplease v0.2.37
verify	Check licenses	2026-09-26T12:08:29.5718411Z       │   └── prost-build v0.13.5
verify	Check licenses	2026-09-26T12:08:29.5718594Z       │       └── (build) pbjson-types v0.7.0 (*)
verify	Check licenses	2026-09-26T12:08:29.5718752Z       ├── prost-build v0.13.5 (*)
verify	Check licenses	2026-09-26T12:08:29.5718903Z       ├── prost-derive v0.13.5
verify	Check licenses	2026-09-26T12:08:29.5719070Z       │   └── prost v0.13.5
verify	Check licenses	2026-09-26T12:08:29.5719386Z       │       ├── pbjson-build v0.7.0
verify	Check licenses	2026-09-26T12:08:29.5720030Z       │       │   ├── (build) pbjson-types v0.7.0 (*)
verify	Check licenses	2026-09-26T12:08:29.5720257Z       │       │   └── quantos-proto-json-codegen v0.1.0
verify	Check licenses	2026-09-26T12:08:29.5720429Z       │       ├── pbjson-types v0.7.0 (*)
verify	Check licenses	2026-09-26T12:08:29.5720598Z       │       ├── prost-build v0.13.5 (*)
verify	Check licenses	2026-09-26T12:08:29.5720760Z       │       ├── prost-types v0.13.5
verify	Check licenses	2026-09-26T12:08:29.5720932Z       │       │   ├── pbjson-build v0.7.0 (*)
verify	Check licenses	2026-09-26T12:08:29.5721107Z       │       │   └── prost-build v0.13.5 (*)
verify	Check licenses	2026-09-26T12:08:29.5721292Z       │       ├── quantos-proto v0.1.0 (*)
verify	Check licenses	2026-09-26T12:08:29.5721451Z       │       └── tonic v0.12.3 (*)
verify	Check licenses	2026-09-26T12:08:29.5721605Z       ├── synstructure v0.13.2
verify	Check licenses	2026-09-26T12:08:29.5721756Z       │   ├── yoke-derive v0.8.2
verify	Check licenses	2026-09-26T12:08:29.5721888Z       │   │   └── yoke v0.8.3
verify	Check licenses	2026-09-26T12:08:29.5722076Z       │   │       ├── icu_collections v2.2.0 (*)
verify	Check licenses	2026-09-26T12:08:29.5722249Z       │   │       ├── icu_provider v2.2.0 (*)
verify	Check licenses	2026-09-26T12:08:29.5722408Z       │   │       ├── zerotrie v0.2.4 (*)
verify	Check licenses	2026-09-26T12:08:29.5722582Z       │   │       └── zerovec v0.11.6
verify	Check licenses	2026-09-26T12:08:29.5722777Z       │   │           ├── icu_collections v2.2.0 (*)
verify	Check licenses	2026-09-26T12:08:29.5722962Z       │   │           ├── icu_locale_core v2.2.0 (*)
verify	Check licenses	2026-09-26T12:08:29.5723203Z       │   │           ├── icu_normalizer v2.2.0 (*)
verify	Check licenses	2026-09-26T12:08:29.5723573Z       │   │           ├── icu_properties v2.2.0 (*)
verify	Check licenses	2026-09-26T12:08:29.5723932Z       │   │           ├── icu_provider v2.2.0 (*)
verify	Check licenses	2026-09-26T12:08:29.5724430Z       │   │           ├── potential_utf v0.1.5
verify	Check licenses	2026-09-26T12:08:29.5724639Z       │   │           │   └── icu_collections v2.2.0 (*)
verify	Check licenses	2026-09-26T12:08:29.5724813Z       │   │           └── tinystr v0.8.3 (*)
verify	Check licenses	2026-09-26T12:08:29.5724980Z       │   └── zerofrom-derive v0.1.7
verify	Check licenses	2026-09-26T12:08:29.5725135Z       │       └── zerofrom v0.1.8
verify	Check licenses	2026-09-26T12:08:29.5725319Z       │           ├── icu_collections v2.2.0 (*)
verify	Check licenses	2026-09-26T12:08:29.5725490Z       │           ├── icu_provider v2.2.0 (*)
verify	Check licenses	2026-09-26T12:08:29.5725668Z       │           ├── yoke v0.8.3 (*)
verify	Check licenses	2026-09-26T12:08:29.5725837Z       │           ├── zerotrie v0.2.4 (*)
verify	Check licenses	2026-09-26T12:08:29.5726009Z       │           └── zerovec v0.11.6 (*)
verify	Check licenses	2026-09-26T12:08:29.5726145Z       ├── tokio-macros v2.7.1
verify	Check licenses	2026-09-26T12:08:29.5726281Z       │   └── tokio v1.53.1
verify	Check licenses	2026-09-26T12:08:29.5726436Z       │       ├── axum v0.7.9 (*)
verify	Check licenses	2026-09-26T12:08:29.5726605Z       │       ├── bff-gateway v0.1.0 (*)
verify	Check licenses	2026-09-26T12:08:29.5726736Z       │       ├── h2 v0.4.16
verify	Check licenses	2026-09-26T12:08:29.5726907Z       │       │   ├── hyper v1.11.0
verify	Check licenses	2026-09-26T12:08:29.5727072Z       │       │   │   ├── axum v0.7.9 (*)
verify	Check licenses	2026-09-26T12:08:29.5727267Z       │       │   │   ├── hyper-rustls v0.27.9 (*)
verify	Check licenses	2026-09-26T12:08:29.5727457Z       │       │   │   ├── hyper-timeout v0.5.2 (*)
verify	Check licenses	2026-09-26T12:08:29.5727640Z       │       │   │   ├── hyper-util v0.1.20 (*)
verify	Check licenses	2026-09-26T12:08:29.5727810Z       │       │   │   ├── reqwest v0.13.4 (*)
verify	Check licenses	2026-09-26T12:08:29.5727978Z       │       │   │   └── tonic v0.12.3 (*)
verify	Check licenses	2026-09-26T12:08:29.5728154Z       │       │   └── tonic v0.12.3 (*)
verify	Check licenses	2026-09-26T12:08:29.5728311Z       │       ├── hyper v1.11.0 (*)
verify	Check licenses	2026-09-26T12:08:29.5728477Z       │       ├── hyper-rustls v0.27.9 (*)
verify	Check licenses	2026-09-26T12:08:29.5728645Z       │       ├── hyper-timeout v0.5.2 (*)
verify	Check licenses	2026-09-26T12:08:29.5728813Z       │       ├── hyper-util v0.1.20 (*)
verify	Check licenses	2026-09-26T12:08:29.5728977Z       │       ├── postgres v0.19.14 (*)
verify	Check licenses	2026-09-26T12:08:29.5729173Z       │       ├── postgres-native-tls v0.5.3 (*)
verify	Check licenses	2026-09-26T12:08:29.5729366Z       │       ├── postgres-openssl v0.5.3 (*)
verify	Check licenses	2026-09-26T12:08:29.5729732Z       │       ├── quantos-engine-manager v0.1.0 (*)
verify	Check licenses	2026-09-26T12:08:29.5729920Z       │       ├── quantos-runtime v0.1.0 (*)
verify	Check licenses	2026-09-26T12:08:29.5730082Z       │       ├── reqwest v0.13.4 (*)
verify	Check licenses	2026-09-26T12:08:29.5730257Z       │       ├── runtime-gateway v0.1.0 (*)
verify	Check licenses	2026-09-26T12:08:29.5730429Z       │       ├── tokio-native-tls v0.3.1 (*)
verify	Check licenses	2026-09-26T12:08:29.5730598Z       │       ├── tokio-openssl v0.6.5 (*)
verify	Check licenses	2026-09-26T12:08:29.5730924Z       │       ├── tokio-postgres v0.7.18 (*)
verify	Check licenses	2026-09-26T12:08:29.5731096Z       │       ├── tokio-rustls v0.26.4
verify	Check licenses	2026-09-26T12:08:29.5731279Z       │       │   ├── hyper-rustls v0.27.9 (*)
verify	Check licenses	2026-09-26T12:08:29.5731439Z       │       │   └── reqwest v0.13.4 (*)
verify	Check licenses	2026-09-26T12:08:29.5731603Z       │       ├── tokio-stream v0.1.19
verify	Check licenses	2026-09-26T12:08:29.5731811Z       │       │   ├── quantos-engine-manager v0.1.0 (*)
verify	Check licenses	2026-09-26T12:08:29.5731969Z       │       │   └── tonic v0.12.3 (*)
verify	Check licenses	2026-09-26T12:08:29.5732429Z       │       ├── tokio-util v0.7.19
verify	Check licenses	2026-09-26T12:08:29.5732755Z       │       │   ├── h2 v0.4.16 (*)
verify	Check licenses	2026-09-26T12:08:29.5733136Z       │       │   ├── tokio-postgres v0.7.18 (*)
verify	Check licenses	2026-09-26T12:08:29.5733319Z       │       │   └── tower v0.4.13 (*)
verify	Check licenses	2026-09-26T12:08:29.5733478Z       │       ├── tonic v0.12.3 (*)
verify	Check licenses	2026-09-26T12:08:29.5733627Z       │       ├── tower v0.4.13 (*)
verify	Check licenses	2026-09-26T12:08:29.5733784Z       │       └── tower v0.5.3 (*)
verify	Check licenses	2026-09-26T12:08:29.5733960Z       ├── tracing-attributes v0.1.31
verify	Check licenses	2026-09-26T12:08:29.5734116Z       │   └── tracing v0.1.44
verify	Check licenses	2026-09-26T12:08:29.5734269Z       │       ├── axum v0.7.9 (*)
verify	Check licenses	2026-09-26T12:08:29.5734423Z       │       ├── axum-core v0.4.5 (*)
verify	Check licenses	2026-09-26T12:08:29.5734573Z       │       ├── h2 v0.4.16 (*)
verify	Check licenses	2026-09-26T12:08:29.5734743Z       │       ├── hyper-util v0.1.20 (*)
verify	Check licenses	2026-09-26T12:08:29.5734945Z       │       ├── quantos-engine-manager v0.1.0 (*)
verify	Check licenses	2026-09-26T12:08:29.5735094Z       │       ├── tonic v0.12.3 (*)
verify	Check licenses	2026-09-26T12:08:29.5735260Z       │       ├── tower v0.4.13 (*)
verify	Check licenses	2026-09-26T12:08:29.5735414Z       │       └── tower v0.5.3 (*)
verify	Check licenses	2026-09-26T12:08:29.5735607Z       ├── wasm-bindgen-macro-support v0.2.126
verify	Check licenses	2026-09-26T12:08:29.5735780Z       │   └── wasm-bindgen-macro v0.2.126
verify	Check licenses	2026-09-26T12:08:29.5735935Z       │       └── wasm-bindgen v0.2.126
verify	Check licenses	2026-09-26T12:08:29.5736100Z       │           ├── chrono v0.4.45 (*)
verify	Check licenses	2026-09-26T12:08:29.5736281Z       │           ├── iana-time-zone v0.1.65 (*)
verify	Check licenses	2026-09-26T12:08:29.5736442Z       │           ├── js-sys v0.3.103 (*)
verify	Check licenses	2026-09-26T12:08:29.5736617Z       │           ├── reqwest v0.13.4 (*)
verify	Check licenses	2026-09-26T12:08:29.5736817Z       │           ├── wasm-bindgen-futures v0.4.76 (*)
verify	Check licenses	2026-09-26T12:08:29.5736985Z       │           └── web-sys v0.3.103 (*)
verify	Check licenses	2026-09-26T12:08:29.5737158Z       ├── windows-implement v0.60.2
verify	Check licenses	2026-09-26T12:08:29.5737320Z       │   └── windows-core v0.62.2
verify	Check licenses	2026-09-26T12:08:29.5737500Z       │       └── iana-time-zone v0.1.65 (*)
verify	Check licenses	2026-09-26T12:08:29.5737656Z       ├── windows-interface v0.59.3
verify	Check licenses	2026-09-26T12:08:29.5737833Z       │   └── windows-core v0.62.2 (*)
verify	Check licenses	2026-09-26T12:08:29.5737990Z       ├── yoke-derive v0.8.2 (*)
verify	Check licenses	2026-09-26T12:08:29.5738155Z       ├── zerofrom-derive v0.1.7 (*)
verify	Check licenses	2026-09-26T12:08:29.5738305Z       └── zerovec-derive v0.11.3
verify	Check licenses	2026-09-26T12:08:29.5738462Z           └── zerovec v0.11.6 (*)
verify	Check licenses	2026-09-26T12:08:29.5738602Z     ^[[0m^[[36m├^[[0m syn v3.0.3
verify	Check licenses	2026-09-26T12:08:29.5738741Z       ├── async-trait v0.1.91
verify	Check licenses	2026-09-26T12:08:29.5738869Z       │   ├── axum v0.7.9
verify	Check licenses	2026-09-26T12:08:29.5739155Z       │   │   ├── bff-gateway v0.1.0
verify	Check licenses	2026-09-26T12:08:29.5739328Z       │   │   ├── runtime-gateway v0.1.0
verify	Check licenses	2026-09-26T12:08:29.5739712Z       │   │   └── tonic v0.12.3
verify	Check licenses	2026-09-26T12:08:29.5740143Z       │   │       ├── quantos-engine-manager v0.1.0
verify	Check licenses	2026-09-26T12:08:29.5740491Z       │   │       │   └── quantos-runtime v0.1.0
verify	Check licenses	2026-09-26T12:08:29.5740708Z       │   │       │       ├── quantos-evidence v0.1.0
verify	Check licenses	2026-09-26T12:08:29.5740915Z       │   │       │       ├── quantos-execution v0.1.0
verify	Check licenses	2026-09-26T12:08:29.5741148Z       │   │       │       │   ├── execution-gateway v0.1.0
verify	Check licenses	2026-09-26T12:08:29.5741377Z       │   │       │       │   ├── quantos-evidence v0.1.0 (*)
verify	Check licenses	2026-09-26T12:08:29.5741583Z       │   │       │       │   └── quantos-reconcile v0.1.0
verify	Check licenses	2026-09-26T12:08:29.5741798Z       │   │       │       ├── quantos-observability v0.1.0
verify	Check licenses	2026-09-26T12:08:29.5742008Z       │   │       │       │   ├── capacity-monitor v0.1.0
verify	Check licenses	2026-09-26T12:08:29.5742227Z       │   │       │       │   ├── execution-gateway v0.1.0 (*)
verify	Check licenses	2026-09-26T12:08:29.5742448Z       │   │       │       │   ├── market-ingestor v0.1.0
verify	Check licenses	2026-09-26T12:08:29.5742647Z       │   │       │       │   ├── portfolio-rebuild v0.1.0
verify	Check licenses	2026-09-26T12:08:29.5742836Z       │   │       │       │   ├── replay-cli v0.1.0
verify	Check licenses	2026-09-26T12:08:29.5743051Z       │   │       │       │   └── runtime-gateway v0.1.0 (*)
verify	Check licenses	2026-09-26T12:08:29.5743250Z       │   │       │       └── runtime-gateway v0.1.0 (*)
verify	Check licenses	2026-09-26T12:08:29.5743426Z       │   │       └── quantos-proto v0.1.0
verify	Check licenses	2026-09-26T12:08:29.5743829Z       │   │           ├── quantos-engine-manager v0.1.0 (*)
verify	Check licenses	2026-09-26T12:08:29.5744025Z       │   │           └── quantos-runtime v0.1.0 (*)
verify	Check licenses	2026-09-26T12:08:29.5744181Z       │   ├── axum-core v0.4.5
verify	Check licenses	2026-09-26T12:08:29.5744335Z       │   │   └── axum v0.7.9 (*)
verify	Check licenses	2026-09-26T12:08:29.5744499Z       │   ├── tokio-postgres v0.7.18
verify	Check licenses	2026-09-26T12:08:29.5744650Z       │   │   ├── postgres v0.19.14
verify	Check licenses	2026-09-26T12:08:29.5744820Z       │   │   │   ├── quantos-auth v0.1.0
verify	Check licenses	2026-09-26T12:08:29.5745018Z       │   │   │   │   ├── bff-gateway v0.1.0 (*)
verify	Check licenses	2026-09-26T12:08:29.5745219Z       │   │   │   │   ├── execution-gateway v0.1.0 (*)
verify	Check licenses	2026-09-26T12:08:29.5745430Z       │   │   │   │   ├── quantos-observability v0.1.0 (*)
verify	Check licenses	2026-09-26T12:08:29.5745615Z       │   │   │   │   ├── quantos-runtime v0.1.0 (*)
verify	Check licenses	2026-09-26T12:08:29.5745804Z       │   │   │   │   ├── quantos-strategy v0.1.0
verify	Check licenses	2026-09-26T12:08:29.5745990Z       │   │   │   │   │   └── quantos-risk v0.1.0
verify	Check licenses	2026-09-26T12:08:29.5746222Z       │   │   │   │   │       ├── quantos-evidence v0.1.0 (*)
verify	Check licenses	2026-09-26T12:08:29.5746437Z       │   │   │   │   │       └── quantos-execution v0.1.0 (*)
verify	Check licenses	2026-09-26T12:08:29.5746622Z       │   │   │   │   └── runtime-gateway v0.1.0 (*)
verify	Check licenses	2026-09-26T12:08:29.5746793Z       │   │   │   ├── quantos-event v0.1.0
verify	Check licenses	2026-09-26T12:08:29.5746981Z       │   │   │   │   ├── market-ingestor v0.1.0 (*)
verify	Check licenses	2026-09-26T12:08:29.5747164Z       │   │   │   │   ├── quantos-market v0.1.0
verify	Check licenses	2026-09-26T12:08:29.5747366Z       │   │   │   │   │   └── market-ingestor v0.1.0 (*)
verify	Check licenses	2026-09-26T12:08:29.5747586Z       │   │   │   │   ├── quantos-observability v0.1.0 (*)
verify	Check licenses	2026-09-26T12:08:29.5747769Z       │   │   │   │   └── replay-cli v0.1.0 (*)
verify	Check licenses	2026-09-26T12:08:29.5747968Z       │   │   │   ├── quantos-observability v0.1.0 (*)
verify	Check licenses	2026-09-26T12:08:29.5748159Z       │   │   │   ├── quantos-portfolio v0.1.0
verify	Check licenses	2026-09-26T12:08:29.5748355Z       │   │   │   │   ├── portfolio-rebuild v0.1.0 (*)
verify	Check licenses	2026-09-26T12:08:29.5748541Z       │   │   │   │   ├── quantos-evidence v0.1.0 (*)
verify	Check licenses	2026-09-26T12:08:29.5748752Z       │   │   │   │   ├── quantos-reconcile v0.1.0 (*)
verify	Check licenses	2026-09-26T12:08:29.5748936Z       │   │   │   │   └── quantos-risk v0.1.0 (*)
verify	Check licenses	2026-09-26T12:08:29.5749122Z       │   │   │   ├── quantos-runtime v0.1.0 (*)
verify	Check licenses	2026-09-26T12:08:29.5749300Z       │   │   │   ├── quantos-storage v0.1.0
verify	Check licenses	2026-09-26T12:08:29.5749730Z       │   │   │   │   ├── (dev) quantos-evidence v0.1.0 (*)
verify	Check licenses	2026-09-26T12:08:29.5749962Z       │   │   │   │   ├── (dev) quantos-execution v0.1.0 (*)
verify	Check licenses	2026-09-26T12:08:29.5750321Z       │   │   │   │   ├── quantos-observability v0.1.0 (*)
verify	Check licenses	2026-09-26T12:08:29.5750514Z       │   │   │   │   ├── quantos-runtime v0.1.0 (*)
verify	Check licenses	2026-09-26T12:08:29.5750707Z       │   │   │   │   ├── quantos-strategy v0.1.0 (*)
verify	Check licenses	2026-09-26T12:08:29.5750892Z       │   │   │   │   └── runtime-gateway v0.1.0 (*)
verify	Check licenses	2026-09-26T12:08:29.5751076Z       │   │   │   ├── quantos-strategy v0.1.0 (*)
verify	Check licenses	2026-09-26T12:08:29.5751250Z       │   │   │   ├── replay-cli v0.1.0 (*)
verify	Check licenses	2026-09-26T12:08:29.5751575Z       │   │   │   └── (dev) runtime-gateway v0.1.0 (*)
verify	Check licenses	2026-09-26T12:08:29.5751751Z       │   │   ├── postgres-native-tls v0.5.3
verify	Check licenses	2026-09-26T12:08:29.5751929Z       │   │   │   ├── quantos-auth v0.1.0 (*)
verify	Check licenses	2026-09-26T12:08:29.5752105Z       │   │   │   ├── quantos-event v0.1.0 (*)
verify	Check licenses	2026-09-26T12:08:29.5752304Z       │   │   │   ├── quantos-observability v0.1.0 (*)
verify	Check licenses	2026-09-26T12:08:29.5752498Z       │   │   │   ├── quantos-portfolio v0.1.0 (*)
verify	Check licenses	2026-09-26T12:08:29.5752674Z       │   │   │   ├── quantos-storage v0.1.0 (*)
verify	Check licenses	2026-09-26T12:08:29.5752875Z       │   │   │   └── quantos-strategy v0.1.0 (*)
verify	Check licenses	2026-09-26T12:08:29.5753049Z       │   │   └── postgres-openssl v0.5.3
verify	Check licenses	2026-09-26T12:08:29.5753220Z       │   │       ├── quantos-auth v0.1.0 (*)
verify	Check licenses	2026-09-26T12:08:29.5753399Z       │   │       ├── quantos-runtime v0.1.0 (*)
verify	Check licenses	2026-09-26T12:08:29.5753587Z       │   │       └── (dev) runtime-gateway v0.1.0 (*)
verify	Check licenses	2026-09-26T12:08:29.5753740Z       │   └── tonic v0.12.3 (*)
verify	Check licenses	2026-09-26T12:08:29.5753900Z       ├── clap_derive v4.6.4
verify	Check licenses	2026-09-26T12:08:29.5754030Z       │   └── clap v4.6.4
verify	Check licenses	2026-09-26T12:08:29.5754210Z       │       ├── capacity-monitor v0.1.0 (*)
verify	Check licenses	2026-09-26T12:08:29.5754379Z       │       ├── market-ingestor v0.1.0 (*)
verify	Check licenses	2026-09-26T12:08:29.5754563Z       │       ├── portfolio-rebuild v0.1.0 (*)
verify	Check licenses	2026-09-26T12:08:29.5754726Z       │       └── replay-cli v0.1.0 (*)
verify	Check licenses	2026-09-26T12:08:29.5754879Z       ├── serde_derive v1.0.229
verify	Check licenses	2026-09-26T12:08:29.5755007Z       │   └── serde v1.0.229
verify	Check licenses	2026-09-26T12:08:29.5755174Z       │       ├── axum v0.7.9 (*)
verify	Check licenses	2026-09-26T12:08:29.5755341Z       │       ├── bff-gateway v0.1.0 (*)
verify	Check licenses	2026-09-26T12:08:29.5755493Z       │       ├── chrono v0.4.45
verify	Check licenses	2026-09-26T12:08:29.5755665Z       │       │   ├── bff-gateway v0.1.0 (*)
verify	Check licenses	2026-09-26T12:08:29.5755845Z       │       │   ├── capacity-monitor v0.1.0 (*)
verify	Check licenses	2026-09-26T12:08:29.5756037Z       │       │   ├── execution-gateway v0.1.0 (*)
verify	Check licenses	2026-09-26T12:08:29.5756209Z       │       │   ├── pbjson-types v0.7.0
verify	Check licenses	2026-09-26T12:08:29.5756457Z       │       │   │   ├── (dev) quantos-engine-manager v0.1.0 (*)
verify	Check licenses	2026-09-26T12:08:29.5756645Z       │       │   │   ├── quantos-proto v0.1.0 (*)
verify	Check licenses	2026-09-26T12:08:29.5756831Z       │       │   │   └── quantos-runtime v0.1.0 (*)
verify	Check licenses	2026-09-26T12:08:29.5757006Z       │       │   ├── postgres-types v0.2.14
verify	Check licenses	2026-09-26T12:08:29.5757199Z       │       │   │   └── tokio-postgres v0.7.18 (*)
verify	Check licenses	2026-09-26T12:08:29.5757377Z       │       │   ├── quantos-auth v0.1.0 (*)
verify	Check licenses	2026-09-26T12:08:29.5757545Z       │       │   ├── quantos-core v0.1.0
verify	Check licenses	2026-09-26T12:08:29.5757820Z       │       │   │   ├── bff-gateway v0.1.0 (*)
verify	Check licenses	2026-09-26T12:08:29.5758019Z       │       │   │   ├── execution-gateway v0.1.0 (*)
verify	Check licenses	2026-09-26T12:08:29.5758210Z       │       │   │   ├── market-ingestor v0.1.0 (*)
verify	Check licenses	2026-09-26T12:08:29.5758408Z       │       │   │   ├── portfolio-rebuild v0.1.0 (*)
verify	Check licenses	2026-09-26T12:08:29.5758590Z       │       │   │   ├── quantos-auth v0.1.0 (*)
verify	Check licenses	2026-09-26T12:08:29.5758769Z       │       │   │   ├── quantos-event v0.1.0 (*)
verify	Check licenses	2026-09-26T12:08:29.5758976Z       │       │   │   ├── quantos-evidence v0.1.0 (*)
verify	Check licenses	2026-09-26T12:08:29.5759167Z       │       │   │   ├── quantos-execution v0.1.0 (*)
verify	Check licenses	2026-09-26T12:08:29.5759356Z       │       │   │   ├── quantos-market v0.1.0 (*)
verify	Check licenses	2026-09-26T12:08:29.5759737Z       │       │   │   ├── quantos-observability v0.1.0 (*)
verify	Check licenses	2026-09-26T12:08:29.5759924Z       │       │   │   ├── quantos-policy v0.1.0
verify	Check licenses	2026-09-26T12:08:29.5760114Z       │       │   │   │   ├── quantos-auth v0.1.0 (*)
verify	Check licenses	2026-09-26T12:08:29.5760353Z       │       │   │   │   ├── quantos-observability v0.1.0 (*)
verify	Check licenses	2026-09-26T12:08:29.5760555Z       │       │   │   │   ├── quantos-runtime v0.1.0 (*)
verify	Check licenses	2026-09-26T12:08:29.5760832Z       │       │   │   │   ├── quantos-strategy v0.1.0 (*)
verify	Check licenses	2026-09-26T12:08:29.5761159Z       │       │   │   │   └── runtime-gateway v0.1.0 (*)
verify	Check licenses	2026-09-26T12:08:29.5761489Z       │       │   │   ├── quantos-portfolio v0.1.0 (*)
verify	Check licenses	2026-09-26T12:08:29.5761696Z       │       │   │   ├── quantos-reconcile v0.1.0 (*)
verify	Check licenses	2026-09-26T12:08:29.5762244Z       │       │   │   ├── quantos-risk v0.1.0 (*)
verify	Check licenses	2026-09-26T12:08:29.5762583Z       │       │   │   ├── quantos-runtime v0.1.0 (*)
verify	Check licenses	2026-09-26T12:08:29.5762783Z       │       │   │   ├── quantos-storage v0.1.0 (*)
verify	Check licenses	2026-09-26T12:08:29.5762984Z       │       │   │   ├── quantos-strategy v0.1.0 (*)
verify	Check licenses	2026-09-26T12:08:29.5763172Z       │       │   │   ├── quantos-testkit v0.1.0
verify	Check licenses	2026-09-26T12:08:29.5763352Z       │       │   │   ├── replay-cli v0.1.0 (*)
verify	Check licenses	2026-09-26T12:08:29.5763536Z       │       │   │   └── runtime-gateway v0.1.0 (*)
verify	Check licenses	2026-09-26T12:08:29.5763762Z       │       │   ├── quantos-engine-manager v0.1.0 (*)
verify	Check licenses	2026-09-26T12:08:29.5763944Z       │       │   ├── quantos-event v0.1.0 (*)
verify	Check licenses	2026-09-26T12:08:29.5764131Z       │       │   ├── quantos-evidence v0.1.0 (*)
verify	Check licenses	2026-09-26T12:08:29.5764321Z       │       │   ├── quantos-execution v0.1.0 (*)
verify	Check licenses	2026-09-26T12:08:29.5764496Z       │       │   ├── quantos-market v0.1.0 (*)
verify	Check licenses	2026-09-26T12:08:29.5764697Z       │       │   ├── quantos-observability v0.1.0 (*)
verify	Check licenses	2026-09-26T12:08:29.5764901Z       │       │   ├── quantos-portfolio v0.1.0 (*)
verify	Check licenses	2026-09-26T12:08:29.5765086Z       │       │   ├── quantos-reconcile v0.1.0 (*)
verify	Check licenses	2026-09-26T12:08:29.5765263Z       │       │   ├── quantos-risk v0.1.0 (*)
verify	Check licenses	2026-09-26T12:08:29.5765440Z       │       │   ├── quantos-runtime v0.1.0 (*)
verify	Check licenses	2026-09-26T12:08:29.5765621Z       │       │   ├── quantos-storage v0.1.0 (*)
verify	Check licenses	2026-09-26T12:08:29.5765809Z       │       │   ├── quantos-strategy v0.1.0 (*)
verify	Check licenses	2026-09-26T12:08:29.5765995Z       │       │   ├── quantos-testkit v0.1.0 (*)
verify	Check licenses	2026-09-26T12:08:29.5766184Z       │       │   ├── replay-cli v0.1.0 (*)
verify	Check licenses	2026-09-26T12:08:29.5766361Z       │       │   └── runtime-gateway v0.1.0 (*)
verify	Check licenses	2026-09-26T12:08:29.5766518Z       │       ├── pbjson v0.7.0
verify	Check licenses	2026-09-26T12:08:29.5766695Z       │       │   ├── pbjson-types v0.7.0 (*)
verify	Check licenses	2026-09-26T12:08:29.5766873Z       │       │   └── quantos-proto v0.1.0 (*)
verify	Check licenses	2026-09-26T12:08:29.5767042Z       │       ├── pbjson-types v0.7.0 (*)
verify	Check licenses	2026-09-26T12:08:29.5767219Z       │       ├── quantos-auth v0.1.0 (*)
verify	Check licenses	2026-09-26T12:08:29.5767383Z       │       ├── quantos-core v0.1.0 (*)
verify	Check licenses	2026-09-26T12:08:29.5767580Z       │       ├── quantos-engine-manager v0.1.0 (*)
verify	Check licenses	2026-09-26T12:08:29.5767752Z       │       ├── quantos-event v0.1.0 (*)
verify	Check licenses	2026-09-26T12:08:29.5767927Z       │       ├── quantos-evidence v0.1.0 (*)
verify	Check licenses	2026-09-26T12:08:29.5768229Z       │       ├── quantos-execution v0.1.0 (*)
verify	Check licenses	2026-09-26T12:08:29.5768578Z       │       ├── quantos-market v0.1.0 (*)
verify	Check licenses	2026-09-26T12:08:29.5768979Z       │       ├── quantos-observability v0.1.0 (*)
verify	Check licenses	2026-09-26T12:08:29.5769757Z       │       ├── quantos-policy v0.1.0 (*)
verify	Check licenses	2026-09-26T12:08:29.5770106Z       │       ├── quantos-portfolio v0.1.0 (*)
verify	Check licenses	2026-09-26T12:08:29.5770455Z       │       ├── quantos-proto v0.1.0 (*)
verify	Check licenses	2026-09-26T12:08:29.5771415Z       │       ├── quantos-reconcile v0.1.0 (*)
verify	Check licenses	2026-09-26T12:08:29.5771628Z       │       ├── quantos-risk v0.1.0 (*)
verify	Check licenses	2026-09-26T12:08:29.5771811Z       │       ├── quantos-runtime v0.1.0 (*)
verify	Check licenses	2026-09-26T12:08:29.5772197Z       │       ├── quantos-storage v0.1.0 (*)
verify	Check licenses	2026-09-26T12:08:29.5772379Z       │       ├── quantos-strategy v0.1.0 (*)
verify	Check licenses	2026-09-26T12:08:29.5772537Z       │       ├── reqwest v0.13.4
verify	Check licenses	2026-09-26T12:08:29.5772715Z       │       │   ├── quantos-auth v0.1.0 (*)
verify	Check licenses	2026-09-26T12:08:29.5772903Z       │       │   └── quantos-storage v0.1.0 (*)
verify	Check licenses	2026-09-26T12:08:29.5773065Z       │       ├── rust_decimal v1.42.1
verify	Check licenses	2026-09-26T12:08:29.5773259Z       │       │   ├── execution-gateway v0.1.0 (*)
verify	Check licenses	2026-09-26T12:08:29.5773451Z       │       │   ├── quantos-core v0.1.0 (*)
verify	Check licenses	2026-09-26T12:08:29.5773639Z       │       │   ├── quantos-execution v0.1.0 (*)
verify	Check licenses	2026-09-26T12:08:29.5773819Z       │       │   └── quantos-market v0.1.0 (*)
verify	Check licenses	2026-09-26T12:08:29.5773991Z       │       └── serde_urlencoded v0.7.1
verify	Check licenses	2026-09-26T12:08:29.5774154Z       │           └── axum v0.7.9 (*)
verify	Check licenses	2026-09-26T12:08:29.5774315Z       └── thiserror-impl v2.0.19
verify	Check licenses	2026-09-26T12:08:29.5774555Z           └── thiserror v2.0.19
verify	Check licenses	2026-09-26T12:08:29.5774822Z               ├── jni v0.22.4
verify	Check licenses	2026-09-26T12:08:29.5775216Z               │   └── rustls-platform-verifier v0.7.0
verify	Check licenses	2026-09-26T12:08:29.5775521Z               │       └── reqwest v0.13.4 (*)
verify	Check licenses	2026-09-26T12:08:29.5775842Z               ├── quantos-auth v0.1.0 (*)
verify	Check licenses	2026-09-26T12:08:29.5776172Z               ├── quantos-core v0.1.0 (*)
verify	Check licenses	2026-09-26T12:08:29.5776543Z               ├── quantos-engine-manager v0.1.0 (*)
verify	Check licenses	2026-09-26T12:08:29.5776877Z               ├── quantos-event v0.1.0 (*)
verify	Check licenses	2026-09-26T12:08:29.5777224Z               ├── quantos-evidence v0.1.0 (*)
verify	Check licenses	2026-09-26T12:08:29.5777600Z               ├── quantos-execution v0.1.0 (*)
verify	Check licenses	2026-09-26T12:08:29.5777904Z               ├── quantos-market v0.1.0 (*)
verify	Check licenses	2026-09-26T12:08:29.5778238Z               ├── quantos-observability v0.1.0 (*)
verify	Check licenses	2026-09-26T12:08:29.5778557Z               ├── quantos-policy v0.1.0 (*)
verify	Check licenses	2026-09-26T12:08:29.5778910Z               ├── quantos-portfolio v0.1.0 (*)
verify	Check licenses	2026-09-26T12:08:29.5779254Z               ├── quantos-reconcile v0.1.0 (*)
verify	Check licenses	2026-09-26T12:08:29.5779853Z               ├── quantos-risk v0.1.0 (*)
verify	Check licenses	2026-09-26T12:08:29.5780204Z               ├── quantos-runtime v0.1.0 (*)
verify	Check licenses	2026-09-26T12:08:29.5780527Z               ├── quantos-storage v0.1.0 (*)
verify	Check licenses	2026-09-26T12:08:29.5780856Z               └── quantos-strategy v0.1.0 (*)
verify	Check licenses	2026-09-26T12:08:29.5780873Z 
verify	Check licenses	2026-09-26T12:08:29.5781628Z ^[[0m^[[1m^[[38;5;11mwarning[duplicate]^[[0m^[[1m: found 2 duplicate entries for crate 'tower'^[[0m
verify	Check licenses	2026-09-26T12:08:29.5782129Z     ^[[0m^[[36m┌─^[[0m /home/runner/work/QuantOS/QuantOS/Cargo.lock:255:1
verify	Check licenses	2026-09-26T12:08:29.5782368Z     ^[[0m^[[36m│^[[0m  
verify	Check licenses	2026-09-26T12:08:29.5783353Z ^[[0m^[[36m255^[[0m ^[[0m^[[36m│^[[0m ^[[0m^[[33m╭^[[0m ^[[0m^[[33mtower 0.4.13 registry+https://github.com/rust-lang/crates.io-index^[[0m
verify	Check licenses	2026-09-26T12:08:29.5784357Z ^[[0m^[[36m256^[[0m ^[[0m^[[36m│^[[0m ^[[0m^[[33m│^[[0m ^[[0m^[[33mtower 0.5.3 registry+https://github.com/rust-lang/crates.io-index^[[0m
verify	Check licenses	2026-09-26T12:08:29.5785172Z     ^[[0m^[[36m│^[[0m ^[[0m^[[33m╰^[[0m^[[0m^[[33m─────────────────────────────────────────────────────────────────┘ lock entries^[[0m
verify	Check licenses	2026-09-26T12:08:29.5785416Z     ^[[0m^[[36m│^[[0m  
verify	Check licenses	2026-09-26T12:08:29.5785698Z     ^[[0m^[[36m├^[[0m tower v0.4.13
verify	Check licenses	2026-09-26T12:08:29.5785935Z       └── tonic v0.12.3
verify	Check licenses	2026-09-26T12:08:29.5786264Z           ├── quantos-engine-manager v0.1.0
verify	Check licenses	2026-09-26T12:08:29.5786576Z           │   └── quantos-runtime v0.1.0
verify	Check licenses	2026-09-26T12:08:29.5786908Z           │       ├── quantos-evidence v0.1.0
verify	Check licenses	2026-09-26T12:08:29.5787232Z           │       ├── quantos-execution v0.1.0
verify	Check licenses	2026-09-26T12:08:29.5787588Z           │       │   ├── execution-gateway v0.1.0
verify	Check licenses	2026-09-26T12:08:29.5788212Z           │       │   ├── quantos-evidence v0.1.0 (*)
verify	Check licenses	2026-09-26T12:08:29.5788570Z           │       │   └── quantos-reconcile v0.1.0
verify	Check licenses	2026-09-26T12:08:29.5788921Z           │       ├── quantos-observability v0.1.0
verify	Check licenses	2026-09-26T12:08:29.5789271Z           │       │   ├── capacity-monitor v0.1.0
verify	Check licenses	2026-09-26T12:08:29.5789953Z           │       │   ├── execution-gateway v0.1.0 (*)
verify	Check licenses	2026-09-26T12:08:29.5790372Z           │       │   ├── market-ingestor v0.1.0
verify	Check licenses	2026-09-26T12:08:29.5790971Z           │       │   ├── portfolio-rebuild v0.1.0
verify	Check licenses	2026-09-26T12:08:29.5791285Z           │       │   ├── replay-cli v0.1.0
verify	Check licenses	2026-09-26T12:08:29.5791624Z           │       │   └── runtime-gateway v0.1.0
verify	Check licenses	2026-09-26T12:08:29.5791958Z           │       └── runtime-gateway v0.1.0 (*)
verify	Check licenses	2026-09-26T12:08:29.5792259Z           └── quantos-proto v0.1.0
verify	Check licenses	2026-09-26T12:08:29.5792641Z               ├── quantos-engine-manager v0.1.0 (*)
verify	Check licenses	2026-09-26T12:08:29.5792972Z               └── quantos-runtime v0.1.0 (*)
verify	Check licenses	2026-09-26T12:08:29.5793298Z     ^[[0m^[[36m├^[[0m tower v0.5.3
verify	Check licenses	2026-09-26T12:08:29.5793525Z       ├── axum v0.7.9
verify	Check licenses	2026-09-26T12:08:29.5793814Z       │   ├── bff-gateway v0.1.0
verify	Check licenses	2026-09-26T12:08:29.5794115Z       │   ├── runtime-gateway v0.1.0
verify	Check licenses	2026-09-26T12:08:29.5794347Z       │   └── tonic v0.12.3
verify	Check licenses	2026-09-26T12:08:29.5794702Z       │       ├── quantos-engine-manager v0.1.0
verify	Check licenses	2026-09-26T12:08:29.5795041Z       │       │   └── quantos-runtime v0.1.0
verify	Check licenses	2026-09-26T12:08:29.5795413Z       │       │       ├── quantos-evidence v0.1.0
verify	Check licenses	2026-09-26T12:08:29.5795753Z       │       │       ├── quantos-execution v0.1.0
verify	Check licenses	2026-09-26T12:08:29.5796111Z       │       │       │   ├── execution-gateway v0.1.0
verify	Check licenses	2026-09-26T12:08:29.5796481Z       │       │       │   ├── quantos-evidence v0.1.0 (*)
verify	Check licenses	2026-09-26T12:08:29.5796831Z       │       │       │   └── quantos-reconcile v0.1.0
verify	Check licenses	2026-09-26T12:08:29.5797177Z       │       │       ├── quantos-observability v0.1.0
verify	Check licenses	2026-09-26T12:08:29.5797519Z       │       │       │   ├── capacity-monitor v0.1.0
verify	Check licenses	2026-09-26T12:08:29.5797926Z       │       │       │   ├── execution-gateway v0.1.0 (*)
verify	Check licenses	2026-09-26T12:08:29.5798289Z       │       │       │   ├── market-ingestor v0.1.0
verify	Check licenses	2026-09-26T12:08:29.5798638Z       │       │       │   ├── portfolio-rebuild v0.1.0
verify	Check licenses	2026-09-26T12:08:29.5798986Z       │       │       │   ├── replay-cli v0.1.0
verify	Check licenses	2026-09-26T12:08:29.5799361Z       │       │       │   └── runtime-gateway v0.1.0 (*)
verify	Check licenses	2026-09-26T12:08:29.5800136Z       │       │       └── runtime-gateway v0.1.0 (*)
verify	Check licenses	2026-09-26T12:08:29.5800517Z       │       └── quantos-proto v0.1.0
verify	Check licenses	2026-09-26T12:08:29.5800921Z       │           ├── quantos-engine-manager v0.1.0 (*)
verify	Check licenses	2026-09-26T12:08:29.5801286Z       │           └── quantos-runtime v0.1.0 (*)
verify	Check licenses	2026-09-26T12:08:29.5801600Z       ├── bff-gateway v0.1.0 (*)
verify	Check licenses	2026-09-26T12:08:29.5801961Z       ├── quantos-engine-manager v0.1.0 (*)
verify	Check licenses	2026-09-26T12:08:29.5802225Z       ├── reqwest v0.13.4
verify	Check licenses	2026-09-26T12:08:29.5802542Z       │   ├── quantos-auth v0.1.0
verify	Check licenses	2026-09-26T12:08:29.5803254Z       │   │   ├── bff-gateway v0.1.0 (*)
verify	Check licenses	2026-09-26T12:08:29.5803658Z       │   │   ├── execution-gateway v0.1.0 (*)
verify	Check licenses	2026-09-26T12:08:29.5804053Z       │   │   ├── quantos-observability v0.1.0 (*)
verify	Check licenses	2026-09-26T12:08:29.5804407Z       │   │   ├── quantos-runtime v0.1.0 (*)
verify	Check licenses	2026-09-26T12:08:29.5804762Z       │   │   ├── quantos-strategy v0.1.0
verify	Check licenses	2026-09-26T12:08:29.5805107Z       │   │   │   └── quantos-risk v0.1.0
verify	Check licenses	2026-09-26T12:08:29.5805506Z       │   │   │       ├── quantos-evidence v0.1.0 (*)
verify	Check licenses	2026-09-26T12:08:29.5806187Z       │   │   │       └── quantos-execution v0.1.0 (*)
verify	Check licenses	2026-09-26T12:08:29.5806566Z       │   │   └── runtime-gateway v0.1.0 (*)
verify	Check licenses	2026-09-26T12:08:29.5806902Z       │   └── quantos-storage v0.1.0
verify	Check licenses	2026-09-26T12:08:29.5807295Z       │       ├── (dev) quantos-evidence v0.1.0 (*)
verify	Check licenses	2026-09-26T12:08:29.5807694Z       │       ├── (dev) quantos-execution v0.1.0 (*)
verify	Check licenses	2026-09-26T12:08:29.5808079Z       │       ├── quantos-observability v0.1.0 (*)
verify	Check licenses	2026-09-26T12:08:29.5808429Z       │       ├── quantos-runtime v0.1.0 (*)
verify	Check licenses	2026-09-26T12:08:29.5808811Z       │       ├── quantos-strategy v0.1.0 (*)
verify	Check licenses	2026-09-26T12:08:29.5809144Z       │       └── runtime-gateway v0.1.0 (*)
verify	Check licenses	2026-09-26T12:08:29.5809406Z       └── tower-http v0.6.11
verify	Check licenses	2026-09-26T12:08:29.5810002Z           ├── bff-gateway v0.1.0 (*)
verify	Check licenses	2026-09-26T12:08:29.5810312Z           ├── reqwest v0.13.4 (*)
verify	Check licenses	2026-09-26T12:08:29.5810651Z           └── runtime-gateway v0.1.0 (*)
verify	Check licenses	2026-09-26T12:08:29.5810672Z 
verify	Check licenses	2026-09-26T12:08:29.5811463Z ^[[0m^[[1m^[[38;5;11mwarning[duplicate]^[[0m^[[1m: found 2 duplicate entries for crate 'wasi'^[[0m
verify	Check licenses	2026-09-26T12:08:29.5812004Z     ^[[0m^[[36m┌─^[[0m /home/runner/work/QuantOS/QuantOS/Cargo.lock:278:1
verify	Check licenses	2026-09-26T12:08:29.5812239Z     ^[[0m^[[36m│^[[0m  
verify	Check licenses	2026-09-26T12:08:29.5813481Z ^[[0m^[[36m278^[[0m ^[[0m^[[36m│^[[0m ^[[0m^[[33m╭^[[0m ^[[0m^[[33mwasi 0.11.1+wasi-snapshot-preview1 registry+https://github.com/rust-lang/crates.io-index^[[0m
verify	Check licenses	2026-09-26T12:08:29.5814643Z ^[[0m^[[36m279^[[0m ^[[0m^[[36m│^[[0m ^[[0m^[[33m│^[[0m ^[[0m^[[33mwasi 0.14.7+wasi-0.2.4 registry+https://github.com/rust-lang/crates.io-index^[[0m
verify	Check licenses	2026-09-26T12:08:29.5815654Z     ^[[0m^[[36m│^[[0m ^[[0m^[[33m╰^[[0m^[[0m^[[33m────────────────────────────────────────────────────────────────────────────┘ lock entries^[[0m
verify	Check licenses	2026-09-26T12:08:29.5815925Z     ^[[0m^[[36m│^[[0m  
verify	Check licenses	2026-09-26T12:08:29.5816348Z     ^[[0m^[[36m├^[[0m wasi v0.11.1+wasi-snapshot-preview1
verify	Check licenses	2026-09-26T12:08:29.5816613Z       ├── getrandom v0.2.17
verify	Check licenses	2026-09-26T12:08:29.5816905Z       │   └── rand_core v0.6.4
verify	Check licenses	2026-09-26T12:08:29.5817165Z       │       ├── rand v0.8.7
verify	Check licenses	2026-09-26T12:08:29.5817453Z       │       │   └── tower v0.4.13
verify	Check licenses	2026-09-26T12:08:29.5817747Z       │       │       └── tonic v0.12.3
verify	Check licenses	2026-09-26T12:08:29.5818143Z       │       │           ├── quantos-engine-manager v0.1.0
verify	Check licenses	2026-09-26T12:08:29.5818514Z       │       │           │   └── quantos-runtime v0.1.0
verify	Check licenses	2026-09-26T12:08:29.5818904Z       │       │           │       ├── quantos-evidence v0.1.0
verify	Check licenses	2026-09-26T12:08:29.5819295Z       │       │           │       ├── quantos-execution v0.1.0
verify	Check licenses	2026-09-26T12:08:29.5819993Z       │       │           │       │   ├── execution-gateway v0.1.0
verify	Check licenses	2026-09-26T12:08:29.5820426Z       │       │           │       │   ├── quantos-evidence v0.1.0 (*)
verify	Check licenses	2026-09-26T12:08:29.5820838Z       │       │           │       │   └── quantos-reconcile v0.1.0
verify	Check licenses	2026-09-26T12:08:29.5821239Z       │       │           │       ├── quantos-observability v0.1.0
verify	Check licenses	2026-09-26T12:08:29.5821621Z       │       │           │       │   ├── capacity-monitor v0.1.0
verify	Check licenses	2026-09-26T12:08:29.5822082Z       │       │           │       │   ├── execution-gateway v0.1.0 (*)
verify	Check licenses	2026-09-26T12:08:29.5822487Z       │       │           │       │   ├── market-ingestor v0.1.0
verify	Check licenses	2026-09-26T12:08:29.5822877Z       │       │           │       │   ├── portfolio-rebuild v0.1.0
verify	Check licenses	2026-09-26T12:08:29.5823237Z       │       │           │       │   ├── replay-cli v0.1.0
verify	Check licenses	2026-09-26T12:08:29.5823654Z       │       │           │       │   └── runtime-gateway v0.1.0
verify	Check licenses	2026-09-26T12:08:29.5824082Z       │       │           │       └── runtime-gateway v0.1.0 (*)
verify	Check licenses	2026-09-26T12:08:29.5824732Z       │       │           └── quantos-proto v0.1.0
verify	Check licenses	2026-09-26T12:08:29.5825162Z       │       │               ├── quantos-engine-manager v0.1.0 (*)
verify	Check licenses	2026-09-26T12:08:29.5825532Z       │       │               └── quantos-runtime v0.1.0 (*)
verify	Check licenses	2026-09-26T12:08:29.5825836Z       │       └── rand_chacha v0.3.1
verify	Check licenses	2026-09-26T12:08:29.5826143Z       │           └── rand v0.8.7 (*)
verify	Check licenses	2026-09-26T12:08:29.5826379Z       └── mio v1.2.2
verify	Check licenses	2026-09-26T12:08:29.5826866Z           └── tokio v1.53.1
verify	Check licenses	2026-09-26T12:08:29.5827112Z               ├── axum v0.7.9
verify	Check licenses	2026-09-26T12:08:29.5827436Z               │   ├── bff-gateway v0.1.0
verify	Check licenses	2026-09-26T12:08:29.5827793Z               │   ├── runtime-gateway v0.1.0 (*)
verify	Check licenses	2026-09-26T12:08:29.5828104Z               │   └── tonic v0.12.3 (*)
verify	Check licenses	2026-09-26T12:08:29.5828425Z               ├── bff-gateway v0.1.0 (*)
verify	Check licenses	2026-09-26T12:08:29.5828680Z               ├── h2 v0.4.16
verify	Check licenses	2026-09-26T12:08:29.5828984Z               │   ├── hyper v1.11.0
verify	Check licenses	2026-09-26T12:08:29.5829322Z               │   │   ├── axum v0.7.9 (*)
verify	Check licenses	2026-09-26T12:08:29.5829959Z               │   │   ├── hyper-rustls v0.27.9
verify	Check licenses	2026-09-26T12:08:29.5830310Z               │   │   │   └── reqwest v0.13.4
verify	Check licenses	2026-09-26T12:08:29.5830667Z               │   │   │       ├── quantos-auth v0.1.0
verify	Check licenses	2026-09-26T12:08:29.5831036Z               │   │   │       │   ├── bff-gateway v0.1.0 (*)
verify	Check licenses	2026-09-26T12:08:29.5831462Z               │   │   │       │   ├── execution-gateway v0.1.0 (*)
verify	Check licenses	2026-09-26T12:08:29.5831932Z               │   │   │       │   ├── quantos-observability v0.1.0 (*)
verify	Check licenses	2026-09-26T12:08:29.5832336Z               │   │   │       │   ├── quantos-runtime v0.1.0 (*)
verify	Check licenses	2026-09-26T12:08:29.5832740Z               │   │   │       │   ├── quantos-strategy v0.1.0
verify	Check licenses	2026-09-26T12:08:29.5833116Z               │   │   │       │   │   └── quantos-risk v0.1.0
verify	Check licenses	2026-09-26T12:08:29.5833523Z               │   │   │       │   │       ├── quantos-evidence v0.1.0 (*)
verify	Check licenses	2026-09-26T12:08:29.5833971Z               │   │   │       │   │       └── quantos-execution v0.1.0 (*)
verify	Check licenses	2026-09-26T12:08:29.5834412Z               │   │   │       │   └── runtime-gateway v0.1.0 (*)
verify	Check licenses	2026-09-26T12:08:29.5834795Z               │   │   │       └── quantos-storage v0.1.0
verify	Check licenses	2026-09-26T12:08:29.5835248Z               │   │   │           ├── (dev) quantos-evidence v0.1.0 (*)
verify	Check licenses	2026-09-26T12:08:29.5835708Z               │   │   │           ├── (dev) quantos-execution v0.1.0 (*)
verify	Check licenses	2026-09-26T12:08:29.5836155Z               │   │   │           ├── quantos-observability v0.1.0 (*)
verify	Check licenses	2026-09-26T12:08:29.5836587Z               │   │   │           ├── quantos-runtime v0.1.0 (*)
verify	Check licenses	2026-09-26T12:08:29.5836978Z               │   │   │           ├── quantos-strategy v0.1.0 (*)
verify	Check licenses	2026-09-26T12:08:29.5837361Z               │   │   │           └── runtime-gateway v0.1.0 (*)
verify	Check licenses	2026-09-26T12:08:29.5837708Z               │   │   ├── hyper-timeout v0.5.2
verify	Check licenses	2026-09-26T12:08:29.5838041Z               │   │   │   └── tonic v0.12.3 (*)
verify	Check licenses	2026-09-26T12:08:29.5838365Z               │   │   ├── hyper-util v0.1.20
verify	Check licenses	2026-09-26T12:08:29.5838935Z               │   │   │   ├── axum v0.7.9 (*)
verify	Check licenses	2026-09-26T12:08:29.5839315Z               │   │   │   ├── hyper-rustls v0.27.9 (*)
verify	Check licenses	2026-09-26T12:08:29.5839944Z               │   │   │   ├── hyper-timeout v0.5.2 (*)
verify	Check licenses	2026-09-26T12:08:29.5840386Z               │   │   │   ├── quantos-engine-manager v0.1.0 (*)
verify	Check licenses	2026-09-26T12:08:29.5840726Z               │   │   │   ├── reqwest v0.13.4 (*)
verify	Check licenses	2026-09-26T12:08:29.5841058Z               │   │   │   └── tonic v0.12.3 (*)
verify	Check licenses	2026-09-26T12:08:29.5841414Z               │   │   ├── reqwest v0.13.4 (*)
verify	Check licenses	2026-09-26T12:08:29.5841716Z               │   │   └── tonic v0.12.3 (*)
verify	Check licenses	2026-09-26T12:08:29.5842013Z               │   └── tonic v0.12.3 (*)
verify	Check licenses	2026-09-26T12:08:29.5842294Z               ├── hyper v1.11.0 (*)
verify	Check licenses	2026-09-26T12:08:29.5842592Z               ├── hyper-rustls v0.27.9 (*)
verify	Check licenses	2026-09-26T12:08:29.5842904Z               ├── hyper-timeout v0.5.2 (*)
verify	Check licenses	2026-09-26T12:08:29.5843214Z               ├── hyper-util v0.1.20 (*)
verify	Check licenses	2026-09-26T12:08:29.5843517Z               ├── postgres v0.19.14
verify	Check licenses	2026-09-26T12:08:29.5843873Z               │   ├── quantos-auth v0.1.0 (*)
verify	Check licenses	2026-09-26T12:08:29.5844210Z               │   ├── quantos-event v0.1.0
verify	Check licenses	2026-09-26T12:08:29.5844576Z               │   │   ├── market-ingestor v0.1.0 (*)
verify	Check licenses	2026-09-26T12:08:29.5844913Z               │   │   ├── quantos-market v0.1.0
verify	Check licenses	2026-09-26T12:08:29.5845282Z               │   │   │   └── market-ingestor v0.1.0 (*)
verify	Check licenses	2026-09-26T12:08:29.5845676Z               │   │   ├── quantos-observability v0.1.0 (*)
verify	Check licenses	2026-09-26T12:08:29.5846232Z               │   │   └── replay-cli v0.1.0 (*)
verify	Check licenses	2026-09-26T12:08:29.5846602Z               │   ├── quantos-observability v0.1.0 (*)
verify	Check licenses	2026-09-26T12:08:29.5846943Z               │   ├── quantos-portfolio v0.1.0
verify	Check licenses	2026-09-26T12:08:29.5847298Z               │   │   ├── portfolio-rebuild v0.1.0 (*)
verify	Check licenses	2026-09-26T12:08:29.5847654Z               │   │   ├── quantos-evidence v0.1.0 (*)
verify	Check licenses	2026-09-26T12:08:29.5848011Z               │   │   ├── quantos-reconcile v0.1.0 (*)
verify	Check licenses	2026-09-26T12:08:29.5848375Z               │   │   └── quantos-risk v0.1.0 (*)
verify	Check licenses	2026-09-26T12:08:29.5848720Z               │   ├── quantos-runtime v0.1.0 (*)
verify	Check licenses	2026-09-26T12:08:29.5849044Z               │   ├── quantos-storage v0.1.0 (*)
verify	Check licenses	2026-09-26T12:08:29.5849382Z               │   ├── quantos-strategy v0.1.0 (*)
verify	Check licenses	2026-09-26T12:08:29.5849966Z               │   ├── replay-cli v0.1.0 (*)
verify	Check licenses	2026-09-26T12:08:29.5850341Z               │   └── (dev) runtime-gateway v0.1.0 (*)
verify	Check licenses	2026-09-26T12:08:29.5850675Z               ├── postgres-native-tls v0.5.3
verify	Check licenses	2026-09-26T12:08:29.5851013Z               │   ├── quantos-auth v0.1.0 (*)
verify	Check licenses	2026-09-26T12:08:29.5851337Z               │   ├── quantos-event v0.1.0 (*)
verify	Check licenses	2026-09-26T12:08:29.5851706Z               │   ├── quantos-observability v0.1.0 (*)
verify	Check licenses	2026-09-26T12:08:29.5852058Z               │   ├── quantos-portfolio v0.1.0 (*)
verify	Check licenses	2026-09-26T12:08:29.5852393Z               │   ├── quantos-storage v0.1.0 (*)
verify	Check licenses	2026-09-26T12:08:29.5852725Z               │   └── quantos-strategy v0.1.0 (*)
verify	Check licenses	2026-09-26T12:08:29.5853042Z               ├── postgres-openssl v0.5.3
verify	Check licenses	2026-09-26T12:08:29.5853387Z               │   ├── quantos-auth v0.1.0 (*)
verify	Check licenses	2026-09-26T12:08:29.5853719Z               │   ├── quantos-runtime v0.1.0 (*)
verify	Check licenses	2026-09-26T12:08:29.5854087Z               │   └── (dev) runtime-gateway v0.1.0 (*)
verify	Check licenses	2026-09-26T12:08:29.5854441Z               ├── quantos-engine-manager v0.1.0 (*)
verify	Check licenses	2026-09-26T12:08:29.5854765Z               ├── quantos-runtime v0.1.0 (*)
verify	Check licenses	2026-09-26T12:08:29.5855077Z               ├── reqwest v0.13.4 (*)
verify	Check licenses	2026-09-26T12:08:29.5855425Z               ├── runtime-gateway v0.1.0 (*)
verify	Check licenses	2026-09-26T12:08:29.5855732Z               ├── tokio-native-tls v0.3.1
verify	Check licenses	2026-09-26T12:08:29.5856112Z               │   └── postgres-native-tls v0.5.3 (*)
verify	Check licenses	2026-09-26T12:08:29.5856423Z               ├── tokio-openssl v0.6.5
verify	Check licenses	2026-09-26T12:08:29.5856765Z               │   └── postgres-openssl v0.5.3 (*)
verify	Check licenses	2026-09-26T12:08:29.5857064Z               ├── tokio-postgres v0.7.18
verify	Check licenses	2026-09-26T12:08:29.5857361Z               │   ├── postgres v0.19.14 (*)
verify	Check licenses	2026-09-26T12:08:29.5858024Z               │   ├── postgres-native-tls v0.5.3 (*)
verify	Check licenses	2026-09-26T12:08:29.5858377Z               │   └── postgres-openssl v0.5.3 (*)
verify	Check licenses	2026-09-26T12:08:29.5858684Z               ├── tokio-rustls v0.26.4
verify	Check licenses	2026-09-26T12:08:29.5859005Z               │   ├── hyper-rustls v0.27.9 (*)
verify	Check licenses	2026-09-26T12:08:29.5859319Z               │   └── reqwest v0.13.4 (*)
verify	Check licenses	2026-09-26T12:08:29.5860472Z               ├── tokio-stream v0.1.19
verify	Check licenses	2026-09-26T12:08:29.5860935Z               │   ├── quantos-engine-manager v0.1.0 (*)
verify	Check licenses	2026-09-26T12:08:29.5861692Z               │   └── tonic v0.12.3 (*)
verify	Check licenses	2026-09-26T12:08:29.5862047Z               ├── tokio-util v0.7.19
verify	Check licenses	2026-09-26T12:08:29.5862343Z               │   ├── h2 v0.4.16 (*)
verify	Check licenses	2026-09-26T12:08:29.5862682Z               │   ├── tokio-postgres v0.7.18 (*)
verify	Check licenses	2026-09-26T12:08:29.5862969Z               │   └── tower v0.4.13 (*)
verify	Check licenses	2026-09-26T12:08:29.5863266Z               ├── tonic v0.12.3 (*)
verify	Check licenses	2026-09-26T12:08:29.5863436Z               ├── tower v0.4.13 (*)
verify	Check licenses	2026-09-26T12:08:29.5863614Z               └── tower v0.5.3
verify	Check licenses	2026-09-26T12:08:29.5863784Z                   ├── axum v0.7.9 (*)
verify	Check licenses	2026-09-26T12:08:29.5863964Z                   ├── bff-gateway v0.1.0 (*)
verify	Check licenses	2026-09-26T12:08:29.5864181Z                   ├── quantos-engine-manager v0.1.0 (*)
verify	Check licenses	2026-09-26T12:08:29.5864348Z                   ├── reqwest v0.13.4 (*)
verify	Check licenses	2026-09-26T12:08:29.5864521Z                   └── tower-http v0.6.11
verify	Check licenses	2026-09-26T12:08:29.5864706Z                       ├── bff-gateway v0.1.0 (*)
verify	Check licenses	2026-09-26T12:08:29.5864898Z                       ├── reqwest v0.13.4 (*)
verify	Check licenses	2026-09-26T12:08:29.5865112Z                       └── runtime-gateway v0.1.0 (*)
verify	Check licenses	2026-09-26T12:08:29.5865290Z     ^[[0m^[[36m├^[[0m wasi v0.14.7+wasi-0.2.4
verify	Check licenses	2026-09-26T12:08:29.5865422Z       └── wasite v1.0.2
verify	Check licenses	2026-09-26T12:08:29.5865556Z           └── whoami v2.1.2
verify	Check licenses	2026-09-26T12:08:29.5865731Z               └── tokio-postgres v0.7.18
verify	Check licenses	2026-09-26T12:08:29.5865894Z                   ├── postgres v0.19.14
verify	Check licenses	2026-09-26T12:08:29.5866077Z                   │   ├── quantos-auth v0.1.0
verify	Check licenses	2026-09-26T12:08:29.5866275Z                   │   │   ├── bff-gateway v0.1.0
verify	Check licenses	2026-09-26T12:08:29.5866479Z                   │   │   ├── execution-gateway v0.1.0
verify	Check licenses	2026-09-26T12:08:29.5866694Z                   │   │   ├── quantos-observability v0.1.0
verify	Check licenses	2026-09-26T12:08:29.5866896Z                   │   │   │   ├── capacity-monitor v0.1.0
verify	Check licenses	2026-09-26T12:08:29.5867119Z                   │   │   │   ├── execution-gateway v0.1.0 (*)
verify	Check licenses	2026-09-26T12:08:29.5867328Z                   │   │   │   ├── market-ingestor v0.1.0
verify	Check licenses	2026-09-26T12:08:29.5867545Z                   │   │   │   ├── portfolio-rebuild v0.1.0
verify	Check licenses	2026-09-26T12:08:29.5867739Z                   │   │   │   ├── replay-cli v0.1.0
verify	Check licenses	2026-09-26T12:08:29.5867932Z                   │   │   │   └── runtime-gateway v0.1.0
verify	Check licenses	2026-09-26T12:08:29.5868127Z                   │   │   ├── quantos-runtime v0.1.0
verify	Check licenses	2026-09-26T12:08:29.5868333Z                   │   │   │   ├── quantos-evidence v0.1.0
verify	Check licenses	2026-09-26T12:08:29.5868536Z                   │   │   │   ├── quantos-execution v0.1.0
verify	Check licenses	2026-09-26T12:08:29.5869026Z                   │   │   │   │   ├── execution-gateway v0.1.0 (*)
verify	Check licenses	2026-09-26T12:08:29.5869248Z                   │   │   │   │   ├── quantos-evidence v0.1.0 (*)
verify	Check licenses	2026-09-26T12:08:29.5869713Z                   │   │   │   │   └── quantos-reconcile v0.1.0
verify	Check licenses	2026-09-26T12:08:29.5869960Z                   │   │   │   ├── quantos-observability v0.1.0 (*)
verify	Check licenses	2026-09-26T12:08:29.5870177Z                   │   │   │   └── runtime-gateway v0.1.0 (*)
verify	Check licenses	2026-09-26T12:08:29.5870395Z                   │   │   ├── quantos-strategy v0.1.0
verify	Check licenses	2026-09-26T12:08:29.5870583Z                   │   │   │   └── quantos-risk v0.1.0
verify	Check licenses	2026-09-26T12:08:29.5870803Z                   │   │   │       ├── quantos-evidence v0.1.0 (*)
verify	Check licenses	2026-09-26T12:08:29.5871027Z                   │   │   │       └── quantos-execution v0.1.0 (*)
verify	Check licenses	2026-09-26T12:08:29.5871230Z                   │   │   └── runtime-gateway v0.1.0 (*)
verify	Check licenses	2026-09-26T12:08:29.5871414Z                   │   ├── quantos-event v0.1.0
verify	Check licenses	2026-09-26T12:08:29.5871622Z                   │   │   ├── market-ingestor v0.1.0 (*)
verify	Check licenses	2026-09-26T12:08:29.5871817Z                   │   │   ├── quantos-market v0.1.0
verify	Check licenses	2026-09-26T12:08:29.5872028Z                   │   │   │   └── market-ingestor v0.1.0 (*)
verify	Check licenses	2026-09-26T12:08:29.5872246Z                   │   │   ├── quantos-observability v0.1.0 (*)
verify	Check licenses	2026-09-26T12:08:29.5872434Z                   │   │   └── replay-cli v0.1.0 (*)
verify	Check licenses	2026-09-26T12:08:29.5872636Z                   │   ├── quantos-observability v0.1.0 (*)
verify	Check licenses	2026-09-26T12:08:29.5872978Z                   │   ├── quantos-portfolio v0.1.0
verify	Check licenses	2026-09-26T12:08:29.5873188Z                   │   │   ├── portfolio-rebuild v0.1.0 (*)
verify	Check licenses	2026-09-26T12:08:29.5873388Z                   │   │   ├── quantos-evidence v0.1.0 (*)
verify	Check licenses	2026-09-26T12:08:29.5873592Z                   │   │   ├── quantos-reconcile v0.1.0 (*)
verify	Check licenses	2026-09-26T12:08:29.5873778Z                   │   │   └── quantos-risk v0.1.0 (*)
verify	Check licenses	2026-09-26T12:08:29.5873970Z                   │   ├── quantos-runtime v0.1.0 (*)
verify	Check licenses	2026-09-26T12:08:29.5874170Z                   │   ├── quantos-storage v0.1.0
verify	Check licenses	2026-09-26T12:08:29.5874393Z                   │   │   ├── (dev) quantos-evidence v0.1.0 (*)
verify	Check licenses	2026-09-26T12:08:29.5874614Z                   │   │   ├── (dev) quantos-execution v0.1.0 (*)
verify	Check licenses	2026-09-26T12:08:29.5874827Z                   │   │   ├── quantos-observability v0.1.0 (*)
verify	Check licenses	2026-09-26T12:08:29.5875027Z                   │   │   ├── quantos-runtime v0.1.0 (*)
verify	Check licenses	2026-09-26T12:08:29.5875225Z                   │   │   ├── quantos-strategy v0.1.0 (*)
verify	Check licenses	2026-09-26T12:08:29.5875436Z                   │   │   └── runtime-gateway v0.1.0 (*)
verify	Check licenses	2026-09-26T12:08:29.5875624Z                   │   ├── quantos-strategy v0.1.0 (*)
verify	Check licenses	2026-09-26T12:08:29.5875808Z                   │   ├── replay-cli v0.1.0 (*)
verify	Check licenses	2026-09-26T12:08:29.5876010Z                   │   └── (dev) runtime-gateway v0.1.0 (*)
verify	Check licenses	2026-09-26T12:08:29.5876198Z                   ├── postgres-native-tls v0.5.3
verify	Check licenses	2026-09-26T12:08:29.5876387Z                   │   ├── quantos-auth v0.1.0 (*)
verify	Check licenses	2026-09-26T12:08:29.5876583Z                   │   ├── quantos-event v0.1.0 (*)
verify	Check licenses	2026-09-26T12:08:29.5876984Z                   │   ├── quantos-observability v0.1.0 (*)
verify	Check licenses	2026-09-26T12:08:29.5877278Z                   │   ├── quantos-portfolio v0.1.0 (*)
verify	Check licenses	2026-09-26T12:08:29.5877478Z                   │   ├── quantos-storage v0.1.0 (*)
verify	Check licenses	2026-09-26T12:08:29.5877675Z                   │   └── quantos-strategy v0.1.0 (*)
verify	Check licenses	2026-09-26T12:08:29.5877857Z                   └── postgres-openssl v0.5.3
verify	Check licenses	2026-09-26T12:08:29.5878059Z                       ├── quantos-auth v0.1.0 (*)
verify	Check licenses	2026-09-26T12:08:29.5878255Z                       ├── quantos-runtime v0.1.0 (*)
verify	Check licenses	2026-09-26T12:08:29.5878462Z                       └── (dev) runtime-gateway v0.1.0 (*)
verify	Check licenses	2026-09-26T12:08:29.5878473Z 
verify	Check licenses	2026-09-26T12:08:29.5878938Z ^[[0m^[[1m^[[38;5;11mwarning[duplicate]^[[0m^[[1m: found 2 duplicate entries for crate 'windows-sys'^[[0m
verify	Check licenses	2026-09-26T12:08:29.5879227Z     ^[[0m^[[36m┌─^[[0m /home/runner/work/QuantOS/QuantOS/Cargo.lock:297:1
verify	Check licenses	2026-09-26T12:08:29.5879356Z     ^[[0m^[[36m│^[[0m  
verify	Check licenses	2026-09-26T12:08:29.5880363Z ^[[0m^[[36m297^[[0m ^[[0m^[[36m│^[[0m ^[[0m^[[33m╭^[[0m ^[[0m^[[33mwindows-sys 0.52.0 registry+https://github.com/rust-lang/crates.io-index^[[0m
verify	Check licenses	2026-09-26T12:08:29.5881030Z ^[[0m^[[36m298^[[0m ^[[0m^[[36m│^[[0m ^[[0m^[[33m│^[[0m ^[[0m^[[33mwindows-sys 0.61.2 registry+https://github.com/rust-lang/crates.io-index^[[0m
verify	Check licenses	2026-09-26T12:08:29.5881814Z     ^[[0m^[[36m│^[[0m ^[[0m^[[33m╰^[[0m^[[0m^[[33m────────────────────────────────────────────────────────────────────────┘ lock entries^[[0m
verify	Check licenses	2026-09-26T12:08:29.5882152Z     ^[[0m^[[36m│^[[0m  
verify	Check licenses	2026-09-26T12:08:29.5882461Z     ^[[0m^[[36m├^[[0m windows-sys v0.52.0
verify	Check licenses	2026-09-26T12:08:29.5882687Z       └── socket2 v0.5.10
verify	Check licenses	2026-09-26T12:08:29.5882931Z           └── tonic v0.12.3
verify	Check licenses	2026-09-26T12:08:29.5883154Z               ├── quantos-engine-manager v0.1.0
verify	Check licenses	2026-09-26T12:08:29.5883334Z               │   └── quantos-runtime v0.1.0
verify	Check licenses	2026-09-26T12:08:29.5883527Z               │       ├── quantos-evidence v0.1.0
verify	Check licenses	2026-09-26T12:08:29.5883852Z               │       ├── quantos-execution v0.1.0
verify	Check licenses	2026-09-26T12:08:29.5884231Z               │       │   ├── execution-gateway v0.1.0
verify	Check licenses	2026-09-26T12:08:29.5884492Z               │       │   ├── quantos-evidence v0.1.0 (*)
verify	Check licenses	2026-09-26T12:08:29.5884700Z               │       │   └── quantos-reconcile v0.1.0
verify	Check licenses	2026-09-26T12:08:29.5884900Z               │       ├── quantos-observability v0.1.0
verify	Check licenses	2026-09-26T12:08:29.5885101Z               │       │   ├── capacity-monitor v0.1.0
verify	Check licenses	2026-09-26T12:08:29.5885309Z               │       │   ├── execution-gateway v0.1.0 (*)
verify	Check licenses	2026-09-26T12:08:29.5885519Z               │       │   ├── market-ingestor v0.1.0
verify	Check licenses	2026-09-26T12:08:29.5885717Z               │       │   ├── portfolio-rebuild v0.1.0
verify	Check licenses	2026-09-26T12:08:29.5885905Z               │       │   ├── replay-cli v0.1.0
verify	Check licenses	2026-09-26T12:08:29.5886098Z               │       │   └── runtime-gateway v0.1.0
verify	Check licenses	2026-09-26T12:08:29.5886290Z               │       └── runtime-gateway v0.1.0 (*)
verify	Check licenses	2026-09-26T12:08:29.5886463Z               └── quantos-proto v0.1.0
verify	Check licenses	2026-09-26T12:08:29.5886669Z                   ├── quantos-engine-manager v0.1.0 (*)
verify	Check licenses	2026-09-26T12:08:29.5886874Z                   └── quantos-runtime v0.1.0 (*)
verify	Check licenses	2026-09-26T12:08:29.5887047Z     ^[[0m^[[36m├^[[0m windows-sys v0.61.2
verify	Check licenses	2026-09-26T12:08:29.5887209Z       ├── anstyle-query v1.1.5
verify	Check licenses	2026-09-26T12:08:29.5887346Z       │   └── anstream v1.0.0
verify	Check licenses	2026-09-26T12:08:29.5887511Z       │       └── clap_builder v4.6.2
verify	Check licenses	2026-09-26T12:08:29.5887667Z       │           └── clap v4.6.4
verify	Check licenses	2026-09-26T12:08:29.5887859Z       │               ├── capacity-monitor v0.1.0
verify	Check licenses	2026-09-26T12:08:29.5888054Z       │               ├── market-ingestor v0.1.0
verify	Check licenses	2026-09-26T12:08:29.5888243Z       │               ├── portfolio-rebuild v0.1.0
verify	Check licenses	2026-09-26T12:08:29.5888419Z       │               └── replay-cli v0.1.0
verify	Check licenses	2026-09-26T12:08:29.5888580Z       ├── anstyle-wincon v3.0.11
verify	Check licenses	2026-09-26T12:08:29.5888737Z       │   └── anstream v1.0.0 (*)
verify	Check licenses	2026-09-26T12:08:29.5888867Z       ├── errno v0.3.14
verify	Check licenses	2026-09-26T12:08:29.5888995Z       │   ├── rustix v1.1.4
verify	Check licenses	2026-09-26T12:08:29.5889154Z       │   │   └── tempfile v3.27.0
verify	Check licenses	2026-09-26T12:08:29.5889733Z       │   │       ├── native-tls v0.2.18
verify	Check licenses	2026-09-26T12:08:29.5889955Z       │   │       │   ├── postgres-native-tls v0.5.3
verify	Check licenses	2026-09-26T12:08:29.5890175Z       │   │       │   │   ├── quantos-auth v0.1.0
verify	Check licenses	2026-09-26T12:08:29.5890371Z       │   │       │   │   │   ├── bff-gateway v0.1.0
verify	Check licenses	2026-09-26T12:08:29.5890584Z       │   │       │   │   │   ├── execution-gateway v0.1.0
verify	Check licenses	2026-09-26T12:08:29.5890811Z       │   │       │   │   │   ├── quantos-observability v0.1.0
verify	Check licenses	2026-09-26T12:08:29.5891062Z       │   │       │   │   │   │   ├── capacity-monitor v0.1.0 (*)
verify	Check licenses	2026-09-26T12:08:29.5891296Z       │   │       │   │   │   │   ├── execution-gateway v0.1.0 (*)
verify	Check licenses	2026-09-26T12:08:29.5891513Z       │   │       │   │   │   │   ├── market-ingestor v0.1.0 (*)
verify	Check licenses	2026-09-26T12:08:29.5891740Z       │   │       │   │   │   │   ├── portfolio-rebuild v0.1.0 (*)
verify	Check licenses	2026-09-26T12:08:29.5891950Z       │   │       │   │   │   │   ├── replay-cli v0.1.0 (*)
verify	Check licenses	2026-09-26T12:08:29.5892166Z       │   │       │   │   │   │   └── runtime-gateway v0.1.0
verify	Check licenses	2026-09-26T12:08:29.5892388Z       │   │       │   │   │   ├── quantos-runtime v0.1.0
verify	Check licenses	2026-09-26T12:08:29.5892598Z       │   │       │   │   │   │   ├── quantos-evidence v0.1.0
verify	Check licenses	2026-09-26T12:08:29.5892817Z       │   │       │   │   │   │   ├── quantos-execution v0.1.0
verify	Check licenses	2026-09-26T12:08:29.5893058Z       │   │       │   │   │   │   │   ├── execution-gateway v0.1.0 (*)
verify	Check licenses	2026-09-26T12:08:29.5893292Z       │   │       │   │   │   │   │   ├── quantos-evidence v0.1.0 (*)
verify	Check licenses	2026-09-26T12:08:29.5893664Z       │   │       │   │   │   │   │   └── quantos-reconcile v0.1.0
verify	Check licenses	2026-09-26T12:08:29.5893894Z       │   │       │   │   │   │   ├── quantos-observability v0.1.0 (*)
verify	Check licenses	2026-09-26T12:08:29.5894115Z       │   │       │   │   │   │   └── runtime-gateway v0.1.0 (*)
verify	Check licenses	2026-09-26T12:08:29.5894324Z       │   │       │   │   │   ├── quantos-strategy v0.1.0
verify	Check licenses	2026-09-26T12:08:29.5894523Z       │   │       │   │   │   │   └── quantos-risk v0.1.0
verify	Check licenses	2026-09-26T12:08:29.5894751Z       │   │       │   │   │   │       ├── quantos-evidence v0.1.0 (*)
verify	Check licenses	2026-09-26T12:08:29.5894996Z       │   │       │   │   │   │       └── quantos-execution v0.1.0 (*)
verify	Check licenses	2026-09-26T12:08:29.5895210Z       │   │       │   │   │   └── runtime-gateway v0.1.0 (*)
verify	Check licenses	2026-09-26T12:08:29.5895412Z       │   │       │   │   ├── quantos-event v0.1.0
verify	Check licenses	2026-09-26T12:08:29.5895623Z       │   │       │   │   │   ├── market-ingestor v0.1.0 (*)
verify	Check licenses	2026-09-26T12:08:29.5895826Z       │   │       │   │   │   ├── quantos-market v0.1.0
verify	Check licenses	2026-09-26T12:08:29.5896057Z       │   │       │   │   │   │   └── market-ingestor v0.1.0 (*)
verify	Check licenses	2026-09-26T12:08:29.5896288Z       │   │       │   │   │   ├── quantos-observability v0.1.0 (*)
verify	Check licenses	2026-09-26T12:08:29.5896485Z       │   │       │   │   │   └── replay-cli v0.1.0 (*)
verify	Check licenses	2026-09-26T12:08:29.5896708Z       │   │       │   │   ├── quantos-observability v0.1.0 (*)
verify	Check licenses	2026-09-26T12:08:29.5896912Z       │   │       │   │   ├── quantos-portfolio v0.1.0
verify	Check licenses	2026-09-26T12:08:29.5897124Z       │   │       │   │   │   ├── portfolio-rebuild v0.1.0 (*)
verify	Check licenses	2026-09-26T12:08:29.5897352Z       │   │       │   │   │   ├── quantos-evidence v0.1.0 (*)
verify	Check licenses	2026-09-26T12:08:29.5897563Z       │   │       │   │   │   ├── quantos-reconcile v0.1.0 (*)
verify	Check licenses	2026-09-26T12:08:29.5897764Z       │   │       │   │   │   └── quantos-risk v0.1.0 (*)
verify	Check licenses	2026-09-26T12:08:29.5897963Z       │   │       │   │   ├── quantos-storage v0.1.0
verify	Check licenses	2026-09-26T12:08:29.5898192Z       │   │       │   │   │   ├── (dev) quantos-evidence v0.1.0 (*)
verify	Check licenses	2026-09-26T12:08:29.5898444Z       │   │       │   │   │   ├── (dev) quantos-execution v0.1.0 (*)
verify	Check licenses	2026-09-26T12:08:29.5898674Z       │   │       │   │   │   ├── quantos-observability v0.1.0 (*)
verify	Check licenses	2026-09-26T12:08:29.5898883Z       │   │       │   │   │   ├── quantos-runtime v0.1.0 (*)
verify	Check licenses	2026-09-26T12:08:29.5899097Z       │   │       │   │   │   ├── quantos-strategy v0.1.0 (*)
verify	Check licenses	2026-09-26T12:08:29.5899297Z       │   │       │   │   │   └── runtime-gateway v0.1.0 (*)
verify	Check licenses	2026-09-26T12:08:29.5899653Z       │   │       │   │   └── quantos-strategy v0.1.0 (*)
verify	Check licenses	2026-09-26T12:08:29.5900025Z       │   │       │   ├── quantos-auth v0.1.0 (*)
verify	Check licenses	2026-09-26T12:08:29.5900219Z       │   │       │   ├── quantos-event v0.1.0 (*)
verify	Check licenses	2026-09-26T12:08:29.5900433Z       │   │       │   ├── quantos-observability v0.1.0 (*)
verify	Check licenses	2026-09-26T12:08:29.5900691Z       │   │       │   ├── quantos-portfolio v0.1.0 (*)
verify	Check licenses	2026-09-26T12:08:29.5901051Z       │   │       │   ├── quantos-storage v0.1.0 (*)
verify	Check licenses	2026-09-26T12:08:29.5901384Z       │   │       │   ├── quantos-strategy v0.1.0 (*)
verify	Check licenses	2026-09-26T12:08:29.5901749Z       │   │       │   └── tokio-native-tls v0.3.1
verify	Check licenses	2026-09-26T12:08:29.5901973Z       │   │       │       └── postgres-native-tls v0.5.3 (*)
verify	Check licenses	2026-09-26T12:08:29.5902146Z       │   │       ├── prost-build v0.13.5
verify	Check licenses	2026-09-26T12:08:29.5902348Z       │   │       │   └── (build) pbjson-types v0.7.0
verify	Check licenses	2026-09-26T12:08:29.5902579Z       │   │       │       ├── (dev) quantos-engine-manager v0.1.0
verify	Check licenses	2026-09-26T12:08:29.5902788Z       │   │       │       │   └── quantos-runtime v0.1.0 (*)
verify	Check licenses	2026-09-26T12:08:29.5902993Z       │   │       │       ├── quantos-proto v0.1.0
verify	Check licenses	2026-09-26T12:08:29.5903222Z       │   │       │       │   ├── quantos-engine-manager v0.1.0 (*)
verify	Check licenses	2026-09-26T12:08:29.5903432Z       │   │       │       │   └── quantos-runtime v0.1.0 (*)
verify	Check licenses	2026-09-26T12:08:29.5903638Z       │   │       │       └── quantos-runtime v0.1.0 (*)
verify	Check licenses	2026-09-26T12:08:29.5903863Z       │   │       ├── (dev) quantos-engine-manager v0.1.0 (*)
verify	Check licenses	2026-09-26T12:08:29.5904067Z       │   │       └── (dev) quantos-runtime v0.1.0 (*)
verify	Check licenses	2026-09-26T12:08:29.5904257Z       │   └── signal-hook-registry v1.4.8
verify	Check licenses	2026-09-26T12:08:29.5904414Z       │       └── tokio v1.53.1
verify	Check licenses	2026-09-26T12:08:29.5904572Z       │           ├── axum v0.7.9
verify	Check licenses	2026-09-26T12:08:29.5904761Z       │           │   ├── bff-gateway v0.1.0 (*)
verify	Check licenses	2026-09-26T12:08:29.5904957Z       │           │   ├── runtime-gateway v0.1.0 (*)
verify	Check licenses	2026-09-26T12:08:29.5905118Z       │           │   └── tonic v0.12.3
verify	Check licenses	2026-09-26T12:08:29.5905345Z       │           │       ├── quantos-engine-manager v0.1.0 (*)
verify	Check licenses	2026-09-26T12:08:29.5905557Z       │           │       └── quantos-proto v0.1.0 (*)
verify	Check licenses	2026-09-26T12:08:29.5905735Z       │           ├── bff-gateway v0.1.0 (*)
verify	Check licenses	2026-09-26T12:08:29.5905888Z       │           ├── h2 v0.4.16
verify	Check licenses	2026-09-26T12:08:29.5906047Z       │           │   ├── hyper v1.11.0
verify	Check licenses	2026-09-26T12:08:29.5906225Z       │           │   │   ├── axum v0.7.9 (*)
verify	Check licenses	2026-09-26T12:08:29.5906416Z       │           │   │   ├── hyper-rustls v0.27.9
verify	Check licenses	2026-09-26T12:08:29.5906600Z       │           │   │   │   └── reqwest v0.13.4
verify	Check licenses	2026-09-26T12:08:29.5906825Z       │           │   │   │       ├── quantos-auth v0.1.0 (*)
verify	Check licenses	2026-09-26T12:08:29.5907039Z       │           │   │   │       └── quantos-storage v0.1.0 (*)
verify	Check licenses	2026-09-26T12:08:29.5907228Z       │           │   │   ├── hyper-timeout v0.5.2
verify	Check licenses	2026-09-26T12:08:29.5907418Z       │           │   │   │   └── tonic v0.12.3 (*)
verify	Check licenses	2026-09-26T12:08:29.5907605Z       │           │   │   ├── hyper-util v0.1.20
verify	Check licenses	2026-09-26T12:08:29.5907785Z       │           │   │   │   ├── axum v0.7.9 (*)
verify	Check licenses	2026-09-26T12:08:29.5908135Z       │           │   │   │   ├── hyper-rustls v0.27.9 (*)
verify	Check licenses	2026-09-26T12:08:29.5908343Z       │           │   │   │   ├── hyper-timeout v0.5.2 (*)
verify	Check licenses	2026-09-26T12:08:29.5908577Z       │           │   │   │   ├── quantos-engine-manager v0.1.0 (*)
verify	Check licenses	2026-09-26T12:08:29.5908771Z       │           │   │   │   ├── reqwest v0.13.4 (*)
verify	Check licenses	2026-09-26T12:08:29.5908954Z       │           │   │   │   └── tonic v0.12.3 (*)
verify	Check licenses	2026-09-26T12:08:29.5909128Z       │           │   │   ├── reqwest v0.13.4 (*)
verify	Check licenses	2026-09-26T12:08:29.5909321Z       │           │   │   └── tonic v0.12.3 (*)
verify	Check licenses	2026-09-26T12:08:29.5909692Z       │           │   └── tonic v0.12.3 (*)
verify	Check licenses	2026-09-26T12:08:29.5909872Z       │           ├── hyper v1.11.0 (*)
verify	Check licenses	2026-09-26T12:08:29.5910053Z       │           ├── hyper-rustls v0.27.9 (*)
verify	Check licenses	2026-09-26T12:08:29.5910232Z       │           ├── hyper-timeout v0.5.2 (*)
verify	Check licenses	2026-09-26T12:08:29.5910406Z       │           ├── hyper-util v0.1.20 (*)
verify	Check licenses	2026-09-26T12:08:29.5910575Z       │           ├── postgres v0.19.14
verify	Check licenses	2026-09-26T12:08:29.5910911Z       │           │   ├── quantos-auth v0.1.0 (*)
verify	Check licenses	2026-09-26T12:08:29.5911220Z       │           │   ├── quantos-event v0.1.0 (*)
verify	Check licenses	2026-09-26T12:08:29.5911611Z       │           │   ├── quantos-observability v0.1.0 (*)
verify	Check licenses	2026-09-26T12:08:29.5911972Z       │           │   ├── quantos-portfolio v0.1.0 (*)
verify	Check licenses	2026-09-26T12:08:29.5912180Z       │           │   ├── quantos-runtime v0.1.0 (*)
verify	Check licenses	2026-09-26T12:08:29.5912371Z       │           │   ├── quantos-storage v0.1.0 (*)
verify	Check licenses	2026-09-26T12:08:29.5912736Z       │           │   ├── quantos-strategy v0.1.0 (*)
verify	Check licenses	2026-09-26T12:08:29.5912920Z       │           │   ├── replay-cli v0.1.0 (*)
verify	Check licenses	2026-09-26T12:08:29.5913126Z       │           │   └── (dev) runtime-gateway v0.1.0 (*)
verify	Check licenses	2026-09-26T12:08:29.5913320Z       │           ├── postgres-native-tls v0.5.3 (*)
verify	Check licenses	2026-09-26T12:08:29.5913503Z       │           ├── postgres-openssl v0.5.3
verify	Check licenses	2026-09-26T12:08:29.5913681Z       │           │   ├── quantos-auth v0.1.0 (*)
verify	Check licenses	2026-09-26T12:08:29.5913872Z       │           │   ├── quantos-runtime v0.1.0 (*)
verify	Check licenses	2026-09-26T12:08:29.5914095Z       │           │   └── (dev) runtime-gateway v0.1.0 (*)
verify	Check licenses	2026-09-26T12:08:29.5914301Z       │           ├── quantos-engine-manager v0.1.0 (*)
verify	Check licenses	2026-09-26T12:08:29.5914486Z       │           ├── quantos-runtime v0.1.0 (*)
verify	Check licenses	2026-09-26T12:08:29.5914649Z       │           ├── reqwest v0.13.4 (*)
verify	Check licenses	2026-09-26T12:08:29.5914831Z       │           ├── runtime-gateway v0.1.0 (*)
verify	Check licenses	2026-09-26T12:08:29.5915014Z       │           ├── tokio-native-tls v0.3.1 (*)
verify	Check licenses	2026-09-26T12:08:29.5915199Z       │           ├── tokio-openssl v0.6.5
verify	Check licenses	2026-09-26T12:08:29.5915396Z       │           │   └── postgres-openssl v0.5.3 (*)
verify	Check licenses	2026-09-26T12:08:29.5915569Z       │           ├── tokio-postgres v0.7.18
verify	Check licenses	2026-09-26T12:08:29.5915748Z       │           │   ├── postgres v0.19.14 (*)
verify	Check licenses	2026-09-26T12:08:29.5915954Z       │           │   ├── postgres-native-tls v0.5.3 (*)
verify	Check licenses	2026-09-26T12:08:29.5916147Z       │           │   └── postgres-openssl v0.5.3 (*)
verify	Check licenses	2026-09-26T12:08:29.5916330Z       │           ├── tokio-rustls v0.26.4
verify	Check licenses	2026-09-26T12:08:29.5916510Z       │           │   ├── hyper-rustls v0.27.9 (*)
verify	Check licenses	2026-09-26T12:08:29.5916685Z       │           │   └── reqwest v0.13.4 (*)
verify	Check licenses	2026-09-26T12:08:29.5916854Z       │           ├── tokio-stream v0.1.19
verify	Check licenses	2026-09-26T12:08:29.5917070Z       │           │   ├── quantos-engine-manager v0.1.0 (*)
verify	Check licenses	2026-09-26T12:08:29.5917234Z       │           │   └── tonic v0.12.3 (*)
verify	Check licenses	2026-09-26T12:08:29.5917405Z       │           ├── tokio-util v0.7.19
verify	Check licenses	2026-09-26T12:08:29.5917579Z       │           │   ├── h2 v0.4.16 (*)
verify	Check licenses	2026-09-26T12:08:29.5917774Z       │           │   ├── tokio-postgres v0.7.18 (*)
verify	Check licenses	2026-09-26T12:08:29.5917932Z       │           │   └── tower v0.4.13
verify	Check licenses	2026-09-26T12:08:29.5918101Z       │           │       └── tonic v0.12.3 (*)
verify	Check licenses	2026-09-26T12:08:29.5918262Z       │           ├── tonic v0.12.3 (*)
verify	Check licenses	2026-09-26T12:08:29.5918423Z       │           ├── tower v0.4.13 (*)
verify	Check licenses	2026-09-26T12:08:29.5918582Z       │           └── tower v0.5.3
verify	Check licenses	2026-09-26T12:08:29.5918891Z       │               ├── axum v0.7.9 (*)
verify	Check licenses	2026-09-26T12:08:29.5919069Z       │               ├── bff-gateway v0.1.0 (*)
verify	Check licenses	2026-09-26T12:08:29.5919283Z       │               ├── quantos-engine-manager v0.1.0 (*)
verify	Check licenses	2026-09-26T12:08:29.5919646Z       │               ├── reqwest v0.13.4 (*)
verify	Check licenses	2026-09-26T12:08:29.5919835Z       │               └── tower-http v0.6.11
verify	Check licenses	2026-09-26T12:08:29.5920027Z       │                   ├── bff-gateway v0.1.0 (*)
verify	Check licenses	2026-09-26T12:08:29.5920203Z       │                   ├── reqwest v0.13.4 (*)
verify	Check licenses	2026-09-26T12:08:29.5920573Z       │                   └── runtime-gateway v0.1.0 (*)
verify	Check licenses	2026-09-26T12:08:29.5920702Z       ├── mio v1.2.2
verify	Check licenses	2026-09-26T12:08:29.5920949Z       │   └── tokio v1.53.1 (*)
verify	Check licenses	2026-09-26T12:08:29.5921161Z       ├── rustix v1.1.4 (*)
verify	Check licenses	2026-09-26T12:08:29.5921477Z       ├── rustls-platform-verifier v0.7.0
verify	Check licenses	2026-09-26T12:08:29.5921691Z       │   └── reqwest v0.13.4 (*)
verify	Check licenses	2026-09-26T12:08:29.5921829Z       ├── schannel v0.1.29
verify	Check licenses	2026-09-26T12:08:29.5921990Z       │   ├── native-tls v0.2.18 (*)
verify	Check licenses	2026-09-26T12:08:29.5922175Z       │   └── rustls-native-certs v0.8.4
verify	Check licenses	2026-09-26T12:08:29.5922383Z       │       └── rustls-platform-verifier v0.7.0 (*)
verify	Check licenses	2026-09-26T12:08:29.5922515Z       ├── socket2 v0.6.5
verify	Check licenses	2026-09-26T12:08:29.5922673Z       │   ├── hyper-util v0.1.20 (*)
verify	Check licenses	2026-09-26T12:08:29.5922821Z       │   ├── tokio v1.53.1 (*)
verify	Check licenses	2026-09-26T12:08:29.5922984Z       │   └── tokio-postgres v0.7.18 (*)
verify	Check licenses	2026-09-26T12:08:29.5923134Z       ├── tempfile v3.27.0 (*)
verify	Check licenses	2026-09-26T12:08:29.5923275Z       ├── tokio v1.53.1 (*)
verify	Check licenses	2026-09-26T12:08:29.5923415Z       └── winapi-util v0.1.11
verify	Check licenses	2026-09-26T12:08:29.5923561Z           ├── same-file v1.0.6
verify	Check licenses	2026-09-26T12:08:29.5923718Z           │   └── walkdir v2.5.0
verify	Check licenses	2026-09-26T12:08:29.5923886Z           │       └── (build) jni v0.22.4
verify	Check licenses	2026-09-26T12:08:29.5924112Z           │           └── rustls-platform-verifier v0.7.0 (*)
verify	Check licenses	2026-09-26T12:08:29.5924263Z           └── walkdir v2.5.0 (*)
verify	Check licenses	2026-09-26T12:08:29.5924274Z 
verify	Check licenses	2026-09-26T12:08:29.5924603Z bans ^[[32mok^[[0m, licenses ^[[32mok^[[0m, sources ^[[32mok^[[0m
verify	Check licenses	2026-09-26T12:08:29.5924790Z node ./scripts/check-node-licenses.mjs
verify	Check licenses	2026-09-26T12:08:34.2640180Z Licensed all 726 locked packages across 8 workspaces
verify	Check licenses	2026-09-26T12:08:34.2835284Z uv run --locked --project engines --all-packages --all-groups python scripts/check-python-licenses.py
verify	Check licenses	2026-09-26T12:08:34.4351546Z Resolved 52 packages in 3ms
verify	Check licenses	2026-09-26T12:08:34.5458707Z Licensed all 42 active locked Python dependencies
verify	Run SCA checks	﻿2026-09-26T12:08:34.6763027Z ##[group]Run make sca-check
verify	Run SCA checks	2026-09-26T12:08:34.6763336Z ^[[36;1mmake sca-check^[[0m
verify	Run SCA checks	2026-09-26T12:08:34.6827654Z shell: /usr/bin/bash -e {0}
verify	Run SCA checks	2026-09-26T12:08:34.6827933Z env:
verify	Run SCA checks	2026-09-26T12:08:34.6828139Z   QUANTOS_SKIP_ENV: 1
verify	Run SCA checks	2026-09-26T12:08:34.6828478Z   F02_PG_ADMIN_URL: postgresql://postgres@127.0.0.1:5432/postgres
verify	Run SCA checks	2026-09-26T12:08:34.6828972Z   GITLEAKS_BIN: /home/runner/work/QuantOS/QuantOS/artifacts/tools/gitleaks
verify	Run SCA checks	2026-09-26T12:08:34.6829719Z   QUANTOS_PROTO_BASE: 830c0c547f08d1667725fee55015fc09608b8f48
verify	Run SCA checks	2026-09-26T12:08:34.6830089Z   CARGO_TERM_COLOR: always
verify	Run SCA checks	2026-09-26T12:08:34.6830354Z   NEXT_PUBLIC_QUANTOS_ENV: local-mock
verify	Run SCA checks	2026-09-26T12:08:34.6830680Z   NEXT_PUBLIC_SITE_ORIGIN: https://sumalpha.ai
verify	Run SCA checks	2026-09-26T12:08:34.6831265Z   NEXT_PUBLIC_QUANTOS_TERMINAL_ORIGIN: http://localhost:3190
verify	Run SCA checks	2026-09-26T12:08:34.6831678Z   NEXT_PUBLIC_QUANTOS_BFF_ORIGIN: http://localhost:4010
verify	Run SCA checks	2026-09-26T12:08:34.6832067Z   NEXT_PUBLIC_QUANTOS_OIDC_ISSUER: https://mock.idp.local
verify	Run SCA checks	2026-09-26T12:08:34.6832451Z   NEXT_PUBLIC_QUANTOS_OIDC_CLIENT_ID: quantos-terminal-ci
verify	Run SCA checks	2026-09-26T12:08:34.6832919Z   NEXT_PUBLIC_QUANTOS_OIDC_REDIRECT_URI: http://localhost:3190/auth/callback
verify	Run SCA checks	2026-09-26T12:08:34.6833339Z   NEXT_PUBLIC_QUANTOS_DEFAULT_MODE: paper
verify	Run SCA checks	2026-09-26T12:08:34.6833632Z   NEXT_PUBLIC_QUANTOS_MOCK_ENABLED: true
verify	Run SCA checks	2026-09-26T12:08:34.6833923Z   NEXT_PUBLIC_QUANTOS_OBS_ENABLED: false
verify	Run SCA checks	2026-09-26T12:08:34.6834256Z   NEXT_PUBLIC_QUANTOS_FEATURE_ASSISTED_LIVE_TESTNET: off
verify	Run SCA checks	2026-09-26T12:08:34.6834583Z   CARGO_HOME: /home/runner/.cargo
verify	Run SCA checks	2026-09-26T12:08:34.6834839Z   CARGO_INCREMENTAL: 0
verify	Run SCA checks	2026-09-26T12:08:34.6835136Z   pythonLocation: /opt/hostedtoolcache/Python/3.12.10/x64
verify	Run SCA checks	2026-09-26T12:08:34.6835559Z   PKG_CONFIG_PATH: /opt/hostedtoolcache/Python/3.12.10/x64/lib/pkgconfig
verify	Run SCA checks	2026-09-26T12:08:34.6836006Z   Python_ROOT_DIR: /opt/hostedtoolcache/Python/3.12.10/x64
verify	Run SCA checks	2026-09-26T12:08:34.6836392Z   Python2_ROOT_DIR: /opt/hostedtoolcache/Python/3.12.10/x64
verify	Run SCA checks	2026-09-26T12:08:34.6836782Z   Python3_ROOT_DIR: /opt/hostedtoolcache/Python/3.12.10/x64
verify	Run SCA checks	2026-09-26T12:08:34.6837183Z   LD_LIBRARY_PATH: /opt/hostedtoolcache/Python/3.12.10/x64/lib
verify	Run SCA checks	2026-09-26T12:08:34.6837555Z   UV_CACHE_DIR: /home/runner/work/_temp/setup-uv-cache
verify	Run SCA checks	2026-09-26T12:08:34.6837863Z ##[endgroup]
verify	Run SCA checks	2026-09-26T12:08:34.6935431Z node scripts/check-sca.mjs
verify	Run SCA checks	2026-09-26T12:08:38.0538251Z {
verify	Run SCA checks	2026-09-26T12:08:38.0538777Z   "status": "PASS",
verify	Run SCA checks	2026-09-26T12:08:38.0539240Z   "passed": true,
verify	Run SCA checks	2026-09-26T12:08:38.0540156Z   "scope": "all runtime, dev, build and security dependencies",
verify	Run SCA checks	2026-09-26T12:08:38.0540948Z   "source": "ac73a95a758cc95385b69e9d6f9376cef4a2af0b",
verify	Run SCA checks	2026-09-26T12:08:38.0541584Z   "dirty": false,
verify	Run SCA checks	2026-09-26T12:08:38.0541983Z   "lockDigests": {
verify	Run SCA checks	2026-09-26T12:08:38.0542688Z     "Cargo.lock": "591f7785b33d93d39b338166fb64465a6192774379e01fd5f292c581b652c89e",
verify	Run SCA checks	2026-09-26T12:08:38.0543781Z     "pnpm-lock.yaml": "146eaa211426b9bbfb2b04865989c3e383798b25380f5f12318cab764e07276b",
verify	Run SCA checks	2026-09-26T12:08:38.0544908Z     "engines/uv.lock": "8f9e8ce7f28710653ab72ac5b18d5db93d2ebf21beaf304e5409be71e5fa2a58"
verify	Run SCA checks	2026-09-26T12:08:38.0545744Z   },
verify	Run SCA checks	2026-09-26T12:08:38.0546225Z   "startedAt": "2026-09-26T12:08:34.737Z",
verify	Run SCA checks	2026-09-26T12:08:38.0546778Z   "scanners": {
verify	Run SCA checks	2026-09-26T12:08:38.0547184Z     "npm": {
verify	Run SCA checks	2026-09-26T12:08:38.0547605Z       "status": "PASS",
verify	Run SCA checks	2026-09-26T12:08:38.0548082Z       "findings": []
verify	Run SCA checks	2026-09-26T12:08:38.0548497Z     },
verify	Run SCA checks	2026-09-26T12:08:38.0548865Z     "pypi": {
verify	Run SCA checks	2026-09-26T12:08:38.0549291Z       "status": "PASS",
verify	Run SCA checks	2026-09-26T12:08:38.0549964Z       "findings": []
verify	Run SCA checks	2026-09-26T12:08:38.0550387Z     },
verify	Run SCA checks	2026-09-26T12:08:38.0550750Z     "cargo": {
verify	Run SCA checks	2026-09-26T12:08:38.0551149Z       "status": "PASS",
verify	Run SCA checks	2026-09-26T12:08:38.0551611Z       "findings": []
verify	Run SCA checks	2026-09-26T12:08:38.0552002Z     }
verify	Run SCA checks	2026-09-26T12:08:38.0552353Z   },
verify	Run SCA checks	2026-09-26T12:08:38.0552821Z   "completedAt": "2026-09-26T12:08:38.052Z"
verify	Run SCA checks	2026-09-26T12:08:38.0553338Z }
verify	Rebuild isolated databases and test drift and RLS	﻿2026-09-26T12:08:38.0608389Z ##[group]Run make f02-db-check
verify	Rebuild isolated databases and test drift and RLS	2026-09-26T12:08:38.0608705Z ^[[36;1mmake f02-db-check^[[0m
verify	Rebuild isolated databases and test drift and RLS	2026-09-26T12:08:38.0671105Z shell: /usr/bin/bash -e {0}
verify	Rebuild isolated databases and test drift and RLS	2026-09-26T12:08:38.0671382Z env:
verify	Rebuild isolated databases and test drift and RLS	2026-09-26T12:08:38.0671587Z   QUANTOS_SKIP_ENV: 1
verify	Rebuild isolated databases and test drift and RLS	2026-09-26T12:08:38.0671943Z   F02_PG_ADMIN_URL: postgresql://postgres@127.0.0.1:5432/postgres
verify	Rebuild isolated databases and test drift and RLS	2026-09-26T12:08:38.0672447Z   GITLEAKS_BIN: /home/runner/work/QuantOS/QuantOS/artifacts/tools/gitleaks
verify	Rebuild isolated databases and test drift and RLS	2026-09-26T12:08:38.0672923Z   QUANTOS_PROTO_BASE: 830c0c547f08d1667725fee55015fc09608b8f48
verify	Rebuild isolated databases and test drift and RLS	2026-09-26T12:08:38.0673449Z   CARGO_TERM_COLOR: always
verify	Rebuild isolated databases and test drift and RLS	2026-09-26T12:08:38.0673716Z   NEXT_PUBLIC_QUANTOS_ENV: local-mock
verify	Rebuild isolated databases and test drift and RLS	2026-09-26T12:08:38.0674034Z   NEXT_PUBLIC_SITE_ORIGIN: https://sumalpha.ai
verify	Rebuild isolated databases and test drift and RLS	2026-09-26T12:08:38.0674436Z   NEXT_PUBLIC_QUANTOS_TERMINAL_ORIGIN: http://localhost:3190
verify	Rebuild isolated databases and test drift and RLS	2026-09-26T12:08:38.0674842Z   NEXT_PUBLIC_QUANTOS_BFF_ORIGIN: http://localhost:4010
verify	Rebuild isolated databases and test drift and RLS	2026-09-26T12:08:38.0675416Z   NEXT_PUBLIC_QUANTOS_OIDC_ISSUER: https://mock.idp.local
verify	Rebuild isolated databases and test drift and RLS	2026-09-26T12:08:38.0675806Z   NEXT_PUBLIC_QUANTOS_OIDC_CLIENT_ID: quantos-terminal-ci
verify	Rebuild isolated databases and test drift and RLS	2026-09-26T12:08:38.0676295Z   NEXT_PUBLIC_QUANTOS_OIDC_REDIRECT_URI: http://localhost:3190/auth/callback
verify	Rebuild isolated databases and test drift and RLS	2026-09-26T12:08:38.0676719Z   NEXT_PUBLIC_QUANTOS_DEFAULT_MODE: paper
verify	Rebuild isolated databases and test drift and RLS	2026-09-26T12:08:38.0677013Z   NEXT_PUBLIC_QUANTOS_MOCK_ENABLED: true
verify	Rebuild isolated databases and test drift and RLS	2026-09-26T12:08:38.0677312Z   NEXT_PUBLIC_QUANTOS_OBS_ENABLED: false
verify	Rebuild isolated databases and test drift and RLS	2026-09-26T12:08:38.0677640Z   NEXT_PUBLIC_QUANTOS_FEATURE_ASSISTED_LIVE_TESTNET: off
verify	Rebuild isolated databases and test drift and RLS	2026-09-26T12:08:38.0677974Z   CARGO_HOME: /home/runner/.cargo
verify	Rebuild isolated databases and test drift and RLS	2026-09-26T12:08:38.0678231Z   CARGO_INCREMENTAL: 0
verify	Rebuild isolated databases and test drift and RLS	2026-09-26T12:08:38.0678528Z   pythonLocation: /opt/hostedtoolcache/Python/3.12.10/x64
verify	Rebuild isolated databases and test drift and RLS	2026-09-26T12:08:38.0678957Z   PKG_CONFIG_PATH: /opt/hostedtoolcache/Python/3.12.10/x64/lib/pkgconfig
verify	Rebuild isolated databases and test drift and RLS	2026-09-26T12:08:38.0679401Z   Python_ROOT_DIR: /opt/hostedtoolcache/Python/3.12.10/x64
verify	Rebuild isolated databases and test drift and RLS	2026-09-26T12:08:38.0680051Z   Python2_ROOT_DIR: /opt/hostedtoolcache/Python/3.12.10/x64
verify	Rebuild isolated databases and test drift and RLS	2026-09-26T12:08:38.0680453Z   Python3_ROOT_DIR: /opt/hostedtoolcache/Python/3.12.10/x64
verify	Rebuild isolated databases and test drift and RLS	2026-09-26T12:08:38.0680846Z   LD_LIBRARY_PATH: /opt/hostedtoolcache/Python/3.12.10/x64/lib
verify	Rebuild isolated databases and test drift and RLS	2026-09-26T12:08:38.0681222Z   UV_CACHE_DIR: /home/runner/work/_temp/setup-uv-cache
verify	Rebuild isolated databases and test drift and RLS	2026-09-26T12:08:38.0681536Z ##[endgroup]
verify	Rebuild isolated databases and test drift and RLS	2026-09-26T12:08:38.0781217Z node scripts/f02-db-gate.cjs
verify	Rebuild isolated databases and test drift and RLS	2026-09-26T12:08:41.1418746Z {
verify	Rebuild isolated databases and test drift and RLS	2026-09-26T12:08:41.1419224Z   "status": "PASS",
verify	Rebuild isolated databases and test drift and RLS	2026-09-26T12:08:41.1420000Z   "passed": true,
verify	Rebuild isolated databases and test drift and RLS	2026-09-26T12:08:41.1420531Z   "source": "ac73a95a758cc95385b69e9d6f9376cef4a2af0b",
verify	Rebuild isolated databases and test drift and RLS	2026-09-26T12:08:41.1421084Z   "dirty": false,
verify	Rebuild isolated databases and test drift and RLS	2026-09-26T12:08:41.1421502Z   "startedAt": "2026-09-26T12:08:38.145Z",
verify	Rebuild isolated databases and test drift and RLS	2026-09-26T12:08:41.1422012Z   "checks": [
verify	Rebuild isolated databases and test drift and RLS	2026-09-26T12:08:41.1422654Z     "reject same database through a differently encoded reference URL",
verify	Rebuild isolated databases and test drift and RLS	2026-09-26T12:08:41.1423636Z     "fresh rebuild, checksum/catalog equality, RLS catalog and replay",
verify	Rebuild isolated databases and test drift and RLS	2026-09-26T12:08:41.1424281Z     "reject disable RLS",
verify	Rebuild isolated databases and test drift and RLS	2026-09-26T12:08:41.1424846Z     "reject remove FORCE",
verify	Rebuild isolated databases and test drift and RLS	2026-09-26T12:08:41.1425360Z     "reject drop policies",
verify	Rebuild isolated databases and test drift and RLS	2026-09-26T12:08:41.1426072Z     "reject column/index drift and changed applied SQL checksum",
verify	Rebuild isolated databases and test drift and RLS	2026-09-26T12:08:41.1427182Z     "two-user/two-tenant read isolation, authenticated writes denied, anonymous reads denied"
verify	Rebuild isolated databases and test drift and RLS	2026-09-26T12:08:41.1428036Z   ],
verify	Rebuild isolated databases and test drift and RLS	2026-09-26T12:08:41.1428478Z   "completedAt": "2026-09-26T12:08:41.141Z"
verify	Rebuild isolated databases and test drift and RLS	2026-09-26T12:08:41.1428966Z }
verify	Check F02 rejection and recovery paths	﻿2026-09-26T12:08:52.1204680Z ##[group]Run make f02-check
verify	Check F02 rejection and recovery paths	2026-09-26T12:08:52.1204994Z ^[[36;1mmake f02-check^[[0m
verify	Check F02 rejection and recovery paths	2026-09-26T12:08:52.1270680Z shell: /usr/bin/bash -e {0}
verify	Check F02 rejection and recovery paths	2026-09-26T12:08:52.1270965Z env:
verify	Check F02 rejection and recovery paths	2026-09-26T12:08:52.1271172Z   QUANTOS_SKIP_ENV: 1
verify	Check F02 rejection and recovery paths	2026-09-26T12:08:52.1271514Z   F02_PG_ADMIN_URL: postgresql://postgres@127.0.0.1:5432/postgres
verify	Check F02 rejection and recovery paths	2026-09-26T12:08:52.1272023Z   GITLEAKS_BIN: /home/runner/work/QuantOS/QuantOS/artifacts/tools/gitleaks
verify	Check F02 rejection and recovery paths	2026-09-26T12:08:52.1272496Z   QUANTOS_PROTO_BASE: 830c0c547f08d1667725fee55015fc09608b8f48
verify	Check F02 rejection and recovery paths	2026-09-26T12:08:52.1272848Z   CARGO_TERM_COLOR: always
verify	Check F02 rejection and recovery paths	2026-09-26T12:08:52.1273105Z   NEXT_PUBLIC_QUANTOS_ENV: local-mock
verify	Check F02 rejection and recovery paths	2026-09-26T12:08:52.1273434Z   NEXT_PUBLIC_SITE_ORIGIN: https://sumalpha.ai
verify	Check F02 rejection and recovery paths	2026-09-26T12:08:52.1273836Z   NEXT_PUBLIC_QUANTOS_TERMINAL_ORIGIN: http://localhost:3190
verify	Check F02 rejection and recovery paths	2026-09-26T12:08:52.1274248Z   NEXT_PUBLIC_QUANTOS_BFF_ORIGIN: http://localhost:4010
verify	Check F02 rejection and recovery paths	2026-09-26T12:08:52.1274642Z   NEXT_PUBLIC_QUANTOS_OIDC_ISSUER: https://mock.idp.local
verify	Check F02 rejection and recovery paths	2026-09-26T12:08:52.1275030Z   NEXT_PUBLIC_QUANTOS_OIDC_CLIENT_ID: quantos-terminal-ci
verify	Check F02 rejection and recovery paths	2026-09-26T12:08:52.1275532Z   NEXT_PUBLIC_QUANTOS_OIDC_REDIRECT_URI: http://localhost:3190/auth/callback
verify	Check F02 rejection and recovery paths	2026-09-26T12:08:52.1275962Z   NEXT_PUBLIC_QUANTOS_DEFAULT_MODE: paper
verify	Check F02 rejection and recovery paths	2026-09-26T12:08:52.1276272Z   NEXT_PUBLIC_QUANTOS_MOCK_ENABLED: true
verify	Check F02 rejection and recovery paths	2026-09-26T12:08:52.1276568Z   NEXT_PUBLIC_QUANTOS_OBS_ENABLED: false
verify	Check F02 rejection and recovery paths	2026-09-26T12:08:52.1276898Z   NEXT_PUBLIC_QUANTOS_FEATURE_ASSISTED_LIVE_TESTNET: off
verify	Check F02 rejection and recovery paths	2026-09-26T12:08:52.1277247Z   CARGO_HOME: /home/runner/.cargo
verify	Check F02 rejection and recovery paths	2026-09-26T12:08:52.1277515Z   CARGO_INCREMENTAL: 0
verify	Check F02 rejection and recovery paths	2026-09-26T12:08:52.1277818Z   pythonLocation: /opt/hostedtoolcache/Python/3.12.10/x64
verify	Check F02 rejection and recovery paths	2026-09-26T12:08:52.1278252Z   PKG_CONFIG_PATH: /opt/hostedtoolcache/Python/3.12.10/x64/lib/pkgconfig
verify	Check F02 rejection and recovery paths	2026-09-26T12:08:52.1278679Z   Python_ROOT_DIR: /opt/hostedtoolcache/Python/3.12.10/x64
verify	Check F02 rejection and recovery paths	2026-09-26T12:08:52.1279070Z   Python2_ROOT_DIR: /opt/hostedtoolcache/Python/3.12.10/x64
verify	Check F02 rejection and recovery paths	2026-09-26T12:08:52.1279752Z   Python3_ROOT_DIR: /opt/hostedtoolcache/Python/3.12.10/x64
verify	Check F02 rejection and recovery paths	2026-09-26T12:08:52.1280251Z   LD_LIBRARY_PATH: /opt/hostedtoolcache/Python/3.12.10/x64/lib
verify	Check F02 rejection and recovery paths	2026-09-26T12:08:52.1280637Z   UV_CACHE_DIR: /home/runner/work/_temp/setup-uv-cache
verify	Check F02 rejection and recovery paths	2026-09-26T12:08:52.1280947Z ##[endgroup]
verify	Check F02 rejection and recovery paths	2026-09-26T12:08:52.1382664Z node --test scripts/f02-gate-negative.mjs scripts/f02-a11-gate-negative.mjs
verify	Check F02 rejection and recovery paths	2026-09-26T12:08:54.1348320Z ✔ complete Linux matrix passes; deletion and pixel tampering fail (1005.714537ms)
verify	Check F02 rejection and recovery paths	2026-09-26T12:08:54.1349912Z ✔ acceptance never updates snapshots or skips missing snapshots (1.788486ms)
verify	Check F02 rejection and recovery paths	2026-09-26T12:08:54.1351216Z ✔ only main signing and verification jobs receive the signing environment (33.118084ms)
verify	Check F02 rejection and recovery paths	2026-09-26T12:08:54.1352173Z ✔ signing policy rejects missing protection, wildcards, tags and extra branches (0.494632ms)
verify	Check F02 rejection and recovery paths	2026-09-26T12:08:54.1353126Z ✔ candidate import rejects tampering and stale source before writing, then imports the reviewed matrix (778.976797ms)
verify	Check F02 rejection and recovery paths	2026-09-26T12:08:54.1356348Z ✔ required download check rejects skipped or failed event-specific verification (43.634158ms)
verify	Check F02 rejection and recovery paths	2026-09-26T12:08:55.6661682Z Verified 2 release files for aaaaaaaaaaaaaaaaaaaaaaaaaaaaaaaaaaaaaaaa
verify	Check F02 rejection and recovery paths	2026-09-26T12:08:55.6674885Z Verified 2 release files for aaaaaaaaaaaaaaaaaaaaaaaaaaaaaaaaaaaaaaaa
verify	Check F02 rejection and recovery paths	2026-09-26T12:08:56.5820778Z ✔ real Gitleaks positive control and GitHub/Slack leaks (3182.221189ms)
verify	Check F02 rejection and recovery paths	2026-09-26T12:08:56.5825310Z ✔ RLS baseline rejects policy deletion and late disabling with recovery (235.461424ms)
verify	Check F02 rejection and recovery paths	2026-09-26T12:08:56.5829163Z ✔ migration filename control, rejection and recovery (15.61373ms)
verify	Check F02 rejection and recovery paths	2026-09-26T12:08:56.5834650Z ✔ waivers only authorize exact advisory/ecosystem/package/version before expiry (1.428816ms)
verify	Check F02 rejection and recovery paths	2026-09-26T12:08:56.5838393Z ✔ license expression policy does not globally allow LGPL or unknown licenses (1.242137ms)
verify	Check F02 rejection and recovery paths	2026-09-26T12:08:56.5843941Z ✔ release binds complete payload and SBOM to source; rejects corruption and build-only native files (6.312146ms)
verify	Check F02 rejection and recovery paths	2026-09-26T12:08:56.5851763Z ✔ Buf compares against distinct historical source and detects removed fields (505.67556ms)
verify	Check F02 rejection and recovery paths	2026-09-26T12:08:56.5853795Z ✔ SCA scanner adapter consumes exact waivers and never waives scanner failures (402.779372ms)
verify	Check F02 rejection and recovery paths	2026-09-26T12:08:56.5936164Z ℹ tests 14
verify	Check F02 rejection and recovery paths	2026-09-26T12:08:56.5936465Z ℹ suites 0
verify	Check F02 rejection and recovery paths	2026-09-26T12:08:56.5936700Z ℹ pass 14
verify	Check F02 rejection and recovery paths	2026-09-26T12:08:56.5936918Z ℹ fail 0
verify	Check F02 rejection and recovery paths	2026-09-26T12:08:56.5937147Z ℹ cancelled 0
verify	Check F02 rejection and recovery paths	2026-09-26T12:08:56.5937389Z ℹ skipped 0
verify	Check F02 rejection and recovery paths	2026-09-26T12:08:56.5937620Z ℹ todo 0
verify	Check F02 rejection and recovery paths	2026-09-26T12:08:56.5937888Z ℹ duration_ms 4428.577297
verify-download-main	Verify downloaded payload and formal signature; record receipt	﻿2026-09-26T12:13:25.2236297Z ##[group]Run node scripts/write-f02-ci-receipt.mjs
verify-download-main	Verify downloaded payload and formal signature; record receipt	2026-09-26T12:13:25.2236784Z ^[[36;1mnode scripts/write-f02-ci-receipt.mjs^[[0m
verify-download-main	Verify downloaded payload and formal signature; record receipt	2026-09-26T12:13:25.2475650Z shell: /usr/bin/bash -e {0}
verify-download-main	Verify downloaded payload and formal signature; record receipt	2026-09-26T12:13:25.2475951Z env:
verify-download-main	Verify downloaded payload and formal signature; record receipt	2026-09-26T12:13:25.2476337Z   QUANTOS_SIGNING_KEY: ***
verify-download-main	Verify downloaded payload and formal signature; record receipt	2026-09-26T12:13:25.2476598Z ##[endgroup]
verify-download-main	Verify downloaded payload and formal signature; record receipt	2026-09-26T12:13:25.3648418Z Verified 236 release files for ac73a95a758cc95385b69e9d6f9376cef4a2af0b
verify-download-main	Verify downloaded payload and formal signature; record receipt	2026-09-26T12:13:25.3781618Z Verified HMAC-SHA256 signature for artifacts/release/manifest.json
