frontend-baseline	Set up job	﻿2026-10-07T05:50:25.5642244Z Current runner version: '2.337.0'
frontend-baseline	Set up job	2026-10-07T05:50:25.5667583Z ##[group]Runner Image Provisioner
frontend-baseline	Set up job	2026-10-07T05:50:25.5668466Z Hosted Compute Agent
frontend-baseline	Set up job	2026-10-07T05:50:25.5669042Z Version: 20260901.588
frontend-baseline	Set up job	2026-10-07T05:50:25.5669737Z Commit: f88ec8081b781fac6c440065ac7ff9e710ce3d0b
frontend-baseline	Set up job	2026-10-07T05:50:25.5670465Z Build Date: 2026-09-01T19:56:44Z
frontend-baseline	Set up job	2026-10-07T05:50:25.5671247Z Worker ID: {39bf9da7-9e67-4cd0-af5a-681cdcb85615}
frontend-baseline	Set up job	2026-10-07T05:50:25.5671973Z Azure Region: westus
frontend-baseline	Set up job	2026-10-07T05:50:25.5672528Z ##[endgroup]
frontend-baseline	Set up job	2026-10-07T05:50:25.5674009Z ##[group]Operating System
frontend-baseline	Set up job	2026-10-07T05:50:25.5674661Z Ubuntu
frontend-baseline	Set up job	2026-10-07T05:50:25.5675183Z 24.04.5
frontend-baseline	Set up job	2026-10-07T05:50:25.5675979Z LTS
frontend-baseline	Set up job	2026-10-07T05:50:25.5676503Z ##[endgroup]
frontend-baseline	Set up job	2026-10-07T05:50:25.5677099Z ##[group]Runner Image
frontend-baseline	Set up job	2026-10-07T05:50:25.5677721Z Image: ubuntu-24.04
frontend-baseline	Set up job	2026-10-07T05:50:25.5678332Z Version: 20260927.320.1
frontend-baseline	Set up job	2026-10-07T05:50:25.5679480Z Included Software: https://github.com/actions/runner-images/blob/ubuntu24/20260927.320/images/ubuntu/Ubuntu2404-Readme.md
frontend-baseline	Set up job	2026-10-07T05:50:25.5681242Z Image Release: https://github.com/actions/runner-images/releases/tag/ubuntu24%2F20260927.320
frontend-baseline	Set up job	2026-10-07T05:50:25.5682280Z ##[endgroup]
frontend-baseline	Set up job	2026-10-07T05:50:25.5683458Z ##[group]GITHUB_TOKEN Permissions
frontend-baseline	Set up job	2026-10-07T05:50:25.5685333Z Contents: read
frontend-baseline	Set up job	2026-10-07T05:50:25.5686198Z Metadata: read
frontend-baseline	Set up job	2026-10-07T05:50:25.5686865Z ##[endgroup]
frontend-baseline	Set up job	2026-10-07T05:50:25.5689377Z Secret source: Actions
frontend-baseline	Set up job	2026-10-07T05:50:25.5690475Z Cache mode: write
frontend-baseline	Set up job	2026-10-07T05:50:25.5691172Z Prepare workflow directory
frontend-baseline	Set up job	2026-10-07T05:50:25.6237101Z Prepare all required actions
frontend-baseline	Set up job	2026-10-07T05:50:25.6284948Z Getting action download info
frontend-baseline	Set up job	2026-10-07T05:50:26.0191581Z Download action repository 'actions/checkout@v4' (SHA:11d5960a326750d5838078e36cf38b85af677262)
frontend-baseline	Set up job	2026-10-07T05:50:26.1316420Z Download action repository 'actions/setup-node@v4' (SHA:49933ea5288caeca8642d1e84afbd3f7d6820020)
frontend-baseline	Set up job	2026-10-07T05:50:26.2187059Z Download action repository 'dtolnay/rust-toolchain@1.91.0' (SHA:72504271e02fb719eb4eb3eaece3a8e3d06f57c0)
frontend-baseline	Set up job	2026-10-07T05:50:26.4224812Z Download action repository 'actions/upload-artifact@v4' (SHA:ea165f8d65b6e75b540449e92b4886f43607fa02)
frontend-baseline	Set up job	2026-10-07T05:50:26.6788715Z Complete job name: frontend-baseline
frontend-baseline	Checkout repository	﻿2026-10-07T05:50:26.7800131Z ##[group]Run actions/checkout@v4
frontend-baseline	Checkout repository	2026-10-07T05:50:26.7801097Z with:
frontend-baseline	Checkout repository	2026-10-07T05:50:26.7801579Z   fetch-depth: 0
frontend-baseline	Checkout repository	2026-10-07T05:50:26.7802058Z   submodules: true
frontend-baseline	Checkout repository	2026-10-07T05:50:26.7802566Z   repository: SumAlphaAI/QuantOS
frontend-baseline	Checkout repository	2026-10-07T05:50:26.7806591Z   token: ***
frontend-baseline	Checkout repository	2026-10-07T05:50:26.7807107Z   ssh-strict: true
frontend-baseline	Checkout repository	2026-10-07T05:50:26.7807592Z   ssh-user: git
frontend-baseline	Checkout repository	2026-10-07T05:50:26.7808081Z   persist-credentials: true
frontend-baseline	Checkout repository	2026-10-07T05:50:26.7808604Z   clean: true
frontend-baseline	Checkout repository	2026-10-07T05:50:26.7809095Z   sparse-checkout-cone-mode: true
frontend-baseline	Checkout repository	2026-10-07T05:50:26.7809659Z   fetch-tags: false
frontend-baseline	Checkout repository	2026-10-07T05:50:26.7810152Z   show-progress: true
frontend-baseline	Checkout repository	2026-10-07T05:50:26.7810651Z   lfs: false
frontend-baseline	Checkout repository	2026-10-07T05:50:26.7811108Z   set-safe-directory: true
frontend-baseline	Checkout repository	2026-10-07T05:50:26.7811645Z   allow-unsafe-pr-checkout: false
frontend-baseline	Checkout repository	2026-10-07T05:50:26.7812460Z env:
frontend-baseline	Checkout repository	2026-10-07T05:50:26.7813084Z   QUANTOS_BFF_BASE: 2835e41fcaa9f3924e9f03f95c62727b9e6c69b9
frontend-baseline	Checkout repository	2026-10-07T05:50:26.7813823Z   NEXT_PUBLIC_QUANTOS_ENV: local-mock
frontend-baseline	Checkout repository	2026-10-07T05:50:26.7814462Z   NEXT_PUBLIC_SITE_ORIGIN: https://sumalpha.ai
frontend-baseline	Checkout repository	2026-10-07T05:50:26.7815276Z   NEXT_PUBLIC_QUANTOS_TERMINAL_ORIGIN: http://localhost:3190
frontend-baseline	Checkout repository	2026-10-07T05:50:26.7816256Z   NEXT_PUBLIC_QUANTOS_BFF_ORIGIN: http://localhost:4010
frontend-baseline	Checkout repository	2026-10-07T05:50:26.7817028Z   NEXT_PUBLIC_QUANTOS_OIDC_ISSUER: https://mock.idp.local
frontend-baseline	Checkout repository	2026-10-07T05:50:26.7817806Z   NEXT_PUBLIC_QUANTOS_OIDC_CLIENT_ID: quantos-terminal-ci
frontend-baseline	Checkout repository	2026-10-07T05:50:26.7818686Z   NEXT_PUBLIC_QUANTOS_OIDC_REDIRECT_URI: http://localhost:3190/auth/callback
frontend-baseline	Checkout repository	2026-10-07T05:50:26.7819532Z   NEXT_PUBLIC_QUANTOS_DEFAULT_MODE: paper
frontend-baseline	Checkout repository	2026-10-07T05:50:26.7820164Z   NEXT_PUBLIC_QUANTOS_MOCK_ENABLED: true
frontend-baseline	Checkout repository	2026-10-07T05:50:26.7820787Z   NEXT_PUBLIC_QUANTOS_OBS_ENABLED: false
frontend-baseline	Checkout repository	2026-10-07T05:50:26.7821497Z   NEXT_PUBLIC_QUANTOS_FEATURE_ASSISTED_LIVE_TESTNET: off
frontend-baseline	Checkout repository	2026-10-07T05:50:26.7822153Z ##[endgroup]
frontend-baseline	Checkout repository	2026-10-07T05:50:26.8846872Z Syncing repository: SumAlphaAI/QuantOS
frontend-baseline	Checkout repository	2026-10-07T05:50:26.8850280Z ##[group]Getting Git version info
frontend-baseline	Checkout repository	2026-10-07T05:50:26.8851556Z Working directory is '/home/runner/work/QuantOS/QuantOS'
frontend-baseline	Checkout repository	2026-10-07T05:50:26.8853476Z [command]/usr/bin/git version
frontend-baseline	Checkout repository	2026-10-07T05:50:26.8930860Z git version 2.55.0
frontend-baseline	Checkout repository	2026-10-07T05:50:26.8955948Z ##[endgroup]
frontend-baseline	Checkout repository	2026-10-07T05:50:26.8970576Z Temporarily overriding HOME='/home/runner/work/_temp/203bb7fc-1458-4795-9b8c-d4f827a492a0' before making global git config changes
frontend-baseline	Checkout repository	2026-10-07T05:50:26.8976040Z Adding repository directory to the temporary git global config as a safe directory
frontend-baseline	Checkout repository	2026-10-07T05:50:26.8979361Z [command]/usr/bin/git config --global --add safe.directory /home/runner/work/QuantOS/QuantOS
frontend-baseline	Checkout repository	2026-10-07T05:50:26.9036850Z Deleting the contents of '/home/runner/work/QuantOS/QuantOS'
frontend-baseline	Checkout repository	2026-10-07T05:50:26.9042934Z ##[group]Initializing the repository
frontend-baseline	Checkout repository	2026-10-07T05:50:26.9048334Z [command]/usr/bin/git init /home/runner/work/QuantOS/QuantOS
frontend-baseline	Checkout repository	2026-10-07T05:50:26.9198375Z hint: Using 'master' as the name for the initial branch. This default branch name
frontend-baseline	Checkout repository	2026-10-07T05:50:26.9199684Z hint: will change to "main" in Git 3.0. To configure the initial branch name
frontend-baseline	Checkout repository	2026-10-07T05:50:26.9200762Z hint: to use in all of your new repositories, which will suppress this warning,
frontend-baseline	Checkout repository	2026-10-07T05:50:26.9201585Z hint: call:
frontend-baseline	Checkout repository	2026-10-07T05:50:26.9202031Z hint:
frontend-baseline	Checkout repository	2026-10-07T05:50:26.9202617Z hint: 	git config --global init.defaultBranch <name>
frontend-baseline	Checkout repository	2026-10-07T05:50:26.9203289Z hint:
frontend-baseline	Checkout repository	2026-10-07T05:50:26.9203912Z hint: Names commonly chosen instead of 'master' are 'main', 'trunk' and
frontend-baseline	Checkout repository	2026-10-07T05:50:26.9204893Z hint: 'development'. The just-created branch can be renamed via this command:
frontend-baseline	Checkout repository	2026-10-07T05:50:26.9205920Z hint:
frontend-baseline	Checkout repository	2026-10-07T05:50:26.9206388Z hint: 	git branch -m <name>
frontend-baseline	Checkout repository	2026-10-07T05:50:26.9206917Z hint:
frontend-baseline	Checkout repository	2026-10-07T05:50:26.9207592Z hint: Disable this message with "git config set advice.defaultBranchName false"
frontend-baseline	Checkout repository	2026-10-07T05:50:26.9213538Z Initialized empty Git repository in /home/runner/work/QuantOS/QuantOS/.git/
frontend-baseline	Checkout repository	2026-10-07T05:50:26.9225596Z [command]/usr/bin/git remote add origin https://github.com/SumAlphaAI/QuantOS
frontend-baseline	Checkout repository	2026-10-07T05:50:26.9281754Z ##[endgroup]
frontend-baseline	Checkout repository	2026-10-07T05:50:26.9282868Z ##[group]Disabling automatic garbage collection
frontend-baseline	Checkout repository	2026-10-07T05:50:26.9286240Z [command]/usr/bin/git config --local gc.auto 0
frontend-baseline	Checkout repository	2026-10-07T05:50:26.9319585Z ##[endgroup]
frontend-baseline	Checkout repository	2026-10-07T05:50:26.9320397Z ##[group]Setting up auth
frontend-baseline	Checkout repository	2026-10-07T05:50:26.9329177Z [command]/usr/bin/git config --local --name-only --get-regexp core\.sshCommand
frontend-baseline	Checkout repository	2026-10-07T05:50:26.9380688Z [command]/usr/bin/git submodule foreach --recursive sh -c "git config --local --name-only --get-regexp 'core\.sshCommand' && git config --local --unset-all 'core.sshCommand' || :"
frontend-baseline	Checkout repository	2026-10-07T05:50:26.9780898Z [command]/usr/bin/git config --local --name-only --get-regexp http\.https\:\/\/github\.com\/\.extraheader
frontend-baseline	Checkout repository	2026-10-07T05:50:26.9821378Z [command]/usr/bin/git submodule foreach --recursive sh -c "git config --local --name-only --get-regexp 'http\.https\:\/\/github\.com\/\.extraheader' && git config --local --unset-all 'http.https://github.com/.extraheader' || :"
frontend-baseline	Checkout repository	2026-10-07T05:50:27.0048849Z [command]/usr/bin/git config --local --name-only --get-regexp ^includeIf\.gitdir:
frontend-baseline	Checkout repository	2026-10-07T05:50:27.0084830Z [command]/usr/bin/git submodule foreach --recursive git config --local --show-origin --name-only --get-regexp remote.origin.url
frontend-baseline	Checkout repository	2026-10-07T05:50:27.0311295Z [command]/usr/bin/git config --local http.https://github.com/.extraheader AUTHORIZATION: basic ***
frontend-baseline	Checkout repository	2026-10-07T05:50:27.0353332Z ##[endgroup]
frontend-baseline	Checkout repository	2026-10-07T05:50:27.0354400Z ##[group]Fetching the repository
frontend-baseline	Checkout repository	2026-10-07T05:50:27.0363925Z [command]/usr/bin/git -c protocol.version=2 fetch --prune --no-recurse-submodules origin +refs/heads/*:refs/remotes/origin/* +refs/tags/*:refs/tags/*
frontend-baseline	Checkout repository	2026-10-07T05:50:29.6811911Z From https://github.com/SumAlphaAI/QuantOS
frontend-baseline	Checkout repository	2026-10-07T05:50:29.6813244Z  * [new branch]      main                    -> origin/main
frontend-baseline	Checkout repository	2026-10-07T05:50:29.6814410Z  * [new tag]         f08-target-09c867915065 -> f08-target-09c867915065
frontend-baseline	Checkout repository	2026-10-07T05:50:29.6816151Z  * [new tag]         f08-target-0a154e887d8f -> f08-target-0a154e887d8f
frontend-baseline	Checkout repository	2026-10-07T05:50:29.6817161Z  * [new tag]         f08-target-7caa594fd9a9 -> f08-target-7caa594fd9a9
frontend-baseline	Checkout repository	2026-10-07T05:50:29.6818252Z  * [new tag]         f08-target-830c0c547f08 -> f08-target-830c0c547f08
frontend-baseline	Checkout repository	2026-10-07T05:50:29.6819283Z  * [new tag]         f08-target-905f744da8fb -> f08-target-905f744da8fb
frontend-baseline	Checkout repository	2026-10-07T05:50:29.6820332Z  * [new tag]         f08-target-91e222f744fd -> f08-target-91e222f744fd
frontend-baseline	Checkout repository	2026-10-07T05:50:29.6821411Z  * [new tag]         f08-target-f7618693f9bc -> f08-target-f7618693f9bc
frontend-baseline	Checkout repository	2026-10-07T05:50:29.6824250Z [command]/usr/bin/git branch --list --remote origin/main
frontend-baseline	Checkout repository	2026-10-07T05:50:29.6855396Z   origin/main
frontend-baseline	Checkout repository	2026-10-07T05:50:29.6867844Z [command]/usr/bin/git rev-parse refs/remotes/origin/main
frontend-baseline	Checkout repository	2026-10-07T05:50:29.6896454Z 47cb743c4587f2eb866f39c594a472a86d262dfc
frontend-baseline	Checkout repository	2026-10-07T05:50:29.6900142Z ##[endgroup]
frontend-baseline	Checkout repository	2026-10-07T05:50:29.6900863Z ##[group]Determining the checkout info
frontend-baseline	Checkout repository	2026-10-07T05:50:29.6901762Z ##[endgroup]
frontend-baseline	Checkout repository	2026-10-07T05:50:29.6906986Z [command]/usr/bin/git sparse-checkout disable
frontend-baseline	Checkout repository	2026-10-07T05:50:29.6982964Z [command]/usr/bin/git config --local --unset-all extensions.worktreeConfig
frontend-baseline	Checkout repository	2026-10-07T05:50:29.7015264Z ##[group]Checking out the ref
frontend-baseline	Checkout repository	2026-10-07T05:50:29.7026720Z [command]/usr/bin/git checkout --progress --force -B main refs/remotes/origin/main
frontend-baseline	Checkout repository	2026-10-07T05:50:30.4797760Z Switched to a new branch 'main'
frontend-baseline	Checkout repository	2026-10-07T05:50:30.4803912Z branch 'main' set up to track 'origin/main'.
frontend-baseline	Checkout repository	2026-10-07T05:50:30.4853282Z ##[endgroup]
frontend-baseline	Checkout repository	2026-10-07T05:50:30.4854057Z ##[group]Setting up auth for fetching submodules
frontend-baseline	Checkout repository	2026-10-07T05:50:30.4860224Z [command]/usr/bin/git config --global http.https://github.com/.extraheader AUTHORIZATION: basic ***
frontend-baseline	Checkout repository	2026-10-07T05:50:30.4910519Z [command]/usr/bin/git config --global --unset-all url.https://github.com/.insteadOf
frontend-baseline	Checkout repository	2026-10-07T05:50:30.4946266Z [command]/usr/bin/git config --global --add url.https://github.com/.insteadOf git@github.com:
frontend-baseline	Checkout repository	2026-10-07T05:50:30.4983285Z [command]/usr/bin/git config --global --add url.https://github.com/.insteadOf org-261142282@github.com:
frontend-baseline	Checkout repository	2026-10-07T05:50:30.5017246Z ##[endgroup]
frontend-baseline	Checkout repository	2026-10-07T05:50:30.5018017Z ##[group]Fetching submodules
frontend-baseline	Checkout repository	2026-10-07T05:50:30.5021829Z [command]/usr/bin/git submodule sync
frontend-baseline	Checkout repository	2026-10-07T05:50:30.5286606Z [command]/usr/bin/git -c protocol.version=2 submodule update --init --force
frontend-baseline	Checkout repository	2026-10-07T05:50:30.5531662Z Submodule 'vibe-trading-upstream' (https://github.com/HKUDS/Vibe-Trading.git) registered for path 'third_party/vibe-trading/upstream-src'
frontend-baseline	Checkout repository	2026-10-07T05:50:30.5560290Z Cloning into '/home/runner/work/QuantOS/QuantOS/third_party/vibe-trading/upstream-src'...
frontend-baseline	Checkout repository	2026-10-07T05:50:36.2127582Z From https://github.com/HKUDS/Vibe-Trading
frontend-baseline	Checkout repository	2026-10-07T05:50:36.2128088Z  * branch              c33133f4fd5e978d21d2a61fdd8787fb352b4687 -> FETCH_HEAD
frontend-baseline	Checkout repository	2026-10-07T05:50:36.4955166Z Submodule path 'third_party/vibe-trading/upstream-src': checked out 'c33133f4fd5e978d21d2a61fdd8787fb352b4687'
frontend-baseline	Checkout repository	2026-10-07T05:50:36.4971141Z [command]/usr/bin/git submodule foreach git config --local gc.auto 0
frontend-baseline	Checkout repository	2026-10-07T05:50:36.5218178Z Entering 'third_party/vibe-trading/upstream-src'
frontend-baseline	Checkout repository	2026-10-07T05:50:36.5251481Z ##[endgroup]
frontend-baseline	Checkout repository	2026-10-07T05:50:36.5252183Z ##[group]Persisting credentials for submodules
frontend-baseline	Checkout repository	2026-10-07T05:50:36.5261608Z [command]/usr/bin/git submodule foreach --recursive sh -c "git config --local --name-only --get-regexp 'url\.https\:\/\/github\.com\/\.insteadOf' && git config --local --unset-all 'url.https://github.com/.insteadOf' || :"
frontend-baseline	Checkout repository	2026-10-07T05:50:36.5491260Z Entering 'third_party/vibe-trading/upstream-src'
frontend-baseline	Checkout repository	2026-10-07T05:50:36.5550583Z [command]/usr/bin/git submodule foreach sh -c "git config --local 'http.https://github.com/.extraheader' 'AUTHORIZATION: basic ***' && git config --local --show-origin --name-only --get-regexp remote.origin.url"
frontend-baseline	Checkout repository	2026-10-07T05:50:36.5777128Z Entering 'third_party/vibe-trading/upstream-src'
frontend-baseline	Checkout repository	2026-10-07T05:50:36.5817318Z file:/home/runner/work/QuantOS/QuantOS/.git/modules/vibe-trading-upstream/config	remote.origin.url
frontend-baseline	Checkout repository	2026-10-07T05:50:36.5843241Z [command]/usr/bin/git submodule foreach git config --local --add 'url.https://github.com/.insteadOf' 'git@github.com:'
frontend-baseline	Checkout repository	2026-10-07T05:50:36.6072687Z Entering 'third_party/vibe-trading/upstream-src'
frontend-baseline	Checkout repository	2026-10-07T05:50:36.6112039Z [command]/usr/bin/git submodule foreach git config --local --add 'url.https://github.com/.insteadOf' 'org-261142282@github.com:'
frontend-baseline	Checkout repository	2026-10-07T05:50:36.6340356Z Entering 'third_party/vibe-trading/upstream-src'
frontend-baseline	Checkout repository	2026-10-07T05:50:36.6381988Z ##[endgroup]
frontend-baseline	Checkout repository	2026-10-07T05:50:36.6427972Z [command]/usr/bin/git log -1 --format=%H
frontend-baseline	Checkout repository	2026-10-07T05:50:36.6455460Z 47cb743c4587f2eb866f39c594a472a86d262dfc
frontend-baseline	Setup Node	﻿2026-10-07T05:50:36.6711254Z ##[group]Run actions/setup-node@v4
frontend-baseline	Setup Node	2026-10-07T05:50:36.6711562Z with:
frontend-baseline	Setup Node	2026-10-07T05:50:36.6711770Z   node-version: 24.12.0
frontend-baseline	Setup Node	2026-10-07T05:50:36.6711999Z   always-auth: false
frontend-baseline	Setup Node	2026-10-07T05:50:36.6712219Z   check-latest: false
frontend-baseline	Setup Node	2026-10-07T05:50:36.6714547Z   token: ***
frontend-baseline	Setup Node	2026-10-07T05:50:36.6714747Z env:
frontend-baseline	Setup Node	2026-10-07T05:50:36.6715020Z   QUANTOS_BFF_BASE: 2835e41fcaa9f3924e9f03f95c62727b9e6c69b9
frontend-baseline	Setup Node	2026-10-07T05:50:36.6715370Z   NEXT_PUBLIC_QUANTOS_ENV: local-mock
frontend-baseline	Setup Node	2026-10-07T05:50:36.6716069Z   NEXT_PUBLIC_SITE_ORIGIN: https://sumalpha.ai
frontend-baseline	Setup Node	2026-10-07T05:50:36.6716474Z   NEXT_PUBLIC_QUANTOS_TERMINAL_ORIGIN: http://localhost:3190
frontend-baseline	Setup Node	2026-10-07T05:50:36.6716875Z   NEXT_PUBLIC_QUANTOS_BFF_ORIGIN: http://localhost:4010
frontend-baseline	Setup Node	2026-10-07T05:50:36.6717256Z   NEXT_PUBLIC_QUANTOS_OIDC_ISSUER: https://mock.idp.local
frontend-baseline	Setup Node	2026-10-07T05:50:36.6717648Z   NEXT_PUBLIC_QUANTOS_OIDC_CLIENT_ID: quantos-terminal-ci
frontend-baseline	Setup Node	2026-10-07T05:50:36.6718085Z   NEXT_PUBLIC_QUANTOS_OIDC_REDIRECT_URI: http://localhost:3190/auth/callback
frontend-baseline	Setup Node	2026-10-07T05:50:36.6718496Z   NEXT_PUBLIC_QUANTOS_DEFAULT_MODE: paper
frontend-baseline	Setup Node	2026-10-07T05:50:36.6718852Z   NEXT_PUBLIC_QUANTOS_MOCK_ENABLED: true
frontend-baseline	Setup Node	2026-10-07T05:50:36.6719144Z   NEXT_PUBLIC_QUANTOS_OBS_ENABLED: false
frontend-baseline	Setup Node	2026-10-07T05:50:36.6719463Z   NEXT_PUBLIC_QUANTOS_FEATURE_ASSISTED_LIVE_TESTNET: off
frontend-baseline	Setup Node	2026-10-07T05:50:36.6719777Z ##[endgroup]
frontend-baseline	Setup Node	2026-10-07T05:50:36.8105333Z Attempting to download 24.12.0...
frontend-baseline	Setup Node	2026-10-07T05:50:36.8214363Z (node:2559) [DEP0040] DeprecationWarning: The `punycode` module is deprecated. Please use a userland alternative instead.
frontend-baseline	Setup Node	2026-10-07T05:50:36.8215993Z (Use `node --trace-deprecation ...` to show where the warning was created)
frontend-baseline	Setup Node	2026-10-07T05:50:37.4656738Z Acquiring 24.12.0 - x64 from https://github.com/actions/node-versions/releases/download/24.12.0-20140960970/node-24.12.0-linux-x64.tar.gz
frontend-baseline	Setup Node	2026-10-07T05:50:37.9142583Z Extracting ...
frontend-baseline	Setup Node	2026-10-07T05:50:37.9270996Z [command]/usr/bin/tar xz --strip 1 --warning=no-unknown-keyword --overwrite -C /home/runner/work/_temp/171994e7-fde6-4c24-875b-2e80daac5e0f -f /home/runner/work/_temp/f528554b-57ab-4280-887c-56e8fa167a8f
frontend-baseline	Setup Node	2026-10-07T05:50:39.1226595Z Adding to the cache ...
frontend-baseline	Setup Node	2026-10-07T05:50:41.1671187Z ##[group]Environment details
frontend-baseline	Setup Node	2026-10-07T05:50:41.3913516Z node: v24.12.0
frontend-baseline	Setup Node	2026-10-07T05:50:41.3914007Z npm: 11.6.2
frontend-baseline	Setup Node	2026-10-07T05:50:41.3914361Z yarn: 1.22.22
frontend-baseline	Setup Node	2026-10-07T05:50:41.3915099Z ##[endgroup]
frontend-baseline	Setup Rust for A2 semantic regressions	﻿2026-10-07T05:50:41.4233101Z ##[group]Run dtolnay/rust-toolchain@1.91.0
frontend-baseline	Setup Rust for A2 semantic regressions	2026-10-07T05:50:41.4233425Z with:
frontend-baseline	Setup Rust for A2 semantic regressions	2026-10-07T05:50:41.4233625Z env:
frontend-baseline	Setup Rust for A2 semantic regressions	2026-10-07T05:50:41.4233884Z   QUANTOS_BFF_BASE: 2835e41fcaa9f3924e9f03f95c62727b9e6c69b9
frontend-baseline	Setup Rust for A2 semantic regressions	2026-10-07T05:50:41.4234236Z   NEXT_PUBLIC_QUANTOS_ENV: local-mock
frontend-baseline	Setup Rust for A2 semantic regressions	2026-10-07T05:50:41.4234542Z   NEXT_PUBLIC_SITE_ORIGIN: https://sumalpha.ai
frontend-baseline	Setup Rust for A2 semantic regressions	2026-10-07T05:50:41.4234938Z   NEXT_PUBLIC_QUANTOS_TERMINAL_ORIGIN: http://localhost:3190
frontend-baseline	Setup Rust for A2 semantic regressions	2026-10-07T05:50:41.4235331Z   NEXT_PUBLIC_QUANTOS_BFF_ORIGIN: http://localhost:4010
frontend-baseline	Setup Rust for A2 semantic regressions	2026-10-07T05:50:41.4235915Z   NEXT_PUBLIC_QUANTOS_OIDC_ISSUER: https://mock.idp.local
frontend-baseline	Setup Rust for A2 semantic regressions	2026-10-07T05:50:41.4236298Z   NEXT_PUBLIC_QUANTOS_OIDC_CLIENT_ID: quantos-terminal-ci
frontend-baseline	Setup Rust for A2 semantic regressions	2026-10-07T05:50:41.4236732Z   NEXT_PUBLIC_QUANTOS_OIDC_REDIRECT_URI: http://localhost:3190/auth/callback
frontend-baseline	Setup Rust for A2 semantic regressions	2026-10-07T05:50:41.4237140Z   NEXT_PUBLIC_QUANTOS_DEFAULT_MODE: paper
frontend-baseline	Setup Rust for A2 semantic regressions	2026-10-07T05:50:41.4237429Z   NEXT_PUBLIC_QUANTOS_MOCK_ENABLED: true
frontend-baseline	Setup Rust for A2 semantic regressions	2026-10-07T05:50:41.4237714Z   NEXT_PUBLIC_QUANTOS_OBS_ENABLED: false
frontend-baseline	Setup Rust for A2 semantic regressions	2026-10-07T05:50:41.4238281Z   NEXT_PUBLIC_QUANTOS_FEATURE_ASSISTED_LIVE_TESTNET: off
frontend-baseline	Setup Rust for A2 semantic regressions	2026-10-07T05:50:41.4238586Z ##[endgroup]
frontend-baseline	Setup Rust for A2 semantic regressions	2026-10-07T05:50:41.4303646Z ##[start-action display=Parse toolchain version;id=__dtolnay_rust-toolchain.parse]
frontend-baseline	Setup Rust for A2 semantic regressions	2026-10-07T05:50:41.4361374Z ##[group]Run if [[ -z $toolchain ]]; then
frontend-baseline	Setup Rust for A2 semantic regressions	2026-10-07T05:50:41.4361761Z ^[[36;1mif [[ -z $toolchain ]]; then^[[0m
frontend-baseline	Setup Rust for A2 semantic regressions	2026-10-07T05:50:41.4362309Z ^[[36;1m  # GitHub does not enforce `required: true` inputs itself. https://github.com/actions/runner/issues/1070^[[0m
frontend-baseline	Setup Rust for A2 semantic regressions	2026-10-07T05:50:41.4362873Z ^[[36;1m  echo "'toolchain' is a required input" >&2^[[0m
frontend-baseline	Setup Rust for A2 semantic regressions	2026-10-07T05:50:41.4363171Z ^[[36;1m  exit 1^[[0m
frontend-baseline	Setup Rust for A2 semantic regressions	2026-10-07T05:50:41.4363508Z ^[[36;1melif [[ $toolchain =~ ^stable' '[0-9]+' '(year|month|week|day)s?' 'ago$ ]]; then^[[0m
frontend-baseline	Setup Rust for A2 semantic regressions	2026-10-07T05:50:41.4363928Z ^[[36;1m  if [[ Linux == macOS ]]; then^[[0m
frontend-baseline	Setup Rust for A2 semantic regressions	2026-10-07T05:50:41.4364459Z ^[[36;1m    echo "toolchain=1.$((($(date -v-$(sed 's/stable \([0-9]*\) \(.\).*/\1\2/' <<< $toolchain) +%s)/60/60/24-16569)/7/6))" >> $GITHUB_OUTPUT^[[0m
frontend-baseline	Setup Rust for A2 semantic regressions	2026-10-07T05:50:41.4364997Z ^[[36;1m  else^[[0m
frontend-baseline	Setup Rust for A2 semantic regressions	2026-10-07T05:50:41.4365410Z ^[[36;1m    echo "toolchain=1.$((($(date --date "${toolchain#stable }" +%s)/60/60/24-16569)/7/6))" >> $GITHUB_OUTPUT^[[0m
frontend-baseline	Setup Rust for A2 semantic regressions	2026-10-07T05:50:41.4366088Z ^[[36;1m  fi^[[0m
frontend-baseline	Setup Rust for A2 semantic regressions	2026-10-07T05:50:41.4366386Z ^[[36;1melif [[ $toolchain =~ ^stable' 'minus' '[0-9]+' 'releases?$ ]]; then^[[0m
frontend-baseline	Setup Rust for A2 semantic regressions	2026-10-07T05:50:41.4366917Z ^[[36;1m  echo "toolchain=1.$((($(date +%s)/60/60/24-16569)/7/6-${toolchain//[^0-9]/}))" >> $GITHUB_OUTPUT^[[0m
frontend-baseline	Setup Rust for A2 semantic regressions	2026-10-07T05:50:41.4367383Z ^[[36;1melif [[ $toolchain =~ ^1\.[0-9]+$ ]]; then^[[0m
frontend-baseline	Setup Rust for A2 semantic regressions	2026-10-07T05:50:41.4367928Z ^[[36;1m  echo "toolchain=1.$((i=${toolchain#1.}, c=($(date +%s)/60/60/24-16569)/7/6, i+9*i*(10*i<=c)+90*i*(100*i<=c)))" >> $GITHUB_OUTPUT^[[0m
frontend-baseline	Setup Rust for A2 semantic regressions	2026-10-07T05:50:41.4368449Z ^[[36;1melse^[[0m
frontend-baseline	Setup Rust for A2 semantic regressions	2026-10-07T05:50:41.4368708Z ^[[36;1m  echo "toolchain=$toolchain" >> $GITHUB_OUTPUT^[[0m
frontend-baseline	Setup Rust for A2 semantic regressions	2026-10-07T05:50:41.4369008Z ^[[36;1mfi^[[0m
frontend-baseline	Setup Rust for A2 semantic regressions	2026-10-07T05:50:41.4646261Z shell: /usr/bin/bash --noprofile --norc -e -o pipefail {0}
frontend-baseline	Setup Rust for A2 semantic regressions	2026-10-07T05:50:41.4646755Z env:
frontend-baseline	Setup Rust for A2 semantic regressions	2026-10-07T05:50:41.4647099Z   QUANTOS_BFF_BASE: 2835e41fcaa9f3924e9f03f95c62727b9e6c69b9
frontend-baseline	Setup Rust for A2 semantic regressions	2026-10-07T05:50:41.4647560Z   NEXT_PUBLIC_QUANTOS_ENV: local-mock
frontend-baseline	Setup Rust for A2 semantic regressions	2026-10-07T05:50:41.4647964Z   NEXT_PUBLIC_SITE_ORIGIN: https://sumalpha.ai
frontend-baseline	Setup Rust for A2 semantic regressions	2026-10-07T05:50:41.4648455Z   NEXT_PUBLIC_QUANTOS_TERMINAL_ORIGIN: http://localhost:3190
frontend-baseline	Setup Rust for A2 semantic regressions	2026-10-07T05:50:41.4648972Z   NEXT_PUBLIC_QUANTOS_BFF_ORIGIN: http://localhost:4010
frontend-baseline	Setup Rust for A2 semantic regressions	2026-10-07T05:50:41.4649476Z   NEXT_PUBLIC_QUANTOS_OIDC_ISSUER: https://mock.idp.local
frontend-baseline	Setup Rust for A2 semantic regressions	2026-10-07T05:50:41.4649976Z   NEXT_PUBLIC_QUANTOS_OIDC_CLIENT_ID: quantos-terminal-ci
frontend-baseline	Setup Rust for A2 semantic regressions	2026-10-07T05:50:41.4650554Z   NEXT_PUBLIC_QUANTOS_OIDC_REDIRECT_URI: http://localhost:3190/auth/callback
frontend-baseline	Setup Rust for A2 semantic regressions	2026-10-07T05:50:41.4651105Z   NEXT_PUBLIC_QUANTOS_DEFAULT_MODE: paper
frontend-baseline	Setup Rust for A2 semantic regressions	2026-10-07T05:50:41.4651494Z   NEXT_PUBLIC_QUANTOS_MOCK_ENABLED: true
frontend-baseline	Setup Rust for A2 semantic regressions	2026-10-07T05:50:41.4651868Z   NEXT_PUBLIC_QUANTOS_OBS_ENABLED: false
frontend-baseline	Setup Rust for A2 semantic regressions	2026-10-07T05:50:41.4652289Z   NEXT_PUBLIC_QUANTOS_FEATURE_ASSISTED_LIVE_TESTNET: off
frontend-baseline	Setup Rust for A2 semantic regressions	2026-10-07T05:50:41.4652996Z   toolchain: 1.91.0
frontend-baseline	Setup Rust for A2 semantic regressions	2026-10-07T05:50:41.4653263Z ##[endgroup]
frontend-baseline	Setup Rust for A2 semantic regressions	2026-10-07T05:50:41.4800511Z ##[end-action id=__dtolnay_rust-toolchain.parse;outcome=success;conclusion=success;duration_ms=49]
frontend-baseline	Setup Rust for A2 semantic regressions	2026-10-07T05:50:41.4807103Z ##[start-action display=Construct rustup command line;id=__dtolnay_rust-toolchain.flags]
frontend-baseline	Setup Rust for A2 semantic regressions	2026-10-07T05:50:41.4826587Z ##[group]Run echo "targets=$(for t in ${targets//,/ }; do echo -n ' --target' $t; done)" >> $GITHUB_OUTPUT
frontend-baseline	Setup Rust for A2 semantic regressions	2026-10-07T05:50:41.4827270Z ^[[36;1mecho "targets=$(for t in ${targets//,/ }; do echo -n ' --target' $t; done)" >> $GITHUB_OUTPUT^[[0m
frontend-baseline	Setup Rust for A2 semantic regressions	2026-10-07T05:50:41.4827915Z ^[[36;1mecho "components=$(for c in ${components//,/ }; do echo -n ' --component' $c; done)" >> $GITHUB_OUTPUT^[[0m
frontend-baseline	Setup Rust for A2 semantic regressions	2026-10-07T05:50:41.4828407Z ^[[36;1mecho "downgrade=" >> $GITHUB_OUTPUT^[[0m
frontend-baseline	Setup Rust for A2 semantic regressions	2026-10-07T05:50:41.4893207Z shell: /usr/bin/bash --noprofile --norc -e -o pipefail {0}
frontend-baseline	Setup Rust for A2 semantic regressions	2026-10-07T05:50:41.4893572Z env:
frontend-baseline	Setup Rust for A2 semantic regressions	2026-10-07T05:50:41.4893851Z   QUANTOS_BFF_BASE: 2835e41fcaa9f3924e9f03f95c62727b9e6c69b9
frontend-baseline	Setup Rust for A2 semantic regressions	2026-10-07T05:50:41.4894402Z   NEXT_PUBLIC_QUANTOS_ENV: local-mock
frontend-baseline	Setup Rust for A2 semantic regressions	2026-10-07T05:50:41.4894729Z   NEXT_PUBLIC_SITE_ORIGIN: https://sumalpha.ai
frontend-baseline	Setup Rust for A2 semantic regressions	2026-10-07T05:50:41.4895134Z   NEXT_PUBLIC_QUANTOS_TERMINAL_ORIGIN: http://localhost:3190
frontend-baseline	Setup Rust for A2 semantic regressions	2026-10-07T05:50:41.4895889Z   NEXT_PUBLIC_QUANTOS_BFF_ORIGIN: http://localhost:4010
frontend-baseline	Setup Rust for A2 semantic regressions	2026-10-07T05:50:41.4896317Z   NEXT_PUBLIC_QUANTOS_OIDC_ISSUER: https://mock.idp.local
frontend-baseline	Setup Rust for A2 semantic regressions	2026-10-07T05:50:41.4896714Z   NEXT_PUBLIC_QUANTOS_OIDC_CLIENT_ID: quantos-terminal-ci
frontend-baseline	Setup Rust for A2 semantic regressions	2026-10-07T05:50:41.4897176Z   NEXT_PUBLIC_QUANTOS_OIDC_REDIRECT_URI: http://localhost:3190/auth/callback
frontend-baseline	Setup Rust for A2 semantic regressions	2026-10-07T05:50:41.4897613Z   NEXT_PUBLIC_QUANTOS_DEFAULT_MODE: paper
frontend-baseline	Setup Rust for A2 semantic regressions	2026-10-07T05:50:41.4897919Z   NEXT_PUBLIC_QUANTOS_MOCK_ENABLED: true
frontend-baseline	Setup Rust for A2 semantic regressions	2026-10-07T05:50:41.4898221Z   NEXT_PUBLIC_QUANTOS_OBS_ENABLED: false
frontend-baseline	Setup Rust for A2 semantic regressions	2026-10-07T05:50:41.4898564Z   NEXT_PUBLIC_QUANTOS_FEATURE_ASSISTED_LIVE_TESTNET: off
frontend-baseline	Setup Rust for A2 semantic regressions	2026-10-07T05:50:41.4898887Z   targets: 
frontend-baseline	Setup Rust for A2 semantic regressions	2026-10-07T05:50:41.4899080Z   components: 
frontend-baseline	Setup Rust for A2 semantic regressions	2026-10-07T05:50:41.4899299Z ##[endgroup]
frontend-baseline	Setup Rust for A2 semantic regressions	2026-10-07T05:50:41.5004575Z ##[end-action id=__dtolnay_rust-toolchain.flags;outcome=success;conclusion=success;duration_ms=19]
frontend-baseline	Setup Rust for A2 semantic regressions	2026-10-07T05:50:41.5007358Z ##[start-action display=Set $CARGO_HOME;id=__dtolnay_rust-toolchain.__run]
frontend-baseline	Setup Rust for A2 semantic regressions	2026-10-07T05:50:41.5025978Z ##[group]Run echo CARGO_HOME=${CARGO_HOME:-"$HOME/.cargo"} >> $GITHUB_ENV
frontend-baseline	Setup Rust for A2 semantic regressions	2026-10-07T05:50:41.5026464Z ^[[36;1mecho CARGO_HOME=${CARGO_HOME:-"$HOME/.cargo"} >> $GITHUB_ENV^[[0m
frontend-baseline	Setup Rust for A2 semantic regressions	2026-10-07T05:50:41.5089731Z shell: /usr/bin/bash --noprofile --norc -e -o pipefail {0}
frontend-baseline	Setup Rust for A2 semantic regressions	2026-10-07T05:50:41.5090119Z env:
frontend-baseline	Setup Rust for A2 semantic regressions	2026-10-07T05:50:41.5090405Z   QUANTOS_BFF_BASE: 2835e41fcaa9f3924e9f03f95c62727b9e6c69b9
frontend-baseline	Setup Rust for A2 semantic regressions	2026-10-07T05:50:41.5090797Z   NEXT_PUBLIC_QUANTOS_ENV: local-mock
frontend-baseline	Setup Rust for A2 semantic regressions	2026-10-07T05:50:41.5091147Z   NEXT_PUBLIC_SITE_ORIGIN: https://sumalpha.ai
frontend-baseline	Setup Rust for A2 semantic regressions	2026-10-07T05:50:41.5091583Z   NEXT_PUBLIC_QUANTOS_TERMINAL_ORIGIN: http://localhost:3190
frontend-baseline	Setup Rust for A2 semantic regressions	2026-10-07T05:50:41.5092041Z   NEXT_PUBLIC_QUANTOS_BFF_ORIGIN: http://localhost:4010
frontend-baseline	Setup Rust for A2 semantic regressions	2026-10-07T05:50:41.5092468Z   NEXT_PUBLIC_QUANTOS_OIDC_ISSUER: https://mock.idp.local
frontend-baseline	Setup Rust for A2 semantic regressions	2026-10-07T05:50:41.5092928Z   NEXT_PUBLIC_QUANTOS_OIDC_CLIENT_ID: quantos-terminal-ci
frontend-baseline	Setup Rust for A2 semantic regressions	2026-10-07T05:50:41.5093441Z   NEXT_PUBLIC_QUANTOS_OIDC_REDIRECT_URI: http://localhost:3190/auth/callback
frontend-baseline	Setup Rust for A2 semantic regressions	2026-10-07T05:50:41.5093912Z   NEXT_PUBLIC_QUANTOS_DEFAULT_MODE: paper
frontend-baseline	Setup Rust for A2 semantic regressions	2026-10-07T05:50:41.5094240Z   NEXT_PUBLIC_QUANTOS_MOCK_ENABLED: true
frontend-baseline	Setup Rust for A2 semantic regressions	2026-10-07T05:50:41.5094565Z   NEXT_PUBLIC_QUANTOS_OBS_ENABLED: false
frontend-baseline	Setup Rust for A2 semantic regressions	2026-10-07T05:50:41.5094922Z   NEXT_PUBLIC_QUANTOS_FEATURE_ASSISTED_LIVE_TESTNET: off
frontend-baseline	Setup Rust for A2 semantic regressions	2026-10-07T05:50:41.5095267Z ##[endgroup]
frontend-baseline	Setup Rust for A2 semantic regressions	2026-10-07T05:50:41.5193315Z ##[end-action id=__dtolnay_rust-toolchain.__run;outcome=success;conclusion=success;duration_ms=18]
frontend-baseline	Setup Rust for A2 semantic regressions	2026-10-07T05:50:41.5195889Z ##[start-action display=Install rustup if needed;id=__dtolnay_rust-toolchain.__run_2]
frontend-baseline	Setup Rust for A2 semantic regressions	2026-10-07T05:50:41.5220075Z ##[group]Run if ! command -v rustup &>/dev/null; then
frontend-baseline	Setup Rust for A2 semantic regressions	2026-10-07T05:50:41.5220459Z ^[[36;1mif ! command -v rustup &>/dev/null; then^[[0m
frontend-baseline	Setup Rust for A2 semantic regressions	2026-10-07T05:50:41.5221223Z ^[[36;1m  curl --proto '=https' --tlsv1.2 --retry 10 --retry-connrefused --location --silent --show-error --fail https://sh.rustup.rs | sh -s -- --default-toolchain none -y^[[0m
frontend-baseline	Setup Rust for A2 semantic regressions	2026-10-07T05:50:41.5222159Z ^[[36;1m  echo "$CARGO_HOME/bin" >> $GITHUB_PATH^[[0m
frontend-baseline	Setup Rust for A2 semantic regressions	2026-10-07T05:50:41.5222448Z ^[[36;1mfi^[[0m
frontend-baseline	Setup Rust for A2 semantic regressions	2026-10-07T05:50:41.5288169Z shell: /usr/bin/bash --noprofile --norc -e -o pipefail {0}
frontend-baseline	Setup Rust for A2 semantic regressions	2026-10-07T05:50:41.5288528Z env:
frontend-baseline	Setup Rust for A2 semantic regressions	2026-10-07T05:50:41.5288793Z   QUANTOS_BFF_BASE: 2835e41fcaa9f3924e9f03f95c62727b9e6c69b9
frontend-baseline	Setup Rust for A2 semantic regressions	2026-10-07T05:50:41.5289149Z   NEXT_PUBLIC_QUANTOS_ENV: local-mock
frontend-baseline	Setup Rust for A2 semantic regressions	2026-10-07T05:50:41.5289468Z   NEXT_PUBLIC_SITE_ORIGIN: https://sumalpha.ai
frontend-baseline	Setup Rust for A2 semantic regressions	2026-10-07T05:50:41.5289865Z   NEXT_PUBLIC_QUANTOS_TERMINAL_ORIGIN: http://localhost:3190
frontend-baseline	Setup Rust for A2 semantic regressions	2026-10-07T05:50:41.5290274Z   NEXT_PUBLIC_QUANTOS_BFF_ORIGIN: http://localhost:4010
frontend-baseline	Setup Rust for A2 semantic regressions	2026-10-07T05:50:41.5290671Z   NEXT_PUBLIC_QUANTOS_OIDC_ISSUER: https://mock.idp.local
frontend-baseline	Setup Rust for A2 semantic regressions	2026-10-07T05:50:41.5291055Z   NEXT_PUBLIC_QUANTOS_OIDC_CLIENT_ID: quantos-terminal-ci
frontend-baseline	Setup Rust for A2 semantic regressions	2026-10-07T05:50:41.5291506Z   NEXT_PUBLIC_QUANTOS_OIDC_REDIRECT_URI: http://localhost:3190/auth/callback
frontend-baseline	Setup Rust for A2 semantic regressions	2026-10-07T05:50:41.5292121Z   NEXT_PUBLIC_QUANTOS_DEFAULT_MODE: paper
frontend-baseline	Setup Rust for A2 semantic regressions	2026-10-07T05:50:41.5292424Z   NEXT_PUBLIC_QUANTOS_MOCK_ENABLED: true
frontend-baseline	Setup Rust for A2 semantic regressions	2026-10-07T05:50:41.5292719Z   NEXT_PUBLIC_QUANTOS_OBS_ENABLED: false
frontend-baseline	Setup Rust for A2 semantic regressions	2026-10-07T05:50:41.5293042Z   NEXT_PUBLIC_QUANTOS_FEATURE_ASSISTED_LIVE_TESTNET: off
frontend-baseline	Setup Rust for A2 semantic regressions	2026-10-07T05:50:41.5293384Z   CARGO_HOME: /home/runner/.cargo
frontend-baseline	Setup Rust for A2 semantic regressions	2026-10-07T05:50:41.5293635Z ##[endgroup]
frontend-baseline	Setup Rust for A2 semantic regressions	2026-10-07T05:50:41.5389587Z ##[end-action id=__dtolnay_rust-toolchain.__run_2;outcome=success;conclusion=success;duration_ms=19]
frontend-baseline	Setup Rust for A2 semantic regressions	2026-10-07T05:50:41.5392116Z ##[start-action display=Install rustup if needed on windows;id=__dtolnay_rust-toolchain.__run_3]
frontend-baseline	Setup Rust for A2 semantic regressions	2026-10-07T05:50:41.5398239Z ##[end-action id=__dtolnay_rust-toolchain.__run_3;outcome=skipped;conclusion=skipped;duration_ms=0]
frontend-baseline	Setup Rust for A2 semantic regressions	2026-10-07T05:50:41.5409843Z ##[start-action display=rustup toolchain install 1.91.0;id=__dtolnay_rust-toolchain.__run_4]
frontend-baseline	Setup Rust for A2 semantic regressions	2026-10-07T05:50:41.5428621Z ##[group]Run log=$(mktemp)
frontend-baseline	Setup Rust for A2 semantic regressions	2026-10-07T05:50:41.5428942Z ^[[36;1mlog=$(mktemp)^[[0m
frontend-baseline	Setup Rust for A2 semantic regressions	2026-10-07T05:50:41.5429181Z ^[[36;1mtrap 'rm -f "$log"' EXIT^[[0m
frontend-baseline	Setup Rust for A2 semantic regressions	2026-10-07T05:50:41.5429449Z ^[[36;1mfor attempt in 1 2 3 4 5; do^[[0m
frontend-baseline	Setup Rust for A2 semantic regressions	2026-10-07T05:50:41.5429981Z ^[[36;1m  if rustup toolchain install 1.91.0 --profile minimal --no-self-update --force-non-host 2>&1 | tee "$log"; then^[[0m
frontend-baseline	Setup Rust for A2 semantic regressions	2026-10-07T05:50:41.5430501Z ^[[36;1m    break^[[0m
frontend-baseline	Setup Rust for A2 semantic regressions	2026-10-07T05:50:41.5430708Z ^[[36;1m  else^[[0m
frontend-baseline	Setup Rust for A2 semantic regressions	2026-10-07T05:50:41.5430912Z ^[[36;1m    status=$?^[[0m
frontend-baseline	Setup Rust for A2 semantic regressions	2026-10-07T05:50:41.5431137Z ^[[36;1m  fi^[[0m
frontend-baseline	Setup Rust for A2 semantic regressions	2026-10-07T05:50:41.5431439Z ^[[36;1m  if [[ $attempt == 5 ]] || ! grep -Fq 'checksum failed for ' "$log" \^[[0m
frontend-baseline	Setup Rust for A2 semantic regressions	2026-10-07T05:50:41.5432004Z ^[[36;1m      || ! grep -Fq 'this is likely due to an ongoing update of the official release server' "$log"; then^[[0m
frontend-baseline	Setup Rust for A2 semantic regressions	2026-10-07T05:50:41.5432491Z ^[[36;1m    exit "$status"^[[0m
frontend-baseline	Setup Rust for A2 semantic regressions	2026-10-07T05:50:41.5432716Z ^[[36;1m  fi^[[0m
frontend-baseline	Setup Rust for A2 semantic regressions	2026-10-07T05:50:41.5433078Z ^[[36;1m  echo "Retrying rustup toolchain install in 30 seconds (retry $attempt of 4)" >&2^[[0m
frontend-baseline	Setup Rust for A2 semantic regressions	2026-10-07T05:50:41.5433517Z ^[[36;1m  sleep 30^[[0m
frontend-baseline	Setup Rust for A2 semantic regressions	2026-10-07T05:50:41.5433726Z ^[[36;1mdone^[[0m
frontend-baseline	Setup Rust for A2 semantic regressions	2026-10-07T05:50:41.5497253Z shell: /usr/bin/bash --noprofile --norc -e -o pipefail {0}
frontend-baseline	Setup Rust for A2 semantic regressions	2026-10-07T05:50:41.5497608Z env:
frontend-baseline	Setup Rust for A2 semantic regressions	2026-10-07T05:50:41.5497871Z   QUANTOS_BFF_BASE: 2835e41fcaa9f3924e9f03f95c62727b9e6c69b9
frontend-baseline	Setup Rust for A2 semantic regressions	2026-10-07T05:50:41.5498216Z   NEXT_PUBLIC_QUANTOS_ENV: local-mock
frontend-baseline	Setup Rust for A2 semantic regressions	2026-10-07T05:50:41.5498524Z   NEXT_PUBLIC_SITE_ORIGIN: https://sumalpha.ai
frontend-baseline	Setup Rust for A2 semantic regressions	2026-10-07T05:50:41.5498920Z   NEXT_PUBLIC_QUANTOS_TERMINAL_ORIGIN: http://localhost:3190
frontend-baseline	Setup Rust for A2 semantic regressions	2026-10-07T05:50:41.5499312Z   NEXT_PUBLIC_QUANTOS_BFF_ORIGIN: http://localhost:4010
frontend-baseline	Setup Rust for A2 semantic regressions	2026-10-07T05:50:41.5499691Z   NEXT_PUBLIC_QUANTOS_OIDC_ISSUER: https://mock.idp.local
frontend-baseline	Setup Rust for A2 semantic regressions	2026-10-07T05:50:41.5500073Z   NEXT_PUBLIC_QUANTOS_OIDC_CLIENT_ID: quantos-terminal-ci
frontend-baseline	Setup Rust for A2 semantic regressions	2026-10-07T05:50:41.5500505Z   NEXT_PUBLIC_QUANTOS_OIDC_REDIRECT_URI: http://localhost:3190/auth/callback
frontend-baseline	Setup Rust for A2 semantic regressions	2026-10-07T05:50:41.5500919Z   NEXT_PUBLIC_QUANTOS_DEFAULT_MODE: paper
frontend-baseline	Setup Rust for A2 semantic regressions	2026-10-07T05:50:41.5501212Z   NEXT_PUBLIC_QUANTOS_MOCK_ENABLED: true
frontend-baseline	Setup Rust for A2 semantic regressions	2026-10-07T05:50:41.5501708Z   NEXT_PUBLIC_QUANTOS_OBS_ENABLED: false
frontend-baseline	Setup Rust for A2 semantic regressions	2026-10-07T05:50:41.5502027Z   NEXT_PUBLIC_QUANTOS_FEATURE_ASSISTED_LIVE_TESTNET: off
frontend-baseline	Setup Rust for A2 semantic regressions	2026-10-07T05:50:41.5502351Z   CARGO_HOME: /home/runner/.cargo
frontend-baseline	Setup Rust for A2 semantic regressions	2026-10-07T05:50:41.5502611Z   RUSTUP_PERMIT_COPY_RENAME: 1
frontend-baseline	Setup Rust for A2 semantic regressions	2026-10-07T05:50:41.5502858Z ##[endgroup]
frontend-baseline	Setup Rust for A2 semantic regressions	2026-10-07T05:50:41.6068090Z info: syncing channel updates for 1.91.0-x86_64-unknown-linux-gnu
frontend-baseline	Setup Rust for A2 semantic regressions	2026-10-07T05:50:41.8251641Z info: latest update on 2025-10-30 for version 1.91.0 (f8297e351 2025-10-28)
frontend-baseline	Setup Rust for A2 semantic regressions	2026-10-07T05:50:41.8252554Z info: downloading 3 components
frontend-baseline	Setup Rust for A2 semantic regressions	2026-10-07T05:50:49.0698803Z 
frontend-baseline	Setup Rust for A2 semantic regressions	2026-10-07T05:50:49.0779276Z   1.91.0-x86_64-unknown-linux-gnu installed - rustc 1.91.0 (f8297e351 2025-10-28)
frontend-baseline	Setup Rust for A2 semantic regressions	2026-10-07T05:50:49.0779751Z 
frontend-baseline	Setup Rust for A2 semantic regressions	2026-10-07T05:50:49.0850735Z ##[end-action id=__dtolnay_rust-toolchain.__run_4;outcome=success;conclusion=success;duration_ms=7543]
frontend-baseline	Setup Rust for A2 semantic regressions	2026-10-07T05:50:49.0856138Z ##[start-action display=rustup default 1.91.0;id=__dtolnay_rust-toolchain.__run_5]
frontend-baseline	Setup Rust for A2 semantic regressions	2026-10-07T05:50:49.0875288Z ##[group]Run rustup default 1.91.0 --force-non-host
frontend-baseline	Setup Rust for A2 semantic regressions	2026-10-07T05:50:49.0875990Z ^[[36;1mrustup default 1.91.0 --force-non-host^[[0m
frontend-baseline	Setup Rust for A2 semantic regressions	2026-10-07T05:50:49.0938759Z shell: /usr/bin/bash --noprofile --norc -e -o pipefail {0}
frontend-baseline	Setup Rust for A2 semantic regressions	2026-10-07T05:50:49.0939103Z env:
frontend-baseline	Setup Rust for A2 semantic regressions	2026-10-07T05:50:49.0939365Z   QUANTOS_BFF_BASE: 2835e41fcaa9f3924e9f03f95c62727b9e6c69b9
frontend-baseline	Setup Rust for A2 semantic regressions	2026-10-07T05:50:49.0939706Z   NEXT_PUBLIC_QUANTOS_ENV: local-mock
frontend-baseline	Setup Rust for A2 semantic regressions	2026-10-07T05:50:49.0940008Z   NEXT_PUBLIC_SITE_ORIGIN: https://sumalpha.ai
frontend-baseline	Setup Rust for A2 semantic regressions	2026-10-07T05:50:49.0940386Z   NEXT_PUBLIC_QUANTOS_TERMINAL_ORIGIN: http://localhost:3190
frontend-baseline	Setup Rust for A2 semantic regressions	2026-10-07T05:50:49.0940800Z   NEXT_PUBLIC_QUANTOS_BFF_ORIGIN: http://localhost:4010
frontend-baseline	Setup Rust for A2 semantic regressions	2026-10-07T05:50:49.0941196Z   NEXT_PUBLIC_QUANTOS_OIDC_ISSUER: https://mock.idp.local
frontend-baseline	Setup Rust for A2 semantic regressions	2026-10-07T05:50:49.0941578Z   NEXT_PUBLIC_QUANTOS_OIDC_CLIENT_ID: quantos-terminal-ci
frontend-baseline	Setup Rust for A2 semantic regressions	2026-10-07T05:50:49.0942019Z   NEXT_PUBLIC_QUANTOS_OIDC_REDIRECT_URI: http://localhost:3190/auth/callback
frontend-baseline	Setup Rust for A2 semantic regressions	2026-10-07T05:50:49.0942434Z   NEXT_PUBLIC_QUANTOS_DEFAULT_MODE: paper
frontend-baseline	Setup Rust for A2 semantic regressions	2026-10-07T05:50:49.0942743Z   NEXT_PUBLIC_QUANTOS_MOCK_ENABLED: true
frontend-baseline	Setup Rust for A2 semantic regressions	2026-10-07T05:50:49.0943028Z   NEXT_PUBLIC_QUANTOS_OBS_ENABLED: false
frontend-baseline	Setup Rust for A2 semantic regressions	2026-10-07T05:50:49.0943347Z   NEXT_PUBLIC_QUANTOS_FEATURE_ASSISTED_LIVE_TESTNET: off
frontend-baseline	Setup Rust for A2 semantic regressions	2026-10-07T05:50:49.0943668Z   CARGO_HOME: /home/runner/.cargo
frontend-baseline	Setup Rust for A2 semantic regressions	2026-10-07T05:50:49.0943918Z ##[endgroup]
frontend-baseline	Setup Rust for A2 semantic regressions	2026-10-07T05:50:49.1070363Z info: using existing install for 1.91.0-x86_64-unknown-linux-gnu
frontend-baseline	Setup Rust for A2 semantic regressions	2026-10-07T05:50:49.1076830Z info: default toolchain set to 1.91.0-x86_64-unknown-linux-gnu
frontend-baseline	Setup Rust for A2 semantic regressions	2026-10-07T05:50:49.1077422Z 
frontend-baseline	Setup Rust for A2 semantic regressions	2026-10-07T05:50:49.1149158Z   1.91.0-x86_64-unknown-linux-gnu unchanged - rustc 1.91.0 (f8297e351 2025-10-28)
frontend-baseline	Setup Rust for A2 semantic regressions	2026-10-07T05:50:49.1149864Z 
frontend-baseline	Setup Rust for A2 semantic regressions	2026-10-07T05:50:49.1151253Z info: note that the toolchain '1.91.0-x86_64-unknown-linux-gnu' is currently in use (overridden by '/home/runner/work/QuantOS/QuantOS/rust-toolchain.toml')
frontend-baseline	Setup Rust for A2 semantic regressions	2026-10-07T05:50:49.1168440Z ##[end-action id=__dtolnay_rust-toolchain.__run_5;outcome=success;conclusion=success;duration_ms=31]
frontend-baseline	Setup Rust for A2 semantic regressions	2026-10-07T05:50:49.1170948Z ##[start-action display=Create cachekey;id=__dtolnay_rust-toolchain.rustc-version]
frontend-baseline	Setup Rust for A2 semantic regressions	2026-10-07T05:50:49.1189953Z ##[group]Run DATE=$(rustc +1.91.0 --version --verbose | sed -ne 's/^commit-date: \(20[0-9][0-9]\)-\([01][0-9]\)-\([0-3][0-9]\)$/\1\2\3/p')
frontend-baseline	Setup Rust for A2 semantic regressions	2026-10-07T05:50:49.1190758Z ^[[36;1mDATE=$(rustc +1.91.0 --version --verbose | sed -ne 's/^commit-date: \(20[0-9][0-9]\)-\([01][0-9]\)-\([0-3][0-9]\)$/\1\2\3/p')^[[0m
frontend-baseline	Setup Rust for A2 semantic regressions	2026-10-07T05:50:49.1191386Z ^[[36;1mHASH=$(rustc +1.91.0 --version --verbose | sed -ne 's/^commit-hash: //p')^[[0m
frontend-baseline	Setup Rust for A2 semantic regressions	2026-10-07T05:50:49.1191894Z ^[[36;1mecho "cachekey=$(echo $DATE$HASH | head -c12)" >> $GITHUB_OUTPUT^[[0m
frontend-baseline	Setup Rust for A2 semantic regressions	2026-10-07T05:50:49.1255057Z shell: /usr/bin/bash --noprofile --norc -e -o pipefail {0}
frontend-baseline	Setup Rust for A2 semantic regressions	2026-10-07T05:50:49.1255403Z env:
frontend-baseline	Setup Rust for A2 semantic regressions	2026-10-07T05:50:49.1255935Z   QUANTOS_BFF_BASE: 2835e41fcaa9f3924e9f03f95c62727b9e6c69b9
frontend-baseline	Setup Rust for A2 semantic regressions	2026-10-07T05:50:49.1256293Z   NEXT_PUBLIC_QUANTOS_ENV: local-mock
frontend-baseline	Setup Rust for A2 semantic regressions	2026-10-07T05:50:49.1256603Z   NEXT_PUBLIC_SITE_ORIGIN: https://sumalpha.ai
frontend-baseline	Setup Rust for A2 semantic regressions	2026-10-07T05:50:49.1256999Z   NEXT_PUBLIC_QUANTOS_TERMINAL_ORIGIN: http://localhost:3190
frontend-baseline	Setup Rust for A2 semantic regressions	2026-10-07T05:50:49.1257591Z   NEXT_PUBLIC_QUANTOS_BFF_ORIGIN: http://localhost:4010
frontend-baseline	Setup Rust for A2 semantic regressions	2026-10-07T05:50:49.1257975Z   NEXT_PUBLIC_QUANTOS_OIDC_ISSUER: https://mock.idp.local
frontend-baseline	Setup Rust for A2 semantic regressions	2026-10-07T05:50:49.1258365Z   NEXT_PUBLIC_QUANTOS_OIDC_CLIENT_ID: quantos-terminal-ci
frontend-baseline	Setup Rust for A2 semantic regressions	2026-10-07T05:50:49.1258807Z   NEXT_PUBLIC_QUANTOS_OIDC_REDIRECT_URI: http://localhost:3190/auth/callback
frontend-baseline	Setup Rust for A2 semantic regressions	2026-10-07T05:50:49.1259227Z   NEXT_PUBLIC_QUANTOS_DEFAULT_MODE: paper
frontend-baseline	Setup Rust for A2 semantic regressions	2026-10-07T05:50:49.1259523Z   NEXT_PUBLIC_QUANTOS_MOCK_ENABLED: true
frontend-baseline	Setup Rust for A2 semantic regressions	2026-10-07T05:50:49.1259809Z   NEXT_PUBLIC_QUANTOS_OBS_ENABLED: false
frontend-baseline	Setup Rust for A2 semantic regressions	2026-10-07T05:50:49.1260131Z   NEXT_PUBLIC_QUANTOS_FEATURE_ASSISTED_LIVE_TESTNET: off
frontend-baseline	Setup Rust for A2 semantic regressions	2026-10-07T05:50:49.1260456Z   CARGO_HOME: /home/runner/.cargo
frontend-baseline	Setup Rust for A2 semantic regressions	2026-10-07T05:50:49.1260705Z ##[endgroup]
frontend-baseline	Setup Rust for A2 semantic regressions	2026-10-07T05:50:49.1617281Z ##[end-action id=__dtolnay_rust-toolchain.rustc-version;outcome=success;conclusion=success;duration_ms=44]
frontend-baseline	Setup Rust for A2 semantic regressions	2026-10-07T05:50:49.1620065Z ##[start-action display=Disable incremental compilation;id=__dtolnay_rust-toolchain.__run_6]
frontend-baseline	Setup Rust for A2 semantic regressions	2026-10-07T05:50:49.1638773Z ##[group]Run if [ -z "${CARGO_INCREMENTAL+set}" ]; then
frontend-baseline	Setup Rust for A2 semantic regressions	2026-10-07T05:50:49.1639174Z ^[[36;1mif [ -z "${CARGO_INCREMENTAL+set}" ]; then^[[0m
frontend-baseline	Setup Rust for A2 semantic regressions	2026-10-07T05:50:49.1639507Z ^[[36;1m  echo CARGO_INCREMENTAL=0 >> $GITHUB_ENV^[[0m
frontend-baseline	Setup Rust for A2 semantic regressions	2026-10-07T05:50:49.1639784Z ^[[36;1mfi^[[0m
frontend-baseline	Setup Rust for A2 semantic regressions	2026-10-07T05:50:49.1703509Z shell: /usr/bin/bash --noprofile --norc -e -o pipefail {0}
frontend-baseline	Setup Rust for A2 semantic regressions	2026-10-07T05:50:49.1703860Z env:
frontend-baseline	Setup Rust for A2 semantic regressions	2026-10-07T05:50:49.1704124Z   QUANTOS_BFF_BASE: 2835e41fcaa9f3924e9f03f95c62727b9e6c69b9
frontend-baseline	Setup Rust for A2 semantic regressions	2026-10-07T05:50:49.1704479Z   NEXT_PUBLIC_QUANTOS_ENV: local-mock
frontend-baseline	Setup Rust for A2 semantic regressions	2026-10-07T05:50:49.1704795Z   NEXT_PUBLIC_SITE_ORIGIN: https://sumalpha.ai
frontend-baseline	Setup Rust for A2 semantic regressions	2026-10-07T05:50:49.1705186Z   NEXT_PUBLIC_QUANTOS_TERMINAL_ORIGIN: http://localhost:3190
frontend-baseline	Setup Rust for A2 semantic regressions	2026-10-07T05:50:49.1705870Z   NEXT_PUBLIC_QUANTOS_BFF_ORIGIN: http://localhost:4010
frontend-baseline	Setup Rust for A2 semantic regressions	2026-10-07T05:50:49.1706264Z   NEXT_PUBLIC_QUANTOS_OIDC_ISSUER: https://mock.idp.local
frontend-baseline	Setup Rust for A2 semantic regressions	2026-10-07T05:50:49.1706659Z   NEXT_PUBLIC_QUANTOS_OIDC_CLIENT_ID: quantos-terminal-ci
frontend-baseline	Setup Rust for A2 semantic regressions	2026-10-07T05:50:49.1707110Z   NEXT_PUBLIC_QUANTOS_OIDC_REDIRECT_URI: http://localhost:3190/auth/callback
frontend-baseline	Setup Rust for A2 semantic regressions	2026-10-07T05:50:49.1707530Z   NEXT_PUBLIC_QUANTOS_DEFAULT_MODE: paper
frontend-baseline	Setup Rust for A2 semantic regressions	2026-10-07T05:50:49.1707832Z   NEXT_PUBLIC_QUANTOS_MOCK_ENABLED: true
frontend-baseline	Setup Rust for A2 semantic regressions	2026-10-07T05:50:49.1708125Z   NEXT_PUBLIC_QUANTOS_OBS_ENABLED: false
frontend-baseline	Setup Rust for A2 semantic regressions	2026-10-07T05:50:49.1708448Z   NEXT_PUBLIC_QUANTOS_FEATURE_ASSISTED_LIVE_TESTNET: off
frontend-baseline	Setup Rust for A2 semantic regressions	2026-10-07T05:50:49.1708779Z   CARGO_HOME: /home/runner/.cargo
frontend-baseline	Setup Rust for A2 semantic regressions	2026-10-07T05:50:49.1709032Z ##[endgroup]
frontend-baseline	Setup Rust for A2 semantic regressions	2026-10-07T05:50:49.1798888Z ##[end-action id=__dtolnay_rust-toolchain.__run_6;outcome=success;conclusion=success;duration_ms=17]
frontend-baseline	Setup Rust for A2 semantic regressions	2026-10-07T05:50:49.1801001Z ##[start-action display=Enable colors in Cargo output;id=__dtolnay_rust-toolchain.__run_7]
frontend-baseline	Setup Rust for A2 semantic regressions	2026-10-07T05:50:49.1817993Z ##[group]Run if [ -z "${CARGO_TERM_COLOR+set}" ]; then
frontend-baseline	Setup Rust for A2 semantic regressions	2026-10-07T05:50:49.1818366Z ^[[36;1mif [ -z "${CARGO_TERM_COLOR+set}" ]; then^[[0m
frontend-baseline	Setup Rust for A2 semantic regressions	2026-10-07T05:50:49.1818702Z ^[[36;1m  echo CARGO_TERM_COLOR=always >> $GITHUB_ENV^[[0m
frontend-baseline	Setup Rust for A2 semantic regressions	2026-10-07T05:50:49.1819010Z ^[[36;1mfi^[[0m
frontend-baseline	Setup Rust for A2 semantic regressions	2026-10-07T05:50:49.1876312Z shell: /usr/bin/bash --noprofile --norc -e -o pipefail {0}
frontend-baseline	Setup Rust for A2 semantic regressions	2026-10-07T05:50:49.1876660Z env:
frontend-baseline	Setup Rust for A2 semantic regressions	2026-10-07T05:50:49.1876918Z   QUANTOS_BFF_BASE: 2835e41fcaa9f3924e9f03f95c62727b9e6c69b9
frontend-baseline	Setup Rust for A2 semantic regressions	2026-10-07T05:50:49.1877264Z   NEXT_PUBLIC_QUANTOS_ENV: local-mock
frontend-baseline	Setup Rust for A2 semantic regressions	2026-10-07T05:50:49.1877580Z   NEXT_PUBLIC_SITE_ORIGIN: https://sumalpha.ai
frontend-baseline	Setup Rust for A2 semantic regressions	2026-10-07T05:50:49.1877962Z   NEXT_PUBLIC_QUANTOS_TERMINAL_ORIGIN: http://localhost:3190
frontend-baseline	Setup Rust for A2 semantic regressions	2026-10-07T05:50:49.1878345Z   NEXT_PUBLIC_QUANTOS_BFF_ORIGIN: http://localhost:4010
frontend-baseline	Setup Rust for A2 semantic regressions	2026-10-07T05:50:49.1878716Z   NEXT_PUBLIC_QUANTOS_OIDC_ISSUER: https://mock.idp.local
frontend-baseline	Setup Rust for A2 semantic regressions	2026-10-07T05:50:49.1879083Z   NEXT_PUBLIC_QUANTOS_OIDC_CLIENT_ID: quantos-terminal-ci
frontend-baseline	Setup Rust for A2 semantic regressions	2026-10-07T05:50:49.1879505Z   NEXT_PUBLIC_QUANTOS_OIDC_REDIRECT_URI: http://localhost:3190/auth/callback
frontend-baseline	Setup Rust for A2 semantic regressions	2026-10-07T05:50:49.1879918Z   NEXT_PUBLIC_QUANTOS_DEFAULT_MODE: paper
frontend-baseline	Setup Rust for A2 semantic regressions	2026-10-07T05:50:49.1880208Z   NEXT_PUBLIC_QUANTOS_MOCK_ENABLED: true
frontend-baseline	Setup Rust for A2 semantic regressions	2026-10-07T05:50:49.1880682Z   NEXT_PUBLIC_QUANTOS_OBS_ENABLED: false
frontend-baseline	Setup Rust for A2 semantic regressions	2026-10-07T05:50:49.1881002Z   NEXT_PUBLIC_QUANTOS_FEATURE_ASSISTED_LIVE_TESTNET: off
frontend-baseline	Setup Rust for A2 semantic regressions	2026-10-07T05:50:49.1881327Z   CARGO_HOME: /home/runner/.cargo
frontend-baseline	Setup Rust for A2 semantic regressions	2026-10-07T05:50:49.1881573Z   CARGO_INCREMENTAL: 0
frontend-baseline	Setup Rust for A2 semantic regressions	2026-10-07T05:50:49.1881784Z ##[endgroup]
frontend-baseline	Setup Rust for A2 semantic regressions	2026-10-07T05:50:49.1967515Z ##[end-action id=__dtolnay_rust-toolchain.__run_7;outcome=success;conclusion=success;duration_ms=16]
frontend-baseline	Setup Rust for A2 semantic regressions	2026-10-07T05:50:49.1969612Z ##[start-action display=Enable Cargo sparse registry;id=__dtolnay_rust-toolchain.__run_8]
frontend-baseline	Setup Rust for A2 semantic regressions	2026-10-07T05:50:49.1987855Z ##[group]Run # implemented in 1.66, stabilized in 1.68, made default in 1.70
frontend-baseline	Setup Rust for A2 semantic regressions	2026-10-07T05:50:49.1988368Z ^[[36;1m# implemented in 1.66, stabilized in 1.68, made default in 1.70^[[0m
frontend-baseline	Setup Rust for A2 semantic regressions	2026-10-07T05:50:49.1989093Z ^[[36;1mif [ -z "${CARGO_REGISTRIES_CRATES_IO_PROTOCOL+set}" -o -f "/home/runner/work/_temp"/.implicit_cargo_registries_crates_io_protocol ]; then^[[0m
frontend-baseline	Setup Rust for A2 semantic regressions	2026-10-07T05:50:49.1989837Z ^[[36;1m  if rustc +1.91.0 --version --verbose | grep -q '^release: 1\.6[89]\.'; then^[[0m
frontend-baseline	Setup Rust for A2 semantic regressions	2026-10-07T05:50:49.1990593Z ^[[36;1m    touch "/home/runner/work/_temp"/.implicit_cargo_registries_crates_io_protocol || true^[[0m
frontend-baseline	Setup Rust for A2 semantic regressions	2026-10-07T05:50:49.1991157Z ^[[36;1m    echo CARGO_REGISTRIES_CRATES_IO_PROTOCOL=sparse >> $GITHUB_ENV^[[0m
frontend-baseline	Setup Rust for A2 semantic regressions	2026-10-07T05:50:49.1991657Z ^[[36;1m  elif rustc +1.91.0 --version --verbose | grep -q '^release: 1\.6[67]\.'; then^[[0m
frontend-baseline	Setup Rust for A2 semantic regressions	2026-10-07T05:50:49.1992221Z ^[[36;1m    touch "/home/runner/work/_temp"/.implicit_cargo_registries_crates_io_protocol || true^[[0m
frontend-baseline	Setup Rust for A2 semantic regressions	2026-10-07T05:50:49.1992765Z ^[[36;1m    echo CARGO_REGISTRIES_CRATES_IO_PROTOCOL=git >> $GITHUB_ENV^[[0m
frontend-baseline	Setup Rust for A2 semantic regressions	2026-10-07T05:50:49.1993120Z ^[[36;1m  fi^[[0m
frontend-baseline	Setup Rust for A2 semantic regressions	2026-10-07T05:50:49.1993309Z ^[[36;1mfi^[[0m
frontend-baseline	Setup Rust for A2 semantic regressions	2026-10-07T05:50:49.2049105Z shell: /usr/bin/bash --noprofile --norc -e -o pipefail {0}
frontend-baseline	Setup Rust for A2 semantic regressions	2026-10-07T05:50:49.2049450Z env:
frontend-baseline	Setup Rust for A2 semantic regressions	2026-10-07T05:50:49.2049709Z   QUANTOS_BFF_BASE: 2835e41fcaa9f3924e9f03f95c62727b9e6c69b9
frontend-baseline	Setup Rust for A2 semantic regressions	2026-10-07T05:50:49.2050058Z   NEXT_PUBLIC_QUANTOS_ENV: local-mock
frontend-baseline	Setup Rust for A2 semantic regressions	2026-10-07T05:50:49.2050380Z   NEXT_PUBLIC_SITE_ORIGIN: https://sumalpha.ai
frontend-baseline	Setup Rust for A2 semantic regressions	2026-10-07T05:50:49.2050759Z   NEXT_PUBLIC_QUANTOS_TERMINAL_ORIGIN: http://localhost:3190
frontend-baseline	Setup Rust for A2 semantic regressions	2026-10-07T05:50:49.2051136Z   NEXT_PUBLIC_QUANTOS_BFF_ORIGIN: http://localhost:4010
frontend-baseline	Setup Rust for A2 semantic regressions	2026-10-07T05:50:49.2051513Z   NEXT_PUBLIC_QUANTOS_OIDC_ISSUER: https://mock.idp.local
frontend-baseline	Setup Rust for A2 semantic regressions	2026-10-07T05:50:49.2051894Z   NEXT_PUBLIC_QUANTOS_OIDC_CLIENT_ID: quantos-terminal-ci
frontend-baseline	Setup Rust for A2 semantic regressions	2026-10-07T05:50:49.2052325Z   NEXT_PUBLIC_QUANTOS_OIDC_REDIRECT_URI: http://localhost:3190/auth/callback
frontend-baseline	Setup Rust for A2 semantic regressions	2026-10-07T05:50:49.2052743Z   NEXT_PUBLIC_QUANTOS_DEFAULT_MODE: paper
frontend-baseline	Setup Rust for A2 semantic regressions	2026-10-07T05:50:49.2053039Z   NEXT_PUBLIC_QUANTOS_MOCK_ENABLED: true
frontend-baseline	Setup Rust for A2 semantic regressions	2026-10-07T05:50:49.2053323Z   NEXT_PUBLIC_QUANTOS_OBS_ENABLED: false
frontend-baseline	Setup Rust for A2 semantic regressions	2026-10-07T05:50:49.2053640Z   NEXT_PUBLIC_QUANTOS_FEATURE_ASSISTED_LIVE_TESTNET: off
frontend-baseline	Setup Rust for A2 semantic regressions	2026-10-07T05:50:49.2053962Z   CARGO_HOME: /home/runner/.cargo
frontend-baseline	Setup Rust for A2 semantic regressions	2026-10-07T05:50:49.2054210Z   CARGO_INCREMENTAL: 0
frontend-baseline	Setup Rust for A2 semantic regressions	2026-10-07T05:50:49.2054429Z   CARGO_TERM_COLOR: always
frontend-baseline	Setup Rust for A2 semantic regressions	2026-10-07T05:50:49.2054656Z ##[endgroup]
frontend-baseline	Setup Rust for A2 semantic regressions	2026-10-07T05:50:49.2380524Z ##[end-action id=__dtolnay_rust-toolchain.__run_8;outcome=success;conclusion=success;duration_ms=41]
frontend-baseline	Setup Rust for A2 semantic regressions	2026-10-07T05:50:49.2383139Z ##[start-action display=Work around spurious network errors in curl 8.0;id=__dtolnay_rust-toolchain.__run_9]
frontend-baseline	Setup Rust for A2 semantic regressions	2026-10-07T05:50:49.2402965Z ##[group]Run # https://rust-lang.zulipchat.com/#narrow/stream/246057-t-cargo/topic/timeout.20investigation
frontend-baseline	Setup Rust for A2 semantic regressions	2026-10-07T05:50:49.2403729Z ^[[36;1m# https://rust-lang.zulipchat.com/#narrow/stream/246057-t-cargo/topic/timeout.20investigation^[[0m
frontend-baseline	Setup Rust for A2 semantic regressions	2026-10-07T05:50:49.2404342Z ^[[36;1mif rustc +1.91.0 --version --verbose | grep -q '^release: 1\.7[01]\.'; then^[[0m
frontend-baseline	Setup Rust for A2 semantic regressions	2026-10-07T05:50:49.2404799Z ^[[36;1m  echo CARGO_HTTP_MULTIPLEXING=false >> $GITHUB_ENV^[[0m
frontend-baseline	Setup Rust for A2 semantic regressions	2026-10-07T05:50:49.2405124Z ^[[36;1mfi^[[0m
frontend-baseline	Setup Rust for A2 semantic regressions	2026-10-07T05:50:49.2468465Z shell: /usr/bin/bash --noprofile --norc -e -o pipefail {0}
frontend-baseline	Setup Rust for A2 semantic regressions	2026-10-07T05:50:49.2468815Z env:
frontend-baseline	Setup Rust for A2 semantic regressions	2026-10-07T05:50:49.2469080Z   QUANTOS_BFF_BASE: 2835e41fcaa9f3924e9f03f95c62727b9e6c69b9
frontend-baseline	Setup Rust for A2 semantic regressions	2026-10-07T05:50:49.2469455Z   NEXT_PUBLIC_QUANTOS_ENV: local-mock
frontend-baseline	Setup Rust for A2 semantic regressions	2026-10-07T05:50:49.2469946Z   NEXT_PUBLIC_SITE_ORIGIN: https://sumalpha.ai
frontend-baseline	Setup Rust for A2 semantic regressions	2026-10-07T05:50:49.2470333Z   NEXT_PUBLIC_QUANTOS_TERMINAL_ORIGIN: http://localhost:3190
frontend-baseline	Setup Rust for A2 semantic regressions	2026-10-07T05:50:49.2470721Z   NEXT_PUBLIC_QUANTOS_BFF_ORIGIN: http://localhost:4010
frontend-baseline	Setup Rust for A2 semantic regressions	2026-10-07T05:50:49.2471097Z   NEXT_PUBLIC_QUANTOS_OIDC_ISSUER: https://mock.idp.local
frontend-baseline	Setup Rust for A2 semantic regressions	2026-10-07T05:50:49.2471472Z   NEXT_PUBLIC_QUANTOS_OIDC_CLIENT_ID: quantos-terminal-ci
frontend-baseline	Setup Rust for A2 semantic regressions	2026-10-07T05:50:49.2471922Z   NEXT_PUBLIC_QUANTOS_OIDC_REDIRECT_URI: http://localhost:3190/auth/callback
frontend-baseline	Setup Rust for A2 semantic regressions	2026-10-07T05:50:49.2472344Z   NEXT_PUBLIC_QUANTOS_DEFAULT_MODE: paper
frontend-baseline	Setup Rust for A2 semantic regressions	2026-10-07T05:50:49.2472640Z   NEXT_PUBLIC_QUANTOS_MOCK_ENABLED: true
frontend-baseline	Setup Rust for A2 semantic regressions	2026-10-07T05:50:49.2472934Z   NEXT_PUBLIC_QUANTOS_OBS_ENABLED: false
frontend-baseline	Setup Rust for A2 semantic regressions	2026-10-07T05:50:49.2473261Z   NEXT_PUBLIC_QUANTOS_FEATURE_ASSISTED_LIVE_TESTNET: off
frontend-baseline	Setup Rust for A2 semantic regressions	2026-10-07T05:50:49.2473596Z   CARGO_HOME: /home/runner/.cargo
frontend-baseline	Setup Rust for A2 semantic regressions	2026-10-07T05:50:49.2473851Z   CARGO_INCREMENTAL: 0
frontend-baseline	Setup Rust for A2 semantic regressions	2026-10-07T05:50:49.2474223Z   CARGO_TERM_COLOR: always
frontend-baseline	Setup Rust for A2 semantic regressions	2026-10-07T05:50:49.2474467Z ##[endgroup]
frontend-baseline	Setup Rust for A2 semantic regressions	2026-10-07T05:50:49.2690050Z ##[end-action id=__dtolnay_rust-toolchain.__run_9;outcome=success;conclusion=success;duration_ms=30]
frontend-baseline	Setup Rust for A2 semantic regressions	2026-10-07T05:50:49.2693653Z ##[start-action display=rustc +1.91.0 --version --verbose;id=__dtolnay_rust-toolchain.__run_10]
frontend-baseline	Setup Rust for A2 semantic regressions	2026-10-07T05:50:49.2711463Z ##[group]Run rustc +1.91.0 --version --verbose
frontend-baseline	Setup Rust for A2 semantic regressions	2026-10-07T05:50:49.2711810Z ^[[36;1mrustc +1.91.0 --version --verbose^[[0m
frontend-baseline	Setup Rust for A2 semantic regressions	2026-10-07T05:50:49.2773604Z shell: /usr/bin/bash --noprofile --norc -e -o pipefail {0}
frontend-baseline	Setup Rust for A2 semantic regressions	2026-10-07T05:50:49.2773939Z env:
frontend-baseline	Setup Rust for A2 semantic regressions	2026-10-07T05:50:49.2774193Z   QUANTOS_BFF_BASE: 2835e41fcaa9f3924e9f03f95c62727b9e6c69b9
frontend-baseline	Setup Rust for A2 semantic regressions	2026-10-07T05:50:49.2774538Z   NEXT_PUBLIC_QUANTOS_ENV: local-mock
frontend-baseline	Setup Rust for A2 semantic regressions	2026-10-07T05:50:49.2774843Z   NEXT_PUBLIC_SITE_ORIGIN: https://sumalpha.ai
frontend-baseline	Setup Rust for A2 semantic regressions	2026-10-07T05:50:49.2775230Z   NEXT_PUBLIC_QUANTOS_TERMINAL_ORIGIN: http://localhost:3190
frontend-baseline	Setup Rust for A2 semantic regressions	2026-10-07T05:50:49.2775921Z   NEXT_PUBLIC_QUANTOS_BFF_ORIGIN: http://localhost:4010
frontend-baseline	Setup Rust for A2 semantic regressions	2026-10-07T05:50:49.2776334Z   NEXT_PUBLIC_QUANTOS_OIDC_ISSUER: https://mock.idp.local
frontend-baseline	Setup Rust for A2 semantic regressions	2026-10-07T05:50:49.2776745Z   NEXT_PUBLIC_QUANTOS_OIDC_CLIENT_ID: quantos-terminal-ci
frontend-baseline	Setup Rust for A2 semantic regressions	2026-10-07T05:50:49.2777191Z   NEXT_PUBLIC_QUANTOS_OIDC_REDIRECT_URI: http://localhost:3190/auth/callback
frontend-baseline	Setup Rust for A2 semantic regressions	2026-10-07T05:50:49.2777610Z   NEXT_PUBLIC_QUANTOS_DEFAULT_MODE: paper
frontend-baseline	Setup Rust for A2 semantic regressions	2026-10-07T05:50:49.2777903Z   NEXT_PUBLIC_QUANTOS_MOCK_ENABLED: true
frontend-baseline	Setup Rust for A2 semantic regressions	2026-10-07T05:50:49.2778192Z   NEXT_PUBLIC_QUANTOS_OBS_ENABLED: false
frontend-baseline	Setup Rust for A2 semantic regressions	2026-10-07T05:50:49.2778512Z   NEXT_PUBLIC_QUANTOS_FEATURE_ASSISTED_LIVE_TESTNET: off
frontend-baseline	Setup Rust for A2 semantic regressions	2026-10-07T05:50:49.2778839Z   CARGO_HOME: /home/runner/.cargo
frontend-baseline	Setup Rust for A2 semantic regressions	2026-10-07T05:50:49.2779091Z   CARGO_INCREMENTAL: 0
frontend-baseline	Setup Rust for A2 semantic regressions	2026-10-07T05:50:49.2779313Z   CARGO_TERM_COLOR: always
frontend-baseline	Setup Rust for A2 semantic regressions	2026-10-07T05:50:49.2779541Z ##[endgroup]
frontend-baseline	Setup Rust for A2 semantic regressions	2026-10-07T05:50:49.2969691Z rustc 1.91.0 (f8297e351 2025-10-28)
frontend-baseline	Setup Rust for A2 semantic regressions	2026-10-07T05:50:49.2970613Z binary: rustc
frontend-baseline	Setup Rust for A2 semantic regressions	2026-10-07T05:50:49.2971765Z commit-hash: f8297e351a40c1439a467bbbb6879088047f50b3
frontend-baseline	Setup Rust for A2 semantic regressions	2026-10-07T05:50:49.2972596Z commit-date: 2025-10-28
frontend-baseline	Setup Rust for A2 semantic regressions	2026-10-07T05:50:49.2973315Z host: x86_64-unknown-linux-gnu
frontend-baseline	Setup Rust for A2 semantic regressions	2026-10-07T05:50:49.2973999Z release: 1.91.0
frontend-baseline	Setup Rust for A2 semantic regressions	2026-10-07T05:50:49.2974613Z LLVM version: 21.1.2
frontend-baseline	Setup Rust for A2 semantic regressions	2026-10-07T05:50:49.2986663Z ##[end-action id=__dtolnay_rust-toolchain.__run_10;outcome=success;conclusion=success;duration_ms=29]
frontend-baseline	Enable Corepack	﻿2026-10-07T05:50:49.3112836Z ##[group]Run corepack enable pnpm
frontend-baseline	Enable Corepack	2026-10-07T05:50:49.3113166Z ^[[36;1mcorepack enable pnpm^[[0m
frontend-baseline	Enable Corepack	2026-10-07T05:50:49.3176551Z shell: /usr/bin/bash -e {0}
frontend-baseline	Enable Corepack	2026-10-07T05:50:49.3176802Z env:
frontend-baseline	Enable Corepack	2026-10-07T05:50:49.3177066Z   QUANTOS_BFF_BASE: 2835e41fcaa9f3924e9f03f95c62727b9e6c69b9
frontend-baseline	Enable Corepack	2026-10-07T05:50:49.3177412Z   NEXT_PUBLIC_QUANTOS_ENV: local-mock
frontend-baseline	Enable Corepack	2026-10-07T05:50:49.3177729Z   NEXT_PUBLIC_SITE_ORIGIN: https://sumalpha.ai
frontend-baseline	Enable Corepack	2026-10-07T05:50:49.3178096Z   NEXT_PUBLIC_QUANTOS_TERMINAL_ORIGIN: http://localhost:3190
frontend-baseline	Enable Corepack	2026-10-07T05:50:49.3178500Z   NEXT_PUBLIC_QUANTOS_BFF_ORIGIN: http://localhost:4010
frontend-baseline	Enable Corepack	2026-10-07T05:50:49.3178889Z   NEXT_PUBLIC_QUANTOS_OIDC_ISSUER: https://mock.idp.local
frontend-baseline	Enable Corepack	2026-10-07T05:50:49.3179258Z   NEXT_PUBLIC_QUANTOS_OIDC_CLIENT_ID: quantos-terminal-ci
frontend-baseline	Enable Corepack	2026-10-07T05:50:49.3179693Z   NEXT_PUBLIC_QUANTOS_OIDC_REDIRECT_URI: http://localhost:3190/auth/callback
frontend-baseline	Enable Corepack	2026-10-07T05:50:49.3180095Z   NEXT_PUBLIC_QUANTOS_DEFAULT_MODE: paper
frontend-baseline	Enable Corepack	2026-10-07T05:50:49.3180390Z   NEXT_PUBLIC_QUANTOS_MOCK_ENABLED: true
frontend-baseline	Enable Corepack	2026-10-07T05:50:49.3180723Z   NEXT_PUBLIC_QUANTOS_OBS_ENABLED: false
frontend-baseline	Enable Corepack	2026-10-07T05:50:49.3181037Z   NEXT_PUBLIC_QUANTOS_FEATURE_ASSISTED_LIVE_TESTNET: off
frontend-baseline	Enable Corepack	2026-10-07T05:50:49.3181355Z   CARGO_HOME: /home/runner/.cargo
frontend-baseline	Enable Corepack	2026-10-07T05:50:49.3181599Z   CARGO_INCREMENTAL: 0
frontend-baseline	Enable Corepack	2026-10-07T05:50:49.3181815Z   CARGO_TERM_COLOR: always
frontend-baseline	Enable Corepack	2026-10-07T05:50:49.3182035Z ##[endgroup]
frontend-baseline	Bootstrap workspace	﻿2026-10-07T05:50:49.3952270Z ##[group]Run pnpm install --frozen-lockfile
frontend-baseline	Bootstrap workspace	2026-10-07T05:50:49.3952653Z ^[[36;1mpnpm install --frozen-lockfile^[[0m
frontend-baseline	Bootstrap workspace	2026-10-07T05:50:49.4017002Z shell: /usr/bin/bash -e {0}
frontend-baseline	Bootstrap workspace	2026-10-07T05:50:49.4017266Z env:
frontend-baseline	Bootstrap workspace	2026-10-07T05:50:49.4017531Z   QUANTOS_BFF_BASE: 2835e41fcaa9f3924e9f03f95c62727b9e6c69b9
frontend-baseline	Bootstrap workspace	2026-10-07T05:50:49.4018054Z   NEXT_PUBLIC_QUANTOS_ENV: local-mock
frontend-baseline	Bootstrap workspace	2026-10-07T05:50:49.4018362Z   NEXT_PUBLIC_SITE_ORIGIN: https://sumalpha.ai
frontend-baseline	Bootstrap workspace	2026-10-07T05:50:49.4018734Z   NEXT_PUBLIC_QUANTOS_TERMINAL_ORIGIN: http://localhost:3190
frontend-baseline	Bootstrap workspace	2026-10-07T05:50:49.4019144Z   NEXT_PUBLIC_QUANTOS_BFF_ORIGIN: http://localhost:4010
frontend-baseline	Bootstrap workspace	2026-10-07T05:50:49.4019516Z   NEXT_PUBLIC_QUANTOS_OIDC_ISSUER: https://mock.idp.local
frontend-baseline	Bootstrap workspace	2026-10-07T05:50:49.4019882Z   NEXT_PUBLIC_QUANTOS_OIDC_CLIENT_ID: quantos-terminal-ci
frontend-baseline	Bootstrap workspace	2026-10-07T05:50:49.4020314Z   NEXT_PUBLIC_QUANTOS_OIDC_REDIRECT_URI: http://localhost:3190/auth/callback
frontend-baseline	Bootstrap workspace	2026-10-07T05:50:49.4020733Z   NEXT_PUBLIC_QUANTOS_DEFAULT_MODE: paper
frontend-baseline	Bootstrap workspace	2026-10-07T05:50:49.4021016Z   NEXT_PUBLIC_QUANTOS_MOCK_ENABLED: true
frontend-baseline	Bootstrap workspace	2026-10-07T05:50:49.4021353Z   NEXT_PUBLIC_QUANTOS_OBS_ENABLED: false
frontend-baseline	Bootstrap workspace	2026-10-07T05:50:49.4021681Z   NEXT_PUBLIC_QUANTOS_FEATURE_ASSISTED_LIVE_TESTNET: off
frontend-baseline	Bootstrap workspace	2026-10-07T05:50:49.4022006Z   CARGO_HOME: /home/runner/.cargo
frontend-baseline	Bootstrap workspace	2026-10-07T05:50:49.4022256Z   CARGO_INCREMENTAL: 0
frontend-baseline	Bootstrap workspace	2026-10-07T05:50:49.4022476Z   CARGO_TERM_COLOR: always
frontend-baseline	Bootstrap workspace	2026-10-07T05:50:49.4022710Z ##[endgroup]
frontend-baseline	Bootstrap workspace	2026-10-07T05:50:49.4591113Z ! Corepack is about to download https://registry.npmjs.org/pnpm/-/pnpm-10.20.0.tgz
frontend-baseline	Bootstrap workspace	2026-10-07T05:50:50.7659540Z Scope: all 8 workspace projects
frontend-baseline	Bootstrap workspace	2026-10-07T05:50:50.8231127Z Lockfile is up to date, resolution step is skipped
frontend-baseline	Bootstrap workspace	2026-10-07T05:50:50.8744299Z Progress: resolved 1, reused 0, downloaded 0, added 0
frontend-baseline	Bootstrap workspace	2026-10-07T05:50:50.9593071Z Packages: +626
frontend-baseline	Bootstrap workspace	2026-10-07T05:50:50.9594069Z ++++++++++++++++++++++++++++++++++++++++++++++++++++++++++++++++++++++++++++++++
frontend-baseline	Bootstrap workspace	2026-10-07T05:50:51.8777723Z Progress: resolved 626, reused 0, downloaded 136, added 70
frontend-baseline	Bootstrap workspace	2026-10-07T05:50:52.8763191Z Progress: resolved 626, reused 0, downloaded 349, added 238
frontend-baseline	Bootstrap workspace	2026-10-07T05:50:53.8764906Z Progress: resolved 626, reused 0, downloaded 380, added 251
frontend-baseline	Bootstrap workspace	2026-10-07T05:50:54.8771819Z Progress: resolved 626, reused 0, downloaded 384, added 254
frontend-baseline	Bootstrap workspace	2026-10-07T05:50:55.8777128Z Progress: resolved 626, reused 0, downloaded 473, added 290
frontend-baseline	Bootstrap workspace	2026-10-07T05:50:56.8788085Z Progress: resolved 626, reused 0, downloaded 625, added 384
frontend-baseline	Bootstrap workspace	2026-10-07T05:50:57.1430266Z Progress: resolved 626, reused 0, downloaded 626, added 626, done
frontend-baseline	Bootstrap workspace	2026-10-07T05:50:57.5293359Z 
frontend-baseline	Bootstrap workspace	2026-10-07T05:50:57.5294536Z dependencies:
frontend-baseline	Bootstrap workspace	2026-10-07T05:50:57.5295065Z + pg 8.16.3
frontend-baseline	Bootstrap workspace	2026-10-07T05:50:57.5295286Z 
frontend-baseline	Bootstrap workspace	2026-10-07T05:50:57.5295771Z devDependencies:
frontend-baseline	Bootstrap workspace	2026-10-07T05:50:57.5296288Z + @axe-core/playwright 4.13.0
frontend-baseline	Bootstrap workspace	2026-10-07T05:50:57.5296850Z + @bufbuild/buf 1.72.0
frontend-baseline	Bootstrap workspace	2026-10-07T05:50:57.5297326Z + @bufbuild/protobuf 2.13.0
frontend-baseline	Bootstrap workspace	2026-10-07T05:50:57.5297804Z + @eslint/js 9.33.0
frontend-baseline	Bootstrap workspace	2026-10-07T05:50:57.5298321Z + @next/eslint-plugin-next 15.5.24
frontend-baseline	Bootstrap workspace	2026-10-07T05:50:57.5298876Z + @playwright/test 1.62.1
frontend-baseline	Bootstrap workspace	2026-10-07T05:50:57.5299393Z + @types/node 24.3.0
frontend-baseline	Bootstrap workspace	2026-10-07T05:50:57.5299841Z + @types/pngjs 6.0.5
frontend-baseline	Bootstrap workspace	2026-10-07T05:50:57.5300301Z + @vitest/coverage-v8 4.1.11
frontend-baseline	Bootstrap workspace	2026-10-07T05:50:57.5300771Z + ajv 8.20.0
frontend-baseline	Bootstrap workspace	2026-10-07T05:50:57.5301205Z + ajv-formats 3.0.1
frontend-baseline	Bootstrap workspace	2026-10-07T05:50:57.5301617Z + eslint 9.33.0
frontend-baseline	Bootstrap workspace	2026-10-07T05:50:57.5302004Z + globals 16.3.0
frontend-baseline	Bootstrap workspace	2026-10-07T05:50:57.5302565Z + license-checker-rseidelsohn 4.4.2
frontend-baseline	Bootstrap workspace	2026-10-07T05:50:57.5303094Z + msw 2.15.0
frontend-baseline	Bootstrap workspace	2026-10-07T05:50:57.5303548Z + openapi-typescript 7.13.0
frontend-baseline	Bootstrap workspace	2026-10-07T05:50:57.5304061Z + pixelmatch 7.2.0
frontend-baseline	Bootstrap workspace	2026-10-07T05:50:57.5304285Z + pngjs 7.0.0
frontend-baseline	Bootstrap workspace	2026-10-07T05:50:57.5304500Z + typescript 5.9.2
frontend-baseline	Bootstrap workspace	2026-10-07T05:50:57.5304744Z + typescript-eslint 8.39.1
frontend-baseline	Bootstrap workspace	2026-10-07T05:50:57.5304995Z + vitest 4.1.11
frontend-baseline	Bootstrap workspace	2026-10-07T05:50:57.5305199Z + yaml 2.9.0
frontend-baseline	Bootstrap workspace	2026-10-07T05:50:57.5305310Z 
frontend-baseline	Bootstrap workspace	2026-10-07T05:50:57.5306301Z ╭ Warning ─────────────────────────────────────────────────────────────────────╮
frontend-baseline	Bootstrap workspace	2026-10-07T05:50:57.5306874Z │                                                                              │
frontend-baseline	Bootstrap workspace	2026-10-07T05:50:57.5307813Z │   Ignored build scripts: @bufbuild/buf, @parcel/watcher, @swc/core,          │
frontend-baseline	Bootstrap workspace	2026-10-07T05:50:57.5308425Z │   esbuild, msw.                                                              │
frontend-baseline	Bootstrap workspace	2026-10-07T05:50:57.5309041Z │   Run "pnpm approve-builds" to pick which dependencies should be allowed     │
frontend-baseline	Bootstrap workspace	2026-10-07T05:50:57.5309835Z │   to run scripts.                                                            │
frontend-baseline	Bootstrap workspace	2026-10-07T05:50:57.5310343Z │                                                                              │
frontend-baseline	Bootstrap workspace	2026-10-07T05:50:57.5310882Z ╰──────────────────────────────────────────────────────────────────────────────╯
frontend-baseline	Bootstrap workspace	2026-10-07T05:50:57.5311129Z 
frontend-baseline	Bootstrap workspace	2026-10-07T05:50:57.5633516Z Done in 7.1s using pnpm v10.20.0
frontend-baseline	Fetch locked Rust dependencies for offline A2 tests	﻿2026-10-07T05:50:57.6298796Z ##[group]Run cargo fetch --locked
frontend-baseline	Fetch locked Rust dependencies for offline A2 tests	2026-10-07T05:50:57.6299136Z ^[[36;1mcargo fetch --locked^[[0m
frontend-baseline	Fetch locked Rust dependencies for offline A2 tests	2026-10-07T05:50:57.6362582Z shell: /usr/bin/bash -e {0}
frontend-baseline	Fetch locked Rust dependencies for offline A2 tests	2026-10-07T05:50:57.6362836Z env:
frontend-baseline	Fetch locked Rust dependencies for offline A2 tests	2026-10-07T05:50:57.6363108Z   QUANTOS_BFF_BASE: 2835e41fcaa9f3924e9f03f95c62727b9e6c69b9
frontend-baseline	Fetch locked Rust dependencies for offline A2 tests	2026-10-07T05:50:57.6363470Z   NEXT_PUBLIC_QUANTOS_ENV: local-mock
frontend-baseline	Fetch locked Rust dependencies for offline A2 tests	2026-10-07T05:50:57.6363792Z   NEXT_PUBLIC_SITE_ORIGIN: https://sumalpha.ai
frontend-baseline	Fetch locked Rust dependencies for offline A2 tests	2026-10-07T05:50:57.6364188Z   NEXT_PUBLIC_QUANTOS_TERMINAL_ORIGIN: http://localhost:3190
frontend-baseline	Fetch locked Rust dependencies for offline A2 tests	2026-10-07T05:50:57.6364600Z   NEXT_PUBLIC_QUANTOS_BFF_ORIGIN: http://localhost:4010
frontend-baseline	Fetch locked Rust dependencies for offline A2 tests	2026-10-07T05:50:57.6365003Z   NEXT_PUBLIC_QUANTOS_OIDC_ISSUER: https://mock.idp.local
frontend-baseline	Fetch locked Rust dependencies for offline A2 tests	2026-10-07T05:50:57.6365384Z   NEXT_PUBLIC_QUANTOS_OIDC_CLIENT_ID: quantos-terminal-ci
frontend-baseline	Fetch locked Rust dependencies for offline A2 tests	2026-10-07T05:50:57.6366059Z   NEXT_PUBLIC_QUANTOS_OIDC_REDIRECT_URI: http://localhost:3190/auth/callback
frontend-baseline	Fetch locked Rust dependencies for offline A2 tests	2026-10-07T05:50:57.6366491Z   NEXT_PUBLIC_QUANTOS_DEFAULT_MODE: paper
frontend-baseline	Fetch locked Rust dependencies for offline A2 tests	2026-10-07T05:50:57.6366782Z   NEXT_PUBLIC_QUANTOS_MOCK_ENABLED: true
frontend-baseline	Fetch locked Rust dependencies for offline A2 tests	2026-10-07T05:50:57.6367113Z   NEXT_PUBLIC_QUANTOS_OBS_ENABLED: false
frontend-baseline	Fetch locked Rust dependencies for offline A2 tests	2026-10-07T05:50:57.6367436Z   NEXT_PUBLIC_QUANTOS_FEATURE_ASSISTED_LIVE_TESTNET: off
frontend-baseline	Fetch locked Rust dependencies for offline A2 tests	2026-10-07T05:50:57.6367761Z   CARGO_HOME: /home/runner/.cargo
frontend-baseline	Fetch locked Rust dependencies for offline A2 tests	2026-10-07T05:50:57.6368009Z   CARGO_INCREMENTAL: 0
frontend-baseline	Fetch locked Rust dependencies for offline A2 tests	2026-10-07T05:50:57.6368231Z   CARGO_TERM_COLOR: always
frontend-baseline	Fetch locked Rust dependencies for offline A2 tests	2026-10-07T05:50:57.6368455Z ##[endgroup]
frontend-baseline	Fetch locked Rust dependencies for offline A2 tests	2026-10-07T05:50:57.7053049Z info: syncing channel updates for 1.91.0-x86_64-unknown-linux-gnu
frontend-baseline	Fetch locked Rust dependencies for offline A2 tests	2026-10-07T05:50:57.8153803Z info: latest update on 2025-10-30 for version 1.91.0 (f8297e351 2025-10-28)
frontend-baseline	Fetch locked Rust dependencies for offline A2 tests	2026-10-07T05:50:57.8299557Z info: component cargo is up to date
frontend-baseline	Fetch locked Rust dependencies for offline A2 tests	2026-10-07T05:50:57.8304319Z info: downloading 2 components
frontend-baseline	Fetch locked Rust dependencies for offline A2 tests	2026-10-07T05:50:58.5831209Z ^[[1m^[[92m    Updating^[[0m crates.io index
frontend-baseline	Fetch locked Rust dependencies for offline A2 tests	2026-10-07T05:50:59.2170277Z ^[[1m^[[92m Downloading^[[0m crates ...
frontend-baseline	Fetch locked Rust dependencies for offline A2 tests	2026-10-07T05:50:59.3000095Z ^[[1m^[[92m  Downloaded^[[0m wasm-bindgen-macro v0.2.126
frontend-baseline	Fetch locked Rust dependencies for offline A2 tests	2026-10-07T05:50:59.3125114Z ^[[1m^[[92m  Downloaded^[[0m rustls-pki-types v1.15.1
frontend-baseline	Fetch locked Rust dependencies for offline A2 tests	2026-10-07T05:50:59.3164322Z ^[[1m^[[92m  Downloaded^[[0m wasm-bindgen-shared v0.2.126
frontend-baseline	Fetch locked Rust dependencies for offline A2 tests	2026-10-07T05:50:59.3187499Z ^[[1m^[[92m  Downloaded^[[0m cfg-if v1.0.4
frontend-baseline	Fetch locked Rust dependencies for offline A2 tests	2026-10-07T05:50:59.3213554Z ^[[1m^[[92m  Downloaded^[[0m windows-targets v0.52.6
frontend-baseline	Fetch locked Rust dependencies for offline A2 tests	2026-10-07T05:50:59.3257229Z ^[[1m^[[92m  Downloaded^[[0m quote v1.0.47
frontend-baseline	Fetch locked Rust dependencies for offline A2 tests	2026-10-07T05:50:59.3301881Z ^[[1m^[[92m  Downloaded^[[0m jni-sys v0.4.1
frontend-baseline	Fetch locked Rust dependencies for offline A2 tests	2026-10-07T05:50:59.3344591Z ^[[1m^[[92m  Downloaded^[[0m tower-service v0.3.3
frontend-baseline	Fetch locked Rust dependencies for offline A2 tests	2026-10-07T05:50:59.3404968Z ^[[1m^[[92m  Downloaded^[[0m untrusted v0.9.0
frontend-baseline	Fetch locked Rust dependencies for offline A2 tests	2026-10-07T05:50:59.3452602Z ^[[1m^[[92m  Downloaded^[[0m unicode-ident v1.0.24
frontend-baseline	Fetch locked Rust dependencies for offline A2 tests	2026-10-07T05:50:59.3498121Z ^[[1m^[[92m  Downloaded^[[0m zerofrom v0.1.8
frontend-baseline	Fetch locked Rust dependencies for offline A2 tests	2026-10-07T05:50:59.3522121Z ^[[1m^[[92m  Downloaded^[[0m fnv v1.0.7
frontend-baseline	Fetch locked Rust dependencies for offline A2 tests	2026-10-07T05:50:59.3544935Z ^[[1m^[[92m  Downloaded^[[0m fs_extra v1.3.0
frontend-baseline	Fetch locked Rust dependencies for offline A2 tests	2026-10-07T05:50:59.3571573Z ^[[1m^[[92m  Downloaded^[[0m shlex v2.0.1
frontend-baseline	Fetch locked Rust dependencies for offline A2 tests	2026-10-07T05:50:59.3599981Z ^[[1m^[[92m  Downloaded^[[0m crypto-common v0.1.7
frontend-baseline	Fetch locked Rust dependencies for offline A2 tests	2026-10-07T05:50:59.3625666Z ^[[1m^[[92m  Downloaded^[[0m yoke-derive v0.8.2
frontend-baseline	Fetch locked Rust dependencies for offline A2 tests	2026-10-07T05:50:59.3653990Z ^[[1m^[[92m  Downloaded^[[0m windows-link v0.2.1
frontend-baseline	Fetch locked Rust dependencies for offline A2 tests	2026-10-07T05:50:59.3672479Z ^[[1m^[[92m  Downloaded^[[0m idna_adapter v1.2.2
frontend-baseline	Fetch locked Rust dependencies for offline A2 tests	2026-10-07T05:50:59.3696448Z ^[[1m^[[92m  Downloaded^[[0m tokio-macros v2.7.1
frontend-baseline	Fetch locked Rust dependencies for offline A2 tests	2026-10-07T05:50:59.3723002Z ^[[1m^[[92m  Downloaded^[[0m web-time v1.1.0
frontend-baseline	Fetch locked Rust dependencies for offline A2 tests	2026-10-07T05:50:59.3759795Z ^[[1m^[[92m  Downloaded^[[0m cpufeatures v0.3.0
frontend-baseline	Fetch locked Rust dependencies for offline A2 tests	2026-10-07T05:50:59.3791513Z ^[[1m^[[92m  Downloaded^[[0m rand_chacha v0.3.1
frontend-baseline	Fetch locked Rust dependencies for offline A2 tests	2026-10-07T05:50:59.3825528Z ^[[1m^[[92m  Downloaded^[[0m try-lock v0.2.5
frontend-baseline	Fetch locked Rust dependencies for offline A2 tests	2026-10-07T05:50:59.3863592Z ^[[1m^[[92m  Downloaded^[[0m ptr_meta v0.1.4
frontend-baseline	Fetch locked Rust dependencies for offline A2 tests	2026-10-07T05:50:59.3888228Z ^[[1m^[[92m  Downloaded^[[0m zeroize v1.9.0
frontend-baseline	Fetch locked Rust dependencies for offline A2 tests	2026-10-07T05:50:59.3924981Z ^[[1m^[[92m  Downloaded^[[0m ppv-lite86 v0.2.21
frontend-baseline	Fetch locked Rust dependencies for offline A2 tests	2026-10-07T05:50:59.3966948Z ^[[1m^[[92m  Downloaded^[[0m rand_core v0.6.4
frontend-baseline	Fetch locked Rust dependencies for offline A2 tests	2026-10-07T05:50:59.3996028Z ^[[1m^[[92m  Downloaded^[[0m proc-macro-crate v3.5.0
frontend-baseline	Fetch locked Rust dependencies for offline A2 tests	2026-10-07T05:50:59.4045005Z ^[[1m^[[92m  Downloaded^[[0m hex v0.4.3
frontend-baseline	Fetch locked Rust dependencies for offline A2 tests	2026-10-07T05:50:59.4091831Z ^[[1m^[[92m  Downloaded^[[0m android_system_properties v0.1.5
frontend-baseline	Fetch locked Rust dependencies for offline A2 tests	2026-10-07T05:50:59.4117887Z ^[[1m^[[92m  Downloaded^[[0m ipnet v2.12.0
frontend-baseline	Fetch locked Rust dependencies for offline A2 tests	2026-10-07T05:50:59.4168503Z ^[[1m^[[92m  Downloaded^[[0m iana-time-zone-haiku v0.1.2
frontend-baseline	Fetch locked Rust dependencies for offline A2 tests	2026-10-07T05:50:59.4196585Z ^[[1m^[[92m  Downloaded^[[0m wasi v0.14.7+wasi-0.2.4
frontend-baseline	Fetch locked Rust dependencies for offline A2 tests	2026-10-07T05:50:59.4270776Z ^[[1m^[[92m  Downloaded^[[0m whoami v2.1.2
frontend-baseline	Fetch locked Rust dependencies for offline A2 tests	2026-10-07T05:50:59.4312712Z ^[[1m^[[92m  Downloaded^[[0m scopeguard v1.2.0
frontend-baseline	Fetch locked Rust dependencies for offline A2 tests	2026-10-07T05:50:59.4374726Z ^[[1m^[[92m  Downloaded^[[0m parking_lot_core v0.9.12
frontend-baseline	Fetch locked Rust dependencies for offline A2 tests	2026-10-07T05:50:59.4428296Z ^[[1m^[[92m  Downloaded^[[0m openssl-macros v0.1.1
frontend-baseline	Fetch locked Rust dependencies for offline A2 tests	2026-10-07T05:50:59.4471552Z ^[[1m^[[92m  Downloaded^[[0m foreign-types v0.3.2
frontend-baseline	Fetch locked Rust dependencies for offline A2 tests	2026-10-07T05:50:59.4497426Z ^[[1m^[[92m  Downloaded^[[0m matchit v0.7.3
frontend-baseline	Fetch locked Rust dependencies for offline A2 tests	2026-10-07T05:50:59.4550925Z ^[[1m^[[92m  Downloaded^[[0m colorchoice v1.0.5
frontend-baseline	Fetch locked Rust dependencies for offline A2 tests	2026-10-07T05:50:59.4585045Z ^[[1m^[[92m  Downloaded^[[0m pbjson-build v0.7.0
frontend-baseline	Fetch locked Rust dependencies for offline A2 tests	2026-10-07T05:50:59.4622254Z ^[[1m^[[92m  Downloaded^[[0m multimap v0.10.1
frontend-baseline	Fetch locked Rust dependencies for offline A2 tests	2026-10-07T05:50:59.4661890Z ^[[1m^[[92m  Downloaded^[[0m anstyle-parse v1.0.0
frontend-baseline	Fetch locked Rust dependencies for offline A2 tests	2026-10-07T05:50:59.4699190Z ^[[1m^[[92m  Downloaded^[[0m anstyle-query v1.1.5
frontend-baseline	Fetch locked Rust dependencies for offline A2 tests	2026-10-07T05:50:59.4725191Z ^[[1m^[[92m  Downloaded^[[0m anstream v1.0.0
frontend-baseline	Fetch locked Rust dependencies for offline A2 tests	2026-10-07T05:50:59.4766548Z ^[[1m^[[92m  Downloaded^[[0m clap_derive v4.6.4
frontend-baseline	Fetch locked Rust dependencies for offline A2 tests	2026-10-07T05:50:59.4814095Z ^[[1m^[[92m  Downloaded^[[0m clap v4.6.4
frontend-baseline	Fetch locked Rust dependencies for offline A2 tests	2026-10-07T05:50:59.4934597Z ^[[1m^[[92m  Downloaded^[[0m vcpkg v0.2.15
frontend-baseline	Fetch locked Rust dependencies for offline A2 tests	2026-10-07T05:50:59.5512457Z ^[[1m^[[92m  Downloaded^[[0m tower v0.4.13
frontend-baseline	Fetch locked Rust dependencies for offline A2 tests	2026-10-07T05:50:59.5631367Z ^[[1m^[[92m  Downloaded^[[0m h2 v0.4.16
frontend-baseline	Fetch locked Rust dependencies for offline A2 tests	2026-10-07T05:50:59.5709552Z ^[[1m^[[92m  Downloaded^[[0m openssl v0.10.81
frontend-baseline	Fetch locked Rust dependencies for offline A2 tests	2026-10-07T05:50:59.5822768Z ^[[1m^[[92m  Downloaded^[[0m itertools v0.14.0
frontend-baseline	Fetch locked Rust dependencies for offline A2 tests	2026-10-07T05:50:59.5909579Z ^[[1m^[[92m  Downloaded^[[0m syn v1.0.109
frontend-baseline	Fetch locked Rust dependencies for offline A2 tests	2026-10-07T05:50:59.6018594Z ^[[1m^[[92m  Downloaded^[[0m prettyplease v0.2.37
frontend-baseline	Fetch locked Rust dependencies for offline A2 tests	2026-10-07T05:50:59.6058754Z ^[[1m^[[92m  Downloaded^[[0m zerocopy v0.8.55
frontend-baseline	Fetch locked Rust dependencies for offline A2 tests	2026-10-07T05:50:59.6286766Z ^[[1m^[[92m  Downloaded^[[0m simd_cesu8 v1.2.0
frontend-baseline	Fetch locked Rust dependencies for offline A2 tests	2026-10-07T05:50:59.6335306Z ^[[1m^[[92m  Downloaded^[[0m axum v0.7.9
frontend-baseline	Fetch locked Rust dependencies for offline A2 tests	2026-10-07T05:50:59.6420448Z ^[[1m^[[92m  Downloaded^[[0m regex-syntax v0.8.11
frontend-baseline	Fetch locked Rust dependencies for offline A2 tests	2026-10-07T05:50:59.6496018Z ^[[1m^[[92m  Downloaded^[[0m quinn-proto v0.11.16
frontend-baseline	Fetch locked Rust dependencies for offline A2 tests	2026-10-07T05:50:59.6571659Z ^[[1m^[[92m  Downloaded^[[0m aws-lc-rs v1.18.0
frontend-baseline	Fetch locked Rust dependencies for offline A2 tests	2026-10-07T05:50:59.6695384Z ^[[1m^[[92m  Downloaded^[[0m windows_x86_64_gnullvm v0.52.6
frontend-baseline	Fetch locked Rust dependencies for offline A2 tests	2026-10-07T05:50:59.6774787Z ^[[1m^[[92m  Downloaded^[[0m bitvec v1.1.1
frontend-baseline	Fetch locked Rust dependencies for offline A2 tests	2026-10-07T05:50:59.6958558Z ^[[1m^[[92m  Downloaded^[[0m jni v0.22.4
frontend-baseline	Fetch locked Rust dependencies for offline A2 tests	2026-10-07T05:50:59.7038633Z ^[[1m^[[92m  Downloaded^[[0m windows_aarch64_gnullvm v0.52.6
frontend-baseline	Fetch locked Rust dependencies for offline A2 tests	2026-10-07T05:50:59.7128846Z ^[[1m^[[92m  Downloaded^[[0m windows_i686_gnullvm v0.52.6
frontend-baseline	Fetch locked Rust dependencies for offline A2 tests	2026-10-07T05:50:59.7220166Z ^[[1m^[[92m  Downloaded^[[0m hyper v1.11.0
frontend-baseline	Fetch locked Rust dependencies for offline A2 tests	2026-10-07T05:50:59.7296172Z ^[[1m^[[92m  Downloaded^[[0m tonic v0.12.3
frontend-baseline	Fetch locked Rust dependencies for offline A2 tests	2026-10-07T05:50:59.7368295Z ^[[1m^[[92m  Downloaded^[[0m aho-corasick v1.1.4
frontend-baseline	Fetch locked Rust dependencies for offline A2 tests	2026-10-07T05:50:59.7425524Z ^[[1m^[[92m  Downloaded^[[0m clap_builder v4.6.2
frontend-baseline	Fetch locked Rust dependencies for offline A2 tests	2026-10-07T05:50:59.7495785Z ^[[1m^[[92m  Downloaded^[[0m unicode-normalization v0.1.25
frontend-baseline	Fetch locked Rust dependencies for offline A2 tests	2026-10-07T05:50:59.7533663Z ^[[1m^[[92m  Downloaded^[[0m rust_decimal v1.42.1
frontend-baseline	Fetch locked Rust dependencies for offline A2 tests	2026-10-07T05:50:59.7605429Z ^[[1m^[[92m  Downloaded^[[0m regex-automata v0.4.16
frontend-baseline	Fetch locked Rust dependencies for offline A2 tests	2026-10-07T05:50:59.7756068Z ^[[1m^[[92m  Downloaded^[[0m windows-sys v0.61.2
frontend-baseline	Fetch locked Rust dependencies for offline A2 tests	2026-10-07T05:50:59.8410667Z ^[[1m^[[92m  Downloaded^[[0m tokio-util v0.7.19
frontend-baseline	Fetch locked Rust dependencies for offline A2 tests	2026-10-07T05:50:59.8496266Z ^[[1m^[[92m  Downloaded^[[0m webpki-root-certs v1.0.9
frontend-baseline	Fetch locked Rust dependencies for offline A2 tests	2026-10-07T05:50:59.8524635Z ^[[1m^[[92m  Downloaded^[[0m rustix v1.1.4
frontend-baseline	Fetch locked Rust dependencies for offline A2 tests	2026-10-07T05:50:59.8811952Z ^[[1m^[[92m  Downloaded^[[0m rkyv v0.7.46
frontend-baseline	Fetch locked Rust dependencies for offline A2 tests	2026-10-07T05:50:59.8903718Z ^[[1m^[[92m  Downloaded^[[0m regex v1.13.1
frontend-baseline	Fetch locked Rust dependencies for offline A2 tests	2026-10-07T05:50:59.8962666Z ^[[1m^[[92m  Downloaded^[[0m hashbrown v0.17.1
frontend-baseline	Fetch locked Rust dependencies for offline A2 tests	2026-10-07T05:50:59.9019628Z ^[[1m^[[92m  Downloaded^[[0m pbjson-types v0.7.0
frontend-baseline	Fetch locked Rust dependencies for offline A2 tests	2026-10-07T05:50:59.9038290Z ^[[1m^[[92m  Downloaded^[[0m openssl-sys v0.9.117
frontend-baseline	Fetch locked Rust dependencies for offline A2 tests	2026-10-07T05:50:59.9098033Z ^[[1m^[[92m  Downloaded^[[0m windows_x86_64_gnu v0.52.6
frontend-baseline	Fetch locked Rust dependencies for offline A2 tests	2026-10-07T05:50:59.9283396Z ^[[1m^[[92m  Downloaded^[[0m windows_i686_gnu v0.52.6
frontend-baseline	Fetch locked Rust dependencies for offline A2 tests	2026-10-07T05:50:59.9479531Z ^[[1m^[[92m  Downloaded^[[0m windows_aarch64_msvc v0.52.6
frontend-baseline	Fetch locked Rust dependencies for offline A2 tests	2026-10-07T05:50:59.9597146Z ^[[1m^[[92m  Downloaded^[[0m windows_i686_msvc v0.52.6
frontend-baseline	Fetch locked Rust dependencies for offline A2 tests	2026-10-07T05:50:59.9720926Z ^[[1m^[[92m  Downloaded^[[0m windows_x86_64_msvc v0.52.6
frontend-baseline	Fetch locked Rust dependencies for offline A2 tests	2026-10-07T05:50:59.9834502Z ^[[1m^[[92m  Downloaded^[[0m hyper-util v0.1.20
frontend-baseline	Fetch locked Rust dependencies for offline A2 tests	2026-10-07T05:50:59.9900275Z ^[[1m^[[92m  Downloaded^[[0m anstyle v1.0.14
frontend-baseline	Fetch locked Rust dependencies for offline A2 tests	2026-10-07T05:50:59.9917090Z ^[[1m^[[92m  Downloaded^[[0m hmac v0.12.1
frontend-baseline	Fetch locked Rust dependencies for offline A2 tests	2026-10-07T05:50:59.9937909Z ^[[1m^[[92m  Downloaded^[[0m fixedbitset v0.5.7
frontend-baseline	Fetch locked Rust dependencies for offline A2 tests	2026-10-07T05:50:59.9960280Z ^[[1m^[[92m  Downloaded^[[0m socket2 v0.5.10
frontend-baseline	Fetch locked Rust dependencies for offline A2 tests	2026-10-07T05:50:59.9980034Z ^[[1m^[[92m  Downloaded^[[0m base64 v0.21.7
frontend-baseline	Fetch locked Rust dependencies for offline A2 tests	2026-10-07T05:51:00.0023324Z ^[[1m^[[92m  Downloaded^[[0m indexmap v2.14.0
frontend-baseline	Fetch locked Rust dependencies for offline A2 tests	2026-10-07T05:51:00.0069593Z ^[[1m^[[92m  Downloaded^[[0m rand v0.10.2
frontend-baseline	Fetch locked Rust dependencies for offline A2 tests	2026-10-07T05:51:00.0111174Z ^[[1m^[[92m  Downloaded^[[0m cc v1.4.0
frontend-baseline	Fetch locked Rust dependencies for offline A2 tests	2026-10-07T05:51:00.0144197Z ^[[1m^[[92m  Downloaded^[[0m once_cell_polyfill v1.70.2
frontend-baseline	Fetch locked Rust dependencies for offline A2 tests	2026-10-07T05:51:00.0155565Z ^[[1m^[[92m  Downloaded^[[0m anstyle-wincon v3.0.11
frontend-baseline	Fetch locked Rust dependencies for offline A2 tests	2026-10-07T05:51:00.0170368Z ^[[1m^[[92m  Downloaded^[[0m is_terminal_polyfill v1.70.2
frontend-baseline	Fetch locked Rust dependencies for offline A2 tests	2026-10-07T05:51:00.0181035Z ^[[1m^[[92m  Downloaded^[[0m utf8parse v0.2.2
frontend-baseline	Fetch locked Rust dependencies for offline A2 tests	2026-10-07T05:51:00.0192173Z ^[[1m^[[92m  Downloaded^[[0m clap_lex v1.1.0
frontend-baseline	Fetch locked Rust dependencies for offline A2 tests	2026-10-07T05:51:00.0204148Z ^[[1m^[[92m  Downloaded^[[0m strsim v0.11.1
frontend-baseline	Fetch locked Rust dependencies for offline A2 tests	2026-10-07T05:51:00.0220446Z ^[[1m^[[92m  Downloaded^[[0m postgres-openssl v0.5.3
frontend-baseline	Fetch locked Rust dependencies for offline A2 tests	2026-10-07T05:51:00.0232828Z ^[[1m^[[92m  Downloaded^[[0m heck v0.5.0
frontend-baseline	Fetch locked Rust dependencies for offline A2 tests	2026-10-07T05:51:00.0246919Z ^[[1m^[[92m  Downloaded^[[0m async-stream v0.3.6
frontend-baseline	Fetch locked Rust dependencies for offline A2 tests	2026-10-07T05:51:00.0270250Z ^[[1m^[[92m  Downloaded^[[0m tokio-stream v0.1.19
frontend-baseline	Fetch locked Rust dependencies for offline A2 tests	2026-10-07T05:51:00.0328382Z ^[[1m^[[92m  Downloaded^[[0m borsh v1.8.0
frontend-baseline	Fetch locked Rust dependencies for offline A2 tests	2026-10-07T05:51:00.0405452Z ^[[1m^[[92m  Downloaded^[[0m hashbrown v0.12.3
frontend-baseline	Fetch locked Rust dependencies for offline A2 tests	2026-10-07T05:51:00.0445526Z ^[[1m^[[92m  Downloaded^[[0m linux-raw-sys v0.12.1
frontend-baseline	Fetch locked Rust dependencies for offline A2 tests	2026-10-07T05:51:00.1080671Z ^[[1m^[[92m  Downloaded^[[0m quinn v0.11.11
frontend-baseline	Fetch locked Rust dependencies for offline A2 tests	2026-10-07T05:51:00.1115270Z ^[[1m^[[92m  Downloaded^[[0m petgraph v0.7.1
frontend-baseline	Fetch locked Rust dependencies for offline A2 tests	2026-10-07T05:51:00.1301020Z ^[[1m^[[92m  Downloaded^[[0m security-framework v3.7.0
frontend-baseline	Fetch locked Rust dependencies for offline A2 tests	2026-10-07T05:51:00.1343702Z ^[[1m^[[92m  Downloaded^[[0m tokio-openssl v0.6.5
frontend-baseline	Fetch locked Rust dependencies for offline A2 tests	2026-10-07T05:51:00.1359633Z ^[[1m^[[92m  Downloaded^[[0m pbjson v0.7.0
frontend-baseline	Fetch locked Rust dependencies for offline A2 tests	2026-10-07T05:51:00.1367947Z ^[[1m^[[92m  Downloaded^[[0m itertools v0.13.0
frontend-baseline	Fetch locked Rust dependencies for offline A2 tests	2026-10-07T05:51:00.1438495Z ^[[1m^[[92m  Downloaded^[[0m ring v0.17.14
frontend-baseline	Fetch locked Rust dependencies for offline A2 tests	2026-10-07T05:51:00.1876798Z ^[[1m^[[92m  Downloaded^[[0m async-stream-impl v0.3.6
frontend-baseline	Fetch locked Rust dependencies for offline A2 tests	2026-10-07T05:51:00.1883956Z ^[[1m^[[92m  Downloaded^[[0m prost v0.13.5
frontend-baseline	Fetch locked Rust dependencies for offline A2 tests	2026-10-07T05:51:00.1901974Z ^[[1m^[[92m  Downloaded^[[0m fastrand v2.5.0
frontend-baseline	Fetch locked Rust dependencies for offline A2 tests	2026-10-07T05:51:00.1916486Z ^[[1m^[[92m  Downloaded^[[0m native-tls v0.2.18
frontend-baseline	Fetch locked Rust dependencies for offline A2 tests	2026-10-07T05:51:00.1932840Z ^[[1m^[[92m  Downloaded^[[0m objc2-system-configuration v0.3.2
frontend-baseline	Fetch locked Rust dependencies for offline A2 tests	2026-10-07T05:51:00.1957566Z ^[[1m^[[92m  Downloaded^[[0m base64 v0.22.1
frontend-baseline	Fetch locked Rust dependencies for offline A2 tests	2026-10-07T05:51:00.1999615Z ^[[1m^[[92m  Downloaded^[[0m combine v4.6.7
frontend-baseline	Fetch locked Rust dependencies for offline A2 tests	2026-10-07T05:51:00.2055622Z ^[[1m^[[92m  Downloaded^[[0m tokio v1.53.1
frontend-baseline	Fetch locked Rust dependencies for offline A2 tests	2026-10-07T05:51:00.2523122Z ^[[1m^[[92m  Downloaded^[[0m libc v0.2.189
frontend-baseline	Fetch locked Rust dependencies for offline A2 tests	2026-10-07T05:51:00.2979193Z ^[[1m^[[92m  Downloaded^[[0m rustls-platform-verifier v0.7.0
frontend-baseline	Fetch locked Rust dependencies for offline A2 tests	2026-10-07T05:51:00.3020329Z ^[[1m^[[92m  Downloaded^[[0m prost-types v0.13.5
frontend-baseline	Fetch locked Rust dependencies for offline A2 tests	2026-10-07T05:51:00.3039060Z ^[[1m^[[92m  Downloaded^[[0m unicode-properties v0.1.4
frontend-baseline	Fetch locked Rust dependencies for offline A2 tests	2026-10-07T05:51:00.3058816Z ^[[1m^[[92m  Downloaded^[[0m objc2-core-foundation v0.3.2
frontend-baseline	Fetch locked Rust dependencies for offline A2 tests	2026-10-07T05:51:00.3132325Z ^[[1m^[[92m  Downloaded^[[0m windows-core v0.62.2
frontend-baseline	Fetch locked Rust dependencies for offline A2 tests	2026-10-07T05:51:00.3164558Z ^[[1m^[[92m  Downloaded^[[0m iana-time-zone v0.1.65
frontend-baseline	Fetch locked Rust dependencies for offline A2 tests	2026-10-07T05:51:00.3195051Z ^[[1m^[[92m  Downloaded^[[0m toml_parser v1.1.3+spec-1.1.0
frontend-baseline	Fetch locked Rust dependencies for offline A2 tests	2026-10-07T05:51:00.3218521Z ^[[1m^[[92m  Downloaded^[[0m num-traits v0.2.19
frontend-baseline	Fetch locked Rust dependencies for offline A2 tests	2026-10-07T05:51:00.3247348Z ^[[1m^[[92m  Downloaded^[[0m ahash v0.7.8
frontend-baseline	Fetch locked Rust dependencies for offline A2 tests	2026-10-07T05:51:00.3272205Z ^[[1m^[[92m  Downloaded^[[0m http-body-util v0.1.4
frontend-baseline	Fetch locked Rust dependencies for offline A2 tests	2026-10-07T05:51:00.3293750Z ^[[1m^[[92m  Downloaded^[[0m tinyvec v1.12.0
frontend-baseline	Fetch locked Rust dependencies for offline A2 tests	2026-10-07T05:51:00.3321034Z ^[[1m^[[92m  Downloaded^[[0m jni-macros v0.22.4
frontend-baseline	Fetch locked Rust dependencies for offline A2 tests	2026-10-07T05:51:00.3339989Z ^[[1m^[[92m  Downloaded^[[0m semver v1.0.28
frontend-baseline	Fetch locked Rust dependencies for offline A2 tests	2026-10-07T05:51:00.3365029Z ^[[1m^[[92m  Downloaded^[[0m schannel v0.1.29
frontend-baseline	Fetch locked Rust dependencies for offline A2 tests	2026-10-07T05:51:00.3384377Z ^[[1m^[[92m  Downloaded^[[0m web-sys v0.3.103
frontend-baseline	Fetch locked Rust dependencies for offline A2 tests	2026-10-07T05:51:00.4586678Z ^[[1m^[[92m  Downloaded^[[0m prost-build v0.13.5
frontend-baseline	Fetch locked Rust dependencies for offline A2 tests	2026-10-07T05:51:00.4624248Z ^[[1m^[[92m  Downloaded^[[0m axum-core v0.4.5
frontend-baseline	Fetch locked Rust dependencies for offline A2 tests	2026-10-07T05:51:00.4647279Z ^[[1m^[[92m  Downloaded^[[0m ryu v1.0.23
frontend-baseline	Fetch locked Rust dependencies for offline A2 tests	2026-10-07T05:51:00.4682173Z ^[[1m^[[92m  Downloaded^[[0m hyper-timeout v0.5.2
frontend-baseline	Fetch locked Rust dependencies for offline A2 tests	2026-10-07T05:51:00.4702733Z ^[[1m^[[92m  Downloaded^[[0m anyhow v1.0.104
frontend-baseline	Fetch locked Rust dependencies for offline A2 tests	2026-10-07T05:51:00.4745025Z ^[[1m^[[92m  Downloaded^[[0m either v1.17.0
frontend-baseline	Fetch locked Rust dependencies for offline A2 tests	2026-10-07T05:51:00.4761749Z ^[[1m^[[92m  Downloaded^[[0m prost-derive v0.13.5
frontend-baseline	Fetch locked Rust dependencies for offline A2 tests	2026-10-07T05:51:00.4776441Z ^[[1m^[[92m  Downloaded^[[0m redox_syscall v0.5.18
frontend-baseline	Fetch locked Rust dependencies for offline A2 tests	2026-10-07T05:51:00.4805150Z ^[[1m^[[92m  Downloaded^[[0m md-5 v0.11.0
frontend-baseline	Fetch locked Rust dependencies for offline A2 tests	2026-10-07T05:51:00.4824185Z ^[[1m^[[92m  Downloaded^[[0m stringprep v0.1.5
frontend-baseline	Fetch locked Rust dependencies for offline A2 tests	2026-10-07T05:51:00.4841809Z ^[[1m^[[92m  Downloaded^[[0m wasip2 v1.0.4+wasi-0.2.12
frontend-baseline	Fetch locked Rust dependencies for offline A2 tests	2026-10-07T05:51:00.4892176Z ^[[1m^[[92m  Downloaded^[[0m mime v0.3.17
frontend-baseline	Fetch locked Rust dependencies for offline A2 tests	2026-10-07T05:51:00.4907199Z ^[[1m^[[92m  Downloaded^[[0m serde_path_to_error v0.1.20
frontend-baseline	Fetch locked Rust dependencies for offline A2 tests	2026-10-07T05:51:00.4924463Z ^[[1m^[[92m  Downloaded^[[0m serde_urlencoded v0.7.1
frontend-baseline	Fetch locked Rust dependencies for offline A2 tests	2026-10-07T05:51:00.4944514Z ^[[1m^[[92m  Downloaded^[[0m indexmap v1.9.3
frontend-baseline	Fetch locked Rust dependencies for offline A2 tests	2026-10-07T05:51:00.4978084Z ^[[1m^[[92m  Downloaded^[[0m pin-project-internal v1.1.13
frontend-baseline	Fetch locked Rust dependencies for offline A2 tests	2026-10-07T05:51:00.4994753Z ^[[1m^[[92m  Downloaded^[[0m pin-project v1.1.13
frontend-baseline	Fetch locked Rust dependencies for offline A2 tests	2026-10-07T05:51:00.5138013Z ^[[1m^[[92m  Downloaded^[[0m postgres v0.19.14
frontend-baseline	Fetch locked Rust dependencies for offline A2 tests	2026-10-07T05:51:00.5161636Z ^[[1m^[[92m  Downloaded^[[0m foreign-types-shared v0.1.1
frontend-baseline	Fetch locked Rust dependencies for offline A2 tests	2026-10-07T05:51:00.5169234Z ^[[1m^[[92m  Downloaded^[[0m wit-bindgen v0.57.1
frontend-baseline	Fetch locked Rust dependencies for offline A2 tests	2026-10-07T05:51:00.5207221Z ^[[1m^[[92m  Downloaded^[[0m tokio-postgres v0.7.18
frontend-baseline	Fetch locked Rust dependencies for offline A2 tests	2026-10-07T05:51:00.5262815Z ^[[1m^[[92m  Downloaded^[[0m httparse v1.10.1
frontend-baseline	Fetch locked Rust dependencies for offline A2 tests	2026-10-07T05:51:00.5289153Z ^[[1m^[[92m  Downloaded^[[0m thiserror-impl v2.0.19
frontend-baseline	Fetch locked Rust dependencies for offline A2 tests	2026-10-07T05:51:00.5305191Z ^[[1m^[[92m  Downloaded^[[0m core-foundation-sys v0.8.7
frontend-baseline	Fetch locked Rust dependencies for offline A2 tests	2026-10-07T05:51:00.5337667Z ^[[1m^[[92m  Downloaded^[[0m tracing v0.1.44
frontend-baseline	Fetch locked Rust dependencies for offline A2 tests	2026-10-07T05:51:00.5501973Z ^[[1m^[[92m  Downloaded^[[0m chrono v0.4.45
frontend-baseline	Fetch locked Rust dependencies for offline A2 tests	2026-10-07T05:51:00.5572106Z ^[[1m^[[92m  Downloaded^[[0m futures-channel v0.3.33
frontend-baseline	Fetch locked Rust dependencies for offline A2 tests	2026-10-07T05:51:00.5592540Z ^[[1m^[[92m  Downloaded^[[0m simdutf8 v0.1.5
frontend-baseline	Fetch locked Rust dependencies for offline A2 tests	2026-10-07T05:51:00.5616870Z ^[[1m^[[92m  Downloaded^[[0m cmake v0.1.58
frontend-baseline	Fetch locked Rust dependencies for offline A2 tests	2026-10-07T05:51:00.5631871Z ^[[1m^[[92m  Downloaded^[[0m rustls v0.23.45
frontend-baseline	Fetch locked Rust dependencies for offline A2 tests	2026-10-07T05:51:00.5754076Z ^[[1m^[[92m  Downloaded^[[0m tempfile v3.27.0
frontend-baseline	Fetch locked Rust dependencies for offline A2 tests	2026-10-07T05:51:00.5781200Z ^[[1m^[[92m  Downloaded^[[0m tokio-native-tls v0.3.1
frontend-baseline	Fetch locked Rust dependencies for offline A2 tests	2026-10-07T05:51:00.5799870Z ^[[1m^[[92m  Downloaded^[[0m async-trait v0.1.91
frontend-baseline	Fetch locked Rust dependencies for offline A2 tests	2026-10-07T05:51:00.5839126Z ^[[1m^[[92m  Downloaded^[[0m lock_api v0.4.14
frontend-baseline	Fetch locked Rust dependencies for offline A2 tests	2026-10-07T05:51:00.5852348Z ^[[1m^[[92m  Downloaded^[[0m parking_lot v0.12.5
frontend-baseline	Fetch locked Rust dependencies for offline A2 tests	2026-10-07T05:51:00.5879132Z ^[[1m^[[92m  Downloaded^[[0m hmac v0.13.0
frontend-baseline	Fetch locked Rust dependencies for offline A2 tests	2026-10-07T05:51:00.5901182Z ^[[1m^[[92m  Downloaded^[[0m winnow v1.0.4
frontend-baseline	Fetch locked Rust dependencies for offline A2 tests	2026-10-07T05:51:00.6003777Z ^[[1m^[[92m  Downloaded^[[0m ptr_meta_derive v0.1.4
frontend-baseline	Fetch locked Rust dependencies for offline A2 tests	2026-10-07T05:51:00.6011027Z ^[[1m^[[92m  Downloaded^[[0m windows-sys v0.52.0
frontend-baseline	Fetch locked Rust dependencies for offline A2 tests	2026-10-07T05:51:00.6673148Z ^[[1m^[[92m  Downloaded^[[0m seahash v4.1.0
frontend-baseline	Fetch locked Rust dependencies for offline A2 tests	2026-10-07T05:51:00.6690103Z ^[[1m^[[92m  Downloaded^[[0m rand_pcg v0.10.2
frontend-baseline	Fetch locked Rust dependencies for offline A2 tests	2026-10-07T05:51:00.6705423Z ^[[1m^[[92m  Downloaded^[[0m walkdir v2.5.0
frontend-baseline	Fetch locked Rust dependencies for offline A2 tests	2026-10-07T05:51:00.6724805Z ^[[1m^[[92m  Downloaded^[[0m rustls-native-certs v0.8.4
frontend-baseline	Fetch locked Rust dependencies for offline A2 tests	2026-10-07T05:51:00.6739175Z ^[[1m^[[92m  Downloaded^[[0m core-foundation v0.10.1
frontend-baseline	Fetch locked Rust dependencies for offline A2 tests	2026-10-07T05:51:00.6762872Z ^[[1m^[[92m  Downloaded^[[0m pkg-config v0.3.33
frontend-baseline	Fetch locked Rust dependencies for offline A2 tests	2026-10-07T05:51:00.6779684Z ^[[1m^[[92m  Downloaded^[[0m jobserver v0.1.35
frontend-baseline	Fetch locked Rust dependencies for offline A2 tests	2026-10-07T05:51:00.6799412Z ^[[1m^[[92m  Downloaded^[[0m getrandom v0.2.17
frontend-baseline	Fetch locked Rust dependencies for offline A2 tests	2026-10-07T05:51:00.6829760Z ^[[1m^[[92m  Downloaded^[[0m syn v3.0.3
frontend-baseline	Fetch locked Rust dependencies for offline A2 tests	2026-10-07T05:51:00.6941227Z ^[[1m^[[92m  Downloaded^[[0m syn v2.0.119
frontend-baseline	Fetch locked Rust dependencies for offline A2 tests	2026-10-07T05:51:00.7052480Z ^[[1m^[[92m  Downloaded^[[0m siphasher v1.0.3
frontend-baseline	Fetch locked Rust dependencies for offline A2 tests	2026-10-07T05:51:00.7067582Z ^[[1m^[[92m  Downloaded^[[0m phf v0.13.1
frontend-baseline	Fetch locked Rust dependencies for offline A2 tests	2026-10-07T05:51:00.7081320Z ^[[1m^[[92m  Downloaded^[[0m byteorder v1.5.0
frontend-baseline	Fetch locked Rust dependencies for offline A2 tests	2026-10-07T05:51:00.7098593Z ^[[1m^[[92m  Downloaded^[[0m fallible-iterator v0.2.0
frontend-baseline	Fetch locked Rust dependencies for offline A2 tests	2026-10-07T05:51:00.7111018Z ^[[1m^[[92m  Downloaded^[[0m const-oid v0.10.2
frontend-baseline	Fetch locked Rust dependencies for offline A2 tests	2026-10-07T05:51:00.7135901Z ^[[1m^[[92m  Downloaded^[[0m phf_shared v0.13.1
frontend-baseline	Fetch locked Rust dependencies for offline A2 tests	2026-10-07T05:51:00.7146277Z ^[[1m^[[92m  Downloaded^[[0m block-buffer v0.12.1
frontend-baseline	Fetch locked Rust dependencies for offline A2 tests	2026-10-07T05:51:00.7160193Z ^[[1m^[[92m  Downloaded^[[0m hybrid-array v0.4.13
frontend-baseline	Fetch locked Rust dependencies for offline A2 tests	2026-10-07T05:51:00.7183659Z ^[[1m^[[92m  Downloaded^[[0m crypto-common v0.2.2
frontend-baseline	Fetch locked Rust dependencies for offline A2 tests	2026-10-07T05:51:00.7195473Z ^[[1m^[[92m  Downloaded^[[0m cmov v0.5.4
frontend-baseline	Fetch locked Rust dependencies for offline A2 tests	2026-10-07T05:51:00.7214175Z ^[[1m^[[92m  Downloaded^[[0m ctutils v0.4.2
frontend-baseline	Fetch locked Rust dependencies for offline A2 tests	2026-10-07T05:51:00.7234670Z ^[[1m^[[92m  Downloaded^[[0m digest v0.11.3
frontend-baseline	Fetch locked Rust dependencies for offline A2 tests	2026-10-07T05:51:00.7260461Z ^[[1m^[[92m  Downloaded^[[0m sha2 v0.11.0
frontend-baseline	Fetch locked Rust dependencies for offline A2 tests	2026-10-07T05:51:00.7300746Z ^[[1m^[[92m  Downloaded^[[0m unicode-bidi v0.3.18
frontend-baseline	Fetch locked Rust dependencies for offline A2 tests	2026-10-07T05:51:00.7326041Z ^[[1m^[[92m  Downloaded^[[0m postgres-protocol v0.6.12
frontend-baseline	Fetch locked Rust dependencies for offline A2 tests	2026-10-07T05:51:00.7348427Z ^[[1m^[[92m  Downloaded^[[0m postgres-types v0.2.14
frontend-baseline	Fetch locked Rust dependencies for offline A2 tests	2026-10-07T05:51:00.7376001Z ^[[1m^[[92m  Downloaded^[[0m libredox v0.1.18
frontend-baseline	Fetch locked Rust dependencies for offline A2 tests	2026-10-07T05:51:00.7385638Z ^[[1m^[[92m  Downloaded^[[0m toml_edit v0.25.13+spec-1.1.0
frontend-baseline	Fetch locked Rust dependencies for offline A2 tests	2026-10-07T05:51:00.7426156Z ^[[1m^[[92m  Downloaded^[[0m zerocopy-derive v0.8.55
frontend-baseline	Fetch locked Rust dependencies for offline A2 tests	2026-10-07T05:51:00.7523780Z ^[[1m^[[92m  Downloaded^[[0m bytecheck_derive v0.6.12
frontend-baseline	Fetch locked Rust dependencies for offline A2 tests	2026-10-07T05:51:00.7531621Z ^[[1m^[[92m  Downloaded^[[0m rend v0.4.2
frontend-baseline	Fetch locked Rust dependencies for offline A2 tests	2026-10-07T05:51:00.7545232Z ^[[1m^[[92m  Downloaded^[[0m rkyv_derive v0.7.46
frontend-baseline	Fetch locked Rust dependencies for offline A2 tests	2026-10-07T05:51:00.7561591Z ^[[1m^[[92m  Downloaded^[[0m chacha20 v0.10.2
frontend-baseline	Fetch locked Rust dependencies for offline A2 tests	2026-10-07T05:51:00.7588551Z ^[[1m^[[92m  Downloaded^[[0m quinn-udp v0.5.15
frontend-baseline	Fetch locked Rust dependencies for offline A2 tests	2026-10-07T05:51:00.7607124Z ^[[1m^[[92m  Downloaded^[[0m thiserror v2.0.19
frontend-baseline	Fetch locked Rust dependencies for offline A2 tests	2026-10-07T05:51:00.7675694Z ^[[1m^[[92m  Downloaded^[[0m security-framework-sys v2.17.0
frontend-baseline	Fetch locked Rust dependencies for offline A2 tests	2026-10-07T05:51:00.7699348Z ^[[1m^[[92m  Downloaded^[[0m find-msvc-tools v0.1.9
frontend-baseline	Fetch locked Rust dependencies for offline A2 tests	2026-10-07T05:51:00.7716147Z ^[[1m^[[92m  Downloaded^[[0m reqwest v0.13.4
frontend-baseline	Fetch locked Rust dependencies for offline A2 tests	2026-10-07T05:51:00.7771634Z ^[[1m^[[92m  Downloaded^[[0m serde_json v1.0.151
frontend-baseline	Fetch locked Rust dependencies for offline A2 tests	2026-10-07T05:51:00.7848541Z ^[[1m^[[92m  Downloaded^[[0m tower v0.5.3
frontend-baseline	Fetch locked Rust dependencies for offline A2 tests	2026-10-07T05:51:00.7955756Z ^[[1m^[[92m  Downloaded^[[0m tower-http v0.6.11
frontend-baseline	Fetch locked Rust dependencies for offline A2 tests	2026-10-07T05:51:00.8054331Z ^[[1m^[[92m  Downloaded^[[0m icu_properties_data v2.2.0
frontend-baseline	Fetch locked Rust dependencies for offline A2 tests	2026-10-07T05:51:00.8166917Z ^[[1m^[[92m  Downloaded^[[0m zerovec v0.11.6
frontend-baseline	Fetch locked Rust dependencies for offline A2 tests	2026-10-07T05:51:00.8227901Z ^[[1m^[[92m  Downloaded^[[0m idna v1.1.0
frontend-baseline	Fetch locked Rust dependencies for offline A2 tests	2026-10-07T05:51:00.8264092Z ^[[1m^[[92m  Downloaded^[[0m futures-util v0.3.33
frontend-baseline	Fetch locked Rust dependencies for offline A2 tests	2026-10-07T05:51:00.8400990Z ^[[1m^[[92m  Downloaded^[[0m postgres-native-tls v0.5.3
frontend-baseline	Fetch locked Rust dependencies for offline A2 tests	2026-10-07T05:51:00.8411995Z ^[[1m^[[92m  Downloaded^[[0m typenum v1.20.1
frontend-baseline	Fetch locked Rust dependencies for offline A2 tests	2026-10-07T05:51:00.8448773Z ^[[1m^[[92m  Downloaded^[[0m memchr v2.8.3
frontend-baseline	Fetch locked Rust dependencies for offline A2 tests	2026-10-07T05:51:00.8505820Z ^[[1m^[[92m  Downloaded^[[0m js-sys v0.3.103
frontend-baseline	Fetch locked Rust dependencies for offline A2 tests	2026-10-07T05:51:00.8536186Z ^[[1m^[[92m  Downloaded^[[0m wasite v1.0.2
frontend-baseline	Fetch locked Rust dependencies for offline A2 tests	2026-10-07T05:51:00.8544220Z ^[[1m^[[92m  Downloaded^[[0m arrayvec v0.7.8
frontend-baseline	Fetch locked Rust dependencies for offline A2 tests	2026-10-07T05:51:00.8566087Z ^[[1m^[[92m  Downloaded^[[0m jni-sys-macros v0.4.1
frontend-baseline	Fetch locked Rust dependencies for offline A2 tests	2026-10-07T05:51:00.8573019Z ^[[1m^[[92m  Downloaded^[[0m same-file v1.0.6
frontend-baseline	Fetch locked Rust dependencies for offline A2 tests	2026-10-07T05:51:00.8587263Z ^[[1m^[[92m  Downloaded^[[0m rustls-platform-verifier-android v0.1.1
frontend-baseline	Fetch locked Rust dependencies for offline A2 tests	2026-10-07T05:51:00.8598169Z ^[[1m^[[92m  Downloaded^[[0m http v1.4.2
frontend-baseline	Fetch locked Rust dependencies for offline A2 tests	2026-10-07T05:51:00.8634823Z ^[[1m^[[92m  Downloaded^[[0m icu_normalizer v2.2.0
frontend-baseline	Fetch locked Rust dependencies for offline A2 tests	2026-10-07T05:51:00.8673168Z ^[[1m^[[92m  Downloaded^[[0m icu_collections v2.2.0
frontend-baseline	Fetch locked Rust dependencies for offline A2 tests	2026-10-07T05:51:00.8737021Z ^[[1m^[[92m  Downloaded^[[0m bumpalo v3.20.3
frontend-baseline	Fetch locked Rust dependencies for offline A2 tests	2026-10-07T05:51:00.8763875Z ^[[1m^[[92m  Downloaded^[[0m windows-implement v0.60.2
frontend-baseline	Fetch locked Rust dependencies for offline A2 tests	2026-10-07T05:51:00.8774863Z ^[[1m^[[92m  Downloaded^[[0m toml_datetime v1.1.1+spec-1.1.0
frontend-baseline	Fetch locked Rust dependencies for offline A2 tests	2026-10-07T05:51:00.8787442Z ^[[1m^[[92m  Downloaded^[[0m borsh-derive v1.8.0
frontend-baseline	Fetch locked Rust dependencies for offline A2 tests	2026-10-07T05:51:00.8821428Z ^[[1m^[[92m  Downloaded^[[0m rand v0.8.7
frontend-baseline	Fetch locked Rust dependencies for offline A2 tests	2026-10-07T05:51:00.8855437Z ^[[1m^[[92m  Downloaded^[[0m funty v2.0.0
frontend-baseline	Fetch locked Rust dependencies for offline A2 tests	2026-10-07T05:51:00.8864100Z ^[[1m^[[92m  Downloaded^[[0m tap v1.0.1
frontend-baseline	Fetch locked Rust dependencies for offline A2 tests	2026-10-07T05:51:00.8873553Z ^[[1m^[[92m  Downloaded^[[0m wyz v0.5.1
frontend-baseline	Fetch locked Rust dependencies for offline A2 tests	2026-10-07T05:51:00.8885711Z ^[[1m^[[92m  Downloaded^[[0m hyper-rustls v0.27.9
frontend-baseline	Fetch locked Rust dependencies for offline A2 tests	2026-10-07T05:51:00.8900538Z ^[[1m^[[92m  Downloaded^[[0m equivalent v1.0.2
frontend-baseline	Fetch locked Rust dependencies for offline A2 tests	2026-10-07T05:51:00.8910831Z ^[[1m^[[92m  Downloaded^[[0m want v0.3.1
frontend-baseline	Fetch locked Rust dependencies for offline A2 tests	2026-10-07T05:51:00.8920093Z ^[[1m^[[92m  Downloaded^[[0m lru-slab v0.1.2
frontend-baseline	Fetch locked Rust dependencies for offline A2 tests	2026-10-07T05:51:00.8928449Z ^[[1m^[[92m  Downloaded^[[0m rustc-hash v2.1.3
frontend-baseline	Fetch locked Rust dependencies for offline A2 tests	2026-10-07T05:51:00.8941838Z ^[[1m^[[92m  Downloaded^[[0m openssl-probe v0.2.1
frontend-baseline	Fetch locked Rust dependencies for offline A2 tests	2026-10-07T05:51:00.8954800Z ^[[1m^[[92m  Downloaded^[[0m rustls-webpki v0.103.14
frontend-baseline	Fetch locked Rust dependencies for offline A2 tests	2026-10-07T05:51:00.8985990Z ^[[1m^[[92m  Downloaded^[[0m bytes v1.12.1
frontend-baseline	Fetch locked Rust dependencies for offline A2 tests	2026-10-07T05:51:00.9022149Z ^[[1m^[[92m  Downloaded^[[0m mio v1.2.2
frontend-baseline	Fetch locked Rust dependencies for offline A2 tests	2026-10-07T05:51:00.9087362Z ^[[1m^[[92m  Downloaded^[[0m tracing-core v0.1.36
frontend-baseline	Fetch locked Rust dependencies for offline A2 tests	2026-10-07T05:51:00.9114300Z ^[[1m^[[92m  Downloaded^[[0m zerotrie v0.2.4
frontend-baseline	Fetch locked Rust dependencies for offline A2 tests	2026-10-07T05:51:00.9154233Z ^[[1m^[[92m  Downloaded^[[0m url v2.5.8
frontend-baseline	Fetch locked Rust dependencies for offline A2 tests	2026-10-07T05:51:00.9180853Z ^[[1m^[[92m  Downloaded^[[0m icu_normalizer_data v2.2.0
frontend-baseline	Fetch locked Rust dependencies for offline A2 tests	2026-10-07T05:51:00.9202410Z ^[[1m^[[92m  Downloaded^[[0m serde v1.0.229
frontend-baseline	Fetch locked Rust dependencies for offline A2 tests	2026-10-07T05:51:00.9238188Z ^[[1m^[[92m  Downloaded^[[0m windows-interface v0.59.3
frontend-baseline	Fetch locked Rust dependencies for offline A2 tests	2026-10-07T05:51:00.9247407Z ^[[1m^[[92m  Downloaded^[[0m windows-result v0.4.1
frontend-baseline	Fetch locked Rust dependencies for offline A2 tests	2026-10-07T05:51:00.9260774Z ^[[1m^[[92m  Downloaded^[[0m windows-strings v0.5.1
frontend-baseline	Fetch locked Rust dependencies for offline A2 tests	2026-10-07T05:51:00.9277477Z ^[[1m^[[92m  Downloaded^[[0m bytecheck v0.6.12
frontend-baseline	Fetch locked Rust dependencies for offline A2 tests	2026-10-07T05:51:00.9287010Z ^[[1m^[[92m  Downloaded^[[0m rustc_version v0.4.1
frontend-baseline	Fetch locked Rust dependencies for offline A2 tests	2026-10-07T05:51:00.9299883Z ^[[1m^[[92m  Downloaded^[[0m winapi-util v0.1.11
frontend-baseline	Fetch locked Rust dependencies for offline A2 tests	2026-10-07T05:51:00.9314497Z ^[[1m^[[92m  Downloaded^[[0m bitflags v2.13.1
frontend-baseline	Fetch locked Rust dependencies for offline A2 tests	2026-10-07T05:51:00.9373000Z ^[[1m^[[92m  Downloaded^[[0m socket2 v0.6.5
frontend-baseline	Fetch locked Rust dependencies for offline A2 tests	2026-10-07T05:51:00.9392012Z ^[[1m^[[92m  Downloaded^[[0m icu_locale_core v2.2.0
frontend-baseline	Fetch locked Rust dependencies for offline A2 tests	2026-10-07T05:51:00.9463185Z ^[[1m^[[92m  Downloaded^[[0m icu_provider v2.2.0
frontend-baseline	Fetch locked Rust dependencies for offline A2 tests	2026-10-07T05:51:00.9490609Z ^[[1m^[[92m  Downloaded^[[0m icu_properties v2.2.0
frontend-baseline	Fetch locked Rust dependencies for offline A2 tests	2026-10-07T05:51:00.9514070Z ^[[1m^[[92m  Downloaded^[[0m r-efi v6.0.0
frontend-baseline	Fetch locked Rust dependencies for offline A2 tests	2026-10-07T05:51:00.9565243Z ^[[1m^[[92m  Downloaded^[[0m serde_derive v1.0.229
frontend-baseline	Fetch locked Rust dependencies for offline A2 tests	2026-10-07T05:51:00.9596684Z ^[[1m^[[92m  Downloaded^[[0m wasm-bindgen-macro-support v0.2.126
frontend-baseline	Fetch locked Rust dependencies for offline A2 tests	2026-10-07T05:51:00.9616457Z ^[[1m^[[92m  Downloaded^[[0m radium v0.7.0
frontend-baseline	Fetch locked Rust dependencies for offline A2 tests	2026-10-07T05:51:00.9626919Z ^[[1m^[[92m  Downloaded^[[0m httpdate v1.0.3
frontend-baseline	Fetch locked Rust dependencies for offline A2 tests	2026-10-07T05:51:00.9638876Z ^[[1m^[[92m  Downloaded^[[0m dunce v1.0.5
frontend-baseline	Fetch locked Rust dependencies for offline A2 tests	2026-10-07T05:51:00.9647896Z ^[[1m^[[92m  Downloaded^[[0m signal-hook-registry v1.4.8
frontend-baseline	Fetch locked Rust dependencies for offline A2 tests	2026-10-07T05:51:00.9659726Z ^[[1m^[[92m  Downloaded^[[0m log v0.4.33
frontend-baseline	Fetch locked Rust dependencies for offline A2 tests	2026-10-07T05:51:00.9685145Z ^[[1m^[[92m  Downloaded^[[0m tracing-attributes v0.1.31
frontend-baseline	Fetch locked Rust dependencies for offline A2 tests	2026-10-07T05:51:00.9712088Z ^[[1m^[[92m  Downloaded^[[0m yoke v0.8.3
frontend-baseline	Fetch locked Rust dependencies for offline A2 tests	2026-10-07T05:51:00.9730247Z ^[[1m^[[92m  Downloaded^[[0m serde_core v1.0.229
frontend-baseline	Fetch locked Rust dependencies for offline A2 tests	2026-10-07T05:51:00.9757933Z ^[[1m^[[92m  Downloaded^[[0m wasm-bindgen v0.2.126
frontend-baseline	Fetch locked Rust dependencies for offline A2 tests	2026-10-07T05:51:00.9785933Z ^[[1m^[[92m  Downloaded^[[0m autocfg v1.5.1
frontend-baseline	Fetch locked Rust dependencies for offline A2 tests	2026-10-07T05:51:00.9804577Z ^[[1m^[[92m  Downloaded^[[0m litemap v0.8.2
frontend-baseline	Fetch locked Rust dependencies for offline A2 tests	2026-10-07T05:51:00.9828178Z ^[[1m^[[92m  Downloaded^[[0m once_cell v1.21.4
frontend-baseline	Fetch locked Rust dependencies for offline A2 tests	2026-10-07T05:51:00.9853629Z ^[[1m^[[92m  Downloaded^[[0m rustversion v1.0.23
frontend-baseline	Fetch locked Rust dependencies for offline A2 tests	2026-10-07T05:51:00.9882909Z ^[[1m^[[92m  Downloaded^[[0m tokio-rustls v0.26.4
frontend-baseline	Fetch locked Rust dependencies for offline A2 tests	2026-10-07T05:51:00.9903950Z ^[[1m^[[92m  Downloaded^[[0m smallvec v1.15.2
frontend-baseline	Fetch locked Rust dependencies for offline A2 tests	2026-10-07T05:51:00.9918770Z ^[[1m^[[92m  Downloaded^[[0m getrandom v0.4.3
frontend-baseline	Fetch locked Rust dependencies for offline A2 tests	2026-10-07T05:51:00.9957228Z ^[[1m^[[92m  Downloaded^[[0m atomic-waker v1.1.2
frontend-baseline	Fetch locked Rust dependencies for offline A2 tests	2026-10-07T05:51:00.9970136Z ^[[1m^[[92m  Downloaded^[[0m sha2 v0.10.9
frontend-baseline	Fetch locked Rust dependencies for offline A2 tests	2026-10-07T05:51:00.9995974Z ^[[1m^[[92m  Downloaded^[[0m tinystr v0.8.3
frontend-baseline	Fetch locked Rust dependencies for offline A2 tests	2026-10-07T05:51:01.0017282Z ^[[1m^[[92m  Downloaded^[[0m cpufeatures v0.2.17
frontend-baseline	Fetch locked Rust dependencies for offline A2 tests	2026-10-07T05:51:01.0031174Z ^[[1m^[[92m  Downloaded^[[0m subtle v2.6.1
frontend-baseline	Fetch locked Rust dependencies for offline A2 tests	2026-10-07T05:51:01.0043080Z ^[[1m^[[92m  Downloaded^[[0m digest v0.10.7
frontend-baseline	Fetch locked Rust dependencies for offline A2 tests	2026-10-07T05:51:01.0061329Z ^[[1m^[[92m  Downloaded^[[0m wasi v0.11.1+wasi-snapshot-preview1
frontend-baseline	Fetch locked Rust dependencies for offline A2 tests	2026-10-07T05:51:01.0078558Z ^[[1m^[[92m  Downloaded^[[0m errno v0.3.14
frontend-baseline	Fetch locked Rust dependencies for offline A2 tests	2026-10-07T05:51:01.0094955Z ^[[1m^[[92m  Downloaded^[[0m rand_core v0.10.1
frontend-baseline	Fetch locked Rust dependencies for offline A2 tests	2026-10-07T05:51:01.0111839Z ^[[1m^[[92m  Downloaded^[[0m pin-project-lite v0.2.17
frontend-baseline	Fetch locked Rust dependencies for offline A2 tests	2026-10-07T05:51:01.0186126Z ^[[1m^[[92m  Downloaded^[[0m slab v0.4.12
frontend-baseline	Fetch locked Rust dependencies for offline A2 tests	2026-10-07T05:51:01.0187796Z ^[[1m^[[92m  Downloaded^[[0m zmij v1.0.23
frontend-baseline	Fetch locked Rust dependencies for offline A2 tests	2026-10-07T05:51:01.0204407Z ^[[1m^[[92m  Downloaded^[[0m writeable v0.6.3
frontend-baseline	Fetch locked Rust dependencies for offline A2 tests	2026-10-07T05:51:01.0224677Z ^[[1m^[[92m  Downloaded^[[0m displaydoc v0.2.6
frontend-baseline	Fetch locked Rust dependencies for offline A2 tests	2026-10-07T05:51:01.0245633Z ^[[1m^[[92m  Downloaded^[[0m synstructure v0.13.2
frontend-baseline	Fetch locked Rust dependencies for offline A2 tests	2026-10-07T05:51:01.0255746Z ^[[1m^[[92m  Downloaded^[[0m zerovec-derive v0.11.3
frontend-baseline	Fetch locked Rust dependencies for offline A2 tests	2026-10-07T05:51:01.0271561Z ^[[1m^[[92m  Downloaded^[[0m wasm-bindgen-futures v0.4.76
frontend-baseline	Fetch locked Rust dependencies for offline A2 tests	2026-10-07T05:51:01.0280767Z ^[[1m^[[92m  Downloaded^[[0m generic-array v0.14.7
frontend-baseline	Fetch locked Rust dependencies for offline A2 tests	2026-10-07T05:51:01.0294834Z ^[[1m^[[92m  Downloaded^[[0m proc-macro2 v1.0.107
frontend-baseline	Fetch locked Rust dependencies for offline A2 tests	2026-10-07T05:51:01.0326424Z ^[[1m^[[92m  Downloaded^[[0m tinyvec_macros v0.1.1
frontend-baseline	Fetch locked Rust dependencies for offline A2 tests	2026-10-07T05:51:01.0334878Z ^[[1m^[[92m  Downloaded^[[0m cfg_aliases v0.2.2
frontend-baseline	Fetch locked Rust dependencies for offline A2 tests	2026-10-07T05:51:01.0344965Z ^[[1m^[[92m  Downloaded^[[0m version_check v0.9.5
frontend-baseline	Fetch locked Rust dependencies for offline A2 tests	2026-10-07T05:51:01.0357777Z ^[[1m^[[92m  Downloaded^[[0m sync_wrapper v1.0.2
frontend-baseline	Fetch locked Rust dependencies for offline A2 tests	2026-10-07T05:51:01.0365566Z ^[[1m^[[92m  Downloaded^[[0m utf8_iter v1.0.4
frontend-baseline	Fetch locked Rust dependencies for offline A2 tests	2026-10-07T05:51:01.0375979Z ^[[1m^[[92m  Downloaded^[[0m futures-task v0.3.33
frontend-baseline	Fetch locked Rust dependencies for offline A2 tests	2026-10-07T05:51:01.0388345Z ^[[1m^[[92m  Downloaded^[[0m percent-encoding v2.3.2
frontend-baseline	Fetch locked Rust dependencies for offline A2 tests	2026-10-07T05:51:01.0396961Z ^[[1m^[[92m  Downloaded^[[0m form_urlencoded v1.2.2
frontend-baseline	Fetch locked Rust dependencies for offline A2 tests	2026-10-07T05:51:01.0404793Z ^[[1m^[[92m  Downloaded^[[0m potential_utf v0.1.5
frontend-baseline	Fetch locked Rust dependencies for offline A2 tests	2026-10-07T05:51:01.0415471Z ^[[1m^[[92m  Downloaded^[[0m stable_deref_trait v1.2.1
frontend-baseline	Fetch locked Rust dependencies for offline A2 tests	2026-10-07T05:51:01.0425634Z ^[[1m^[[92m  Downloaded^[[0m zerofrom-derive v0.1.7
frontend-baseline	Fetch locked Rust dependencies for offline A2 tests	2026-10-07T05:51:01.0435805Z ^[[1m^[[92m  Downloaded^[[0m futures-sink v0.3.33
frontend-baseline	Fetch locked Rust dependencies for offline A2 tests	2026-10-07T05:51:01.0444352Z ^[[1m^[[92m  Downloaded^[[0m futures-core v0.3.33
frontend-baseline	Fetch locked Rust dependencies for offline A2 tests	2026-10-07T05:51:01.0458328Z ^[[1m^[[92m  Downloaded^[[0m itoa v1.0.18
frontend-baseline	Fetch locked Rust dependencies for offline A2 tests	2026-10-07T05:51:01.0473163Z ^[[1m^[[92m  Downloaded^[[0m block-buffer v0.10.4
frontend-baseline	Fetch locked Rust dependencies for offline A2 tests	2026-10-07T05:51:01.0484222Z ^[[1m^[[92m  Downloaded^[[0m http-body v1.1.0
frontend-baseline	Fetch locked Rust dependencies for offline A2 tests	2026-10-07T05:51:01.0494576Z ^[[1m^[[92m  Downloaded^[[0m tower-layer v0.3.3
frontend-baseline	Fetch locked Rust dependencies for offline A2 tests	2026-10-07T05:51:01.0504379Z ^[[1m^[[92m  Downloaded^[[0m futures-io v0.3.33
frontend-baseline	Fetch locked Rust dependencies for offline A2 tests	2026-10-07T05:51:01.0513323Z ^[[1m^[[92m  Downloaded^[[0m futures-macro v0.3.33
frontend-baseline	Fetch locked Rust dependencies for offline A2 tests	2026-10-07T05:51:01.0523883Z ^[[1m^[[92m  Downloaded^[[0m uuid v1.24.0
frontend-baseline	Fetch locked Rust dependencies for offline A2 tests	2026-10-07T05:51:01.0666624Z ^[[1m^[[92m  Downloaded^[[0m aws-lc-sys v0.44.0
frontend-baseline	Development plan cross-document order and negative probes	﻿2026-10-07T05:51:01.5372317Z ##[group]Run pnpm check:development-plans && pnpm test:development-plans
frontend-baseline	Development plan cross-document order and negative probes	2026-10-07T05:51:01.5373203Z ^[[36;1mpnpm check:development-plans && pnpm test:development-plans^[[0m
frontend-baseline	Development plan cross-document order and negative probes	2026-10-07T05:51:01.5443812Z shell: /usr/bin/bash -e {0}
frontend-baseline	Development plan cross-document order and negative probes	2026-10-07T05:51:01.5444231Z env:
frontend-baseline	Development plan cross-document order and negative probes	2026-10-07T05:51:01.5444668Z   QUANTOS_BFF_BASE: 2835e41fcaa9f3924e9f03f95c62727b9e6c69b9
frontend-baseline	Development plan cross-document order and negative probes	2026-10-07T05:51:01.5445275Z   NEXT_PUBLIC_QUANTOS_ENV: local-mock
frontend-baseline	Development plan cross-document order and negative probes	2026-10-07T05:51:01.5446037Z   NEXT_PUBLIC_SITE_ORIGIN: https://sumalpha.ai
frontend-baseline	Development plan cross-document order and negative probes	2026-10-07T05:51:01.5446694Z   NEXT_PUBLIC_QUANTOS_TERMINAL_ORIGIN: http://localhost:3190
frontend-baseline	Development plan cross-document order and negative probes	2026-10-07T05:51:01.5447388Z   NEXT_PUBLIC_QUANTOS_BFF_ORIGIN: http://localhost:4010
frontend-baseline	Development plan cross-document order and negative probes	2026-10-07T05:51:01.5448046Z   NEXT_PUBLIC_QUANTOS_OIDC_ISSUER: https://mock.idp.local
frontend-baseline	Development plan cross-document order and negative probes	2026-10-07T05:51:01.5448718Z   NEXT_PUBLIC_QUANTOS_OIDC_CLIENT_ID: quantos-terminal-ci
frontend-baseline	Development plan cross-document order and negative probes	2026-10-07T05:51:01.5449500Z   NEXT_PUBLIC_QUANTOS_OIDC_REDIRECT_URI: http://localhost:3190/auth/callback
frontend-baseline	Development plan cross-document order and negative probes	2026-10-07T05:51:01.5450238Z   NEXT_PUBLIC_QUANTOS_DEFAULT_MODE: paper
frontend-baseline	Development plan cross-document order and negative probes	2026-10-07T05:51:01.5450809Z   NEXT_PUBLIC_QUANTOS_MOCK_ENABLED: true
frontend-baseline	Development plan cross-document order and negative probes	2026-10-07T05:51:01.5451273Z   NEXT_PUBLIC_QUANTOS_OBS_ENABLED: false
frontend-baseline	Development plan cross-document order and negative probes	2026-10-07T05:51:01.5451597Z   NEXT_PUBLIC_QUANTOS_FEATURE_ASSISTED_LIVE_TESTNET: off
frontend-baseline	Development plan cross-document order and negative probes	2026-10-07T05:51:01.5451921Z   CARGO_HOME: /home/runner/.cargo
frontend-baseline	Development plan cross-document order and negative probes	2026-10-07T05:51:01.5452266Z   CARGO_INCREMENTAL: 0
frontend-baseline	Development plan cross-document order and negative probes	2026-10-07T05:51:01.5452663Z   CARGO_TERM_COLOR: always
frontend-baseline	Development plan cross-document order and negative probes	2026-10-07T05:51:01.5453053Z ##[endgroup]
frontend-baseline	Development plan cross-document order and negative probes	2026-10-07T05:51:01.8375392Z 
frontend-baseline	Development plan cross-document order and negative probes	2026-10-07T05:51:01.8376515Z > @sumalpha/quantos@ check:development-plans /home/runner/work/QuantOS/QuantOS
frontend-baseline	Development plan cross-document order and negative probes	2026-10-07T05:51:01.8377456Z > node scripts/check-development-plans.mjs
frontend-baseline	Development plan cross-document order and negative probes	2026-10-07T05:51:01.8377821Z 
frontend-baseline	Development plan cross-document order and negative probes	2026-10-07T05:51:01.9300986Z {
frontend-baseline	Development plan cross-document order and negative probes	2026-10-07T05:51:01.9301630Z   "schema": "quantos-plan-review/v1",
frontend-baseline	Development plan cross-document order and negative probes	2026-10-07T05:51:01.9302191Z   "stage_schema": "quantos-plan-stages/v1",
frontend-baseline	Development plan cross-document order and negative probes	2026-10-07T05:51:01.9302555Z   "stage_contract": "PASS",
frontend-baseline	Development plan cross-document order and negative probes	2026-10-07T05:51:01.9303231Z   "dependency_basis": "stage_gate",
frontend-baseline	Development plan cross-document order and negative probes	2026-10-07T05:51:01.9303553Z   "stage_counts": {
frontend-baseline	Development plan cross-document order and negative probes	2026-10-07T05:51:01.9303851Z     "DEVELOPMENT": 81,
frontend-baseline	Development plan cross-document order and negative probes	2026-10-07T05:51:01.9304456Z     "INTEGRATION": 76,
frontend-baseline	Development plan cross-document order and negative probes	2026-10-07T05:51:01.9304708Z     "RELEASE": 2
frontend-baseline	Development plan cross-document order and negative probes	2026-10-07T05:51:01.9304983Z   },
frontend-baseline	Development plan cross-document order and negative probes	2026-10-07T05:51:01.9305224Z   "stage_status_counts": {
frontend-baseline	Development plan cross-document order and negative probes	2026-10-07T05:51:01.9305814Z     "NOT_ASSESSED": 133,
frontend-baseline	Development plan cross-document order and negative probes	2026-10-07T05:51:01.9306191Z     "READY": 26,
frontend-baseline	Development plan cross-document order and negative probes	2026-10-07T05:51:01.9306439Z     "BLOCKED": 0
frontend-baseline	Development plan cross-document order and negative probes	2026-10-07T05:51:01.9306653Z   },
frontend-baseline	Development plan cross-document order and negative probes	2026-10-07T05:51:01.9306894Z   "cross_plan_order": "PASS",
frontend-baseline	Development plan cross-document order and negative probes	2026-10-07T05:51:01.9307187Z   "checkpoint_count": 37,
frontend-baseline	Development plan cross-document order and negative probes	2026-10-07T05:51:01.9307522Z   "acceptance_node_count": 159,
frontend-baseline	Development plan cross-document order and negative probes	2026-10-07T05:51:01.9307956Z   "dependency_edge_count": 1462,
frontend-baseline	Development plan cross-document order and negative probes	2026-10-07T05:51:01.9308337Z   "order_schema": "quantos-plan-order/v2",
frontend-baseline	Development plan cross-document order and negative probes	2026-10-07T05:51:01.9308688Z   "structure": "PASS",
frontend-baseline	Development plan cross-document order and negative probes	2026-10-07T05:51:01.9309030Z   "core_task_schema": "quantos-core-task/v1",
frontend-baseline	Development plan cross-document order and negative probes	2026-10-07T05:51:01.9309454Z   "frontend_task_schema": "quantos-web-task/v1",
frontend-baseline	Development plan cross-document order and negative probes	2026-10-07T05:51:01.9309831Z   "desktop_scope_split": "PASS",
frontend-baseline	Development plan cross-document order and negative probes	2026-10-07T05:51:01.9310137Z   "platform_load": "NOT_RUN",
frontend-baseline	Development plan cross-document order and negative probes	2026-10-07T05:51:01.9310457Z   "model_review": "NOT_RUN",
frontend-baseline	Development plan cross-document order and negative probes	2026-10-07T05:51:01.9310729Z   "core_tasks": 47,
frontend-baseline	Development plan cross-document order and negative probes	2026-10-07T05:51:01.9310964Z   "frontend_tasks": 75,
frontend-baseline	Development plan cross-document order and negative probes	2026-10-07T05:51:01.9311240Z   "page_api_tasks": 12,
frontend-baseline	Development plan cross-document order and negative probes	2026-10-07T05:51:01.9311501Z   "page_tasks": 22
frontend-baseline	Development plan cross-document order and negative probes	2026-10-07T05:51:01.9311724Z }
frontend-baseline	Development plan cross-document order and negative probes	2026-10-07T05:51:02.2295439Z 
frontend-baseline	Development plan cross-document order and negative probes	2026-10-07T05:51:02.2296464Z > @sumalpha/quantos@ test:development-plans /home/runner/work/QuantOS/QuantOS
frontend-baseline	Development plan cross-document order and negative probes	2026-10-07T05:51:02.2297497Z > node --test scripts/development-plan-order-negative.mjs
frontend-baseline	Development plan cross-document order and negative probes	2026-10-07T05:51:02.2297981Z 
frontend-baseline	Development plan cross-document order and negative probes	2026-10-07T05:51:03.0592898Z ✔ joint schedule is acyclic and preserves task/status boundaries (37.802631ms)
frontend-baseline	Development plan cross-document order and negative probes	2026-10-07T05:51:03.0597061Z ✔ restoring a complete R1 prerequisite for S2 services creates a rejected cycle (11.92377ms)
frontend-baseline	Development plan cross-document order and negative probes	2026-10-07T05:51:03.0598520Z ✔ research service waiting on its consumer page is rejected (11.219263ms)
frontend-baseline	Development plan cross-document order and negative probes	2026-10-07T05:51:03.0599814Z ✔ historical CORE:R04 to CORE:L04 probe now fails closed (10.731332ms)
frontend-baseline	Development plan cross-document order and negative probes	2026-10-07T05:51:03.0601869Z ✔ an early identity API cannot silently depend on later research services (13.365824ms)
frontend-baseline	Development plan cross-document order and negative probes	2026-10-07T05:51:03.0615978Z ✔ a provider cannot wait for the consumer frontend Gate (9.336052ms)
frontend-baseline	Development plan cross-document order and negative probes	2026-10-07T05:51:03.0617400Z ✔ removing S2 service admission from a core execution task is rejected (10.976274ms)
frontend-baseline	Development plan cross-document order and negative probes	2026-10-07T05:51:03.0618844Z ✔ S2 service Gate cannot omit TP12 advance evaluation (11.745894ms)
frontend-baseline	Development plan cross-document order and negative probes	2026-10-07T05:51:03.0620408Z ✔ I10 cannot drop testnet service admission even if metadata is edited with it (12.896645ms)
frontend-baseline	Development plan cross-document order and negative probes	2026-10-07T05:51:03.0622068Z ✔ a new or existing frontend cannot skip the full provider Gate (12.901694ms)
frontend-baseline	Development plan cross-document order and negative probes	2026-10-07T05:51:03.0622930Z ✔ G5 cannot be marked as closing in I4 before reconciliation (17.212051ms)
frontend-baseline	Development plan cross-document order and negative probes	2026-10-07T05:51:03.0652430Z ✔ moving the G1 block above I1 tasks is rejected (14.120596ms)
frontend-baseline	Development plan cross-document order and negative probes	2026-10-07T05:51:03.0653631Z ✔ milestone cannot omit its last child while retaining a Gate summary (11.727791ms)
frontend-baseline	Development plan cross-document order and negative probes	2026-10-07T05:51:03.0654978Z ✔ prose-only backend dependencies cannot drift from structured prerequisites (11.155522ms)
frontend-baseline	Development plan cross-document order and negative probes	2026-10-07T05:51:03.0656423Z ✔ core closure mapping cannot become an implicit service alias (11.181711ms)
frontend-baseline	Development plan cross-document order and negative probes	2026-10-07T05:51:03.0657151Z ✔ ACCEPTED checkpoint needs SHA and evidence, not only a green word (12.420757ms)
frontend-baseline	Development plan cross-document order and negative probes	2026-10-07T05:51:03.0657747Z ✔ accepted checkpoint evidence must resolve (6.396029ms)
frontend-baseline	Development plan cross-document order and negative probes	2026-10-07T05:51:03.0658299Z ✔ missing checkpoint and unknown dependency fail closed (14.811254ms)
frontend-baseline	Development plan cross-document order and negative probes	2026-10-07T05:51:03.0658915Z ✔ API windows cannot skip their preceding provider checkpoint (11.082023ms)
frontend-baseline	Development plan cross-document order and negative probes	2026-10-07T05:51:03.0659540Z ✔ UI windows cannot skip the preceding reconciliation window (11.203112ms)
frontend-baseline	Development plan cross-document order and negative probes	2026-10-07T05:51:03.0660378Z ✔ Web intake preserves the explicit no-model-review schema (3.401172ms)
frontend-baseline	Development plan cross-document order and negative probes	2026-10-07T05:51:03.0665272Z ✔ missing Web task fields still fail closed (3.096668ms)
frontend-baseline	Development plan cross-document order and negative probes	2026-10-07T05:51:03.0686918Z ✔ both plans must publish exactly the same stage contract (13.613697ms)
frontend-baseline	Development plan cross-document order and negative probes	2026-10-07T05:51:03.0697311Z ✔ changing both plans cannot defer correctness or functional deadlines to release (34.316749ms)
frontend-baseline	Development plan cross-document order and negative probes	2026-10-07T05:51:03.0699194Z ✔ both plans must retain every deferred release obligation (36.125919ms)
frontend-baseline	Development plan cross-document order and negative probes	2026-10-07T05:51:03.0700818Z ✔ tasks and checkpoints cannot omit, invent, or misclassify their stage gate (48.758256ms)
frontend-baseline	Development plan cross-document order and negative probes	2026-10-07T05:51:03.0702393Z ✔ release prerequisites cannot block either development or integration (29.218817ms)
frontend-baseline	Development plan cross-document order and negative probes	2026-10-07T05:51:03.0704073Z ✔ release gates cannot skip business closure or inherit the wrong stage (33.571714ms)
frontend-baseline	Development plan cross-document order and negative probes	2026-10-07T05:51:03.0705841Z ✔ historical ACCEPTED and completed tasks do not automatically become READY (21.845316ms)
frontend-baseline	Development plan cross-document order and negative probes	2026-10-07T05:51:03.0707467Z ✔ READY needs its own input digest and resolvable evidence (73.574382ms)
frontend-baseline	Development plan cross-document order and negative probes	2026-10-07T05:51:03.0708849Z ✔ unassessed stage gates cannot carry an apparent ready receipt (15.252797ms)
frontend-baseline	Development plan cross-document order and negative probes	2026-10-07T05:51:03.0710503Z ✔ BLOCKED retains failure evidence and digest without being counted as READY (29.717447ms)
frontend-baseline	Development plan cross-document order and negative probes	2026-10-07T05:51:03.0712121Z ✔ a READY chain needs READY prerequisites and its own evidence at every node (40.586148ms)
frontend-baseline	Development plan cross-document order and negative probes	2026-10-07T05:51:03.0721175Z ✔ stage readiness never substitutes for formal acceptance evidence (7.248055ms)
frontend-baseline	Development plan cross-document order and negative probes	2026-10-07T05:51:03.0723501Z ✔ release READY requires formal acceptance and all functional prerequisites (19.529269ms)
frontend-baseline	Development plan cross-document order and negative probes	2026-10-07T05:51:03.0726186Z ✔ core intake follows the frontend audit-report format (14.084554ms)
frontend-baseline	Development plan cross-document order and negative probes	2026-10-07T05:51:03.0729988Z ✔ core review summary must be unique and link to audit evidence (17.115319ms)
frontend-baseline	Development plan cross-document order and negative probes	2026-10-07T05:51:03.0732161Z ✔ core shared task fields and existing window must stay consistent (33.684697ms)
frontend-baseline	Development plan cross-document order and negative probes	2026-10-07T05:51:03.0890207Z ℹ tests 38
frontend-baseline	Development plan cross-document order and negative probes	2026-10-07T05:51:03.0890716Z ℹ suites 0
frontend-baseline	Development plan cross-document order and negative probes	2026-10-07T05:51:03.0891150Z ℹ pass 38
frontend-baseline	Development plan cross-document order and negative probes	2026-10-07T05:51:03.0891557Z ℹ fail 0
frontend-baseline	Development plan cross-document order and negative probes	2026-10-07T05:51:03.0891985Z ℹ cancelled 0
frontend-baseline	Development plan cross-document order and negative probes	2026-10-07T05:51:03.0892437Z ℹ skipped 0
frontend-baseline	Development plan cross-document order and negative probes	2026-10-07T05:51:03.0892849Z ℹ todo 0
frontend-baseline	Development plan cross-document order and negative probes	2026-10-07T05:51:03.0893334Z ℹ duration_ms 830.69963
frontend-baseline	Design token & i18n checks (PRE-02)	﻿2026-10-07T05:51:03.1076200Z ##[group]Run pnpm check:pre02 && pnpm test:pre02
frontend-baseline	Design token & i18n checks (PRE-02)	2026-10-07T05:51:03.1076632Z ^[[36;1mpnpm check:pre02 && pnpm test:pre02^[[0m
frontend-baseline	Design token & i18n checks (PRE-02)	2026-10-07T05:51:03.1139216Z shell: /usr/bin/bash -e {0}
frontend-baseline	Design token & i18n checks (PRE-02)	2026-10-07T05:51:03.1139494Z env:
frontend-baseline	Design token & i18n checks (PRE-02)	2026-10-07T05:51:03.1139783Z   QUANTOS_BFF_BASE: 2835e41fcaa9f3924e9f03f95c62727b9e6c69b9
frontend-baseline	Design token & i18n checks (PRE-02)	2026-10-07T05:51:03.1140181Z   NEXT_PUBLIC_QUANTOS_ENV: local-mock
frontend-baseline	Design token & i18n checks (PRE-02)	2026-10-07T05:51:03.1140525Z   NEXT_PUBLIC_SITE_ORIGIN: https://sumalpha.ai
frontend-baseline	Design token & i18n checks (PRE-02)	2026-10-07T05:51:03.1140961Z   NEXT_PUBLIC_QUANTOS_TERMINAL_ORIGIN: http://localhost:3190
frontend-baseline	Design token & i18n checks (PRE-02)	2026-10-07T05:51:03.1141413Z   NEXT_PUBLIC_QUANTOS_BFF_ORIGIN: http://localhost:4010
frontend-baseline	Design token & i18n checks (PRE-02)	2026-10-07T05:51:03.1141838Z   NEXT_PUBLIC_QUANTOS_OIDC_ISSUER: https://mock.idp.local
frontend-baseline	Design token & i18n checks (PRE-02)	2026-10-07T05:51:03.1142267Z   NEXT_PUBLIC_QUANTOS_OIDC_CLIENT_ID: quantos-terminal-ci
frontend-baseline	Design token & i18n checks (PRE-02)	2026-10-07T05:51:03.1142767Z   NEXT_PUBLIC_QUANTOS_OIDC_REDIRECT_URI: http://localhost:3190/auth/callback
frontend-baseline	Design token & i18n checks (PRE-02)	2026-10-07T05:51:03.1143239Z   NEXT_PUBLIC_QUANTOS_DEFAULT_MODE: paper
frontend-baseline	Design token & i18n checks (PRE-02)	2026-10-07T05:51:03.1143568Z   NEXT_PUBLIC_QUANTOS_MOCK_ENABLED: true
frontend-baseline	Design token & i18n checks (PRE-02)	2026-10-07T05:51:03.1143935Z   NEXT_PUBLIC_QUANTOS_OBS_ENABLED: false
frontend-baseline	Design token & i18n checks (PRE-02)	2026-10-07T05:51:03.1144300Z   NEXT_PUBLIC_QUANTOS_FEATURE_ASSISTED_LIVE_TESTNET: off
frontend-baseline	Design token & i18n checks (PRE-02)	2026-10-07T05:51:03.1144677Z   CARGO_HOME: /home/runner/.cargo
frontend-baseline	Design token & i18n checks (PRE-02)	2026-10-07T05:51:03.1144954Z   CARGO_INCREMENTAL: 0
frontend-baseline	Design token & i18n checks (PRE-02)	2026-10-07T05:51:03.1145198Z   CARGO_TERM_COLOR: always
frontend-baseline	Design token & i18n checks (PRE-02)	2026-10-07T05:51:03.1145692Z ##[endgroup]
frontend-baseline	Design token & i18n checks (PRE-02)	2026-10-07T05:51:03.4081692Z 
frontend-baseline	Design token & i18n checks (PRE-02)	2026-10-07T05:51:03.4082547Z > @sumalpha/quantos@ check:pre02 /home/runner/work/QuantOS/QuantOS
frontend-baseline	Design token & i18n checks (PRE-02)	2026-10-07T05:51:03.4083221Z > pnpm --filter @sumalpha/ui check:design
frontend-baseline	Design token & i18n checks (PRE-02)	2026-10-07T05:51:03.4083479Z 
frontend-baseline	Design token & i18n checks (PRE-02)	2026-10-07T05:51:03.7173674Z 
frontend-baseline	Design token & i18n checks (PRE-02)	2026-10-07T05:51:03.7174544Z > @sumalpha/ui@0.1.0 check:design /home/runner/work/QuantOS/QuantOS/packages/ui
frontend-baseline	Design token & i18n checks (PRE-02)	2026-10-07T05:51:03.7175075Z > node scripts/pre02-checks.mjs
frontend-baseline	Design token & i18n checks (PRE-02)	2026-10-07T05:51:03.7175266Z 
frontend-baseline	Design token & i18n checks (PRE-02)	2026-10-07T05:51:04.0940485Z {
frontend-baseline	Design token & i18n checks (PRE-02)	2026-10-07T05:51:04.0941075Z   "schema": "quantos-pre02/v2",
frontend-baseline	Design token & i18n checks (PRE-02)	2026-10-07T05:51:04.0941551Z   "status": "PASS",
frontend-baseline	Design token & i18n checks (PRE-02)	2026-10-07T05:51:04.0941899Z   "wcag_pairs": 252,
frontend-baseline	Design token & i18n checks (PRE-02)	2026-10-07T05:51:04.0942315Z   "safety_keys": 18,
frontend-baseline	Design token & i18n checks (PRE-02)	2026-10-07T05:51:04.0942705Z   "common_component_rows": 19,
frontend-baseline	Design token & i18n checks (PRE-02)	2026-10-07T05:51:04.0943651Z   "domain_component_rows": 25,
frontend-baseline	Design token & i18n checks (PRE-02)	2026-10-07T05:51:04.0944111Z   "baseline_stories": 7
frontend-baseline	Design token & i18n checks (PRE-02)	2026-10-07T05:51:04.0944485Z }
frontend-baseline	Design token & i18n checks (PRE-02)	2026-10-07T05:51:04.3933404Z 
frontend-baseline	Design token & i18n checks (PRE-02)	2026-10-07T05:51:04.3934739Z > @sumalpha/quantos@ test:pre02 /home/runner/work/QuantOS/QuantOS
frontend-baseline	Design token & i18n checks (PRE-02)	2026-10-07T05:51:04.3935316Z > pnpm --filter @sumalpha/ui test:pre02
frontend-baseline	Design token & i18n checks (PRE-02)	2026-10-07T05:51:04.3935721Z 
frontend-baseline	Design token & i18n checks (PRE-02)	2026-10-07T05:51:04.6999009Z 
frontend-baseline	Design token & i18n checks (PRE-02)	2026-10-07T05:51:04.6999906Z > @sumalpha/ui@0.1.0 test:pre02 /home/runner/work/QuantOS/QuantOS/packages/ui
frontend-baseline	Design token & i18n checks (PRE-02)	2026-10-07T05:51:04.7000609Z > node --test scripts/pre02-gate-negative.mjs
frontend-baseline	Design token & i18n checks (PRE-02)	2026-10-07T05:51:04.7001080Z 
frontend-baseline	Design token & i18n checks (PRE-02)	2026-10-07T05:51:05.2167377Z ✔ current PRE-02 design-system contract passes (24.042182ms)
frontend-baseline	Design token & i18n checks (PRE-02)	2026-10-07T05:51:05.2188416Z ✔ renaming a required safety key fails even when the count stays at 18 (5.638169ms)
frontend-baseline	Design token & i18n checks (PRE-02)	2026-10-07T05:51:05.2226603Z ✔ missing state color mapping fails closed (4.343297ms)
frontend-baseline	Design token & i18n checks (PRE-02)	2026-10-07T05:51:05.2228967Z ✔ insufficient focus contrast is rejected (3.913969ms)
frontend-baseline	Design token & i18n checks (PRE-02)	2026-10-07T05:51:05.2239447Z ✔ missing readonly viewport is rejected (4.0742ms)
frontend-baseline	Design token & i18n checks (PRE-02)	2026-10-07T05:51:05.2240467Z ✔ deny cannot become success (4.014508ms)
frontend-baseline	Design token & i18n checks (PRE-02)	2026-10-07T05:51:05.2241557Z ✔ mapped token paths must exist (2.818814ms)
frontend-baseline	Design token & i18n checks (PRE-02)	2026-10-07T05:51:05.2242590Z ✔ English safety semantics cannot be inverted (2.192453ms)
frontend-baseline	Design token & i18n checks (PRE-02)	2026-10-07T05:51:05.2243623Z ✔ all compact density values remain frozen (3.153194ms)
frontend-baseline	Design token & i18n checks (PRE-02)	2026-10-07T05:51:05.2244541Z ✔ focus width and path remain frozen (3.12432ms)
frontend-baseline	Design token & i18n checks (PRE-02)	2026-10-07T05:51:05.2245481Z ✔ breakpoint intervals cannot develop gaps (2.839834ms)
frontend-baseline	Design token & i18n checks (PRE-02)	2026-10-07T05:51:05.2246927Z ✔ typography and spacing must match the reviewed contract (2.749313ms)
frontend-baseline	Design token & i18n checks (PRE-02)	2026-10-07T05:51:05.2248056Z ✔ required component identity cannot be replaced (1.995652ms)
frontend-baseline	Design token & i18n checks (PRE-02)	2026-10-07T05:51:05.2249225Z ✔ comments do not supply executable Storybook configuration (1.914539ms)
frontend-baseline	Design token & i18n checks (PRE-02)	2026-10-07T05:51:05.2250455Z ✔ surface.2 contrast cannot be removed from the contract (2.332707ms)
frontend-baseline	Design token & i18n checks (PRE-02)	2026-10-07T05:51:05.2252341Z ✔ native reference viewport is not a prerequisite of the Web Gate (1.807197ms)
frontend-baseline	Design token & i18n checks (PRE-02)	2026-10-07T05:51:05.2253684Z ✔ disabled contrast rule cannot hide behind a matching comment (2.054462ms)
frontend-baseline	Design token & i18n checks (PRE-02)	2026-10-07T05:51:05.2254977Z ✔ readonly viewport dimensions cannot hide behind its identifier (2.947276ms)
frontend-baseline	Design token & i18n checks (PRE-02)	2026-10-07T05:51:05.2256543Z ✔ phase-two page cannot enter the Web component acceptance rows (3.345446ms)
frontend-baseline	Design token & i18n checks (PRE-02)	2026-10-07T05:51:05.2257892Z ✔ provider JSX outside the decorator cannot authorize empty decorators (3.006617ms)
frontend-baseline	Design token & i18n checks (PRE-02)	2026-10-07T05:51:05.2259296Z ✔ unexported configuration does not authorize a Storybook entry (2.022903ms)
frontend-baseline	Design token & i18n checks (PRE-02)	2026-10-07T05:51:05.2260532Z ✔ initial theme cannot contradict the dark default contract (2.013676ms)
frontend-baseline	Design token & i18n checks (PRE-02)	2026-10-07T05:51:05.2261675Z ✔ object spread cannot silently override required addons (2.887994ms)
frontend-baseline	Design token & i18n checks (PRE-02)	2026-10-07T05:51:05.2262882Z ✔ duplicate decorators cannot replace the validated provider tree (2.060324ms)
frontend-baseline	Design token & i18n checks (PRE-02)	2026-10-07T05:51:05.2264066Z ✔ dead JSX branches are not executed provider decorators (3.145159ms)
frontend-baseline	Design token & i18n checks (PRE-02)	2026-10-07T05:51:05.2265272Z ✔ provider attributes cannot be overwritten through JSX spreads (3.516519ms)
frontend-baseline	Design token & i18n checks (PRE-02)	2026-10-07T05:51:05.2266875Z ✔ provider-only JSX without the Story consumer is rejected (1.827796ms)
frontend-baseline	Design token & i18n checks (PRE-02)	2026-10-07T05:51:05.2518164Z ℹ tests 27
frontend-baseline	Design token & i18n checks (PRE-02)	2026-10-07T05:51:05.2518723Z ℹ suites 0
frontend-baseline	Design token & i18n checks (PRE-02)	2026-10-07T05:51:05.2519156Z ℹ pass 27
frontend-baseline	Design token & i18n checks (PRE-02)	2026-10-07T05:51:05.2519565Z ℹ fail 0
frontend-baseline	Design token & i18n checks (PRE-02)	2026-10-07T05:51:05.2519990Z ℹ cancelled 0
frontend-baseline	Design token & i18n checks (PRE-02)	2026-10-07T05:51:05.2520415Z ℹ skipped 0
frontend-baseline	Design token & i18n checks (PRE-02)	2026-10-07T05:51:05.2520650Z ℹ todo 0
frontend-baseline	Design token & i18n checks (PRE-02)	2026-10-07T05:51:05.2520912Z ℹ duration_ms 523.667657
frontend-baseline	Environment config checks (PRE-05)	﻿2026-10-07T05:51:05.2769039Z ##[group]Run pnpm check:pre05 && pnpm test:pre05
frontend-baseline	Environment config checks (PRE-05)	2026-10-07T05:51:05.2769712Z ^[[36;1mpnpm check:pre05 && pnpm test:pre05^[[0m
frontend-baseline	Environment config checks (PRE-05)	2026-10-07T05:51:05.2838528Z shell: /usr/bin/bash -e {0}
frontend-baseline	Environment config checks (PRE-05)	2026-10-07T05:51:05.2838798Z env:
frontend-baseline	Environment config checks (PRE-05)	2026-10-07T05:51:05.2839073Z   QUANTOS_BFF_BASE: 2835e41fcaa9f3924e9f03f95c62727b9e6c69b9
frontend-baseline	Environment config checks (PRE-05)	2026-10-07T05:51:05.2839439Z   NEXT_PUBLIC_QUANTOS_ENV: local-mock
frontend-baseline	Environment config checks (PRE-05)	2026-10-07T05:51:05.2839759Z   NEXT_PUBLIC_SITE_ORIGIN: https://sumalpha.ai
frontend-baseline	Environment config checks (PRE-05)	2026-10-07T05:51:05.2840145Z   NEXT_PUBLIC_QUANTOS_TERMINAL_ORIGIN: http://localhost:3190
frontend-baseline	Environment config checks (PRE-05)	2026-10-07T05:51:05.2840738Z   NEXT_PUBLIC_QUANTOS_BFF_ORIGIN: http://localhost:4010
frontend-baseline	Environment config checks (PRE-05)	2026-10-07T05:51:05.2841120Z   NEXT_PUBLIC_QUANTOS_OIDC_ISSUER: https://mock.idp.local
frontend-baseline	Environment config checks (PRE-05)	2026-10-07T05:51:05.2841494Z   NEXT_PUBLIC_QUANTOS_OIDC_CLIENT_ID: quantos-terminal-ci
frontend-baseline	Environment config checks (PRE-05)	2026-10-07T05:51:05.2841927Z   NEXT_PUBLIC_QUANTOS_OIDC_REDIRECT_URI: http://localhost:3190/auth/callback
frontend-baseline	Environment config checks (PRE-05)	2026-10-07T05:51:05.2842336Z   NEXT_PUBLIC_QUANTOS_DEFAULT_MODE: paper
frontend-baseline	Environment config checks (PRE-05)	2026-10-07T05:51:05.2842628Z   NEXT_PUBLIC_QUANTOS_MOCK_ENABLED: true
frontend-baseline	Environment config checks (PRE-05)	2026-10-07T05:51:05.2842973Z   NEXT_PUBLIC_QUANTOS_OBS_ENABLED: false
frontend-baseline	Environment config checks (PRE-05)	2026-10-07T05:51:05.2843300Z   NEXT_PUBLIC_QUANTOS_FEATURE_ASSISTED_LIVE_TESTNET: off
frontend-baseline	Environment config checks (PRE-05)	2026-10-07T05:51:05.2843631Z   CARGO_HOME: /home/runner/.cargo
frontend-baseline	Environment config checks (PRE-05)	2026-10-07T05:51:05.2843885Z   CARGO_INCREMENTAL: 0
frontend-baseline	Environment config checks (PRE-05)	2026-10-07T05:51:05.2844110Z   CARGO_TERM_COLOR: always
frontend-baseline	Environment config checks (PRE-05)	2026-10-07T05:51:05.2844343Z ##[endgroup]
frontend-baseline	Environment config checks (PRE-05)	2026-10-07T05:51:05.5673325Z 
frontend-baseline	Environment config checks (PRE-05)	2026-10-07T05:51:05.5674075Z > @sumalpha/quantos@ check:pre05 /home/runner/work/QuantOS/QuantOS
frontend-baseline	Environment config checks (PRE-05)	2026-10-07T05:51:05.5674775Z > pnpm --filter @sumalpha/config check:env
frontend-baseline	Environment config checks (PRE-05)	2026-10-07T05:51:05.5675057Z 
frontend-baseline	Environment config checks (PRE-05)	2026-10-07T05:51:05.8874464Z 
frontend-baseline	Environment config checks (PRE-05)	2026-10-07T05:51:05.8876159Z > @sumalpha/config@0.1.0 check:env /home/runner/work/QuantOS/QuantOS/packages/config
frontend-baseline	Environment config checks (PRE-05)	2026-10-07T05:51:05.8876949Z > node scripts/check-env.mjs --examples
frontend-baseline	Environment config checks (PRE-05)	2026-10-07T05:51:05.8877172Z 
frontend-baseline	Environment config checks (PRE-05)	2026-10-07T05:51:06.0238985Z ok    env/local-mock.env.example
frontend-baseline	Environment config checks (PRE-05)	2026-10-07T05:51:06.0617850Z ok    env/local-integrated.env.example
frontend-baseline	Environment config checks (PRE-05)	2026-10-07T05:51:06.0986523Z ok    env/staging.env.example
frontend-baseline	Environment config checks (PRE-05)	2026-10-07T05:51:06.0986992Z 
frontend-baseline	Environment config checks (PRE-05)	2026-10-07T05:51:06.0987475Z 环境配置校验全部通过
frontend-baseline	Environment config checks (PRE-05)	2026-10-07T05:51:06.3983496Z 
frontend-baseline	Environment config checks (PRE-05)	2026-10-07T05:51:06.3984376Z > @sumalpha/quantos@ test:pre05 /home/runner/work/QuantOS/QuantOS
frontend-baseline	Environment config checks (PRE-05)	2026-10-07T05:51:06.3985175Z > pnpm --filter @sumalpha/config test && node --test scripts/pre05-gate-negative.mjs
frontend-baseline	Environment config checks (PRE-05)	2026-10-07T05:51:06.3985841Z 
frontend-baseline	Environment config checks (PRE-05)	2026-10-07T05:51:06.7132309Z 
frontend-baseline	Environment config checks (PRE-05)	2026-10-07T05:51:06.7133192Z > @sumalpha/config@0.1.0 test /home/runner/work/QuantOS/QuantOS/packages/config
frontend-baseline	Environment config checks (PRE-05)	2026-10-07T05:51:06.7133911Z > vitest run
frontend-baseline	Environment config checks (PRE-05)	2026-10-07T05:51:06.7134100Z 
frontend-baseline	Environment config checks (PRE-05)	2026-10-07T05:51:06.9666259Z 
frontend-baseline	Environment config checks (PRE-05)	2026-10-07T05:51:06.9701712Z ^[[1m^[[30m^[[46m RUN ^[[49m^[[39m^[[22m ^[[36mv4.1.11 ^[[39m^[[90m/home/runner/work/QuantOS/QuantOS/packages/config^[[39m
frontend-baseline	Environment config checks (PRE-05)	2026-10-07T05:51:06.9703324Z 
frontend-baseline	Environment config checks (PRE-05)	2026-10-07T05:51:07.6548045Z  ^[[32m✓^[[39m tests/config.test.ts ^[[2m(^[[22m^[[2m26 tests^[[22m^[[2m)^[[22m^[[33m 422^[[2mms^[[22m^[[39m
frontend-baseline	Environment config checks (PRE-05)	2026-10-07T05:51:07.6565695Z 
frontend-baseline	Environment config checks (PRE-05)	2026-10-07T05:51:07.6570795Z ^[[2m Test Files ^[[22m ^[[1m^[[32m1 passed^[[39m^[[22m^[[90m (1)^[[39m
frontend-baseline	Environment config checks (PRE-05)	2026-10-07T05:51:07.6572082Z ^[[2m      Tests ^[[22m ^[[1m^[[32m26 passed^[[39m^[[22m^[[90m (26)^[[39m
frontend-baseline	Environment config checks (PRE-05)	2026-10-07T05:51:07.6573048Z ^[[2m   Start at ^[[22m 05:51:06
frontend-baseline	Environment config checks (PRE-05)	2026-10-07T05:51:07.6574561Z ^[[2m   Duration ^[[22m 680ms^[[2m (transform 70ms, setup 0ms, import 90ms, tests 422ms, environment 0ms)^[[22m
frontend-baseline	Environment config checks (PRE-05)	2026-10-07T05:51:07.6575419Z 
frontend-baseline	Environment config checks (PRE-05)	2026-10-07T05:51:10.7869651Z ✔ public client ID and public Sentry DSN pass client scan (2.022503ms)
frontend-baseline	Environment config checks (PRE-05)	2026-10-07T05:51:10.7871900Z ✔ known secret shapes are rejected in every supported client artifact type (9.904922ms)
frontend-baseline	Environment config checks (PRE-05)	2026-10-07T05:51:10.7877158Z ✔ arbitrary injected server credentials and encoded forms are rejected (24.245055ms)
frontend-baseline	Environment config checks (PRE-05)	2026-10-07T05:51:10.7881629Z ✔ scanner rejects missing, empty and file roots (2.486277ms)
frontend-baseline	Environment config checks (PRE-05)	2026-10-07T05:51:10.7884675Z ✔ scanner does not follow symlink artifacts (0.930915ms)
frontend-baseline	Environment config checks (PRE-05)	2026-10-07T05:51:10.7888224Z ✔ artifact CLI fails closed and never echoes the synthetic secret (124.596445ms)
frontend-baseline	Environment config checks (PRE-05)	2026-10-07T05:51:10.7894967Z ✔ relative and absolute env-file paths both work, missing paths fail (375.527697ms)
frontend-baseline	Environment config checks (PRE-05)	2026-10-07T05:51:10.7896623Z ✔ both actual application build commands enforce the client artifact gate (0.660785ms)
frontend-baseline	Environment config checks (PRE-05)	2026-10-07T05:51:10.7899553Z ✔ short server credentials are scanned; empty unset credentials do not match everything (6.94612ms)
frontend-baseline	Environment config checks (PRE-05)	2026-10-07T05:51:10.7903002Z ✔ production CLI loads app dotenv precedence and expansion, isolated per app (2440.201038ms)
frontend-baseline	Environment config checks (PRE-05)	2026-10-07T05:51:10.8029775Z ℹ tests 10
frontend-baseline	Environment config checks (PRE-05)	2026-10-07T05:51:10.8030203Z ℹ suites 0
frontend-baseline	Environment config checks (PRE-05)	2026-10-07T05:51:10.8030559Z ℹ pass 10
frontend-baseline	Environment config checks (PRE-05)	2026-10-07T05:51:10.8031149Z ℹ fail 0
frontend-baseline	Environment config checks (PRE-05)	2026-10-07T05:51:10.8031388Z ℹ cancelled 0
frontend-baseline	Environment config checks (PRE-05)	2026-10-07T05:51:10.8031626Z ℹ skipped 0
frontend-baseline	Environment config checks (PRE-05)	2026-10-07T05:51:10.8031840Z ℹ todo 0
frontend-baseline	Environment config checks (PRE-05)	2026-10-07T05:51:10.8032100Z ℹ duration_ms 3099.553528
frontend-baseline	PRE-01 page, permission, state and traceability contract	﻿2026-10-07T05:51:10.8207286Z ##[group]Run pnpm check:pre01 && pnpm test:pre01
frontend-baseline	PRE-01 page, permission, state and traceability contract	2026-10-07T05:51:10.8207687Z ^[[36;1mpnpm check:pre01 && pnpm test:pre01^[[0m
frontend-baseline	PRE-01 page, permission, state and traceability contract	2026-10-07T05:51:10.8270278Z shell: /usr/bin/bash -e {0}
frontend-baseline	PRE-01 page, permission, state and traceability contract	2026-10-07T05:51:10.8270539Z env:
frontend-baseline	PRE-01 page, permission, state and traceability contract	2026-10-07T05:51:10.8270806Z   QUANTOS_BFF_BASE: 2835e41fcaa9f3924e9f03f95c62727b9e6c69b9
frontend-baseline	PRE-01 page, permission, state and traceability contract	2026-10-07T05:51:10.8271169Z   NEXT_PUBLIC_QUANTOS_ENV: local-mock
frontend-baseline	PRE-01 page, permission, state and traceability contract	2026-10-07T05:51:10.8271483Z   NEXT_PUBLIC_SITE_ORIGIN: https://sumalpha.ai
frontend-baseline	PRE-01 page, permission, state and traceability contract	2026-10-07T05:51:10.8271870Z   NEXT_PUBLIC_QUANTOS_TERMINAL_ORIGIN: http://localhost:3190
frontend-baseline	PRE-01 page, permission, state and traceability contract	2026-10-07T05:51:10.8272291Z   NEXT_PUBLIC_QUANTOS_BFF_ORIGIN: http://localhost:4010
frontend-baseline	PRE-01 page, permission, state and traceability contract	2026-10-07T05:51:10.8272685Z   NEXT_PUBLIC_QUANTOS_OIDC_ISSUER: https://mock.idp.local
frontend-baseline	PRE-01 page, permission, state and traceability contract	2026-10-07T05:51:10.8273063Z   NEXT_PUBLIC_QUANTOS_OIDC_CLIENT_ID: quantos-terminal-ci
frontend-baseline	PRE-01 page, permission, state and traceability contract	2026-10-07T05:51:10.8273526Z   NEXT_PUBLIC_QUANTOS_OIDC_REDIRECT_URI: http://localhost:3190/auth/callback
frontend-baseline	PRE-01 page, permission, state and traceability contract	2026-10-07T05:51:10.8273948Z   NEXT_PUBLIC_QUANTOS_DEFAULT_MODE: paper
frontend-baseline	PRE-01 page, permission, state and traceability contract	2026-10-07T05:51:10.8274245Z   NEXT_PUBLIC_QUANTOS_MOCK_ENABLED: true
frontend-baseline	PRE-01 page, permission, state and traceability contract	2026-10-07T05:51:10.8274580Z   NEXT_PUBLIC_QUANTOS_OBS_ENABLED: false
frontend-baseline	PRE-01 page, permission, state and traceability contract	2026-10-07T05:51:10.8274904Z   NEXT_PUBLIC_QUANTOS_FEATURE_ASSISTED_LIVE_TESTNET: off
frontend-baseline	PRE-01 page, permission, state and traceability contract	2026-10-07T05:51:10.8275237Z   CARGO_HOME: /home/runner/.cargo
frontend-baseline	PRE-01 page, permission, state and traceability contract	2026-10-07T05:51:10.8275789Z   CARGO_INCREMENTAL: 0
frontend-baseline	PRE-01 page, permission, state and traceability contract	2026-10-07T05:51:10.8276050Z   CARGO_TERM_COLOR: always
frontend-baseline	PRE-01 page, permission, state and traceability contract	2026-10-07T05:51:10.8276281Z ##[endgroup]
frontend-baseline	PRE-01 page, permission, state and traceability contract	2026-10-07T05:51:11.1256415Z 
frontend-baseline	PRE-01 page, permission, state and traceability contract	2026-10-07T05:51:11.1257268Z > @sumalpha/quantos@ check:pre01 /home/runner/work/QuantOS/QuantOS
frontend-baseline	PRE-01 page, permission, state and traceability contract	2026-10-07T05:51:11.1257888Z > node ./scripts/check-pre01.mjs
frontend-baseline	PRE-01 page, permission, state and traceability contract	2026-10-07T05:51:11.1258110Z 
frontend-baseline	PRE-01 page, permission, state and traceability contract	2026-10-07T05:51:11.3767520Z {
frontend-baseline	PRE-01 page, permission, state and traceability contract	2026-10-07T05:51:11.3768184Z   "schema": "quantos-pre01/v2",
frontend-baseline	PRE-01 page, permission, state and traceability contract	2026-10-07T05:51:11.3768687Z   "status": "PASS",
frontend-baseline	PRE-01 page, permission, state and traceability contract	2026-10-07T05:51:11.3769049Z   "pages": 30,
frontend-baseline	PRE-01 page, permission, state and traceability contract	2026-10-07T05:51:11.3769414Z   "stories": 124,
frontend-baseline	PRE-01 page, permission, state and traceability contract	2026-10-07T05:51:11.3769755Z   "flow_stories": 8,
frontend-baseline	PRE-01 page, permission, state and traceability contract	2026-10-07T05:51:11.3770178Z   "acceptance_scenarios": 210,
frontend-baseline	PRE-01 page, permission, state and traceability contract	2026-10-07T05:51:11.3770611Z   "flow_scenarios": 10,
frontend-baseline	PRE-01 page, permission, state and traceability contract	2026-10-07T05:51:11.3771027Z   "states_per_page": 7,
frontend-baseline	PRE-01 page, permission, state and traceability contract	2026-10-07T05:51:11.3771405Z   "traceability_rows": 30
frontend-baseline	PRE-01 page, permission, state and traceability contract	2026-10-07T05:51:11.3771838Z }
frontend-baseline	PRE-01 page, permission, state and traceability contract	2026-10-07T05:51:11.6758121Z 
frontend-baseline	PRE-01 page, permission, state and traceability contract	2026-10-07T05:51:11.6758972Z > @sumalpha/quantos@ test:pre01 /home/runner/work/QuantOS/QuantOS
frontend-baseline	PRE-01 page, permission, state and traceability contract	2026-10-07T05:51:11.6759617Z > node --test ./scripts/tests/check-pre01.test.mjs
frontend-baseline	PRE-01 page, permission, state and traceability contract	2026-10-07T05:51:11.6759930Z 
frontend-baseline	PRE-01 page, permission, state and traceability contract	2026-10-07T05:51:12.0702380Z ✔ current PRE-01 artifacts satisfy the executable contract (11.181038ms)
frontend-baseline	PRE-01 page, permission, state and traceability contract	2026-10-07T05:51:12.0707827Z ✔ missing a page state fails closed (7.276257ms)
frontend-baseline	PRE-01 page, permission, state and traceability contract	2026-10-07T05:51:12.0708880Z ✔ invalid story priority fails closed (1.292367ms)
frontend-baseline	PRE-01 page, permission, state and traceability contract	2026-10-07T05:51:12.0709927Z ✔ missing traceability row fails closed (4.104788ms)
frontend-baseline	PRE-01 page, permission, state and traceability contract	2026-10-07T05:51:12.0711036Z ✔ published operation cannot regress to planned fails closed (3.944507ms)
frontend-baseline	PRE-01 page, permission, state and traceability contract	2026-10-07T05:51:12.0712321Z ✔ unknown role fails closed (1.037015ms)
frontend-baseline	PRE-01 page, permission, state and traceability contract	2026-10-07T05:51:12.0716139Z ✔ unknown route fails closed (1.121795ms)
frontend-baseline	PRE-01 page, permission, state and traceability contract	2026-10-07T05:51:12.0719842Z ✔ duplicate story fails closed (1.661412ms)
frontend-baseline	PRE-01 page, permission, state and traceability contract	2026-10-07T05:51:12.0723807Z ✔ missing flow stories fails closed (1.352971ms)
frontend-baseline	PRE-01 page, permission, state and traceability contract	2026-10-07T05:51:12.0738505Z ✔ missing flow scenarios fails closed (2.963096ms)
frontend-baseline	PRE-01 page, permission, state and traceability contract	2026-10-07T05:51:12.0739030Z ✔ unsafe proposal criterion fails closed (3.734931ms)
frontend-baseline	PRE-01 page, permission, state and traceability contract	2026-10-07T05:51:12.0739488Z ✔ unknown trace task fails closed (4.417228ms)
frontend-baseline	PRE-01 page, permission, state and traceability contract	2026-10-07T05:51:12.0751087Z ✔ unauthorized admin grant fails closed (3.045722ms)
frontend-baseline	PRE-01 page, permission, state and traceability contract	2026-10-07T05:51:12.0752238Z ✔ missing permission route fails closed (2.13256ms)
frontend-baseline	PRE-01 page, permission, state and traceability contract	2026-10-07T05:51:12.0757983Z ✔ phase-one P16 fails closed (0.276081ms)
frontend-baseline	PRE-01 page, permission, state and traceability contract	2026-10-07T05:51:12.0759095Z ✔ missing contract owner fails closed (3.743136ms)
frontend-baseline	PRE-01 page, permission, state and traceability contract	2026-10-07T05:51:12.0760369Z ✔ empty flow role fails closed (1.428443ms)
frontend-baseline	PRE-01 page, permission, state and traceability contract	2026-10-07T05:51:12.0761524Z ✔ empty flow route fails closed (1.545183ms)
frontend-baseline	PRE-01 page, permission, state and traceability contract	2026-10-07T05:51:12.0762646Z ✔ state label mismatch fails closed (2.234953ms)
frontend-baseline	PRE-01 page, permission, state and traceability contract	2026-10-07T05:51:12.0764181Z ✔ desktop-only story fails closed (1.013781ms)
frontend-baseline	PRE-01 page, permission, state and traceability contract	2026-10-07T05:51:12.0767006Z ✔ persistent offline cache fails closed (2.213322ms)
frontend-baseline	PRE-01 page, permission, state and traceability contract	2026-10-07T05:51:12.0770190Z ✔ admin domain permission fails closed (1.872881ms)
frontend-baseline	PRE-01 page, permission, state and traceability contract	2026-10-07T05:51:12.0776765Z ✔ missing page story fails closed (1.064627ms)
frontend-baseline	PRE-01 page, permission, state and traceability contract	2026-10-07T05:51:12.0777886Z ✔ cross-page route fails closed (0.930224ms)
frontend-baseline	PRE-01 page, permission, state and traceability contract	2026-10-07T05:51:12.0779833Z ✔ current G0 governance preserves history without granting current acceptance (3.339816ms)
frontend-baseline	PRE-01 page, permission, state and traceability contract	2026-10-07T05:51:12.0784223Z ✔ past-due G0 item cannot silently remain OPEN (1.556754ms)
frontend-baseline	PRE-01 page, permission, state and traceability contract	2026-10-07T05:51:12.0797220Z ✔ fabricated G0 acceptance fails against current checkpoint (1.362789ms)
frontend-baseline	PRE-01 page, permission, state and traceability contract	2026-10-07T05:51:12.0798490Z ✔ missing G0 leftover owner fails (1.458369ms)
frontend-baseline	PRE-01 page, permission, state and traceability contract	2026-10-07T05:51:12.0799958Z ✔ P05 cannot bind metadata download to an untraced audit export operation (3.56447ms)
frontend-baseline	PRE-01 page, permission, state and traceability contract	2026-10-07T05:51:12.0801942Z ✔ P21 cannot drop alert ownership from both ledger and trace while retaining the subscription (3.730833ms)
frontend-baseline	PRE-01 page, permission, state and traceability contract	2026-10-07T05:51:12.0803695Z ✔ unknown unlabelled operation in API register is rejected (5.157653ms)
frontend-baseline	PRE-01 page, permission, state and traceability contract	2026-10-07T05:51:12.0805084Z ✔ P05 quality alerts require C16 ownership on the consumer page (3.56457ms)
frontend-baseline	PRE-01 page, permission, state and traceability contract	2026-10-07T05:51:12.0806683Z ✔ API register rejects current version 1.4.0 (3.478828ms)
frontend-baseline	PRE-01 page, permission, state and traceability contract	2026-10-07T05:51:12.0809413Z ✔ API register rejects current version 99.99.0 (3.20942ms)
frontend-baseline	PRE-01 page, permission, state and traceability contract	2026-10-07T05:51:12.0819454Z ✔ published register row cannot omit API version (3.408666ms)
frontend-baseline	PRE-01 page, permission, state and traceability contract	2026-10-07T05:51:12.0821757Z ✔ published register row cannot omit generated mock version (3.433843ms)
frontend-baseline	PRE-01 page, permission, state and traceability contract	2026-10-07T05:51:12.0833777Z ✔ all ten historical compatibility strategies cannot be cleared (1.532329ms)
frontend-baseline	PRE-01 page, permission, state and traceability contract	2026-10-07T05:51:12.0839664Z ✔ current disposition cannot drop a historical parent (2.370519ms)
frontend-baseline	PRE-01 page, permission, state and traceability contract	2026-10-07T05:51:12.0841128Z ✔ current disposition requires effective checkpoint deadline (2.234622ms)
frontend-baseline	PRE-01 page, permission, state and traceability contract	2026-10-07T05:51:12.0842164Z ✔ current disposition cannot claim target RELEASE completion (2.054844ms)
frontend-baseline	PRE-01 page, permission, state and traceability contract	2026-10-07T05:51:12.0843180Z ✔ current disposition requires nonempty compatibility strategy (1.911343ms)
frontend-baseline	PRE-01 page, permission, state and traceability contract	2026-10-07T05:51:12.0844518Z ✔ current disposition presentation must match structured source (1.924608ms)
frontend-baseline	PRE-01 page, permission, state and traceability contract	2026-10-07T05:51:12.0846407Z ✔ current deadline cannot defer DEVELOPMENT provider obligations to integration (2.192163ms)
frontend-baseline	PRE-01 page, permission, state and traceability contract	2026-10-07T05:51:12.1007109Z ℹ tests 43
frontend-baseline	PRE-01 page, permission, state and traceability contract	2026-10-07T05:51:12.1007595Z ℹ suites 0
frontend-baseline	PRE-01 page, permission, state and traceability contract	2026-10-07T05:51:12.1008022Z ℹ pass 43
frontend-baseline	PRE-01 page, permission, state and traceability contract	2026-10-07T05:51:12.1008446Z ℹ fail 0
frontend-baseline	PRE-01 page, permission, state and traceability contract	2026-10-07T05:51:12.1008876Z ℹ cancelled 0
frontend-baseline	PRE-01 page, permission, state and traceability contract	2026-10-07T05:51:12.1009329Z ℹ skipped 0
frontend-baseline	PRE-01 page, permission, state and traceability contract	2026-10-07T05:51:12.1009755Z ℹ todo 0
frontend-baseline	PRE-01 page, permission, state and traceability contract	2026-10-07T05:51:12.1010248Z ℹ duration_ms 397.439751
frontend-baseline	Verify PROVIDER A1 functional receipts and rejection probes	﻿2026-10-07T05:51:12.1162870Z ##[group]Run pnpm check:provider-a1 && pnpm test:provider-a1
frontend-baseline	Verify PROVIDER A1 functional receipts and rejection probes	2026-10-07T05:51:12.1163350Z ^[[36;1mpnpm check:provider-a1 && pnpm test:provider-a1^[[0m
frontend-baseline	Verify PROVIDER A1 functional receipts and rejection probes	2026-10-07T05:51:12.1227240Z shell: /usr/bin/bash -e {0}
frontend-baseline	Verify PROVIDER A1 functional receipts and rejection probes	2026-10-07T05:51:12.1227496Z env:
frontend-baseline	Verify PROVIDER A1 functional receipts and rejection probes	2026-10-07T05:51:12.1227759Z   QUANTOS_BFF_BASE: 2835e41fcaa9f3924e9f03f95c62727b9e6c69b9
frontend-baseline	Verify PROVIDER A1 functional receipts and rejection probes	2026-10-07T05:51:12.1228145Z   NEXT_PUBLIC_QUANTOS_ENV: local-mock
frontend-baseline	Verify PROVIDER A1 functional receipts and rejection probes	2026-10-07T05:51:12.1228470Z   NEXT_PUBLIC_SITE_ORIGIN: https://sumalpha.ai
frontend-baseline	Verify PROVIDER A1 functional receipts and rejection probes	2026-10-07T05:51:12.1228844Z   NEXT_PUBLIC_QUANTOS_TERMINAL_ORIGIN: http://localhost:3190
frontend-baseline	Verify PROVIDER A1 functional receipts and rejection probes	2026-10-07T05:51:12.1229232Z   NEXT_PUBLIC_QUANTOS_BFF_ORIGIN: http://localhost:4010
frontend-baseline	Verify PROVIDER A1 functional receipts and rejection probes	2026-10-07T05:51:12.1229604Z   NEXT_PUBLIC_QUANTOS_OIDC_ISSUER: https://mock.idp.local
frontend-baseline	Verify PROVIDER A1 functional receipts and rejection probes	2026-10-07T05:51:12.1229974Z   NEXT_PUBLIC_QUANTOS_OIDC_CLIENT_ID: quantos-terminal-ci
frontend-baseline	Verify PROVIDER A1 functional receipts and rejection probes	2026-10-07T05:51:12.1230408Z   NEXT_PUBLIC_QUANTOS_OIDC_REDIRECT_URI: http://localhost:3190/auth/callback
frontend-baseline	Verify PROVIDER A1 functional receipts and rejection probes	2026-10-07T05:51:12.1230838Z   NEXT_PUBLIC_QUANTOS_DEFAULT_MODE: paper
frontend-baseline	Verify PROVIDER A1 functional receipts and rejection probes	2026-10-07T05:51:12.1231271Z   NEXT_PUBLIC_QUANTOS_MOCK_ENABLED: true
frontend-baseline	Verify PROVIDER A1 functional receipts and rejection probes	2026-10-07T05:51:12.1231556Z   NEXT_PUBLIC_QUANTOS_OBS_ENABLED: false
frontend-baseline	Verify PROVIDER A1 functional receipts and rejection probes	2026-10-07T05:51:12.1231874Z   NEXT_PUBLIC_QUANTOS_FEATURE_ASSISTED_LIVE_TESTNET: off
frontend-baseline	Verify PROVIDER A1 functional receipts and rejection probes	2026-10-07T05:51:12.1232200Z   CARGO_HOME: /home/runner/.cargo
frontend-baseline	Verify PROVIDER A1 functional receipts and rejection probes	2026-10-07T05:51:12.1232468Z   CARGO_INCREMENTAL: 0
frontend-baseline	Verify PROVIDER A1 functional receipts and rejection probes	2026-10-07T05:51:12.1232870Z   CARGO_TERM_COLOR: always
frontend-baseline	Verify PROVIDER A1 functional receipts and rejection probes	2026-10-07T05:51:12.1233089Z ##[endgroup]
frontend-baseline	Verify PROVIDER A1 functional receipts and rejection probes	2026-10-07T05:51:12.4114326Z 
frontend-baseline	Verify PROVIDER A1 functional receipts and rejection probes	2026-10-07T05:51:12.4115317Z > @sumalpha/quantos@ check:provider-a1 /home/runner/work/QuantOS/QuantOS
frontend-baseline	Verify PROVIDER A1 functional receipts and rejection probes	2026-10-07T05:51:12.4116093Z > node scripts/provider-a1-receipts.mjs
frontend-baseline	Verify PROVIDER A1 functional receipts and rejection probes	2026-10-07T05:51:12.4116356Z 
frontend-baseline	Verify PROVIDER A1 functional receipts and rejection probes	2026-10-07T05:51:13.8553183Z {
frontend-baseline	Verify PROVIDER A1 functional receipts and rejection probes	2026-10-07T05:51:13.8553687Z   "status": "READY",
frontend-baseline	Verify PROVIDER A1 functional receipts and rejection probes	2026-10-07T05:51:13.8554097Z   "nodeId": "PROVIDER:A1",
frontend-baseline	Verify PROVIDER A1 functional receipts and rejection probes	2026-10-07T05:51:13.8554909Z   "inputDigest": "sha256:a1f0229f5b98e70c765eacd6225b3f7bd2f1d99f03009c2a4114cac641e4572f",
frontend-baseline	Verify PROVIDER A1 functional receipts and rejection probes	2026-10-07T05:51:13.8556023Z   "formalAccepted": false
frontend-baseline	Verify PROVIDER A1 functional receipts and rejection probes	2026-10-07T05:51:13.8556401Z }
frontend-baseline	Verify PROVIDER A1 functional receipts and rejection probes	2026-10-07T05:51:14.1573742Z 
frontend-baseline	Verify PROVIDER A1 functional receipts and rejection probes	2026-10-07T05:51:14.1574717Z > @sumalpha/quantos@ test:provider-a1 /home/runner/work/QuantOS/QuantOS
frontend-baseline	Verify PROVIDER A1 functional receipts and rejection probes	2026-10-07T05:51:14.1575995Z > node --test scripts/provider-a1-receipts.test.mjs
frontend-baseline	Verify PROVIDER A1 functional receipts and rejection probes	2026-10-07T05:51:14.1576474Z 
frontend-baseline	Verify PROVIDER A1 functional receipts and rejection probes	2026-10-07T05:51:14.7205791Z ✔ valid source and execution-bound dependency chain is READY without release signatures (24.561132ms)
frontend-baseline	Verify PROVIDER A1 functional receipts and rejection probes	2026-10-07T05:51:14.7209378Z ✔ missing required execution (20.41209ms)
frontend-baseline	Verify PROVIDER A1 functional receipts and rejection probes	2026-10-07T05:51:14.7210168Z ✔ failed execution (15.263825ms)
frontend-baseline	Verify PROVIDER A1 functional receipts and rejection probes	2026-10-07T05:51:14.7210887Z ✔ wrong actual command (16.082426ms)
frontend-baseline	Verify PROVIDER A1 functional receipts and rejection probes	2026-10-07T05:51:14.7211620Z ✔ unresolved issue (12.181014ms)
frontend-baseline	Verify PROVIDER A1 functional receipts and rejection probes	2026-10-07T05:51:14.7212298Z ✔ wrong node (11.734972ms)
frontend-baseline	Verify PROVIDER A1 functional receipts and rejection probes	2026-10-07T05:51:14.7212995Z ✔ missing source inventory (15.837809ms)
frontend-baseline	Verify PROVIDER A1 functional receipts and rejection probes	2026-10-07T05:51:14.7214242Z ✔ plan scope changed (14.079903ms)
frontend-baseline	Verify PROVIDER A1 functional receipts and rejection probes	2026-10-07T05:51:14.7217213Z ✔ outside log path (15.355829ms)
frontend-baseline	Verify PROVIDER A1 functional receipts and rejection probes	2026-10-07T05:51:14.7221604Z ✔ wrong log digest (14.923243ms)
frontend-baseline	Verify PROVIDER A1 functional receipts and rejection probes	2026-10-07T05:51:14.7232235Z ✔ missing dependency (15.064968ms)
frontend-baseline	Verify PROVIDER A1 functional receipts and rejection probes	2026-10-07T05:51:14.7233683Z ✔ dependency digest substituted (14.562824ms)
frontend-baseline	Verify PROVIDER A1 functional receipts and rejection probes	2026-10-07T05:51:14.7235947Z ✔ tampered manifest bytes are rejected (11.666363ms)
frontend-baseline	Verify PROVIDER A1 functional receipts and rejection probes	2026-10-07T05:51:14.7267237Z ✔ changed source content is rejected despite unchanged gate digest (15.049711ms)
frontend-baseline	Verify PROVIDER A1 functional receipts and rejection probes	2026-10-07T05:51:14.7290248Z ✔ dependency must independently be READY (14.292103ms)
frontend-baseline	Verify PROVIDER A1 functional receipts and rejection probes	2026-10-07T05:51:14.7291746Z ✔ arbitrary log cannot masquerade as successful execution (14.564978ms)
frontend-baseline	Verify PROVIDER A1 functional receipts and rejection probes	2026-10-07T05:51:14.7293419Z ✔ input file symlink cannot escape the repository (14.56098ms)
frontend-baseline	Verify PROVIDER A1 functional receipts and rejection probes	2026-10-07T05:51:14.7295145Z ✔ database execution cannot be inferred from a normal local PASS (18.130919ms)
frontend-baseline	Verify PROVIDER A1 functional receipts and rejection probes	2026-10-07T05:51:14.7297127Z ✔ Supabase target receipt verifies each compressed execution log (19.337795ms)
frontend-baseline	Verify PROVIDER A1 functional receipts and rejection probes	2026-10-07T05:51:14.7298861Z ✔ source drift during execution invalidates the original input snapshot (23.455083ms)
frontend-baseline	Verify PROVIDER A1 functional receipts and rejection probes	2026-10-07T05:51:14.7300710Z ✔ requirement drift during execution invalidates the original input snapshot (30.297239ms)
frontend-baseline	Verify PROVIDER A1 functional receipts and rejection probes	2026-10-07T05:51:14.7302686Z ✔ controlled public development profile overrides stale values and preserves server inputs (0.276813ms)
frontend-baseline	Verify PROVIDER A1 functional receipts and rejection probes	2026-10-07T05:51:14.7306579Z ✔ private credentials cannot be injected through a public development profile (0.277803ms)
frontend-baseline	Verify PROVIDER A1 functional receipts and rejection probes	2026-10-07T05:51:14.7309033Z ✔ transient Auth 503 can retry only a complete target execution (0.254369ms)
frontend-baseline	Verify PROVIDER A1 functional receipts and rejection probes	2026-10-07T05:51:14.7313112Z ✔ persistent target timeout never becomes PASS and stops at its budget (0.178147ms)
frontend-baseline	Verify PROVIDER A1 functional receipts and rejection probes	2026-10-07T05:51:14.7313997Z ✔ semantic target failures stop without retry or PASS (0.104858ms)
frontend-baseline	Verify PROVIDER A1 functional receipts and rejection probes	2026-10-07T05:51:14.7314691Z ✔ target retry budget cannot be unbounded (0.659804ms)
frontend-baseline	Verify PROVIDER A1 functional receipts and rejection probes	2026-10-07T05:51:14.7315798Z ✔ configured target retries require explicit attempt outcomes in the receipt (17.686378ms)
frontend-baseline	Verify PROVIDER A1 functional receipts and rejection probes	2026-10-07T05:51:14.7317394Z ✔ three successful full builds bind output inventories (0.923612ms)
frontend-baseline	Verify PROVIDER A1 functional receipts and rejection probes	2026-10-07T05:51:14.7318761Z ✔ reproducibility rejects only two builds (0.335342ms)
frontend-baseline	Verify PROVIDER A1 functional receipts and rejection probes	2026-10-07T05:51:14.7320074Z ✔ reproducibility rejects missing Python build (0.358586ms)
frontend-baseline	Verify PROVIDER A1 functional receipts and rejection probes	2026-10-07T05:51:14.7321567Z ✔ reproducibility rejects failed command (0.603879ms)
frontend-baseline	Verify PROVIDER A1 functional receipts and rejection probes	2026-10-07T05:51:14.7323014Z ✔ reproducibility rejects different output digest (0.289766ms)
frontend-baseline	Verify PROVIDER A1 functional receipts and rejection probes	2026-10-07T05:51:14.7324378Z ✔ reproducibility rejects substituted inventory (0.237358ms)
frontend-baseline	Verify PROVIDER A1 functional receipts and rejection probes	2026-10-07T05:51:14.7325899Z ✔ reproducibility rejects dirty source (0.199737ms)
frontend-baseline	Verify PROVIDER A1 functional receipts and rejection probes	2026-10-07T05:51:14.7327110Z ✔ reproducibility rejects old source (0.292872ms)
frontend-baseline	Verify PROVIDER A1 functional receipts and rejection probes	2026-10-07T05:51:14.7354120Z ✔ development policy retains explicit build, coverage, volume and target storage obligations (0.553614ms)
frontend-baseline	Verify PROVIDER A1 functional receipts and rejection probes	2026-10-07T05:51:14.7356246Z ✔ static make commands cannot reload .env.local or inherit target database opt-ins (0.267915ms)
frontend-baseline	Verify PROVIDER A1 functional receipts and rejection probes	2026-10-07T05:51:14.7358300Z ✔ volume retry restarts the complete check only on a closed PostgreSQL transport (0.171955ms)
frontend-baseline	Verify PROVIDER A1 functional receipts and rejection probes	2026-10-07T05:51:14.7359843Z ✔ volume correctness and certificate errors cannot be retried into PASS (0.123142ms)
frontend-baseline	Verify PROVIDER A1 functional receipts and rejection probes	2026-10-07T05:51:14.7361273Z ✔ persistent database transport failure stays failed at the retry limit (0.104978ms)
frontend-baseline	Verify PROVIDER A1 functional receipts and rejection probes	2026-10-07T05:51:14.7362863Z ✔ separate assessment snapshot preserves historical manifests and binds its own logs (18.354121ms)
frontend-baseline	Verify PROVIDER A1 functional receipts and rejection probes	2026-10-07T05:51:14.7364620Z ✔ third-party Git link binds the actual clean checkout and rejects dirty/advanced source (76.264474ms)
frontend-baseline	Verify PROVIDER A1 functional receipts and rejection probes	2026-10-07T05:51:14.7450487Z ℹ tests 43
frontend-baseline	Verify PROVIDER A1 functional receipts and rejection probes	2026-10-07T05:51:14.7450810Z ℹ suites 0
frontend-baseline	Verify PROVIDER A1 functional receipts and rejection probes	2026-10-07T05:51:14.7451036Z ℹ pass 43
frontend-baseline	Verify PROVIDER A1 functional receipts and rejection probes	2026-10-07T05:51:14.7451268Z ℹ fail 0
frontend-baseline	Verify PROVIDER A1 functional receipts and rejection probes	2026-10-07T05:51:14.7451478Z ℹ cancelled 0
frontend-baseline	Verify PROVIDER A1 functional receipts and rejection probes	2026-10-07T05:51:14.7451710Z ℹ skipped 0
frontend-baseline	Verify PROVIDER A1 functional receipts and rejection probes	2026-10-07T05:51:14.7451922Z ℹ todo 0
frontend-baseline	Verify PROVIDER A1 functional receipts and rejection probes	2026-10-07T05:51:14.7452166Z ℹ duration_ms 559.350342
frontend-baseline	FEP-0 full milestone receipts and rejection probes	﻿2026-10-07T05:51:14.7638853Z ##[group]Run pnpm check:f0-development && pnpm check:fep0:engineering && pnpm test:fep0
frontend-baseline	FEP-0 full milestone receipts and rejection probes	2026-10-07T05:51:14.7639490Z ^[[36;1mpnpm check:f0-development && pnpm check:fep0:engineering && pnpm test:fep0^[[0m
frontend-baseline	FEP-0 full milestone receipts and rejection probes	2026-10-07T05:51:14.7703115Z shell: /usr/bin/bash -e {0}
frontend-baseline	FEP-0 full milestone receipts and rejection probes	2026-10-07T05:51:14.7703381Z env:
frontend-baseline	FEP-0 full milestone receipts and rejection probes	2026-10-07T05:51:14.7703648Z   QUANTOS_BFF_BASE: 2835e41fcaa9f3924e9f03f95c62727b9e6c69b9
frontend-baseline	FEP-0 full milestone receipts and rejection probes	2026-10-07T05:51:14.7704020Z   NEXT_PUBLIC_QUANTOS_ENV: local-mock
frontend-baseline	FEP-0 full milestone receipts and rejection probes	2026-10-07T05:51:14.7704346Z   NEXT_PUBLIC_SITE_ORIGIN: https://sumalpha.ai
frontend-baseline	FEP-0 full milestone receipts and rejection probes	2026-10-07T05:51:14.7704764Z   NEXT_PUBLIC_QUANTOS_TERMINAL_ORIGIN: http://localhost:3190
frontend-baseline	FEP-0 full milestone receipts and rejection probes	2026-10-07T05:51:14.7705185Z   NEXT_PUBLIC_QUANTOS_BFF_ORIGIN: http://localhost:4010
frontend-baseline	FEP-0 full milestone receipts and rejection probes	2026-10-07T05:51:14.7705909Z   NEXT_PUBLIC_QUANTOS_OIDC_ISSUER: https://mock.idp.local
frontend-baseline	FEP-0 full milestone receipts and rejection probes	2026-10-07T05:51:14.7706354Z   NEXT_PUBLIC_QUANTOS_OIDC_CLIENT_ID: quantos-terminal-ci
frontend-baseline	FEP-0 full milestone receipts and rejection probes	2026-10-07T05:51:14.7706823Z   NEXT_PUBLIC_QUANTOS_OIDC_REDIRECT_URI: http://localhost:3190/auth/callback
frontend-baseline	FEP-0 full milestone receipts and rejection probes	2026-10-07T05:51:14.7707264Z   NEXT_PUBLIC_QUANTOS_DEFAULT_MODE: paper
frontend-baseline	FEP-0 full milestone receipts and rejection probes	2026-10-07T05:51:14.7707611Z   NEXT_PUBLIC_QUANTOS_MOCK_ENABLED: true
frontend-baseline	FEP-0 full milestone receipts and rejection probes	2026-10-07T05:51:14.7707913Z   NEXT_PUBLIC_QUANTOS_OBS_ENABLED: false
frontend-baseline	FEP-0 full milestone receipts and rejection probes	2026-10-07T05:51:14.7708256Z   NEXT_PUBLIC_QUANTOS_FEATURE_ASSISTED_LIVE_TESTNET: off
frontend-baseline	FEP-0 full milestone receipts and rejection probes	2026-10-07T05:51:14.7708600Z   CARGO_HOME: /home/runner/.cargo
frontend-baseline	FEP-0 full milestone receipts and rejection probes	2026-10-07T05:51:14.7708862Z   CARGO_INCREMENTAL: 0
frontend-baseline	FEP-0 full milestone receipts and rejection probes	2026-10-07T05:51:14.7709091Z   CARGO_TERM_COLOR: always
frontend-baseline	FEP-0 full milestone receipts and rejection probes	2026-10-07T05:51:14.7709323Z ##[endgroup]
frontend-baseline	FEP-0 full milestone receipts and rejection probes	2026-10-07T05:51:15.0555526Z 
frontend-baseline	FEP-0 full milestone receipts and rejection probes	2026-10-07T05:51:15.0556752Z > @sumalpha/quantos@ check:f0-development /home/runner/work/QuantOS/QuantOS
frontend-baseline	FEP-0 full milestone receipts and rejection probes	2026-10-07T05:51:15.0557822Z > node scripts/provider-a1-receipts.mjs --f0
frontend-baseline	FEP-0 full milestone receipts and rejection probes	2026-10-07T05:51:15.0558269Z 
frontend-baseline	FEP-0 full milestone receipts and rejection probes	2026-10-07T05:51:16.6369602Z {
frontend-baseline	FEP-0 full milestone receipts and rejection probes	2026-10-07T05:51:16.6370012Z   "status": "READY",
frontend-baseline	FEP-0 full milestone receipts and rejection probes	2026-10-07T05:51:16.6370400Z   "nodeId": "CORE-GATE:F0",
frontend-baseline	FEP-0 full milestone receipts and rejection probes	2026-10-07T05:51:16.6371103Z   "inputDigest": "sha256:f1b1bc8d3536e219e3090c042dcf22505011ba5864731a62eb047a85fc92303b",
frontend-baseline	FEP-0 full milestone receipts and rejection probes	2026-10-07T05:51:16.6371769Z   "formalAccepted": false
frontend-baseline	FEP-0 full milestone receipts and rejection probes	2026-10-07T05:51:16.6372105Z }
frontend-baseline	FEP-0 full milestone receipts and rejection probes	2026-10-07T05:51:16.9305934Z 
frontend-baseline	FEP-0 full milestone receipts and rejection probes	2026-10-07T05:51:16.9306988Z > @sumalpha/quantos@ check:fep0:engineering /home/runner/work/QuantOS/QuantOS
frontend-baseline	FEP-0 full milestone receipts and rejection probes	2026-10-07T05:51:16.9307768Z > node scripts/fep0-development.mjs --engineering
frontend-baseline	FEP-0 full milestone receipts and rejection probes	2026-10-07T05:51:16.9308059Z 
frontend-baseline	FEP-0 full milestone receipts and rejection probes	2026-10-07T05:51:26.0964883Z {
frontend-baseline	FEP-0 full milestone receipts and rejection probes	2026-10-07T05:51:26.0965405Z   "nodeId": "FE:FEP-0",
frontend-baseline	FEP-0 full milestone receipts and rejection probes	2026-10-07T05:51:26.0966296Z   "engineeringStatus": "PASS",
frontend-baseline	FEP-0 full milestone receipts and rejection probes	2026-10-07T05:51:26.0966773Z   "status": "READY",
frontend-baseline	FEP-0 full milestone receipts and rejection probes	2026-10-07T05:51:26.0967169Z   "dependencies": 8,
frontend-baseline	FEP-0 full milestone receipts and rejection probes	2026-10-07T05:51:26.0967613Z   "formalAccepted": false
frontend-baseline	FEP-0 full milestone receipts and rejection probes	2026-10-07T05:51:26.0968055Z }
frontend-baseline	FEP-0 full milestone receipts and rejection probes	2026-10-07T05:51:26.4180612Z 
frontend-baseline	FEP-0 full milestone receipts and rejection probes	2026-10-07T05:51:26.4181406Z > @sumalpha/quantos@ test:fep0 /home/runner/work/QuantOS/QuantOS
frontend-baseline	FEP-0 full milestone receipts and rejection probes	2026-10-07T05:51:26.4181963Z > node --test scripts/fep0-development.test.mjs
frontend-baseline	FEP-0 full milestone receipts and rejection probes	2026-10-07T05:51:26.4182587Z 
frontend-baseline	FEP-0 full milestone receipts and rejection probes	2026-10-07T05:51:27.3444260Z ✔ all eight independently content-bound dependencies admit DEVELOPMENT only (52.294722ms)
frontend-baseline	FEP-0 full milestone receipts and rejection probes	2026-10-07T05:51:27.3445994Z ✔ engineering aggregation preserves the sole pending user confirmation (31.290482ms)
frontend-baseline	FEP-0 full milestone receipts and rejection probes	2026-10-07T05:51:27.3447058Z ✔ milestone rejects missing F0 (29.197275ms)
frontend-baseline	FEP-0 full milestone receipts and rejection probes	2026-10-07T05:51:27.3447651Z ✔ milestone rejects missing PRE (34.562835ms)
frontend-baseline	FEP-0 full milestone receipts and rejection probes	2026-10-07T05:51:27.3448108Z ✔ milestone rejects duplicate dependency (33.757796ms)
frontend-baseline	FEP-0 full milestone receipts and rejection probes	2026-10-07T05:51:27.3448542Z ✔ milestone rejects unready F0 (28.459233ms)
frontend-baseline	FEP-0 full milestone receipts and rejection probes	2026-10-07T05:51:27.3449012Z ✔ milestone rejects manifest bytes replaced (26.471943ms)
frontend-baseline	FEP-0 full milestone receipts and rejection probes	2026-10-07T05:51:27.3449494Z ✔ milestone rejects digest substituted (27.222669ms)
frontend-baseline	FEP-0 full milestone receipts and rejection probes	2026-10-07T05:51:27.3449990Z ✔ milestone rejects dependency path substituted (27.933561ms)
frontend-baseline	FEP-0 full milestone receipts and rejection probes	2026-10-07T05:51:27.3455999Z ✔ milestone rejects dependency verdict substituted (26.246157ms)
frontend-baseline	FEP-0 full milestone receipts and rejection probes	2026-10-07T05:51:27.3457151Z ✔ milestone rejects self manifest schema (34.460182ms)
frontend-baseline	FEP-0 full milestone receipts and rejection probes	2026-10-07T05:51:27.3458156Z ✔ milestone rejects normative change (31.309326ms)
frontend-baseline	FEP-0 full milestone receipts and rejection probes	2026-10-07T05:51:27.3459135Z ✔ milestone rejects source input change (30.105908ms)
frontend-baseline	FEP-0 full milestone receipts and rejection probes	2026-10-07T05:51:27.3460221Z ✔ milestone rejects unexecuted check (27.263015ms)
frontend-baseline	FEP-0 full milestone receipts and rejection probes	2026-10-07T05:51:27.3477182Z ✔ milestone rejects missing execution time (26.492041ms)
frontend-baseline	FEP-0 full milestone receipts and rejection probes	2026-10-07T05:51:27.3478114Z ✔ milestone rejects missing required check (25.874176ms)
frontend-baseline	FEP-0 full milestone receipts and rejection probes	2026-10-07T05:51:27.3478947Z ✔ milestone rejects duplicate check (25.679909ms)
frontend-baseline	FEP-0 full milestone receipts and rejection probes	2026-10-07T05:51:27.3479949Z ✔ milestone rejects wrong command (25.719364ms)
frontend-baseline	FEP-0 full milestone receipts and rejection probes	2026-10-07T05:51:27.3480749Z ✔ milestone rejects log tampering (24.825738ms)
frontend-baseline	FEP-0 full milestone receipts and rejection probes	2026-10-07T05:51:27.3490558Z ✔ milestone rejects rehashed prose (28.136242ms)
frontend-baseline	FEP-0 full milestone receipts and rejection probes	2026-10-07T05:51:27.3491401Z ✔ milestone rejects external log path (25.056634ms)
frontend-baseline	FEP-0 full milestone receipts and rejection probes	2026-10-07T05:51:27.3492238Z ✔ milestone rejects false formal acceptance (25.145ms)
frontend-baseline	FEP-0 full milestone receipts and rejection probes	2026-10-07T05:51:27.3495840Z ✔ milestone rejects aggregate claims database run (24.335935ms)
frontend-baseline	FEP-0 full milestone receipts and rejection probes	2026-10-07T05:51:27.3500468Z ✔ milestone rejects hidden exclusions (25.357842ms)
frontend-baseline	FEP-0 full milestone receipts and rejection probes	2026-10-07T05:51:27.3506834Z ✔ milestone rejects unresolved functional finding (24.805359ms)
frontend-baseline	FEP-0 full milestone receipts and rejection probes	2026-10-07T05:51:27.3508340Z ✔ dependency validator is invoked and errors propagate (24.812102ms)
frontend-baseline	FEP-0 full milestone receipts and rejection probes	2026-10-07T05:51:27.3509727Z ✔ fake READY cannot hide changed G0 scope (24.70999ms)
frontend-baseline	FEP-0 full milestone receipts and rejection probes	2026-10-07T05:51:27.3511219Z ✔ arbitrary existing markdown cannot serve as a milestone receipt (0.298783ms)
frontend-baseline	FEP-0 full milestone receipts and rejection probes	2026-10-07T05:51:27.3517301Z ✔ own arbitrary digest is rejected independently of dependency status (0.223111ms)
frontend-baseline	FEP-0 full milestone receipts and rejection probes	2026-10-07T05:51:27.3518975Z ✔ F0 policy contains the six missing nodes and all eleven obligations (24.241276ms)
frontend-baseline	FEP-0 full milestone receipts and rejection probes	2026-10-07T05:51:27.3520451Z ✔ production schema drift comparator rejects tables (0.298894ms)
frontend-baseline	FEP-0 full milestone receipts and rejection probes	2026-10-07T05:51:27.3521796Z ✔ production schema drift comparator rejects columns (0.182925ms)
frontend-baseline	FEP-0 full milestone receipts and rejection probes	2026-10-07T05:51:27.3524088Z ✔ production schema drift comparator rejects constraints (0.22787ms)
frontend-baseline	FEP-0 full milestone receipts and rejection probes	2026-10-07T05:51:27.3536765Z ✔ production schema drift comparator rejects indexes (0.130927ms)
frontend-baseline	FEP-0 full milestone receipts and rejection probes	2026-10-07T05:51:27.3539391Z ✔ production schema drift comparator rejects policies (0.184237ms)
frontend-baseline	FEP-0 full milestone receipts and rejection probes	2026-10-07T05:51:27.3540044Z ✔ production schema drift comparator rejects routines (0.135425ms)
frontend-baseline	FEP-0 full milestone receipts and rejection probes	2026-10-07T05:51:27.3541037Z ✔ production schema drift comparator rejects triggers (0.207832ms)
frontend-baseline	FEP-0 full milestone receipts and rejection probes	2026-10-07T05:51:27.3541763Z ✔ 100-task recovery evidence cannot use 10-task diagnostic or accept P95 (1.637519ms)
frontend-baseline	FEP-0 full milestone receipts and rejection probes	2026-10-07T05:51:27.3542515Z ✔ CI consumes the full milestone engineering validator and its negatives (0.149422ms)
frontend-baseline	FEP-0 full milestone receipts and rejection probes	2026-10-07T05:51:27.3710886Z ℹ tests 39
frontend-baseline	FEP-0 full milestone receipts and rejection probes	2026-10-07T05:51:27.3711433Z ℹ suites 0
frontend-baseline	FEP-0 full milestone receipts and rejection probes	2026-10-07T05:51:27.3711874Z ℹ pass 39
frontend-baseline	FEP-0 full milestone receipts and rejection probes	2026-10-07T05:51:27.3712318Z ℹ fail 0
frontend-baseline	FEP-0 full milestone receipts and rejection probes	2026-10-07T05:51:27.3712746Z ℹ cancelled 0
frontend-baseline	FEP-0 full milestone receipts and rejection probes	2026-10-07T05:51:27.3713198Z ℹ skipped 0
frontend-baseline	FEP-0 full milestone receipts and rejection probes	2026-10-07T05:51:27.3713694Z ℹ todo 0
frontend-baseline	FEP-0 full milestone receipts and rejection probes	2026-10-07T05:51:27.3714190Z ℹ duration_ms 924.088263
frontend-baseline	Frozen BFF OpenAPI structure	﻿2026-10-07T05:51:27.3898834Z ##[group]Run pnpm check:bff-openapi
frontend-baseline	Frozen BFF OpenAPI structure	2026-10-07T05:51:27.3899182Z ^[[36;1mpnpm check:bff-openapi^[[0m
frontend-baseline	Frozen BFF OpenAPI structure	2026-10-07T05:51:27.3962646Z shell: /usr/bin/bash -e {0}
frontend-baseline	Frozen BFF OpenAPI structure	2026-10-07T05:51:27.3962909Z env:
frontend-baseline	Frozen BFF OpenAPI structure	2026-10-07T05:51:27.3963177Z   QUANTOS_BFF_BASE: 2835e41fcaa9f3924e9f03f95c62727b9e6c69b9
frontend-baseline	Frozen BFF OpenAPI structure	2026-10-07T05:51:27.3963535Z   NEXT_PUBLIC_QUANTOS_ENV: local-mock
frontend-baseline	Frozen BFF OpenAPI structure	2026-10-07T05:51:27.3963848Z   NEXT_PUBLIC_SITE_ORIGIN: https://sumalpha.ai
frontend-baseline	Frozen BFF OpenAPI structure	2026-10-07T05:51:27.3964227Z   NEXT_PUBLIC_QUANTOS_TERMINAL_ORIGIN: http://localhost:3190
frontend-baseline	Frozen BFF OpenAPI structure	2026-10-07T05:51:27.3964626Z   NEXT_PUBLIC_QUANTOS_BFF_ORIGIN: http://localhost:4010
frontend-baseline	Frozen BFF OpenAPI structure	2026-10-07T05:51:27.3965005Z   NEXT_PUBLIC_QUANTOS_OIDC_ISSUER: https://mock.idp.local
frontend-baseline	Frozen BFF OpenAPI structure	2026-10-07T05:51:27.3965376Z   NEXT_PUBLIC_QUANTOS_OIDC_CLIENT_ID: quantos-terminal-ci
frontend-baseline	Frozen BFF OpenAPI structure	2026-10-07T05:51:27.3966120Z   NEXT_PUBLIC_QUANTOS_OIDC_REDIRECT_URI: http://localhost:3190/auth/callback
frontend-baseline	Frozen BFF OpenAPI structure	2026-10-07T05:51:27.3966571Z   NEXT_PUBLIC_QUANTOS_DEFAULT_MODE: paper
frontend-baseline	Frozen BFF OpenAPI structure	2026-10-07T05:51:27.3966884Z   NEXT_PUBLIC_QUANTOS_MOCK_ENABLED: true
frontend-baseline	Frozen BFF OpenAPI structure	2026-10-07T05:51:27.3967214Z   NEXT_PUBLIC_QUANTOS_OBS_ENABLED: false
frontend-baseline	Frozen BFF OpenAPI structure	2026-10-07T05:51:27.3967537Z   NEXT_PUBLIC_QUANTOS_FEATURE_ASSISTED_LIVE_TESTNET: off
frontend-baseline	Frozen BFF OpenAPI structure	2026-10-07T05:51:27.3967877Z   CARGO_HOME: /home/runner/.cargo
frontend-baseline	Frozen BFF OpenAPI structure	2026-10-07T05:51:27.3968132Z   CARGO_INCREMENTAL: 0
frontend-baseline	Frozen BFF OpenAPI structure	2026-10-07T05:51:27.3968354Z   CARGO_TERM_COLOR: always
frontend-baseline	Frozen BFF OpenAPI structure	2026-10-07T05:51:27.3968577Z ##[endgroup]
frontend-baseline	Frozen BFF OpenAPI structure	2026-10-07T05:51:27.6943717Z 
frontend-baseline	Frozen BFF OpenAPI structure	2026-10-07T05:51:27.6944697Z > @sumalpha/quantos@ check:bff-openapi /home/runner/work/QuantOS/QuantOS
frontend-baseline	Frozen BFF OpenAPI structure	2026-10-07T05:51:27.6945831Z > node scripts/check-bff-openapi.mjs
frontend-baseline	Frozen BFF OpenAPI structure	2026-10-07T05:51:27.6946228Z 
frontend-baseline	Frozen BFF OpenAPI structure	2026-10-07T05:51:27.9077081Z ok    OpenAPI 版本 3.1.0
frontend-baseline	Frozen BFF OpenAPI structure	2026-10-07T05:51:27.9115933Z ok    全部本地 $ref 可解析
frontend-baseline	Frozen BFF OpenAPI structure	2026-10-07T05:51:27.9121677Z ok    operation 数 62，operationId 全局唯一
frontend-baseline	Frozen BFF OpenAPI structure	2026-10-07T05:51:27.9122133Z 
frontend-baseline	Frozen BFF OpenAPI structure	2026-10-07T05:51:27.9122487Z BFF OpenAPI 基线结构校验通过
frontend-baseline	Generated BFF client, schema and MSW drift	﻿2026-10-07T05:51:27.9313470Z ##[group]Run pnpm check:bff-generated
frontend-baseline	Generated BFF client, schema and MSW drift	2026-10-07T05:51:27.9313822Z ^[[36;1mpnpm check:bff-generated^[[0m
frontend-baseline	Generated BFF client, schema and MSW drift	2026-10-07T05:51:27.9377173Z shell: /usr/bin/bash -e {0}
frontend-baseline	Generated BFF client, schema and MSW drift	2026-10-07T05:51:27.9377432Z env:
frontend-baseline	Generated BFF client, schema and MSW drift	2026-10-07T05:51:27.9377695Z   QUANTOS_BFF_BASE: 2835e41fcaa9f3924e9f03f95c62727b9e6c69b9
frontend-baseline	Generated BFF client, schema and MSW drift	2026-10-07T05:51:27.9378082Z   NEXT_PUBLIC_QUANTOS_ENV: local-mock
frontend-baseline	Generated BFF client, schema and MSW drift	2026-10-07T05:51:27.9378400Z   NEXT_PUBLIC_SITE_ORIGIN: https://sumalpha.ai
frontend-baseline	Generated BFF client, schema and MSW drift	2026-10-07T05:51:27.9378794Z   NEXT_PUBLIC_QUANTOS_TERMINAL_ORIGIN: http://localhost:3190
frontend-baseline	Generated BFF client, schema and MSW drift	2026-10-07T05:51:27.9379197Z   NEXT_PUBLIC_QUANTOS_BFF_ORIGIN: http://localhost:4010
frontend-baseline	Generated BFF client, schema and MSW drift	2026-10-07T05:51:27.9379574Z   NEXT_PUBLIC_QUANTOS_OIDC_ISSUER: https://mock.idp.local
frontend-baseline	Generated BFF client, schema and MSW drift	2026-10-07T05:51:27.9379943Z   NEXT_PUBLIC_QUANTOS_OIDC_CLIENT_ID: quantos-terminal-ci
frontend-baseline	Generated BFF client, schema and MSW drift	2026-10-07T05:51:27.9380372Z   NEXT_PUBLIC_QUANTOS_OIDC_REDIRECT_URI: http://localhost:3190/auth/callback
frontend-baseline	Generated BFF client, schema and MSW drift	2026-10-07T05:51:27.9380791Z   NEXT_PUBLIC_QUANTOS_DEFAULT_MODE: paper
frontend-baseline	Generated BFF client, schema and MSW drift	2026-10-07T05:51:27.9381074Z   NEXT_PUBLIC_QUANTOS_MOCK_ENABLED: true
frontend-baseline	Generated BFF client, schema and MSW drift	2026-10-07T05:51:27.9381398Z   NEXT_PUBLIC_QUANTOS_OBS_ENABLED: false
frontend-baseline	Generated BFF client, schema and MSW drift	2026-10-07T05:51:27.9381713Z   NEXT_PUBLIC_QUANTOS_FEATURE_ASSISTED_LIVE_TESTNET: off
frontend-baseline	Generated BFF client, schema and MSW drift	2026-10-07T05:51:27.9382031Z   CARGO_HOME: /home/runner/.cargo
frontend-baseline	Generated BFF client, schema and MSW drift	2026-10-07T05:51:27.9382279Z   CARGO_INCREMENTAL: 0
frontend-baseline	Generated BFF client, schema and MSW drift	2026-10-07T05:51:27.9382504Z   CARGO_TERM_COLOR: always
frontend-baseline	Generated BFF client, schema and MSW drift	2026-10-07T05:51:27.9382724Z ##[endgroup]
frontend-baseline	Generated BFF client, schema and MSW drift	2026-10-07T05:51:28.2282926Z 
frontend-baseline	Generated BFF client, schema and MSW drift	2026-10-07T05:51:28.2283958Z > @sumalpha/quantos@ check:bff-generated /home/runner/work/QuantOS/QuantOS
frontend-baseline	Generated BFF client, schema and MSW drift	2026-10-07T05:51:28.2284903Z > node ./scripts/check-bff-generated.mjs
frontend-baseline	Generated BFF client, schema and MSW drift	2026-10-07T05:51:28.2285272Z 
frontend-baseline	Generated BFF client, schema and MSW drift	2026-10-07T05:51:28.9644377Z ✨ openapi-typescript 7.13.0
frontend-baseline	Generated BFF client, schema and MSW drift	2026-10-07T05:51:29.1561226Z 🚀 /home/runner/work/QuantOS/QuantOS/bff/openapi/quantos-bff.v1.yaml → /tmp/quantos-bff-generated-e05ATz/packages/api-client/src/bff-gen/quantos-bff.ts [194.2ms]
frontend-baseline	Generated BFF client, schema and MSW drift	2026-10-07T05:51:29.1801032Z Generated BFF 1.5.0: 62 operations, 52 schemas.
frontend-baseline	Generated BFF client, schema and MSW drift	2026-10-07T05:51:29.1806566Z ok    packages/api-client/src/bff-gen/quantos-bff.ts
frontend-baseline	Generated BFF client, schema and MSW drift	2026-10-07T05:51:29.1808088Z ok    packages/api-client/src/bff-gen/quantos-bff.zod.ts
frontend-baseline	Generated BFF client, schema and MSW drift	2026-10-07T05:51:29.1810747Z ok    tests/contract/generated/quantos-bff.components.schema.json
frontend-baseline	Generated BFF client, schema and MSW drift	2026-10-07T05:51:29.1811938Z ok    tests/contract/generated/quantos-bff.operations.json
frontend-baseline	Generated BFF client, schema and MSW drift	2026-10-07T05:51:29.1813164Z ok    tests/contract/generated/quantos-bff.msw.ts
frontend-baseline	Generated BFF client, schema and MSW drift	2026-10-07T05:51:29.1817120Z ok    services/bff-gateway/src/generated-input-policy.json
frontend-baseline	Generated BFF client, schema and MSW drift	2026-10-07T05:51:29.1823718Z 
frontend-baseline	Generated BFF client, schema and MSW drift	2026-10-07T05:51:29.1824143Z BFF generated artifacts match the frozen OpenAPI.
frontend-baseline	BFF page contract coverage	﻿2026-10-07T05:51:29.2007808Z ##[group]Run pnpm check:bff-contract-coverage
frontend-baseline	BFF page contract coverage	2026-10-07T05:51:29.2008191Z ^[[36;1mpnpm check:bff-contract-coverage^[[0m
frontend-baseline	BFF page contract coverage	2026-10-07T05:51:29.2084216Z shell: /usr/bin/bash -e {0}
frontend-baseline	BFF page contract coverage	2026-10-07T05:51:29.2084479Z env:
frontend-baseline	BFF page contract coverage	2026-10-07T05:51:29.2084751Z   QUANTOS_BFF_BASE: 2835e41fcaa9f3924e9f03f95c62727b9e6c69b9
frontend-baseline	BFF page contract coverage	2026-10-07T05:51:29.2085115Z   NEXT_PUBLIC_QUANTOS_ENV: local-mock
frontend-baseline	BFF page contract coverage	2026-10-07T05:51:29.2085703Z   NEXT_PUBLIC_SITE_ORIGIN: https://sumalpha.ai
frontend-baseline	BFF page contract coverage	2026-10-07T05:51:29.2086119Z   NEXT_PUBLIC_QUANTOS_TERMINAL_ORIGIN: http://localhost:3190
frontend-baseline	BFF page contract coverage	2026-10-07T05:51:29.2086522Z   NEXT_PUBLIC_QUANTOS_BFF_ORIGIN: http://localhost:4010
frontend-baseline	BFF page contract coverage	2026-10-07T05:51:29.2086905Z   NEXT_PUBLIC_QUANTOS_OIDC_ISSUER: https://mock.idp.local
frontend-baseline	BFF page contract coverage	2026-10-07T05:51:29.2087288Z   NEXT_PUBLIC_QUANTOS_OIDC_CLIENT_ID: quantos-terminal-ci
frontend-baseline	BFF page contract coverage	2026-10-07T05:51:29.2087760Z   NEXT_PUBLIC_QUANTOS_OIDC_REDIRECT_URI: http://localhost:3190/auth/callback
frontend-baseline	BFF page contract coverage	2026-10-07T05:51:29.2088178Z   NEXT_PUBLIC_QUANTOS_DEFAULT_MODE: paper
frontend-baseline	BFF page contract coverage	2026-10-07T05:51:29.2088468Z   NEXT_PUBLIC_QUANTOS_MOCK_ENABLED: true
frontend-baseline	BFF page contract coverage	2026-10-07T05:51:29.2088799Z   NEXT_PUBLIC_QUANTOS_OBS_ENABLED: false
frontend-baseline	BFF page contract coverage	2026-10-07T05:51:29.2089123Z   NEXT_PUBLIC_QUANTOS_FEATURE_ASSISTED_LIVE_TESTNET: off
frontend-baseline	BFF page contract coverage	2026-10-07T05:51:29.2089451Z   CARGO_HOME: /home/runner/.cargo
frontend-baseline	BFF page contract coverage	2026-10-07T05:51:29.2089704Z   CARGO_INCREMENTAL: 0
frontend-baseline	BFF page contract coverage	2026-10-07T05:51:29.2089927Z   CARGO_TERM_COLOR: always
frontend-baseline	BFF page contract coverage	2026-10-07T05:51:29.2090152Z ##[endgroup]
frontend-baseline	BFF page contract coverage	2026-10-07T05:51:29.4976474Z 
frontend-baseline	BFF page contract coverage	2026-10-07T05:51:29.4977599Z > @sumalpha/quantos@ check:bff-contract-coverage /home/runner/work/QuantOS/QuantOS
frontend-baseline	BFF page contract coverage	2026-10-07T05:51:29.4978668Z > node ./scripts/check-bff-contract-coverage.mjs
frontend-baseline	BFF page contract coverage	2026-10-07T05:51:29.4979116Z 
frontend-baseline	BFF page contract coverage	2026-10-07T05:51:29.7266147Z BFF contract coverage passed: 62 operations, 52 schemas, 62 page references.
frontend-baseline	A1 BFF-FE-000 operation baseline and negative probes	﻿2026-10-07T05:51:29.7485927Z ##[group]Run pnpm check:bff-fe-000 && pnpm test:bff-fe-000
frontend-baseline	A1 BFF-FE-000 operation baseline and negative probes	2026-10-07T05:51:29.7486431Z ^[[36;1mpnpm check:bff-fe-000 && pnpm test:bff-fe-000^[[0m
frontend-baseline	A1 BFF-FE-000 operation baseline and negative probes	2026-10-07T05:51:29.7549883Z shell: /usr/bin/bash -e {0}
frontend-baseline	A1 BFF-FE-000 operation baseline and negative probes	2026-10-07T05:51:29.7550148Z env:
frontend-baseline	A1 BFF-FE-000 operation baseline and negative probes	2026-10-07T05:51:29.7550415Z   QUANTOS_BFF_BASE: 2835e41fcaa9f3924e9f03f95c62727b9e6c69b9
frontend-baseline	A1 BFF-FE-000 operation baseline and negative probes	2026-10-07T05:51:29.7550763Z   NEXT_PUBLIC_QUANTOS_ENV: local-mock
frontend-baseline	A1 BFF-FE-000 operation baseline and negative probes	2026-10-07T05:51:29.7551071Z   NEXT_PUBLIC_SITE_ORIGIN: https://sumalpha.ai
frontend-baseline	A1 BFF-FE-000 operation baseline and negative probes	2026-10-07T05:51:29.7551462Z   NEXT_PUBLIC_QUANTOS_TERMINAL_ORIGIN: http://localhost:3190
frontend-baseline	A1 BFF-FE-000 operation baseline and negative probes	2026-10-07T05:51:29.7551883Z   NEXT_PUBLIC_QUANTOS_BFF_ORIGIN: http://localhost:4010
frontend-baseline	A1 BFF-FE-000 operation baseline and negative probes	2026-10-07T05:51:29.7552259Z   NEXT_PUBLIC_QUANTOS_OIDC_ISSUER: https://mock.idp.local
frontend-baseline	A1 BFF-FE-000 operation baseline and negative probes	2026-10-07T05:51:29.7552626Z   NEXT_PUBLIC_QUANTOS_OIDC_CLIENT_ID: quantos-terminal-ci
frontend-baseline	A1 BFF-FE-000 operation baseline and negative probes	2026-10-07T05:51:29.7553065Z   NEXT_PUBLIC_QUANTOS_OIDC_REDIRECT_URI: http://localhost:3190/auth/callback
frontend-baseline	A1 BFF-FE-000 operation baseline and negative probes	2026-10-07T05:51:29.7553484Z   NEXT_PUBLIC_QUANTOS_DEFAULT_MODE: paper
frontend-baseline	A1 BFF-FE-000 operation baseline and negative probes	2026-10-07T05:51:29.7553792Z   NEXT_PUBLIC_QUANTOS_MOCK_ENABLED: true
frontend-baseline	A1 BFF-FE-000 operation baseline and negative probes	2026-10-07T05:51:29.7554116Z   NEXT_PUBLIC_QUANTOS_OBS_ENABLED: false
frontend-baseline	A1 BFF-FE-000 operation baseline and negative probes	2026-10-07T05:51:29.7554429Z   NEXT_PUBLIC_QUANTOS_FEATURE_ASSISTED_LIVE_TESTNET: off
frontend-baseline	A1 BFF-FE-000 operation baseline and negative probes	2026-10-07T05:51:29.7554749Z   CARGO_HOME: /home/runner/.cargo
frontend-baseline	A1 BFF-FE-000 operation baseline and negative probes	2026-10-07T05:51:29.7554996Z   CARGO_INCREMENTAL: 0
frontend-baseline	A1 BFF-FE-000 operation baseline and negative probes	2026-10-07T05:51:29.7555215Z   CARGO_TERM_COLOR: always
frontend-baseline	A1 BFF-FE-000 operation baseline and negative probes	2026-10-07T05:51:29.7555684Z ##[endgroup]
frontend-baseline	A1 BFF-FE-000 operation baseline and negative probes	2026-10-07T05:51:30.0439371Z 
frontend-baseline	A1 BFF-FE-000 operation baseline and negative probes	2026-10-07T05:51:30.0440244Z > @sumalpha/quantos@ check:bff-fe-000 /home/runner/work/QuantOS/QuantOS
frontend-baseline	A1 BFF-FE-000 operation baseline and negative probes	2026-10-07T05:51:30.0441070Z > node scripts/check-bff-fe-000.mjs
frontend-baseline	A1 BFF-FE-000 operation baseline and negative probes	2026-10-07T05:51:30.0441393Z 
frontend-baseline	A1 BFF-FE-000 operation baseline and negative probes	2026-10-07T05:51:30.2772953Z BFF-FE-000 Gate PASS: 17 contracts, 22 phase-one pages, 62 published + 46 planned operationIds.
frontend-baseline	A1 BFF-FE-000 operation baseline and negative probes	2026-10-07T05:51:30.5748727Z 
frontend-baseline	A1 BFF-FE-000 operation baseline and negative probes	2026-10-07T05:51:30.5749553Z > @sumalpha/quantos@ test:bff-fe-000 /home/runner/work/QuantOS/QuantOS
frontend-baseline	A1 BFF-FE-000 operation baseline and negative probes	2026-10-07T05:51:30.5750235Z > node --test scripts/bff-fe-000-gate-negative.mjs
frontend-baseline	A1 BFF-FE-000 operation baseline and negative probes	2026-10-07T05:51:30.5750868Z 
frontend-baseline	A1 BFF-FE-000 operation baseline and negative probes	2026-10-07T05:51:30.9012530Z ✔ current BFF-FE-000 repository Gate passes (13.614673ms)
frontend-baseline	A1 BFF-FE-000 operation baseline and negative probes	2026-10-07T05:51:30.9016531Z ✔ missing phase-one page mapping is rejected (7.811304ms)
frontend-baseline	A1 BFF-FE-000 operation baseline and negative probes	2026-10-07T05:51:30.9017697Z ✔ published operation drift is rejected (11.384881ms)
frontend-baseline	A1 BFF-FE-000 operation baseline and negative probes	2026-10-07T05:51:30.9020739Z ✔ planned operation traceability deletion is rejected (4.398581ms)
frontend-baseline	A1 BFF-FE-000 operation baseline and negative probes	2026-10-07T05:51:30.9022142Z ✔ shared idempotency baseline deletion is rejected (7.138737ms)
frontend-baseline	A1 BFF-FE-000 operation baseline and negative probes	2026-10-07T05:51:30.9023354Z ✔ dependency regression is rejected (4.077195ms)
frontend-baseline	A1 BFF-FE-000 operation baseline and negative probes	2026-10-07T05:51:30.9026467Z ✔ error correlation header deletion is rejected (7.025413ms)
frontend-baseline	A1 BFF-FE-000 operation baseline and negative probes	2026-10-07T05:51:30.9034057Z ✔ generated Zod export deletion is rejected (4.153519ms)
frontend-baseline	A1 BFF-FE-000 operation baseline and negative probes	2026-10-07T05:51:30.9164741Z ℹ tests 8
frontend-baseline	A1 BFF-FE-000 operation baseline and negative probes	2026-10-07T05:51:30.9165229Z ℹ suites 0
frontend-baseline	A1 BFF-FE-000 operation baseline and negative probes	2026-10-07T05:51:30.9165889Z ℹ pass 8
frontend-baseline	A1 BFF-FE-000 operation baseline and negative probes	2026-10-07T05:51:30.9166295Z ℹ fail 0
frontend-baseline	A1 BFF-FE-000 operation baseline and negative probes	2026-10-07T05:51:30.9166715Z ℹ cancelled 0
frontend-baseline	A1 BFF-FE-000 operation baseline and negative probes	2026-10-07T05:51:30.9167165Z ℹ skipped 0
frontend-baseline	A1 BFF-FE-000 operation baseline and negative probes	2026-10-07T05:51:30.9167585Z ℹ todo 0
frontend-baseline	A1 BFF-FE-000 operation baseline and negative probes	2026-10-07T05:51:30.9168077Z ℹ duration_ms 313.342348
frontend-baseline	A1 development baseline (staging runs at final review)	﻿2026-10-07T05:51:30.9320095Z ##[group]Run pnpm check:bff-a1-development
frontend-baseline	A1 development baseline (staging runs at final review)	2026-10-07T05:51:30.9320451Z ^[[36;1mpnpm check:bff-a1-development^[[0m
frontend-baseline	A1 development baseline (staging runs at final review)	2026-10-07T05:51:30.9383374Z shell: /usr/bin/bash -e {0}
frontend-baseline	A1 development baseline (staging runs at final review)	2026-10-07T05:51:30.9383633Z env:
frontend-baseline	A1 development baseline (staging runs at final review)	2026-10-07T05:51:30.9383901Z   QUANTOS_BFF_BASE: 2835e41fcaa9f3924e9f03f95c62727b9e6c69b9
frontend-baseline	A1 development baseline (staging runs at final review)	2026-10-07T05:51:30.9384254Z   NEXT_PUBLIC_QUANTOS_ENV: local-mock
frontend-baseline	A1 development baseline (staging runs at final review)	2026-10-07T05:51:30.9384568Z   NEXT_PUBLIC_SITE_ORIGIN: https://sumalpha.ai
frontend-baseline	A1 development baseline (staging runs at final review)	2026-10-07T05:51:30.9384974Z   NEXT_PUBLIC_QUANTOS_TERMINAL_ORIGIN: http://localhost:3190
frontend-baseline	A1 development baseline (staging runs at final review)	2026-10-07T05:51:30.9385385Z   NEXT_PUBLIC_QUANTOS_BFF_ORIGIN: http://localhost:4010
frontend-baseline	A1 development baseline (staging runs at final review)	2026-10-07T05:51:30.9386078Z   NEXT_PUBLIC_QUANTOS_OIDC_ISSUER: https://mock.idp.local
frontend-baseline	A1 development baseline (staging runs at final review)	2026-10-07T05:51:30.9386475Z   NEXT_PUBLIC_QUANTOS_OIDC_CLIENT_ID: quantos-terminal-ci
frontend-baseline	A1 development baseline (staging runs at final review)	2026-10-07T05:51:30.9386915Z   NEXT_PUBLIC_QUANTOS_OIDC_REDIRECT_URI: http://localhost:3190/auth/callback
frontend-baseline	A1 development baseline (staging runs at final review)	2026-10-07T05:51:30.9387327Z   NEXT_PUBLIC_QUANTOS_DEFAULT_MODE: paper
frontend-baseline	A1 development baseline (staging runs at final review)	2026-10-07T05:51:30.9387639Z   NEXT_PUBLIC_QUANTOS_MOCK_ENABLED: true
frontend-baseline	A1 development baseline (staging runs at final review)	2026-10-07T05:51:30.9387966Z   NEXT_PUBLIC_QUANTOS_OBS_ENABLED: false
frontend-baseline	A1 development baseline (staging runs at final review)	2026-10-07T05:51:30.9388285Z   NEXT_PUBLIC_QUANTOS_FEATURE_ASSISTED_LIVE_TESTNET: off
frontend-baseline	A1 development baseline (staging runs at final review)	2026-10-07T05:51:30.9388616Z   CARGO_HOME: /home/runner/.cargo
frontend-baseline	A1 development baseline (staging runs at final review)	2026-10-07T05:51:30.9388866Z   CARGO_INCREMENTAL: 0
frontend-baseline	A1 development baseline (staging runs at final review)	2026-10-07T05:51:30.9389085Z   CARGO_TERM_COLOR: always
frontend-baseline	A1 development baseline (staging runs at final review)	2026-10-07T05:51:30.9389310Z ##[endgroup]
frontend-baseline	A1 development baseline (staging runs at final review)	2026-10-07T05:51:31.2304960Z 
frontend-baseline	A1 development baseline (staging runs at final review)	2026-10-07T05:51:31.2306313Z > @sumalpha/quantos@ check:bff-a1-development /home/runner/work/QuantOS/QuantOS
frontend-baseline	A1 development baseline (staging runs at final review)	2026-10-07T05:51:31.2307476Z > node scripts/check-bff-a1-acceptance.mjs --stage development
frontend-baseline	A1 development baseline (staging runs at final review)	2026-10-07T05:51:31.2308006Z 
frontend-baseline	A1 development baseline (staging runs at final review)	2026-10-07T05:51:31.4857608Z {
frontend-baseline	A1 development baseline (staging runs at final review)	2026-10-07T05:51:31.4858225Z   "schema": "quantos-bff-a1-development/v1",
frontend-baseline	A1 development baseline (staging runs at final review)	2026-10-07T05:51:31.4858788Z   "stage": "development",
frontend-baseline	A1 development baseline (staging runs at final review)	2026-10-07T05:51:31.4859221Z   "status": "PASS",
frontend-baseline	A1 development baseline (staging runs at final review)	2026-10-07T05:51:31.4859671Z   "scope": "engineering baseline only",
frontend-baseline	A1 development baseline (staging runs at final review)	2026-10-07T05:51:31.4860175Z   "formalAccepted": false,
frontend-baseline	A1 development baseline (staging runs at final review)	2026-10-07T05:51:31.4860736Z   "stagingStatus": "DEFERRED_TO_FINAL_REVIEW",
frontend-baseline	A1 development baseline (staging runs at final review)	2026-10-07T05:51:31.4861271Z   "confirmationStatus": "PENDING_FINAL_REVIEW",
frontend-baseline	A1 development baseline (staging runs at final review)	2026-10-07T05:51:31.4861596Z   "failures": [],
frontend-baseline	A1 development baseline (staging runs at final review)	2026-10-07T05:51:31.4861944Z   "sourceCommit": "47cb743c4587f2eb866f39c594a472a86d262dfc",
frontend-baseline	A1 development baseline (staging runs at final review)	2026-10-07T05:51:31.4862543Z   "inputsDigest": "33e3fcfb9c58ba3fcebd66e958f2d00460a1b9d65a1e739f8ad09b5c14d4b40c"
frontend-baseline	A1 development baseline (staging runs at final review)	2026-10-07T05:51:31.4863029Z }
frontend-baseline	BFF compatibility and semantic remediation regressions	﻿2026-10-07T05:51:31.5035927Z ##[group]Run pnpm check:bff-compatibility && pnpm test:bff-remediation
frontend-baseline	BFF compatibility and semantic remediation regressions	2026-10-07T05:51:31.5036502Z ^[[36;1mpnpm check:bff-compatibility && pnpm test:bff-remediation^[[0m
frontend-baseline	BFF compatibility and semantic remediation regressions	2026-10-07T05:51:31.5099405Z shell: /usr/bin/bash -e {0}
frontend-baseline	BFF compatibility and semantic remediation regressions	2026-10-07T05:51:31.5099672Z env:
frontend-baseline	BFF compatibility and semantic remediation regressions	2026-10-07T05:51:31.5099944Z   QUANTOS_BFF_BASE: 2835e41fcaa9f3924e9f03f95c62727b9e6c69b9
frontend-baseline	BFF compatibility and semantic remediation regressions	2026-10-07T05:51:31.5100314Z   NEXT_PUBLIC_QUANTOS_ENV: local-mock
frontend-baseline	BFF compatibility and semantic remediation regressions	2026-10-07T05:51:31.5100639Z   NEXT_PUBLIC_SITE_ORIGIN: https://sumalpha.ai
frontend-baseline	BFF compatibility and semantic remediation regressions	2026-10-07T05:51:31.5101052Z   NEXT_PUBLIC_QUANTOS_TERMINAL_ORIGIN: http://localhost:3190
frontend-baseline	BFF compatibility and semantic remediation regressions	2026-10-07T05:51:31.5101645Z   NEXT_PUBLIC_QUANTOS_BFF_ORIGIN: http://localhost:4010
frontend-baseline	BFF compatibility and semantic remediation regressions	2026-10-07T05:51:31.5102040Z   NEXT_PUBLIC_QUANTOS_OIDC_ISSUER: https://mock.idp.local
frontend-baseline	BFF compatibility and semantic remediation regressions	2026-10-07T05:51:31.5102433Z   NEXT_PUBLIC_QUANTOS_OIDC_CLIENT_ID: quantos-terminal-ci
frontend-baseline	BFF compatibility and semantic remediation regressions	2026-10-07T05:51:31.5102894Z   NEXT_PUBLIC_QUANTOS_OIDC_REDIRECT_URI: http://localhost:3190/auth/callback
frontend-baseline	BFF compatibility and semantic remediation regressions	2026-10-07T05:51:31.5103334Z   NEXT_PUBLIC_QUANTOS_DEFAULT_MODE: paper
frontend-baseline	BFF compatibility and semantic remediation regressions	2026-10-07T05:51:31.5103701Z   NEXT_PUBLIC_QUANTOS_MOCK_ENABLED: true
frontend-baseline	BFF compatibility and semantic remediation regressions	2026-10-07T05:51:31.5104000Z   NEXT_PUBLIC_QUANTOS_OBS_ENABLED: false
frontend-baseline	BFF compatibility and semantic remediation regressions	2026-10-07T05:51:31.5104338Z   NEXT_PUBLIC_QUANTOS_FEATURE_ASSISTED_LIVE_TESTNET: off
frontend-baseline	BFF compatibility and semantic remediation regressions	2026-10-07T05:51:31.5104683Z   CARGO_HOME: /home/runner/.cargo
frontend-baseline	BFF compatibility and semantic remediation regressions	2026-10-07T05:51:31.5104946Z   CARGO_INCREMENTAL: 0
frontend-baseline	BFF compatibility and semantic remediation regressions	2026-10-07T05:51:31.5105178Z   CARGO_TERM_COLOR: always
frontend-baseline	BFF compatibility and semantic remediation regressions	2026-10-07T05:51:31.5105710Z ##[endgroup]
frontend-baseline	BFF compatibility and semantic remediation regressions	2026-10-07T05:51:31.7962864Z 
frontend-baseline	BFF compatibility and semantic remediation regressions	2026-10-07T05:51:31.7963711Z > @sumalpha/quantos@ check:bff-compatibility /home/runner/work/QuantOS/QuantOS
frontend-baseline	BFF compatibility and semantic remediation regressions	2026-10-07T05:51:31.7964404Z > node scripts/check-bff-compatibility.mjs
frontend-baseline	BFF compatibility and semantic remediation regressions	2026-10-07T05:51:31.7964656Z 
frontend-baseline	BFF compatibility and semantic remediation regressions	2026-10-07T05:51:32.1651497Z {
frontend-baseline	BFF compatibility and semantic remediation regressions	2026-10-07T05:51:32.1652076Z   "status": "PASS",
frontend-baseline	BFF compatibility and semantic remediation regressions	2026-10-07T05:51:32.1652511Z   "changes": 0,
frontend-baseline	BFF compatibility and semantic remediation regressions	2026-10-07T05:51:32.1652919Z   "registeredCorrections": 0,
frontend-baseline	BFF compatibility and semantic remediation regressions	2026-10-07T05:51:32.1653375Z   "failures": [],
frontend-baseline	BFF compatibility and semantic remediation regressions	2026-10-07T05:51:32.1653871Z   "baseline": "2835e41fcaa9f3924e9f03f95c62727b9e6c69b9",
frontend-baseline	BFF compatibility and semantic remediation regressions	2026-10-07T05:51:32.1654665Z   "scope": "engineering compatibility; no owner/staging signature implied"
frontend-baseline	BFF compatibility and semantic remediation regressions	2026-10-07T05:51:32.1655305Z }
frontend-baseline	BFF compatibility and semantic remediation regressions	2026-10-07T05:51:32.4633747Z 
frontend-baseline	BFF compatibility and semantic remediation regressions	2026-10-07T05:51:32.4634556Z > @sumalpha/quantos@ test:bff-remediation /home/runner/work/QuantOS/QuantOS
frontend-baseline	BFF compatibility and semantic remediation regressions	2026-10-07T05:51:32.4636223Z > node --test scripts/bff-remediation-negative.mjs && vitest run tests/contract/bff-remediation.test.ts packages/api-client/tests/sse-safety.test.ts
frontend-baseline	BFF compatibility and semantic remediation regressions	2026-10-07T05:51:32.4637006Z 
frontend-baseline	BFF compatibility and semantic remediation regressions	2026-10-07T05:51:32.9531275Z ✔ missing staging permits development readiness and never claims formal acceptance (2.672939ms)
frontend-baseline	BFF compatibility and semantic remediation regressions	2026-10-07T05:51:32.9533685Z ✔ stage deferral cannot bypass engineering failures, final receipt requirements or unknown stages (0.195358ms)
frontend-baseline	BFF compatibility and semantic remediation regressions	2026-10-07T05:51:32.9535879Z ✔ final review command cannot be rewired to the development stage (20.580433ms)
frontend-baseline	BFF compatibility and semantic remediation regressions	2026-10-07T05:51:32.9537259Z ✔ current semantic A1 gate passes (10.269528ms)
frontend-baseline	BFF compatibility and semantic remediation regressions	2026-10-07T05:51:32.9538437Z ✔ rejects cookie semantic regression (8.485795ms)
frontend-baseline	BFF compatibility and semantic remediation regressions	2026-10-07T05:51:32.9539744Z ✔ rejects idempotency semantic regression (9.627348ms)
frontend-baseline	BFF compatibility and semantic remediation regressions	2026-10-07T05:51:32.9540932Z ✔ rejects sort semantic regression (10.550938ms)
frontend-baseline	BFF compatibility and semantic remediation regressions	2026-10-07T05:51:32.9542052Z ✔ rejects page semantic regression (8.688518ms)
frontend-baseline	BFF compatibility and semantic remediation regressions	2026-10-07T05:51:32.9543201Z ✔ rejects ci semantic regression (7.219438ms)
frontend-baseline	BFF compatibility and semantic remediation regressions	2026-10-07T05:51:32.9545891Z ✔ rejects decimal semantic regression (9.343042ms)
frontend-baseline	BFF compatibility and semantic remediation regressions	2026-10-07T05:51:32.9549486Z ✔ rejects version semantic regression (6.276311ms)
frontend-baseline	BFF compatibility and semantic remediation regressions	2026-10-07T05:51:32.9553052Z ✔ rejects csrf semantic regression (6.395134ms)
frontend-baseline	BFF compatibility and semantic remediation regressions	2026-10-07T05:51:32.9563726Z ✔ exact registered security correction is accepted only within its window (33.010213ms)
frontend-baseline	BFF compatibility and semantic remediation regressions	2026-10-07T05:51:32.9565405Z ✔ unregistered breaking type, enum or missing baseline fails closed (62.387118ms)
frontend-baseline	BFF compatibility and semantic remediation regressions	2026-10-07T05:51:32.9567407Z ✔ new required parameters and constraints cannot silently bypass compatibility (0.717242ms)
frontend-baseline	BFF compatibility and semantic remediation regressions	2026-10-07T05:51:32.9569179Z ✔ absent, invented and reference-only staging receipts never close A1 (1.094854ms)
frontend-baseline	BFF compatibility and semantic remediation regressions	2026-10-07T05:51:32.9570868Z ✔ final receipt requires technical evidence plus one input-bound user confirmation (2.895408ms)
frontend-baseline	BFF compatibility and semantic remediation regressions	2026-10-07T05:51:32.9580489Z ✔ optional property within an existing allOf is additive, required changes are rejected (0.444848ms)
frontend-baseline	BFF compatibility and semantic remediation regressions	2026-10-07T05:51:32.9744737Z ℹ tests 18
frontend-baseline	BFF compatibility and semantic remediation regressions	2026-10-07T05:51:32.9745185Z ℹ suites 0
frontend-baseline	BFF compatibility and semantic remediation regressions	2026-10-07T05:51:32.9746253Z ℹ pass 18
frontend-baseline	BFF compatibility and semantic remediation regressions	2026-10-07T05:51:32.9746668Z ℹ fail 0
frontend-baseline	BFF compatibility and semantic remediation regressions	2026-10-07T05:51:32.9747030Z ℹ cancelled 0
frontend-baseline	BFF compatibility and semantic remediation regressions	2026-10-07T05:51:32.9747408Z ℹ skipped 0
frontend-baseline	BFF compatibility and semantic remediation regressions	2026-10-07T05:51:32.9747759Z ℹ todo 0
frontend-baseline	BFF compatibility and semantic remediation regressions	2026-10-07T05:51:32.9748179Z ℹ duration_ms 482.193796
frontend-baseline	BFF compatibility and semantic remediation regressions	2026-10-07T05:51:33.2306439Z 
frontend-baseline	BFF compatibility and semantic remediation regressions	2026-10-07T05:51:33.2337284Z ^[[1m^[[30m^[[46m RUN ^[[49m^[[39m^[[22m ^[[36mv4.1.11 ^[[39m^[[90m/home/runner/work/QuantOS/QuantOS^[[39m
frontend-baseline	BFF compatibility and semantic remediation regressions	2026-10-07T05:51:33.2344225Z 
frontend-baseline	BFF compatibility and semantic remediation regressions	2026-10-07T05:51:33.7481887Z  ^[[32m✓^[[39m packages/api-client/tests/sse-safety.test.ts ^[[2m(^[[22m^[[2m9 tests^[[22m^[[2m)^[[22m^[[32m 51^[[2mms^[[22m^[[39m
frontend-baseline	BFF compatibility and semantic remediation regressions	2026-10-07T05:51:34.4314117Z  ^[[32m✓^[[39m tests/contract/bff-remediation.test.ts ^[[2m(^[[22m^[[2m8 tests^[[22m^[[2m)^[[22m^[[33m 349^[[2mms^[[22m^[[39m
frontend-baseline	BFF compatibility and semantic remediation regressions	2026-10-07T05:51:34.4345748Z 
frontend-baseline	BFF compatibility and semantic remediation regressions	2026-10-07T05:51:34.4350501Z ^[[2m Test Files ^[[22m ^[[1m^[[32m2 passed^[[39m^[[22m^[[90m (2)^[[39m
frontend-baseline	BFF compatibility and semantic remediation regressions	2026-10-07T05:51:34.4351553Z ^[[2m      Tests ^[[22m ^[[1m^[[32m17 passed^[[39m^[[22m^[[90m (17)^[[39m
frontend-baseline	BFF compatibility and semantic remediation regressions	2026-10-07T05:51:34.4352584Z ^[[2m   Start at ^[[22m 05:51:33
frontend-baseline	BFF compatibility and semantic remediation regressions	2026-10-07T05:51:34.4353963Z ^[[2m   Duration ^[[22m 1.14s^[[2m (transform 300ms, setup 0ms, import 875ms, tests 401ms, environment 0ms)^[[22m
frontend-baseline	BFF compatibility and semantic remediation regressions	2026-10-07T05:51:34.4354879Z 
frontend-baseline	A2 BFF-FE-001 auth and settings contract Gate	﻿2026-10-07T05:51:34.4727937Z ##[group]Run pnpm check:bff-fe-001 && pnpm test:bff-fe-001
frontend-baseline	A2 BFF-FE-001 auth and settings contract Gate	2026-10-07T05:51:34.4728695Z ^[[36;1mpnpm check:bff-fe-001 && pnpm test:bff-fe-001^[[0m
frontend-baseline	A2 BFF-FE-001 auth and settings contract Gate	2026-10-07T05:51:34.4813156Z shell: /usr/bin/bash -e {0}
frontend-baseline	A2 BFF-FE-001 auth and settings contract Gate	2026-10-07T05:51:34.4813427Z env:
frontend-baseline	A2 BFF-FE-001 auth and settings contract Gate	2026-10-07T05:51:34.4813700Z   QUANTOS_BFF_BASE: 2835e41fcaa9f3924e9f03f95c62727b9e6c69b9
frontend-baseline	A2 BFF-FE-001 auth and settings contract Gate	2026-10-07T05:51:34.4814058Z   NEXT_PUBLIC_QUANTOS_ENV: local-mock
frontend-baseline	A2 BFF-FE-001 auth and settings contract Gate	2026-10-07T05:51:34.4814378Z   NEXT_PUBLIC_SITE_ORIGIN: https://sumalpha.ai
frontend-baseline	A2 BFF-FE-001 auth and settings contract Gate	2026-10-07T05:51:34.4814776Z   NEXT_PUBLIC_QUANTOS_TERMINAL_ORIGIN: http://localhost:3190
frontend-baseline	A2 BFF-FE-001 auth and settings contract Gate	2026-10-07T05:51:34.4815177Z   NEXT_PUBLIC_QUANTOS_BFF_ORIGIN: http://localhost:4010
frontend-baseline	A2 BFF-FE-001 auth and settings contract Gate	2026-10-07T05:51:34.4815865Z   NEXT_PUBLIC_QUANTOS_OIDC_ISSUER: https://mock.idp.local
frontend-baseline	A2 BFF-FE-001 auth and settings contract Gate	2026-10-07T05:51:34.4816264Z   NEXT_PUBLIC_QUANTOS_OIDC_CLIENT_ID: quantos-terminal-ci
frontend-baseline	A2 BFF-FE-001 auth and settings contract Gate	2026-10-07T05:51:34.4816715Z   NEXT_PUBLIC_QUANTOS_OIDC_REDIRECT_URI: http://localhost:3190/auth/callback
frontend-baseline	A2 BFF-FE-001 auth and settings contract Gate	2026-10-07T05:51:34.4817138Z   NEXT_PUBLIC_QUANTOS_DEFAULT_MODE: paper
frontend-baseline	A2 BFF-FE-001 auth and settings contract Gate	2026-10-07T05:51:34.4817431Z   NEXT_PUBLIC_QUANTOS_MOCK_ENABLED: true
frontend-baseline	A2 BFF-FE-001 auth and settings contract Gate	2026-10-07T05:51:34.4817754Z   NEXT_PUBLIC_QUANTOS_OBS_ENABLED: false
frontend-baseline	A2 BFF-FE-001 auth and settings contract Gate	2026-10-07T05:51:34.4818084Z   NEXT_PUBLIC_QUANTOS_FEATURE_ASSISTED_LIVE_TESTNET: off
frontend-baseline	A2 BFF-FE-001 auth and settings contract Gate	2026-10-07T05:51:34.4818411Z   CARGO_HOME: /home/runner/.cargo
frontend-baseline	A2 BFF-FE-001 auth and settings contract Gate	2026-10-07T05:51:34.4818667Z   CARGO_INCREMENTAL: 0
frontend-baseline	A2 BFF-FE-001 auth and settings contract Gate	2026-10-07T05:51:34.4818894Z   CARGO_TERM_COLOR: always
frontend-baseline	A2 BFF-FE-001 auth and settings contract Gate	2026-10-07T05:51:34.4819115Z ##[endgroup]
frontend-baseline	A2 BFF-FE-001 auth and settings contract Gate	2026-10-07T05:51:34.7706263Z 
frontend-baseline	A2 BFF-FE-001 auth and settings contract Gate	2026-10-07T05:51:34.7707186Z > @sumalpha/quantos@ check:bff-fe-001 /home/runner/work/QuantOS/QuantOS
frontend-baseline	A2 BFF-FE-001 auth and settings contract Gate	2026-10-07T05:51:34.7708072Z > node scripts/check-bff-fe-001.mjs
frontend-baseline	A2 BFF-FE-001 auth and settings contract Gate	2026-10-07T05:51:34.7708421Z 
frontend-baseline	A2 BFF-FE-001 auth and settings contract Gate	2026-10-07T05:53:00.8446615Z BFF-FE-001 local contract Gate PASS: 20 C01/C17 operations, structure plus executed provider/consumer semantics. Live Supabase/staging evidence remains separate. F06 target acceptance requires make f06-acceptance-gate.
frontend-baseline	A2 BFF-FE-001 auth and settings contract Gate	2026-10-07T05:53:01.1397851Z 
frontend-baseline	A2 BFF-FE-001 auth and settings contract Gate	2026-10-07T05:53:01.1401217Z > @sumalpha/quantos@ test:bff-fe-001 /home/runner/work/QuantOS/QuantOS
frontend-baseline	A2 BFF-FE-001 auth and settings contract Gate	2026-10-07T05:53:01.1403212Z > node --test scripts/bff-fe-001-gate-negative.mjs && node scripts/test-bff-fe-001-mutations.mjs && node --test scripts/f09-migration-ledger.test.cjs
frontend-baseline	A2 BFF-FE-001 auth and settings contract Gate	2026-10-07T05:53:01.1404325Z 
frontend-baseline	A2 BFF-FE-001 auth and settings contract Gate	2026-10-07T05:53:01.6596906Z ✔ current BFF-FE-001 repository Gate passes (24.527571ms)
frontend-baseline	A2 BFF-FE-001 auth and settings contract Gate	2026-10-07T05:53:01.6604006Z ✔ CSRF deletion is rejected (17.463386ms)
frontend-baseline	A2 BFF-FE-001 auth and settings contract Gate	2026-10-07T05:53:01.6604526Z ✔ bearer session regression is rejected (13.385139ms)
frontend-baseline	A2 BFF-FE-001 auth and settings contract Gate	2026-10-07T05:53:01.6604981Z ✔ recent-auth deletion is rejected (16.295154ms)
frontend-baseline	A2 BFF-FE-001 auth and settings contract Gate	2026-10-07T05:53:01.6607643Z ✔ idempotency deletion is rejected (12.415992ms)
frontend-baseline	A2 BFF-FE-001 auth and settings contract Gate	2026-10-07T05:53:01.6608589Z ✔ last-factor protection deletion is rejected (9.084944ms)
frontend-baseline	A2 BFF-FE-001 auth and settings contract Gate	2026-10-07T05:53:01.6610682Z ✔ resource-hiding 404 deletion is rejected (10.488409ms)
frontend-baseline	A2 BFF-FE-001 auth and settings contract Gate	2026-10-07T05:53:01.6613565Z ✔ revocation replay deletion is rejected (11.926981ms)
frontend-baseline	A2 BFF-FE-001 auth and settings contract Gate	2026-10-07T05:53:01.6619118Z ✔ security audit reference deletion is rejected (10.549324ms)
frontend-baseline	A2 BFF-FE-001 auth and settings contract Gate	2026-10-07T05:53:01.6623752Z ✔ dependency regression is rejected (7.351216ms)
frontend-baseline	A2 BFF-FE-001 auth and settings contract Gate	2026-10-07T05:53:01.6625270Z ✔ provider changes invalidate executed evidence (7.380602ms)
frontend-baseline	A2 BFF-FE-001 auth and settings contract Gate	2026-10-07T05:53:01.6630008Z ✔ providerTests changes invalidate executed evidence (9.8627ms)
frontend-baseline	A2 BFF-FE-001 auth and settings contract Gate	2026-10-07T05:53:01.6634823Z ✔ authClient changes invalidate executed evidence (7.630072ms)
frontend-baseline	A2 BFF-FE-001 auth and settings contract Gate	2026-10-07T05:53:01.6639378Z ✔ settingsClient changes invalidate executed evidence (12.067987ms)
frontend-baseline	A2 BFF-FE-001 auth and settings contract Gate	2026-10-07T05:53:01.6668653Z ✔ liveProvider changes invalidate executed evidence (12.196539ms)
frontend-baseline	A2 BFF-FE-001 auth and settings contract Gate	2026-10-07T05:53:01.6669911Z ✔ frontendWorkflow commands in comments do not count as CI (7.990582ms)
frontend-baseline	A2 BFF-FE-001 auth and settings contract Gate	2026-10-07T05:53:01.6671100Z ✔ ciWorkflow commands in comments do not count as CI (8.766413ms)
frontend-baseline	A2 BFF-FE-001 auth and settings contract Gate	2026-10-07T05:53:01.6672197Z ✔ disabled CI steps cannot satisfy the Gate (7.934526ms)
frontend-baseline	A2 BFF-FE-001 auth and settings contract Gate	2026-10-07T05:53:01.6673329Z ✔ outdated inventory cannot satisfy the active evidence Gate (7.069786ms)
frontend-baseline	A2 BFF-FE-001 auth and settings contract Gate	2026-10-07T05:53:01.6674546Z ✔ commented Make recipes do not satisfy executable wiring (6.580013ms)
frontend-baseline	A2 BFF-FE-001 auth and settings contract Gate	2026-10-07T05:53:01.6675999Z ✔ no semantic receipt cannot satisfy the Gate (6.618625ms)
frontend-baseline	A2 BFF-FE-001 auth and settings contract Gate	2026-10-07T05:53:01.6677461Z ✔ deleted active evidence cannot satisfy the Gate (8.090389ms)
frontend-baseline	A2 BFF-FE-001 auth and settings contract Gate	2026-10-07T05:53:01.6834490Z ℹ tests 22
frontend-baseline	A2 BFF-FE-001 auth and settings contract Gate	2026-10-07T05:53:01.6834905Z ℹ suites 0
frontend-baseline	A2 BFF-FE-001 auth and settings contract Gate	2026-10-07T05:53:01.6835228Z ℹ pass 22
frontend-baseline	A2 BFF-FE-001 auth and settings contract Gate	2026-10-07T05:53:01.6835452Z ℹ fail 0
frontend-baseline	A2 BFF-FE-001 auth and settings contract Gate	2026-10-07T05:53:01.6836040Z ℹ cancelled 0
frontend-baseline	A2 BFF-FE-001 auth and settings contract Gate	2026-10-07T05:53:01.6836497Z ℹ skipped 0
frontend-baseline	A2 BFF-FE-001 auth and settings contract Gate	2026-10-07T05:53:01.6836897Z ℹ todo 0
frontend-baseline	A2 BFF-FE-001 auth and settings contract Gate	2026-10-07T05:53:01.6837177Z ℹ duration_ms 514.540128
frontend-baseline	A2 BFF-FE-001 auth and settings contract Gate	2026-10-07T05:54:16.9355145Z PASS actual semantic mutation rejected: last-factor-protection
frontend-baseline	A2 BFF-FE-001 auth and settings contract Gate	2026-10-07T05:54:23.1244081Z PASS actual semantic mutation rejected: csrf-enforcement
frontend-baseline	A2 BFF-FE-001 auth and settings contract Gate	2026-10-07T05:54:29.2039564Z PASS actual semantic mutation rejected: challenge-freshness
frontend-baseline	A2 BFF-FE-001 auth and settings contract Gate	2026-10-07T05:54:31.5926286Z PASS actual semantic mutation rejected: live-last-factor
frontend-baseline	A2 BFF-FE-001 auth and settings contract Gate	2026-10-07T05:54:33.9806285Z PASS actual semantic mutation rejected: live-first-factor-state
frontend-baseline	A2 BFF-FE-001 auth and settings contract Gate	2026-10-07T05:54:36.3739830Z PASS actual semantic mutation rejected: live-csrf
frontend-baseline	A2 BFF-FE-001 auth and settings contract Gate	2026-10-07T05:54:38.7782867Z PASS actual semantic mutation rejected: live-challenge-ttl
frontend-baseline	A2 BFF-FE-001 auth and settings contract Gate	2026-10-07T05:54:41.1833780Z PASS actual semantic mutation rejected: live-revocation
frontend-baseline	A2 BFF-FE-001 auth and settings contract Gate	2026-10-07T05:54:41.2755117Z ✔ later A2 migration does not make a complete F09 ledger stale (0.948769ms)
frontend-baseline	A2 BFF-FE-001 auth and settings contract Gate	2026-10-07T05:54:41.2763533Z ✔ missing target migration fails closed (0.50408ms)
frontend-baseline	A2 BFF-FE-001 auth and settings contract Gate	2026-10-07T05:54:41.2764897Z ✔ changed applied SQL checksum fails closed (0.210837ms)
frontend-baseline	A2 BFF-FE-001 auth and settings contract Gate	2026-10-07T05:54:41.2765947Z ✔ missing F09 prerequisite fails even if remaining ledger matches (0.186802ms)
frontend-baseline	A2 BFF-FE-001 auth and settings contract Gate	2026-10-07T05:54:41.2857670Z ℹ tests 4
frontend-baseline	A2 BFF-FE-001 auth and settings contract Gate	2026-10-07T05:54:41.2858004Z ℹ suites 0
frontend-baseline	A2 BFF-FE-001 auth and settings contract Gate	2026-10-07T05:54:41.2858233Z ℹ pass 4
frontend-baseline	A2 BFF-FE-001 auth and settings contract Gate	2026-10-07T05:54:41.2858440Z ℹ fail 0
frontend-baseline	A2 BFF-FE-001 auth and settings contract Gate	2026-10-07T05:54:41.2858652Z ℹ cancelled 0
frontend-baseline	A2 BFF-FE-001 auth and settings contract Gate	2026-10-07T05:54:41.2858889Z ℹ skipped 0
frontend-baseline	A2 BFF-FE-001 auth and settings contract Gate	2026-10-07T05:54:41.2859098Z ℹ todo 0
frontend-baseline	A2 BFF-FE-001 auth and settings contract Gate	2026-10-07T05:54:41.2859429Z ℹ duration_ms 59.546915
frontend-baseline	Archive A2 semantic regression diagnostics	﻿2026-10-07T05:54:41.3040891Z ##[group]Run actions/upload-artifact@v4
frontend-baseline	Archive A2 semantic regression diagnostics	2026-10-07T05:54:41.3041188Z with:
frontend-baseline	Archive A2 semantic regression diagnostics	2026-10-07T05:54:41.3041498Z   name: frontend-a2-semantics-47cb743c4587f2eb866f39c594a472a86d262dfc
frontend-baseline	Archive A2 semantic regression diagnostics	2026-10-07T05:54:41.3041900Z   path: artifacts/bff-fe-001/semantics*
frontend-baseline	Archive A2 semantic regression diagnostics	2026-10-07T05:54:41.3042169Z   if-no-files-found: warn
frontend-baseline	Archive A2 semantic regression diagnostics	2026-10-07T05:54:41.3042574Z   compression-level: 6
frontend-baseline	Archive A2 semantic regression diagnostics	2026-10-07T05:54:41.3042789Z   overwrite: false
frontend-baseline	Archive A2 semantic regression diagnostics	2026-10-07T05:54:41.3043005Z   include-hidden-files: false
frontend-baseline	Archive A2 semantic regression diagnostics	2026-10-07T05:54:41.3043233Z env:
frontend-baseline	Archive A2 semantic regression diagnostics	2026-10-07T05:54:41.3043474Z   QUANTOS_BFF_BASE: 2835e41fcaa9f3924e9f03f95c62727b9e6c69b9
frontend-baseline	Archive A2 semantic regression diagnostics	2026-10-07T05:54:41.3043813Z   NEXT_PUBLIC_QUANTOS_ENV: local-mock
frontend-baseline	Archive A2 semantic regression diagnostics	2026-10-07T05:54:41.3044110Z   NEXT_PUBLIC_SITE_ORIGIN: https://sumalpha.ai
frontend-baseline	Archive A2 semantic regression diagnostics	2026-10-07T05:54:41.3044491Z   NEXT_PUBLIC_QUANTOS_TERMINAL_ORIGIN: http://localhost:3190
frontend-baseline	Archive A2 semantic regression diagnostics	2026-10-07T05:54:41.3044894Z   NEXT_PUBLIC_QUANTOS_BFF_ORIGIN: http://localhost:4010
frontend-baseline	Archive A2 semantic regression diagnostics	2026-10-07T05:54:41.3045270Z   NEXT_PUBLIC_QUANTOS_OIDC_ISSUER: https://mock.idp.local
frontend-baseline	Archive A2 semantic regression diagnostics	2026-10-07T05:54:41.3046080Z   NEXT_PUBLIC_QUANTOS_OIDC_CLIENT_ID: quantos-terminal-ci
frontend-baseline	Archive A2 semantic regression diagnostics	2026-10-07T05:54:41.3046571Z   NEXT_PUBLIC_QUANTOS_OIDC_REDIRECT_URI: http://localhost:3190/auth/callback
frontend-baseline	Archive A2 semantic regression diagnostics	2026-10-07T05:54:41.3046978Z   NEXT_PUBLIC_QUANTOS_DEFAULT_MODE: paper
frontend-baseline	Archive A2 semantic regression diagnostics	2026-10-07T05:54:41.3047267Z   NEXT_PUBLIC_QUANTOS_MOCK_ENABLED: true
frontend-baseline	Archive A2 semantic regression diagnostics	2026-10-07T05:54:41.3047553Z   NEXT_PUBLIC_QUANTOS_OBS_ENABLED: false
frontend-baseline	Archive A2 semantic regression diagnostics	2026-10-07T05:54:41.3047871Z   NEXT_PUBLIC_QUANTOS_FEATURE_ASSISTED_LIVE_TESTNET: off
frontend-baseline	Archive A2 semantic regression diagnostics	2026-10-07T05:54:41.3048191Z   CARGO_HOME: /home/runner/.cargo
frontend-baseline	Archive A2 semantic regression diagnostics	2026-10-07T05:54:41.3048441Z   CARGO_INCREMENTAL: 0
frontend-baseline	Archive A2 semantic regression diagnostics	2026-10-07T05:54:41.3048658Z   CARGO_TERM_COLOR: always
frontend-baseline	Archive A2 semantic regression diagnostics	2026-10-07T05:54:41.3048878Z ##[endgroup]
frontend-baseline	Archive A2 semantic regression diagnostics	2026-10-07T05:54:41.4734363Z (node:14346) [DEP0040] DeprecationWarning: The `punycode` module is deprecated. Please use a userland alternative instead.
frontend-baseline	Archive A2 semantic regression diagnostics	2026-10-07T05:54:41.4735241Z (Use `node --trace-deprecation ...` to show where the warning was created)
frontend-baseline	Archive A2 semantic regression diagnostics	2026-10-07T05:54:41.4804568Z With the provided path, there will be 4 files uploaded
frontend-baseline	Archive A2 semantic regression diagnostics	2026-10-07T05:54:41.4816257Z Artifact name is valid!
frontend-baseline	Archive A2 semantic regression diagnostics	2026-10-07T05:54:41.4826632Z Root directory input is valid!
frontend-baseline	Archive A2 semantic regression diagnostics	2026-10-07T05:54:41.8460188Z Beginning upload of artifact content to blob storage
frontend-baseline	Archive A2 semantic regression diagnostics	2026-10-07T05:54:41.8704605Z (node:14346) [DEP0169] DeprecationWarning: `url.parse()` behavior is not standardized and prone to errors that have security implications. Use the WHATWG URL API instead. CVEs are not issued for `url.parse()` vulnerabilities.
frontend-baseline	Archive A2 semantic regression diagnostics	2026-10-07T05:54:42.1239844Z Uploaded bytes 5633
frontend-baseline	Archive A2 semantic regression diagnostics	2026-10-07T05:54:42.1969238Z Finished uploading artifact content to blob storage!
frontend-baseline	Archive A2 semantic regression diagnostics	2026-10-07T05:54:42.1970644Z SHA256 digest of uploaded artifact zip is 77faaef6b78bb449ec5e194db98bfb87c0ce77049d3725c3eaf737dbf7411eec
frontend-baseline	Archive A2 semantic regression diagnostics	2026-10-07T05:54:42.1971521Z Finalizing artifact upload
frontend-baseline	Archive A2 semantic regression diagnostics	2026-10-07T05:54:42.4475171Z Artifact frontend-a2-semantics-47cb743c4587f2eb866f39c594a472a86d262dfc.zip successfully finalized. Artifact ID 11463617519
frontend-baseline	Archive A2 semantic regression diagnostics	2026-10-07T05:54:42.4477209Z Artifact frontend-a2-semantics-47cb743c4587f2eb866f39c594a472a86d262dfc has been successfully uploaded! Final size is 5633 bytes. Artifact ID is 11463617519
frontend-baseline	Archive A2 semantic regression diagnostics	2026-10-07T05:54:42.4481808Z Artifact download URL: https://github.com/SumAlphaAI/QuantOS/actions/runs/37578281222/artifacts/11463617519
frontend-baseline	A2 current development receipt and dependency Gate	﻿2026-10-07T05:54:42.4605027Z ##[group]Run pnpm check:bff-fe-001:development && pnpm test:bff-fe-001:development
frontend-baseline	A2 current development receipt and dependency Gate	2026-10-07T05:54:42.4606042Z ^[[36;1mpnpm check:bff-fe-001:development && pnpm test:bff-fe-001:development^[[0m
frontend-baseline	A2 current development receipt and dependency Gate	2026-10-07T05:54:42.4669007Z shell: /usr/bin/bash -e {0}
frontend-baseline	A2 current development receipt and dependency Gate	2026-10-07T05:54:42.4669267Z env:
frontend-baseline	A2 current development receipt and dependency Gate	2026-10-07T05:54:42.4669545Z   QUANTOS_BFF_BASE: 2835e41fcaa9f3924e9f03f95c62727b9e6c69b9
frontend-baseline	A2 current development receipt and dependency Gate	2026-10-07T05:54:42.4669913Z   NEXT_PUBLIC_QUANTOS_ENV: local-mock
frontend-baseline	A2 current development receipt and dependency Gate	2026-10-07T05:54:42.4670229Z   NEXT_PUBLIC_SITE_ORIGIN: https://sumalpha.ai
frontend-baseline	A2 current development receipt and dependency Gate	2026-10-07T05:54:42.4670615Z   NEXT_PUBLIC_QUANTOS_TERMINAL_ORIGIN: http://localhost:3190
frontend-baseline	A2 current development receipt and dependency Gate	2026-10-07T05:54:42.4671024Z   NEXT_PUBLIC_QUANTOS_BFF_ORIGIN: http://localhost:4010
frontend-baseline	A2 current development receipt and dependency Gate	2026-10-07T05:54:42.4671419Z   NEXT_PUBLIC_QUANTOS_OIDC_ISSUER: https://mock.idp.local
frontend-baseline	A2 current development receipt and dependency Gate	2026-10-07T05:54:42.4671801Z   NEXT_PUBLIC_QUANTOS_OIDC_CLIENT_ID: quantos-terminal-ci
frontend-baseline	A2 current development receipt and dependency Gate	2026-10-07T05:54:42.4672256Z   NEXT_PUBLIC_QUANTOS_OIDC_REDIRECT_URI: http://localhost:3190/auth/callback
frontend-baseline	A2 current development receipt and dependency Gate	2026-10-07T05:54:42.4672696Z   NEXT_PUBLIC_QUANTOS_DEFAULT_MODE: paper
frontend-baseline	A2 current development receipt and dependency Gate	2026-10-07T05:54:42.4673201Z   NEXT_PUBLIC_QUANTOS_MOCK_ENABLED: true
frontend-baseline	A2 current development receipt and dependency Gate	2026-10-07T05:54:42.4673491Z   NEXT_PUBLIC_QUANTOS_OBS_ENABLED: false
frontend-baseline	A2 current development receipt and dependency Gate	2026-10-07T05:54:42.4673818Z   NEXT_PUBLIC_QUANTOS_FEATURE_ASSISTED_LIVE_TESTNET: off
frontend-baseline	A2 current development receipt and dependency Gate	2026-10-07T05:54:42.4674148Z   CARGO_HOME: /home/runner/.cargo
frontend-baseline	A2 current development receipt and dependency Gate	2026-10-07T05:54:42.4674406Z   CARGO_INCREMENTAL: 0
frontend-baseline	A2 current development receipt and dependency Gate	2026-10-07T05:54:42.4674630Z   CARGO_TERM_COLOR: always
frontend-baseline	A2 current development receipt and dependency Gate	2026-10-07T05:54:42.4674858Z ##[endgroup]
frontend-baseline	A2 current development receipt and dependency Gate	2026-10-07T05:54:42.7571868Z 
frontend-baseline	A2 current development receipt and dependency Gate	2026-10-07T05:54:42.7572801Z > @sumalpha/quantos@ check:bff-fe-001:development /home/runner/work/QuantOS/QuantOS
frontend-baseline	A2 current development receipt and dependency Gate	2026-10-07T05:54:42.7573478Z > node scripts/bff-fe-001-development.mjs
frontend-baseline	A2 current development receipt and dependency Gate	2026-10-07T05:54:42.7573730Z 
frontend-baseline	A2 current development receipt and dependency Gate	2026-10-07T05:54:46.3527746Z {"status":"READY","nodeId":"FE:BFF-FE-001","formalAccepted":false}
frontend-baseline	A2 current development receipt and dependency Gate	2026-10-07T05:54:46.6556031Z 
frontend-baseline	A2 current development receipt and dependency Gate	2026-10-07T05:54:46.6557347Z > @sumalpha/quantos@ test:bff-fe-001:development /home/runner/work/QuantOS/QuantOS
frontend-baseline	A2 current development receipt and dependency Gate	2026-10-07T05:54:46.6558198Z > node --test --test-reporter=tap scripts/bff-fe-001-development.test.mjs
frontend-baseline	A2 current development receipt and dependency Gate	2026-10-07T05:54:46.6558635Z 
frontend-baseline	A2 current development receipt and dependency Gate	2026-10-07T05:54:46.6956705Z TAP version 13
frontend-baseline	A2 current development receipt and dependency Gate	2026-10-07T05:55:57.7882378Z # Subtest: complete current evidence passes with all dependencies checked
frontend-baseline	A2 current development receipt and dependency Gate	2026-10-07T05:55:57.7890392Z ok 1 - complete current evidence passes with all dependencies checked
frontend-baseline	A2 current development receipt and dependency Gate	2026-10-07T05:55:57.7891269Z   ---
frontend-baseline	A2 current development receipt and dependency Gate	2026-10-07T05:55:57.7891718Z   duration_ms: 1945.302901
frontend-baseline	A2 current development receipt and dependency Gate	2026-10-07T05:55:57.7892293Z   type: 'test'
frontend-baseline	A2 current development receipt and dependency Gate	2026-10-07T05:55:57.7892778Z   ...
frontend-baseline	A2 current development receipt and dependency Gate	2026-10-07T05:55:57.7898265Z # Subtest: own failure is rejected
frontend-baseline	A2 current development receipt and dependency Gate	2026-10-07T05:55:57.7899630Z ok 2 - own failure is rejected
frontend-baseline	A2 current development receipt and dependency Gate	2026-10-07T05:55:57.7900503Z   ---
frontend-baseline	A2 current development receipt and dependency Gate	2026-10-07T05:55:57.7900856Z   duration_ms: 1613.174973
frontend-baseline	A2 current development receipt and dependency Gate	2026-10-07T05:55:57.7901303Z   type: 'test'
frontend-baseline	A2 current development receipt and dependency Gate	2026-10-07T05:55:57.7912428Z   ...
frontend-baseline	A2 current development receipt and dependency Gate	2026-10-07T05:55:57.7912941Z # Subtest: residual defect is rejected
frontend-baseline	A2 current development receipt and dependency Gate	2026-10-07T05:55:57.7913638Z ok 3 - residual defect is rejected
frontend-baseline	A2 current development receipt and dependency Gate	2026-10-07T05:55:57.7916624Z   ---
frontend-baseline	A2 current development receipt and dependency Gate	2026-10-07T05:55:57.7917131Z   duration_ms: 1598.276755
frontend-baseline	A2 current development receipt and dependency Gate	2026-10-07T05:55:57.7917556Z   type: 'test'
frontend-baseline	A2 current development receipt and dependency Gate	2026-10-07T05:55:57.7917927Z   ...
frontend-baseline	A2 current development receipt and dependency Gate	2026-10-07T05:55:57.7919633Z # Subtest: stale code is rejected
frontend-baseline	A2 current development receipt and dependency Gate	2026-10-07T05:55:57.7921140Z ok 4 - stale code is rejected
frontend-baseline	A2 current development receipt and dependency Gate	2026-10-07T05:55:57.7922008Z   ---
frontend-baseline	A2 current development receipt and dependency Gate	2026-10-07T05:55:57.7922239Z   duration_ms: 1575.548875
frontend-baseline	A2 current development receipt and dependency Gate	2026-10-07T05:55:57.7922481Z   type: 'test'
frontend-baseline	A2 current development receipt and dependency Gate	2026-10-07T05:55:57.7922685Z   ...
frontend-baseline	A2 current development receipt and dependency Gate	2026-10-07T05:55:57.7924258Z # Subtest: upstream not READY is rejected
frontend-baseline	A2 current development receipt and dependency Gate	2026-10-07T05:55:57.7943208Z ok 5 - upstream not READY is rejected
frontend-baseline	A2 current development receipt and dependency Gate	2026-10-07T05:55:57.7943945Z   ---
frontend-baseline	A2 current development receipt and dependency Gate	2026-10-07T05:55:57.7944529Z   duration_ms: 1584.765667
frontend-baseline	A2 current development receipt and dependency Gate	2026-10-07T05:55:57.7945131Z   type: 'test'
frontend-baseline	A2 current development receipt and dependency Gate	2026-10-07T05:55:57.7945958Z   ...
frontend-baseline	A2 current development receipt and dependency Gate	2026-10-07T05:55:57.7958101Z # Subtest: upstream digest changed is rejected
frontend-baseline	A2 current development receipt and dependency Gate	2026-10-07T05:55:57.7961751Z ok 6 - upstream digest changed is rejected
frontend-baseline	A2 current development receipt and dependency Gate	2026-10-07T05:55:57.7962620Z   ---
frontend-baseline	A2 current development receipt and dependency Gate	2026-10-07T05:55:57.7963211Z   duration_ms: 1545.344249
frontend-baseline	A2 current development receipt and dependency Gate	2026-10-07T05:55:57.7963853Z   type: 'test'
frontend-baseline	A2 current development receipt and dependency Gate	2026-10-07T05:55:57.7967905Z   ...
frontend-baseline	A2 current development receipt and dependency Gate	2026-10-07T05:55:57.7986523Z # Subtest: recursive upstream failure is rejected
frontend-baseline	A2 current development receipt and dependency Gate	2026-10-07T05:55:57.7988179Z ok 7 - recursive upstream failure is rejected
frontend-baseline	A2 current development receipt and dependency Gate	2026-10-07T05:55:57.7988987Z   ---
frontend-baseline	A2 current development receipt and dependency Gate	2026-10-07T05:55:57.7989625Z   duration_ms: 1566.102978
frontend-baseline	A2 current development receipt and dependency Gate	2026-10-07T05:55:57.7990416Z   type: 'test'
frontend-baseline	A2 current development receipt and dependency Gate	2026-10-07T05:55:57.7991030Z   ...
frontend-baseline	A2 current development receipt and dependency Gate	2026-10-07T05:55:57.7991762Z # Subtest: evidence tampered is rejected
frontend-baseline	A2 current development receipt and dependency Gate	2026-10-07T05:55:57.7992651Z ok 8 - evidence tampered is rejected
frontend-baseline	A2 current development receipt and dependency Gate	2026-10-07T05:55:57.7993374Z   ---
frontend-baseline	A2 current development receipt and dependency Gate	2026-10-07T05:55:57.7993889Z   duration_ms: 1550.428236
frontend-baseline	A2 current development receipt and dependency Gate	2026-10-07T05:55:57.7994552Z   type: 'test'
frontend-baseline	A2 current development receipt and dependency Gate	2026-10-07T05:55:57.7995156Z   ...
frontend-baseline	A2 current development receipt and dependency Gate	2026-10-07T05:55:57.7996204Z # Subtest: target assertion missing is rejected
frontend-baseline	A2 current development receipt and dependency Gate	2026-10-07T05:55:57.7997182Z ok 9 - target assertion missing is rejected
frontend-baseline	A2 current development receipt and dependency Gate	2026-10-07T05:55:57.7997940Z   ---
frontend-baseline	A2 current development receipt and dependency Gate	2026-10-07T05:55:57.7998549Z   duration_ms: 1531.666688
frontend-baseline	A2 current development receipt and dependency Gate	2026-10-07T05:55:57.7999247Z   type: 'test'
frontend-baseline	A2 current development receipt and dependency Gate	2026-10-07T05:55:57.7999831Z   ...
frontend-baseline	A2 current development receipt and dependency Gate	2026-10-07T05:55:57.8000547Z # Subtest: cleanup unverified is rejected
frontend-baseline	A2 current development receipt and dependency Gate	2026-10-07T05:55:57.8001434Z ok 10 - cleanup unverified is rejected
frontend-baseline	A2 current development receipt and dependency Gate	2026-10-07T05:55:57.8002308Z   ---
frontend-baseline	A2 current development receipt and dependency Gate	2026-10-07T05:55:57.8003320Z   duration_ms: 1695.102209
frontend-baseline	A2 current development receipt and dependency Gate	2026-10-07T05:55:57.8003995Z   type: 'test'
frontend-baseline	A2 current development receipt and dependency Gate	2026-10-07T05:55:57.8004552Z   ...
frontend-baseline	A2 current development receipt and dependency Gate	2026-10-07T05:55:57.8005288Z # Subtest: live policy mutant survives is rejected
frontend-baseline	A2 current development receipt and dependency Gate	2026-10-07T05:55:57.8006532Z ok 11 - live policy mutant survives is rejected
frontend-baseline	A2 current development receipt and dependency Gate	2026-10-07T05:55:57.8007272Z   ---
frontend-baseline	A2 current development receipt and dependency Gate	2026-10-07T05:55:57.8007770Z   duration_ms: 1595.747145
frontend-baseline	A2 current development receipt and dependency Gate	2026-10-07T05:55:57.8008314Z   type: 'test'
frontend-baseline	A2 current development receipt and dependency Gate	2026-10-07T05:55:57.8008786Z   ...
frontend-baseline	A2 current development receipt and dependency Gate	2026-10-07T05:55:57.8009421Z # Subtest: live semantic test omitted is rejected
frontend-baseline	A2 current development receipt and dependency Gate	2026-10-07T05:55:57.8010235Z ok 12 - live semantic test omitted is rejected
frontend-baseline	A2 current development receipt and dependency Gate	2026-10-07T05:55:57.8010868Z   ---
frontend-baseline	A2 current development receipt and dependency Gate	2026-10-07T05:55:57.8011337Z   duration_ms: 1592.038948
frontend-baseline	A2 current development receipt and dependency Gate	2026-10-07T05:55:57.8011866Z   type: 'test'
frontend-baseline	A2 current development receipt and dependency Gate	2026-10-07T05:55:57.8012332Z   ...
frontend-baseline	A2 current development receipt and dependency Gate	2026-10-07T05:55:57.8012907Z # Subtest: target source stale is rejected
frontend-baseline	A2 current development receipt and dependency Gate	2026-10-07T05:55:57.8013633Z ok 13 - target source stale is rejected
frontend-baseline	A2 current development receipt and dependency Gate	2026-10-07T05:55:57.8014248Z   ---
frontend-baseline	A2 current development receipt and dependency Gate	2026-10-07T05:55:57.8014805Z   duration_ms: 1538.578931
frontend-baseline	A2 current development receipt and dependency Gate	2026-10-07T05:55:57.8015477Z   type: 'test'
frontend-baseline	A2 current development receipt and dependency Gate	2026-10-07T05:55:57.8016255Z   ...
frontend-baseline	A2 current development receipt and dependency Gate	2026-10-07T05:55:57.8016865Z # Subtest: audit trace absent is rejected
frontend-baseline	A2 current development receipt and dependency Gate	2026-10-07T05:55:57.8017630Z ok 14 - audit trace absent is rejected
frontend-baseline	A2 current development receipt and dependency Gate	2026-10-07T05:55:57.8018272Z   ---
frontend-baseline	A2 current development receipt and dependency Gate	2026-10-07T05:55:57.8018789Z   duration_ms: 1619.050048
frontend-baseline	A2 current development receipt and dependency Gate	2026-10-07T05:55:57.8019344Z   type: 'test'
frontend-baseline	A2 current development receipt and dependency Gate	2026-10-07T05:55:57.8019877Z   ...
frontend-baseline	A2 current development receipt and dependency Gate	2026-10-07T05:55:57.8020629Z # Subtest: missing successful target getSession is rejected
frontend-baseline	A2 current development receipt and dependency Gate	2026-10-07T05:55:57.8021599Z ok 15 - missing successful target getSession is rejected
frontend-baseline	A2 current development receipt and dependency Gate	2026-10-07T05:55:57.8022309Z   ---
frontend-baseline	A2 current development receipt and dependency Gate	2026-10-07T05:55:57.8022795Z   duration_ms: 1640.155954
frontend-baseline	A2 current development receipt and dependency Gate	2026-10-07T05:55:57.8023340Z   type: 'test'
frontend-baseline	A2 current development receipt and dependency Gate	2026-10-07T05:55:57.8023821Z   ...
frontend-baseline	A2 current development receipt and dependency Gate	2026-10-07T05:55:57.8024603Z # Subtest: missing successful target getContext is rejected
frontend-baseline	A2 current development receipt and dependency Gate	2026-10-07T05:55:57.8025934Z ok 16 - missing successful target getContext is rejected
frontend-baseline	A2 current development receipt and dependency Gate	2026-10-07T05:55:57.8026762Z   ---
frontend-baseline	A2 current development receipt and dependency Gate	2026-10-07T05:55:57.8027358Z   duration_ms: 1599.159131
frontend-baseline	A2 current development receipt and dependency Gate	2026-10-07T05:55:57.8028018Z   type: 'test'
frontend-baseline	A2 current development receipt and dependency Gate	2026-10-07T05:55:57.8028609Z   ...
frontend-baseline	A2 current development receipt and dependency Gate	2026-10-07T05:55:57.8029426Z # Subtest: missing successful target reauth is rejected
frontend-baseline	A2 current development receipt and dependency Gate	2026-10-07T05:55:57.8030468Z ok 17 - missing successful target reauth is rejected
frontend-baseline	A2 current development receipt and dependency Gate	2026-10-07T05:55:57.8031266Z   ---
frontend-baseline	A2 current development receipt and dependency Gate	2026-10-07T05:55:57.8031867Z   duration_ms: 1624.877414
frontend-baseline	A2 current development receipt and dependency Gate	2026-10-07T05:55:57.8032533Z   type: 'test'
frontend-baseline	A2 current development receipt and dependency Gate	2026-10-07T05:55:57.8033118Z   ...
frontend-baseline	A2 current development receipt and dependency Gate	2026-10-07T05:55:57.8033968Z # Subtest: missing successful target mfaChallenge is rejected
frontend-baseline	A2 current development receipt and dependency Gate	2026-10-07T05:55:57.8035084Z ok 18 - missing successful target mfaChallenge is rejected
frontend-baseline	A2 current development receipt and dependency Gate	2026-10-07T05:55:57.8036176Z   ---
frontend-baseline	A2 current development receipt and dependency Gate	2026-10-07T05:55:57.8036776Z   duration_ms: 1614.77705
frontend-baseline	A2 current development receipt and dependency Gate	2026-10-07T05:55:57.8037401Z   type: 'test'
frontend-baseline	A2 current development receipt and dependency Gate	2026-10-07T05:55:57.8037992Z   ...
frontend-baseline	A2 current development receipt and dependency Gate	2026-10-07T05:55:57.8038816Z # Subtest: missing successful target logout is rejected
frontend-baseline	A2 current development receipt and dependency Gate	2026-10-07T05:55:57.8039871Z ok 19 - missing successful target logout is rejected
frontend-baseline	A2 current development receipt and dependency Gate	2026-10-07T05:55:57.8040677Z   ---
frontend-baseline	A2 current development receipt and dependency Gate	2026-10-07T05:55:57.8041250Z   duration_ms: 1618.535497
frontend-baseline	A2 current development receipt and dependency Gate	2026-10-07T05:55:57.8042212Z   type: 'test'
frontend-baseline	A2 current development receipt and dependency Gate	2026-10-07T05:55:57.8042789Z   ...
frontend-baseline	A2 current development receipt and dependency Gate	2026-10-07T05:55:57.8043684Z # Subtest: missing successful target submitAccessRequest is rejected
frontend-baseline	A2 current development receipt and dependency Gate	2026-10-07T05:55:57.8044959Z ok 20 - missing successful target submitAccessRequest is rejected
frontend-baseline	A2 current development receipt and dependency Gate	2026-10-07T05:55:57.8045899Z   ---
frontend-baseline	A2 current development receipt and dependency Gate	2026-10-07T05:55:57.8046296Z   duration_ms: 1609.741662
frontend-baseline	A2 current development receipt and dependency Gate	2026-10-07T05:55:57.8046758Z   type: 'test'
frontend-baseline	A2 current development receipt and dependency Gate	2026-10-07T05:55:57.8047134Z   ...
frontend-baseline	A2 current development receipt and dependency Gate	2026-10-07T05:55:57.8047771Z # Subtest: missing successful target getProfile is rejected
frontend-baseline	A2 current development receipt and dependency Gate	2026-10-07T05:55:57.8048652Z ok 21 - missing successful target getProfile is rejected
frontend-baseline	A2 current development receipt and dependency Gate	2026-10-07T05:55:57.8049429Z   ---
frontend-baseline	A2 current development receipt and dependency Gate	2026-10-07T05:55:57.8049827Z   duration_ms: 1625.420156
frontend-baseline	A2 current development receipt and dependency Gate	2026-10-07T05:55:57.8050272Z   type: 'test'
frontend-baseline	A2 current development receipt and dependency Gate	2026-10-07T05:55:57.8050641Z   ...
frontend-baseline	A2 current development receipt and dependency Gate	2026-10-07T05:55:57.8051274Z # Subtest: missing successful target saveProfile is rejected
frontend-baseline	A2 current development receipt and dependency Gate	2026-10-07T05:55:57.8058286Z ok 22 - missing successful target saveProfile is rejected
frontend-baseline	A2 current development receipt and dependency Gate	2026-10-07T05:55:57.8077367Z   ---
frontend-baseline	A2 current development receipt and dependency Gate	2026-10-07T05:55:57.8089828Z   duration_ms: 1604.981781
frontend-baseline	A2 current development receipt and dependency Gate	2026-10-07T05:55:57.8090433Z   type: 'test'
frontend-baseline	A2 current development receipt and dependency Gate	2026-10-07T05:55:57.8090652Z   ...
frontend-baseline	A2 current development receipt and dependency Gate	2026-10-07T05:55:57.8091047Z # Subtest: missing successful target getNotificationPrefs is rejected
frontend-baseline	A2 current development receipt and dependency Gate	2026-10-07T05:55:57.8091602Z ok 23 - missing successful target getNotificationPrefs is rejected
frontend-baseline	A2 current development receipt and dependency Gate	2026-10-07T05:55:57.8091959Z   ---
frontend-baseline	A2 current development receipt and dependency Gate	2026-10-07T05:55:57.8092161Z   duration_ms: 1626.6037
frontend-baseline	A2 current development receipt and dependency Gate	2026-10-07T05:55:57.8092393Z   type: 'test'
frontend-baseline	A2 current development receipt and dependency Gate	2026-10-07T05:55:57.8092592Z   ...
frontend-baseline	A2 current development receipt and dependency Gate	2026-10-07T05:55:57.8093053Z # Subtest: missing successful target saveNotificationPrefs is rejected
frontend-baseline	A2 current development receipt and dependency Gate	2026-10-07T05:55:57.8094082Z ok 24 - missing successful target saveNotificationPrefs is rejected
frontend-baseline	A2 current development receipt and dependency Gate	2026-10-07T05:55:57.8094554Z   ---
frontend-baseline	A2 current development receipt and dependency Gate	2026-10-07T05:55:57.8094759Z   duration_ms: 1622.134654
frontend-baseline	A2 current development receipt and dependency Gate	2026-10-07T05:55:57.8094995Z   type: 'test'
frontend-baseline	A2 current development receipt and dependency Gate	2026-10-07T05:55:57.8095189Z   ...
frontend-baseline	A2 current development receipt and dependency Gate	2026-10-07T05:55:57.8095829Z # Subtest: missing successful target getSecuritySettings is rejected
frontend-baseline	A2 current development receipt and dependency Gate	2026-10-07T05:55:57.8096408Z ok 25 - missing successful target getSecuritySettings is rejected
frontend-baseline	A2 current development receipt and dependency Gate	2026-10-07T05:55:57.8096773Z   ---
frontend-baseline	A2 current development receipt and dependency Gate	2026-10-07T05:55:57.8096986Z   duration_ms: 1622.616083
frontend-baseline	A2 current development receipt and dependency Gate	2026-10-07T05:55:57.8097228Z   type: 'test'
frontend-baseline	A2 current development receipt and dependency Gate	2026-10-07T05:55:57.8097740Z   ...
frontend-baseline	A2 current development receipt and dependency Gate	2026-10-07T05:55:57.8098292Z # Subtest: missing successful target listSessions is rejected
frontend-baseline	A2 current development receipt and dependency Gate	2026-10-07T05:55:57.8099079Z ok 26 - missing successful target listSessions is rejected
frontend-baseline	A2 current development receipt and dependency Gate	2026-10-07T05:55:57.8099675Z   ---
frontend-baseline	A2 current development receipt and dependency Gate	2026-10-07T05:55:57.8100076Z   duration_ms: 1600.811386
frontend-baseline	A2 current development receipt and dependency Gate	2026-10-07T05:55:57.8100603Z   type: 'test'
frontend-baseline	A2 current development receipt and dependency Gate	2026-10-07T05:55:57.8101004Z   ...
frontend-baseline	A2 current development receipt and dependency Gate	2026-10-07T05:55:57.8101744Z # Subtest: missing successful target revokeSession is rejected
frontend-baseline	A2 current development receipt and dependency Gate	2026-10-07T05:55:57.8102659Z ok 27 - missing successful target revokeSession is rejected
frontend-baseline	A2 current development receipt and dependency Gate	2026-10-07T05:55:57.8103261Z   ---
frontend-baseline	A2 current development receipt and dependency Gate	2026-10-07T05:55:57.8103654Z   duration_ms: 1624.889365
frontend-baseline	A2 current development receipt and dependency Gate	2026-10-07T05:55:57.8104098Z   type: 'test'
frontend-baseline	A2 current development receipt and dependency Gate	2026-10-07T05:55:57.8104478Z   ...
frontend-baseline	A2 current development receipt and dependency Gate	2026-10-07T05:55:57.8105220Z # Subtest: missing successful target subscribeSessionRevocations is rejected
frontend-baseline	A2 current development receipt and dependency Gate	2026-10-07T05:55:57.8106467Z ok 28 - missing successful target subscribeSessionRevocations is rejected
frontend-baseline	A2 current development receipt and dependency Gate	2026-10-07T05:55:57.8107145Z   ---
frontend-baseline	A2 current development receipt and dependency Gate	2026-10-07T05:55:57.8107482Z   duration_ms: 1596.64898
frontend-baseline	A2 current development receipt and dependency Gate	2026-10-07T05:55:57.8107868Z   type: 'test'
frontend-baseline	A2 current development receipt and dependency Gate	2026-10-07T05:55:57.8108191Z   ...
frontend-baseline	A2 current development receipt and dependency Gate	2026-10-07T05:55:57.8108818Z # Subtest: missing successful target listDevices is rejected
frontend-baseline	A2 current development receipt and dependency Gate	2026-10-07T05:55:57.8109663Z ok 29 - missing successful target listDevices is rejected
frontend-baseline	A2 current development receipt and dependency Gate	2026-10-07T05:55:57.8110228Z   ---
frontend-baseline	A2 current development receipt and dependency Gate	2026-10-07T05:55:57.8110559Z   duration_ms: 1614.028144
frontend-baseline	A2 current development receipt and dependency Gate	2026-10-07T05:55:57.8110978Z   type: 'test'
frontend-baseline	A2 current development receipt and dependency Gate	2026-10-07T05:55:57.8111329Z   ...
frontend-baseline	A2 current development receipt and dependency Gate	2026-10-07T05:55:57.8111978Z # Subtest: missing successful target revokeDevice is rejected
frontend-baseline	A2 current development receipt and dependency Gate	2026-10-07T05:55:57.8112838Z ok 30 - missing successful target revokeDevice is rejected
frontend-baseline	A2 current development receipt and dependency Gate	2026-10-07T05:55:57.8113428Z   ---
frontend-baseline	A2 current development receipt and dependency Gate	2026-10-07T05:55:57.8113785Z   duration_ms: 1598.68635
frontend-baseline	A2 current development receipt and dependency Gate	2026-10-07T05:55:57.8114076Z   type: 'test'
frontend-baseline	A2 current development receipt and dependency Gate	2026-10-07T05:55:57.8114268Z   ...
frontend-baseline	A2 current development receipt and dependency Gate	2026-10-07T05:55:57.8114603Z # Subtest: missing successful target setupMfa is rejected
frontend-baseline	A2 current development receipt and dependency Gate	2026-10-07T05:55:57.8115287Z ok 31 - missing successful target setupMfa is rejected
frontend-baseline	A2 current development receipt and dependency Gate	2026-10-07T05:55:57.8115953Z   ---
frontend-baseline	A2 current development receipt and dependency Gate	2026-10-07T05:55:57.8116328Z   duration_ms: 1614.984649
frontend-baseline	A2 current development receipt and dependency Gate	2026-10-07T05:55:57.8116725Z   type: 'test'
frontend-baseline	A2 current development receipt and dependency Gate	2026-10-07T05:55:57.8117022Z   ...
frontend-baseline	A2 current development receipt and dependency Gate	2026-10-07T05:55:57.8117377Z # Subtest: missing successful target revokeMfaFactor is rejected
frontend-baseline	A2 current development receipt and dependency Gate	2026-10-07T05:55:57.8117874Z ok 32 - missing successful target revokeMfaFactor is rejected
frontend-baseline	A2 current development receipt and dependency Gate	2026-10-07T05:55:57.8118240Z   ---
frontend-baseline	A2 current development receipt and dependency Gate	2026-10-07T05:55:57.8118458Z   duration_ms: 1614.328476
frontend-baseline	A2 current development receipt and dependency Gate	2026-10-07T05:55:57.8118689Z   type: 'test'
frontend-baseline	A2 current development receipt and dependency Gate	2026-10-07T05:55:57.8118907Z   ...
frontend-baseline	A2 current development receipt and dependency Gate	2026-10-07T05:55:57.8119260Z # Subtest: missing successful target listDownloads is rejected
frontend-baseline	A2 current development receipt and dependency Gate	2026-10-07T05:55:57.8119780Z ok 33 - missing successful target listDownloads is rejected
frontend-baseline	A2 current development receipt and dependency Gate	2026-10-07T05:55:57.8120133Z   ---
frontend-baseline	A2 current development receipt and dependency Gate	2026-10-07T05:55:57.8120359Z   duration_ms: 1593.349767
frontend-baseline	A2 current development receipt and dependency Gate	2026-10-07T05:55:57.8120602Z   type: 'test'
frontend-baseline	A2 current development receipt and dependency Gate	2026-10-07T05:55:57.8120816Z   ...
frontend-baseline	A2 current development receipt and dependency Gate	2026-10-07T05:55:57.8121218Z # Subtest: missing successful target getPlatformCapabilities is rejected
frontend-baseline	A2 current development receipt and dependency Gate	2026-10-07T05:55:57.8121995Z ok 34 - missing successful target getPlatformCapabilities is rejected
frontend-baseline	A2 current development receipt and dependency Gate	2026-10-07T05:55:57.8122373Z   ---
frontend-baseline	A2 current development receipt and dependency Gate	2026-10-07T05:55:57.8122592Z   duration_ms: 1634.597285
frontend-baseline	A2 current development receipt and dependency Gate	2026-10-07T05:55:57.8122846Z   type: 'test'
frontend-baseline	A2 current development receipt and dependency Gate	2026-10-07T05:55:57.8123042Z   ...
frontend-baseline	A2 current development receipt and dependency Gate	2026-10-07T05:55:57.8123321Z # Subtest: all target status 401 is rejected
frontend-baseline	A2 current development receipt and dependency Gate	2026-10-07T05:55:57.8123695Z ok 35 - all target status 401 is rejected
frontend-baseline	A2 current development receipt and dependency Gate	2026-10-07T05:55:57.8123979Z   ---
frontend-baseline	A2 current development receipt and dependency Gate	2026-10-07T05:55:57.8124189Z   duration_ms: 1631.082811
frontend-baseline	A2 current development receipt and dependency Gate	2026-10-07T05:55:57.8124443Z   type: 'test'
frontend-baseline	A2 current development receipt and dependency Gate	2026-10-07T05:55:57.8124637Z   ...
frontend-baseline	A2 current development receipt and dependency Gate	2026-10-07T05:55:57.8124910Z # Subtest: all target status 500 is rejected
frontend-baseline	A2 current development receipt and dependency Gate	2026-10-07T05:55:57.8125276Z ok 36 - all target status 500 is rejected
frontend-baseline	A2 current development receipt and dependency Gate	2026-10-07T05:55:57.8125699Z   ---
frontend-baseline	A2 current development receipt and dependency Gate	2026-10-07T05:55:57.8125896Z   duration_ms: 1660.096611
frontend-baseline	A2 current development receipt and dependency Gate	2026-10-07T05:55:57.8126142Z   type: 'test'
frontend-baseline	A2 current development receipt and dependency Gate	2026-10-07T05:55:57.8126342Z   ...
frontend-baseline	A2 current development receipt and dependency Gate	2026-10-07T05:55:57.8126620Z # Subtest: missing SSE assertion is rejected
frontend-baseline	A2 current development receipt and dependency Gate	2026-10-07T05:55:57.8126986Z ok 37 - missing SSE assertion is rejected
frontend-baseline	A2 current development receipt and dependency Gate	2026-10-07T05:55:57.8127280Z   ---
frontend-baseline	A2 current development receipt and dependency Gate	2026-10-07T05:55:57.8127488Z   duration_ms: 1532.756482
frontend-baseline	A2 current development receipt and dependency Gate	2026-10-07T05:55:57.8127733Z   type: 'test'
frontend-baseline	A2 current development receipt and dependency Gate	2026-10-07T05:55:57.8127929Z   ...
frontend-baseline	A2 current development receipt and dependency Gate	2026-10-07T05:55:57.8128202Z # Subtest: missing target commit is rejected
frontend-baseline	A2 current development receipt and dependency Gate	2026-10-07T05:55:57.8128561Z ok 38 - missing target commit is rejected
frontend-baseline	A2 current development receipt and dependency Gate	2026-10-07T05:55:57.8128846Z   ---
frontend-baseline	A2 current development receipt and dependency Gate	2026-10-07T05:55:57.8129058Z   duration_ms: 1626.12955
frontend-baseline	A2 current development receipt and dependency Gate	2026-10-07T05:55:57.8129302Z   type: 'test'
frontend-baseline	A2 current development receipt and dependency Gate	2026-10-07T05:55:57.8129494Z   ...
frontend-baseline	A2 current development receipt and dependency Gate	2026-10-07T05:55:57.8129781Z # Subtest: malformed target commit is rejected
frontend-baseline	A2 current development receipt and dependency Gate	2026-10-07T05:55:57.8130178Z ok 39 - malformed target commit is rejected
frontend-baseline	A2 current development receipt and dependency Gate	2026-10-07T05:55:57.8130470Z   ---
frontend-baseline	A2 current development receipt and dependency Gate	2026-10-07T05:55:57.8130686Z   duration_ms: 1594.210882
frontend-baseline	A2 current development receipt and dependency Gate	2026-10-07T05:55:57.8130927Z   type: 'test'
frontend-baseline	A2 current development receipt and dependency Gate	2026-10-07T05:55:57.8131116Z   ...
frontend-baseline	A2 current development receipt and dependency Gate	2026-10-07T05:55:57.8131400Z # Subtest: unknown target commit is rejected
frontend-baseline	A2 current development receipt and dependency Gate	2026-10-07T05:55:57.8131770Z ok 40 - unknown target commit is rejected
frontend-baseline	A2 current development receipt and dependency Gate	2026-10-07T05:55:57.8132061Z   ---
frontend-baseline	A2 current development receipt and dependency Gate	2026-10-07T05:55:57.8132270Z   duration_ms: 1624.885351
frontend-baseline	A2 current development receipt and dependency Gate	2026-10-07T05:55:57.8132528Z   type: 'test'
frontend-baseline	A2 current development receipt and dependency Gate	2026-10-07T05:55:57.8132723Z   ...
frontend-baseline	A2 current development receipt and dependency Gate	2026-10-07T05:55:57.8133008Z # Subtest: contract issues missing is rejected
frontend-baseline	A2 current development receipt and dependency Gate	2026-10-07T05:55:57.8133392Z ok 41 - contract issues missing is rejected
frontend-baseline	A2 current development receipt and dependency Gate	2026-10-07T05:55:57.8133703Z   ---
frontend-baseline	A2 current development receipt and dependency Gate	2026-10-07T05:55:57.8133894Z   duration_ms: 1634.368058
frontend-baseline	A2 current development receipt and dependency Gate	2026-10-07T05:55:57.8134147Z   type: 'test'
frontend-baseline	A2 current development receipt and dependency Gate	2026-10-07T05:55:57.8134357Z   ...
frontend-baseline	A2 current development receipt and dependency Gate	2026-10-07T05:55:57.8134703Z # Subtest: target source must match immutable execution commit
frontend-baseline	A2 current development receipt and dependency Gate	2026-10-07T05:55:57.8135189Z ok 42 - target source must match immutable execution commit
frontend-baseline	A2 current development receipt and dependency Gate	2026-10-07T05:55:57.8135646Z   ---
frontend-baseline	A2 current development receipt and dependency Gate	2026-10-07T05:55:57.8135860Z   duration_ms: 1600.260347
frontend-baseline	A2 current development receipt and dependency Gate	2026-10-07T05:55:57.8136089Z   type: 'test'
frontend-baseline	A2 current development receipt and dependency Gate	2026-10-07T05:55:57.8136304Z   ...
frontend-baseline	A2 current development receipt and dependency Gate	2026-10-07T05:55:57.8136769Z # Subtest: successful coverage permits explicit denial probe without contract metadata
frontend-baseline	A2 current development receipt and dependency Gate	2026-10-07T05:55:57.8137471Z ok 43 - successful coverage permits explicit denial probe without contract metadata
frontend-baseline	A2 current development receipt and dependency Gate	2026-10-07T05:55:57.8138067Z   ---
frontend-baseline	A2 current development receipt and dependency Gate	2026-10-07T05:55:57.8138277Z   duration_ms: 1625.348696
frontend-baseline	A2 current development receipt and dependency Gate	2026-10-07T05:55:57.8138503Z   type: 'test'
frontend-baseline	A2 current development receipt and dependency Gate	2026-10-07T05:55:57.8138719Z   ...
frontend-baseline	A2 current development receipt and dependency Gate	2026-10-07T05:55:57.8139045Z # Subtest: denial probe with contract failures is rejected
frontend-baseline	A2 current development receipt and dependency Gate	2026-10-07T05:55:57.8139516Z ok 44 - denial probe with contract failures is rejected
frontend-baseline	A2 current development receipt and dependency Gate	2026-10-07T05:55:57.8139837Z   ---
frontend-baseline	A2 current development receipt and dependency Gate	2026-10-07T05:55:57.8140032Z   duration_ms: 1627.857726
frontend-baseline	A2 current development receipt and dependency Gate	2026-10-07T05:55:57.8140280Z   type: 'test'
frontend-baseline	A2 current development receipt and dependency Gate	2026-10-07T05:55:57.8140489Z   ...
frontend-baseline	A2 current development receipt and dependency Gate	2026-10-07T05:55:57.8468325Z 1..44
frontend-baseline	A2 current development receipt and dependency Gate	2026-10-07T05:55:57.8468742Z # tests 44
frontend-baseline	A2 current development receipt and dependency Gate	2026-10-07T05:55:57.8469090Z # suites 0
frontend-baseline	A2 current development receipt and dependency Gate	2026-10-07T05:55:57.8469419Z # pass 44
frontend-baseline	A2 current development receipt and dependency Gate	2026-10-07T05:55:57.8469737Z # fail 0
frontend-baseline	A2 current development receipt and dependency Gate	2026-10-07T05:55:57.8470062Z # cancelled 0
frontend-baseline	A2 current development receipt and dependency Gate	2026-10-07T05:55:57.8470412Z # skipped 0
frontend-baseline	A2 current development receipt and dependency Gate	2026-10-07T05:55:57.8470947Z # todo 0
frontend-baseline	A2 current development receipt and dependency Gate	2026-10-07T05:55:57.8471398Z # duration_ms 71162.925386
frontend-baseline	A2 BFF-FE-007 audit and controlled export contract Gate	﻿2026-10-07T05:55:57.8635175Z ##[group]Run pnpm check:bff-fe-007 && pnpm test:bff-fe-007 && pnpm check:bff-fe-007:development && pnpm test:bff-fe-007:development
frontend-baseline	A2 BFF-FE-007 audit and controlled export contract Gate	2026-10-07T05:55:57.8636554Z ^[[36;1mpnpm check:bff-fe-007 && pnpm test:bff-fe-007 && pnpm check:bff-fe-007:development && pnpm test:bff-fe-007:development^[[0m
frontend-baseline	A2 BFF-FE-007 audit and controlled export contract Gate	2026-10-07T05:55:57.8699051Z shell: /usr/bin/bash -e {0}
frontend-baseline	A2 BFF-FE-007 audit and controlled export contract Gate	2026-10-07T05:55:57.8699307Z env:
frontend-baseline	A2 BFF-FE-007 audit and controlled export contract Gate	2026-10-07T05:55:57.8699580Z   QUANTOS_BFF_BASE: 2835e41fcaa9f3924e9f03f95c62727b9e6c69b9
frontend-baseline	A2 BFF-FE-007 audit and controlled export contract Gate	2026-10-07T05:55:57.8699940Z   NEXT_PUBLIC_QUANTOS_ENV: local-mock
frontend-baseline	A2 BFF-FE-007 audit and controlled export contract Gate	2026-10-07T05:55:57.8700258Z   NEXT_PUBLIC_SITE_ORIGIN: https://sumalpha.ai
frontend-baseline	A2 BFF-FE-007 audit and controlled export contract Gate	2026-10-07T05:55:57.8700652Z   NEXT_PUBLIC_QUANTOS_TERMINAL_ORIGIN: http://localhost:3190
frontend-baseline	A2 BFF-FE-007 audit and controlled export contract Gate	2026-10-07T05:55:57.8701060Z   NEXT_PUBLIC_QUANTOS_BFF_ORIGIN: http://localhost:4010
frontend-baseline	A2 BFF-FE-007 audit and controlled export contract Gate	2026-10-07T05:55:57.8701435Z   NEXT_PUBLIC_QUANTOS_OIDC_ISSUER: https://mock.idp.local
frontend-baseline	A2 BFF-FE-007 audit and controlled export contract Gate	2026-10-07T05:55:57.8701810Z   NEXT_PUBLIC_QUANTOS_OIDC_CLIENT_ID: quantos-terminal-ci
frontend-baseline	A2 BFF-FE-007 audit and controlled export contract Gate	2026-10-07T05:55:57.8702247Z   NEXT_PUBLIC_QUANTOS_OIDC_REDIRECT_URI: http://localhost:3190/auth/callback
frontend-baseline	A2 BFF-FE-007 audit and controlled export contract Gate	2026-10-07T05:55:57.8702698Z   NEXT_PUBLIC_QUANTOS_DEFAULT_MODE: paper
frontend-baseline	A2 BFF-FE-007 audit and controlled export contract Gate	2026-10-07T05:55:57.8702995Z   NEXT_PUBLIC_QUANTOS_MOCK_ENABLED: true
frontend-baseline	A2 BFF-FE-007 audit and controlled export contract Gate	2026-10-07T05:55:57.8703284Z   NEXT_PUBLIC_QUANTOS_OBS_ENABLED: false
frontend-baseline	A2 BFF-FE-007 audit and controlled export contract Gate	2026-10-07T05:55:57.8703647Z   NEXT_PUBLIC_QUANTOS_FEATURE_ASSISTED_LIVE_TESTNET: off
frontend-baseline	A2 BFF-FE-007 audit and controlled export contract Gate	2026-10-07T05:55:57.8703971Z   CARGO_HOME: /home/runner/.cargo
frontend-baseline	A2 BFF-FE-007 audit and controlled export contract Gate	2026-10-07T05:55:57.8704222Z   CARGO_INCREMENTAL: 0
frontend-baseline	A2 BFF-FE-007 audit and controlled export contract Gate	2026-10-07T05:55:57.8704445Z   CARGO_TERM_COLOR: always
frontend-baseline	A2 BFF-FE-007 audit and controlled export contract Gate	2026-10-07T05:55:57.8704675Z ##[endgroup]
frontend-baseline	A2 BFF-FE-007 audit and controlled export contract Gate	2026-10-07T05:55:58.1608279Z 
frontend-baseline	A2 BFF-FE-007 audit and controlled export contract Gate	2026-10-07T05:55:58.1609267Z > @sumalpha/quantos@ check:bff-fe-007 /home/runner/work/QuantOS/QuantOS
frontend-baseline	A2 BFF-FE-007 audit and controlled export contract Gate	2026-10-07T05:55:58.1610162Z > node scripts/check-bff-fe-007.mjs
frontend-baseline	A2 BFF-FE-007 audit and controlled export contract Gate	2026-10-07T05:55:58.1610524Z 
frontend-baseline	A2 BFF-FE-007 audit and controlled export contract Gate	2026-10-07T05:55:58.4197922Z BFF-FE-007 local contract Gate PASS: 6 C10 operations, redacted evidence pagination, controlled export lifecycle and fail-closed download checks.
frontend-baseline	A2 BFF-FE-007 audit and controlled export contract Gate	2026-10-07T05:55:58.7217246Z 
frontend-baseline	A2 BFF-FE-007 audit and controlled export contract Gate	2026-10-07T05:55:58.7218403Z > @sumalpha/quantos@ test:bff-fe-007 /home/runner/work/QuantOS/QuantOS
frontend-baseline	A2 BFF-FE-007 audit and controlled export contract Gate	2026-10-07T05:55:58.7219401Z > node --test scripts/bff-fe-007-gate-negative.mjs
frontend-baseline	A2 BFF-FE-007 audit and controlled export contract Gate	2026-10-07T05:55:58.7219857Z 
frontend-baseline	A2 BFF-FE-007 audit and controlled export contract Gate	2026-10-07T05:55:59.0324128Z ✔ current BFF-FE-007 repository Gate passes (2.091973ms)
frontend-baseline	A2 BFF-FE-007 audit and controlled export contract Gate	2026-10-07T05:55:59.0329585Z ✔ redaction attestation deletion is rejected (4.722522ms)
frontend-baseline	A2 BFF-FE-007 audit and controlled export contract Gate	2026-10-07T05:55:59.0330444Z ✔ evidence cursor deletion is rejected (3.216723ms)
frontend-baseline	A2 BFF-FE-007 audit and controlled export contract Gate	2026-10-07T05:55:59.0331743Z ✔ export capability regression is rejected (3.147312ms)
frontend-baseline	A2 BFF-FE-007 audit and controlled export contract Gate	2026-10-07T05:55:59.0332210Z ✔ CSRF deletion is rejected (3.086688ms)
frontend-baseline	A2 BFF-FE-007 audit and controlled export contract Gate	2026-10-07T05:55:59.0340253Z ✔ recent-auth deletion is rejected (5.985642ms)
frontend-baseline	A2 BFF-FE-007 audit and controlled export contract Gate	2026-10-07T05:55:59.0341097Z ✔ idempotency deletion is rejected (5.413824ms)
frontend-baseline	A2 BFF-FE-007 audit and controlled export contract Gate	2026-10-07T05:55:59.0345447Z ✔ expired download response deletion is rejected (2.244601ms)
frontend-baseline	A2 BFF-FE-007 audit and controlled export contract Gate	2026-10-07T05:55:59.0349646Z ✔ download URL leakage through status is rejected (2.430742ms)
frontend-baseline	A2 BFF-FE-007 audit and controlled export contract Gate	2026-10-07T05:55:59.0352808Z ✔ watermark deletion is rejected (2.766865ms)
frontend-baseline	A2 BFF-FE-007 audit and controlled export contract Gate	2026-10-07T05:55:59.0356142Z ✔ dependency regression is rejected (0.667127ms)
frontend-baseline	A2 BFF-FE-007 audit and controlled export contract Gate	2026-10-07T05:55:59.0510978Z ℹ tests 11
frontend-baseline	A2 BFF-FE-007 audit and controlled export contract Gate	2026-10-07T05:55:59.0511558Z ℹ suites 0
frontend-baseline	A2 BFF-FE-007 audit and controlled export contract Gate	2026-10-07T05:55:59.0512040Z ℹ pass 11
frontend-baseline	A2 BFF-FE-007 audit and controlled export contract Gate	2026-10-07T05:55:59.0512448Z ℹ fail 0
frontend-baseline	A2 BFF-FE-007 audit and controlled export contract Gate	2026-10-07T05:55:59.0512868Z ℹ cancelled 0
frontend-baseline	A2 BFF-FE-007 audit and controlled export contract Gate	2026-10-07T05:55:59.0513337Z ℹ skipped 0
frontend-baseline	A2 BFF-FE-007 audit and controlled export contract Gate	2026-10-07T05:55:59.0513775Z ℹ todo 0
frontend-baseline	A2 BFF-FE-007 audit and controlled export contract Gate	2026-10-07T05:55:59.0514279Z ℹ duration_ms 298.792998
frontend-baseline	A2 BFF-FE-007 audit and controlled export contract Gate	2026-10-07T05:55:59.3428369Z 
frontend-baseline	A2 BFF-FE-007 audit and controlled export contract Gate	2026-10-07T05:55:59.3429320Z > @sumalpha/quantos@ check:bff-fe-007:development /home/runner/work/QuantOS/QuantOS
frontend-baseline	A2 BFF-FE-007 audit and controlled export contract Gate	2026-10-07T05:55:59.3430002Z > node scripts/bff-fe-007-development.mjs
frontend-baseline	A2 BFF-FE-007 audit and controlled export contract Gate	2026-10-07T05:55:59.3430255Z 
frontend-baseline	A2 BFF-FE-007 audit and controlled export contract Gate	2026-10-07T05:56:04.9599783Z {"nodeId":"FE:BFF-FE-007","status":"READY","formalAccepted":false,"operations":6}
frontend-baseline	A2 BFF-FE-007 audit and controlled export contract Gate	2026-10-07T05:56:05.2867689Z 
frontend-baseline	A2 BFF-FE-007 audit and controlled export contract Gate	2026-10-07T05:56:05.2868614Z > @sumalpha/quantos@ test:bff-fe-007:development /home/runner/work/QuantOS/QuantOS
frontend-baseline	A2 BFF-FE-007 audit and controlled export contract Gate	2026-10-07T05:56:05.2869343Z > node --test scripts/bff-fe-007-development.test.mjs
frontend-baseline	A2 BFF-FE-007 audit and controlled export contract Gate	2026-10-07T05:56:05.2869633Z 
frontend-baseline	A2 BFF-FE-007 audit and controlled export contract Gate	2026-10-07T05:56:05.4260858Z ✔ fully bound executed evidence is admitted (3.833927ms)
frontend-baseline	A2 BFF-FE-007 audit and controlled export contract Gate	2026-10-07T05:56:05.4266934Z ✔ Node spec reporter with successful executed assertions is admitted (1.723519ms)
frontend-baseline	A2 BFF-FE-007 audit and controlled export contract Gate	2026-10-07T05:56:05.4268635Z ✔ Node non-execution or failure summary is rejected: "# pass 0\n# fail 0\n" (1.369231ms)
frontend-baseline	A2 BFF-FE-007 audit and controlled export contract Gate	2026-10-07T05:56:05.4269982Z ✔ Node non-execution or failure summary is rejected: "# pass 21\n# fail 1\n" (0.623285ms)
frontend-baseline	A2 BFF-FE-007 audit and controlled export contract Gate	2026-10-07T05:56:05.4277155Z ✔ Node non-execution or failure summary is rejected: "business assertions passed\n" (0.512186ms)
frontend-baseline	A2 BFF-FE-007 audit and controlled export contract Gate	2026-10-07T05:56:05.4278997Z ✔ Node non-execution or failure summary is rejected: "// # pass 21\n// # fail 0\n" (0.417868ms)
frontend-baseline	A2 BFF-FE-007 audit and controlled export contract Gate	2026-10-07T05:56:05.4280686Z ✔ comments-only replacement changes functional inputs is rejected (1.603332ms)
frontend-baseline	A2 BFF-FE-007 audit and controlled export contract Gate	2026-10-07T05:56:05.4281966Z ✔ unready dependency is rejected (0.564234ms)
frontend-baseline	A2 BFF-FE-007 audit and controlled export contract Gate	2026-10-07T05:56:05.4286189Z ✔ missing live execution is rejected (0.501385ms)
frontend-baseline	A2 BFF-FE-007 audit and controlled export contract Gate	2026-10-07T05:56:05.4287321Z ✔ evidence bytes changed is rejected (0.76412ms)
frontend-baseline	A2 BFF-FE-007 audit and controlled export contract Gate	2026-10-07T05:56:05.4288539Z ✔ compilation-only mutant rejection is rejected (0.581345ms)
frontend-baseline	A2 BFF-FE-007 audit and controlled export contract Gate	2026-10-07T05:56:05.4289801Z ✔ missing current export roots is rejected (0.847918ms)
frontend-baseline	A2 BFF-FE-007 audit and controlled export contract Gate	2026-10-07T05:56:05.4291022Z ✔ missing authentication matrix is rejected (0.710299ms)
frontend-baseline	A2 BFF-FE-007 audit and controlled export contract Gate	2026-10-07T05:56:05.4291687Z ✔ unexecuted target assertion is rejected (0.566257ms)
frontend-baseline	A2 BFF-FE-007 audit and controlled export contract Gate	2026-10-07T05:56:05.4300022Z ✔ dependency validator failed is rejected (0.294715ms)
frontend-baseline	A2 BFF-FE-007 audit and controlled export contract Gate	2026-10-07T05:56:05.4302073Z ✔ missing target sourceCommit is rejected (0.653291ms)
frontend-baseline	A2 BFF-FE-007 audit and controlled export contract Gate	2026-10-07T05:56:05.4306066Z ✔ malformed target commit is rejected (1.439033ms)
frontend-baseline	A2 BFF-FE-007 audit and controlled export contract Gate	2026-10-07T05:56:05.4309679Z ✔ unknown target commit is rejected (0.480916ms)
frontend-baseline	A2 BFF-FE-007 audit and controlled export contract Gate	2026-10-07T05:56:05.4312542Z ✔ target source differs from original commit is rejected (0.733372ms)
frontend-baseline	A2 BFF-FE-007 audit and controlled export contract Gate	2026-10-07T05:56:05.4439046Z ℹ tests 19
frontend-baseline	A2 BFF-FE-007 audit and controlled export contract Gate	2026-10-07T05:56:05.4439478Z ℹ suites 0
frontend-baseline	A2 BFF-FE-007 audit and controlled export contract Gate	2026-10-07T05:56:05.4439725Z ℹ pass 19
frontend-baseline	A2 BFF-FE-007 audit and controlled export contract Gate	2026-10-07T05:56:05.4439947Z ℹ fail 0
frontend-baseline	A2 BFF-FE-007 audit and controlled export contract Gate	2026-10-07T05:56:05.4440160Z ℹ cancelled 0
frontend-baseline	A2 BFF-FE-007 audit and controlled export contract Gate	2026-10-07T05:56:05.4440390Z ℹ skipped 0
frontend-baseline	A2 BFF-FE-007 audit and controlled export contract Gate	2026-10-07T05:56:05.4440605Z ℹ todo 0
frontend-baseline	A2 BFF-FE-007 audit and controlled export contract Gate	2026-10-07T05:56:05.4440891Z ℹ duration_ms 127.664967
frontend-baseline	A2 complete provider window development Gate	﻿2026-10-07T05:56:05.4587895Z ##[group]Run pnpm check:provider-a2 && pnpm test:provider-a2
frontend-baseline	A2 complete provider window development Gate	2026-10-07T05:56:05.4588371Z ^[[36;1mpnpm check:provider-a2 && pnpm test:provider-a2^[[0m
frontend-baseline	A2 complete provider window development Gate	2026-10-07T05:56:05.4651881Z shell: /usr/bin/bash -e {0}
frontend-baseline	A2 complete provider window development Gate	2026-10-07T05:56:05.4652146Z env:
frontend-baseline	A2 complete provider window development Gate	2026-10-07T05:56:05.4652417Z   QUANTOS_BFF_BASE: 2835e41fcaa9f3924e9f03f95c62727b9e6c69b9
frontend-baseline	A2 complete provider window development Gate	2026-10-07T05:56:05.4652780Z   NEXT_PUBLIC_QUANTOS_ENV: local-mock
frontend-baseline	A2 complete provider window development Gate	2026-10-07T05:56:05.4653107Z   NEXT_PUBLIC_SITE_ORIGIN: https://sumalpha.ai
frontend-baseline	A2 complete provider window development Gate	2026-10-07T05:56:05.4653493Z   NEXT_PUBLIC_QUANTOS_TERMINAL_ORIGIN: http://localhost:3190
frontend-baseline	A2 complete provider window development Gate	2026-10-07T05:56:05.4653898Z   NEXT_PUBLIC_QUANTOS_BFF_ORIGIN: http://localhost:4010
frontend-baseline	A2 complete provider window development Gate	2026-10-07T05:56:05.4654303Z   NEXT_PUBLIC_QUANTOS_OIDC_ISSUER: https://mock.idp.local
frontend-baseline	A2 complete provider window development Gate	2026-10-07T05:56:05.4654694Z   NEXT_PUBLIC_QUANTOS_OIDC_CLIENT_ID: quantos-terminal-ci
frontend-baseline	A2 complete provider window development Gate	2026-10-07T05:56:05.4655141Z   NEXT_PUBLIC_QUANTOS_OIDC_REDIRECT_URI: http://localhost:3190/auth/callback
frontend-baseline	A2 complete provider window development Gate	2026-10-07T05:56:05.4655842Z   NEXT_PUBLIC_QUANTOS_DEFAULT_MODE: paper
frontend-baseline	A2 complete provider window development Gate	2026-10-07T05:56:05.4656187Z   NEXT_PUBLIC_QUANTOS_MOCK_ENABLED: true
frontend-baseline	A2 complete provider window development Gate	2026-10-07T05:56:05.4656486Z   NEXT_PUBLIC_QUANTOS_OBS_ENABLED: false
frontend-baseline	A2 complete provider window development Gate	2026-10-07T05:56:05.4656809Z   NEXT_PUBLIC_QUANTOS_FEATURE_ASSISTED_LIVE_TESTNET: off
frontend-baseline	A2 complete provider window development Gate	2026-10-07T05:56:05.4657143Z   CARGO_HOME: /home/runner/.cargo
frontend-baseline	A2 complete provider window development Gate	2026-10-07T05:56:05.4657401Z   CARGO_INCREMENTAL: 0
frontend-baseline	A2 complete provider window development Gate	2026-10-07T05:56:05.4657626Z   CARGO_TERM_COLOR: always
frontend-baseline	A2 complete provider window development Gate	2026-10-07T05:56:05.4657852Z ##[endgroup]
frontend-baseline	A2 complete provider window development Gate	2026-10-07T05:56:05.7577212Z 
frontend-baseline	A2 complete provider window development Gate	2026-10-07T05:56:05.7578187Z > @sumalpha/quantos@ check:provider-a2 /home/runner/work/QuantOS/QuantOS
frontend-baseline	A2 complete provider window development Gate	2026-10-07T05:56:05.7579226Z > node scripts/provider-a2-development.mjs
frontend-baseline	A2 complete provider window development Gate	2026-10-07T05:56:05.7579666Z 
frontend-baseline	A2 complete provider window development Gate	2026-10-07T05:56:16.1120850Z {
frontend-baseline	A2 complete provider window development Gate	2026-10-07T05:56:16.1121197Z   "nodeId": "PROVIDER:A2",
frontend-baseline	A2 complete provider window development Gate	2026-10-07T05:56:16.1121503Z   "status": "READY",
frontend-baseline	A2 complete provider window development Gate	2026-10-07T05:56:16.1121753Z   "operations": 26,
frontend-baseline	A2 complete provider window development Gate	2026-10-07T05:56:16.1121989Z   "dependencies": 3,
frontend-baseline	A2 complete provider window development Gate	2026-10-07T05:56:16.1122234Z   "formalAccepted": false
frontend-baseline	A2 complete provider window development Gate	2026-10-07T05:56:16.1122482Z }
frontend-baseline	A2 complete provider window development Gate	2026-10-07T05:56:16.4305421Z 
frontend-baseline	A2 complete provider window development Gate	2026-10-07T05:56:16.4306523Z > @sumalpha/quantos@ test:provider-a2 /home/runner/work/QuantOS/QuantOS
frontend-baseline	A2 complete provider window development Gate	2026-10-07T05:56:16.4307639Z > node --test scripts/provider-a2-development.test.mjs
frontend-baseline	A2 complete provider window development Gate	2026-10-07T05:56:16.4307969Z 
frontend-baseline	A2 complete provider window development Gate	2026-10-07T05:56:23.3508247Z ✔ A2 admits all 26 APIs only after three strict dependency validations (477.305343ms)
frontend-baseline	A2 complete provider window development Gate	2026-10-07T05:56:23.3509784Z ✔ A1 manifest impersonates A2 is rejected (220.940428ms)
frontend-baseline	A2 complete provider window development Gate	2026-10-07T05:56:23.3511030Z ✔ child manifest impersonates A2 is rejected (201.477114ms)
frontend-baseline	A2 complete provider window development Gate	2026-10-07T05:56:23.3512347Z ✔ formal acceptance is falsely inherited is rejected (178.737288ms)
frontend-baseline	A2 complete provider window development Gate	2026-10-07T05:56:23.3513455Z ✔ own failure is rejected (176.763404ms)
frontend-baseline	A2 complete provider window development Gate	2026-10-07T05:56:23.3514403Z ✔ residual issue is rejected (189.850666ms)
frontend-baseline	A2 complete provider window development Gate	2026-10-07T05:56:23.3515803Z ✔ unsafe evidence directory is rejected (174.830374ms)
frontend-baseline	A2 complete provider window development Gate	2026-10-07T05:56:23.3516911Z ✔ missing dependency is rejected (179.382541ms)
frontend-baseline	A2 complete provider window development Gate	2026-10-07T05:56:23.3517931Z ✔ dependency not READY is rejected (175.75318ms)
frontend-baseline	A2 complete provider window development Gate	2026-10-07T05:56:23.3519024Z ✔ dependency digest changed is rejected (176.439954ms)
frontend-baseline	A2 complete provider window development Gate	2026-10-07T05:56:23.3520245Z ✔ dependency bytes substituted is rejected (185.415933ms)
frontend-baseline	A2 complete provider window development Gate	2026-10-07T05:56:23.3521420Z ✔ recursive semantic failure is rejected (179.089078ms)
frontend-baseline	A2 complete provider window development Gate	2026-10-07T05:56:23.3522551Z ✔ normative input changed is rejected (175.923431ms)
frontend-baseline	A2 complete provider window development Gate	2026-10-07T05:56:23.3523609Z ✔ normative plan changed is rejected (183.956993ms)
frontend-baseline	A2 complete provider window development Gate	2026-10-07T05:56:23.3560395Z ✔ missing API coverage is rejected (265.58346ms)
frontend-baseline	A2 complete provider window development Gate	2026-10-07T05:56:23.3578667Z ✔ duplicated API coverage is rejected (276.45828ms)
frontend-baseline	A2 complete provider window development Gate	2026-10-07T05:56:23.3579260Z ✔ target receipt substituted is rejected (258.713629ms)
frontend-baseline	A2 complete provider window development Gate	2026-10-07T05:56:23.3579747Z ✔ failed target API is rejected (253.814084ms)
frontend-baseline	A2 complete provider window development Gate	2026-10-07T05:56:23.3580542Z ✔ all target operations denied is rejected (248.89238ms)
frontend-baseline	A2 complete provider window development Gate	2026-10-07T05:56:23.3581415Z ✔ planned API counted as implementation is rejected (268.024168ms)
frontend-baseline	A2 complete provider window development Gate	2026-10-07T05:56:23.3581936Z ✔ catalog scope omitted is rejected (260.35913ms)
frontend-baseline	A2 complete provider window development Gate	2026-10-07T05:56:23.3582361Z ✔ wrong API owner is rejected (255.068419ms)
frontend-baseline	A2 complete provider window development Gate	2026-10-07T05:56:23.3583574Z ✔ executed check absent is rejected (250.832524ms)
frontend-baseline	A2 complete provider window development Gate	2026-10-07T05:56:23.3584040Z ✔ failed execution is rejected (252.692751ms)
frontend-baseline	A2 complete provider window development Gate	2026-10-07T05:56:23.3584449Z ✔ log substituted is rejected (252.112222ms)
frontend-baseline	A2 complete provider window development Gate	2026-10-07T05:56:23.3584895Z ✔ negative tests not executed is rejected (269.091837ms)
frontend-baseline	A2 complete provider window development Gate	2026-10-07T05:56:23.3585353Z ✔ negative tests failed is rejected (254.094873ms)
frontend-baseline	A2 complete provider window development Gate	2026-10-07T05:56:23.3586380Z ✔ mandatory CI removed is rejected (186.965503ms)
frontend-baseline	A2 complete provider window development Gate	2026-10-07T05:56:23.3587168Z ✔ mandatory CI disabled is rejected (185.376909ms)
frontend-baseline	A2 complete provider window development Gate	2026-10-07T05:56:23.3587841Z ✔ mandatory CI conditional is rejected (177.099512ms)
frontend-baseline	A2 complete provider window development Gate	2026-10-07T05:56:23.3588431Z ✔ current Makefile/package/CI invoke the strict A2 checkpoint (2.047099ms)
frontend-baseline	A2 complete provider window development Gate	2026-10-07T05:56:23.4038021Z ℹ tests 31
frontend-baseline	A2 complete provider window development Gate	2026-10-07T05:56:23.4038631Z ℹ suites 0
frontend-baseline	A2 complete provider window development Gate	2026-10-07T05:56:23.4039077Z ℹ pass 31
frontend-baseline	A2 complete provider window development Gate	2026-10-07T05:56:23.4039488Z ℹ fail 0
frontend-baseline	A2 complete provider window development Gate	2026-10-07T05:56:23.4039920Z ℹ cancelled 0
frontend-baseline	A2 complete provider window development Gate	2026-10-07T05:56:23.4040391Z ℹ skipped 0
frontend-baseline	A2 complete provider window development Gate	2026-10-07T05:56:23.4040815Z ℹ todo 0
frontend-baseline	A2 complete provider window development Gate	2026-10-07T05:56:23.4041373Z ℹ duration_ms 6945.015915
frontend-baseline	Interface inventory (PRE-04)	﻿2026-10-07T05:56:23.4182409Z ##[group]Run pnpm check:pre04 && pnpm test:pre04
frontend-baseline	Interface inventory (PRE-04)	2026-10-07T05:56:23.4182804Z ^[[36;1mpnpm check:pre04 && pnpm test:pre04^[[0m
frontend-baseline	Interface inventory (PRE-04)	2026-10-07T05:56:23.4246039Z shell: /usr/bin/bash -e {0}
frontend-baseline	Interface inventory (PRE-04)	2026-10-07T05:56:23.4246304Z env:
frontend-baseline	Interface inventory (PRE-04)	2026-10-07T05:56:23.4246569Z   QUANTOS_BFF_BASE: 2835e41fcaa9f3924e9f03f95c62727b9e6c69b9
frontend-baseline	Interface inventory (PRE-04)	2026-10-07T05:56:23.4246932Z   NEXT_PUBLIC_QUANTOS_ENV: local-mock
frontend-baseline	Interface inventory (PRE-04)	2026-10-07T05:56:23.4247258Z   NEXT_PUBLIC_SITE_ORIGIN: https://sumalpha.ai
frontend-baseline	Interface inventory (PRE-04)	2026-10-07T05:56:23.4247644Z   NEXT_PUBLIC_QUANTOS_TERMINAL_ORIGIN: http://localhost:3190
frontend-baseline	Interface inventory (PRE-04)	2026-10-07T05:56:23.4248056Z   NEXT_PUBLIC_QUANTOS_BFF_ORIGIN: http://localhost:4010
frontend-baseline	Interface inventory (PRE-04)	2026-10-07T05:56:23.4248431Z   NEXT_PUBLIC_QUANTOS_OIDC_ISSUER: https://mock.idp.local
frontend-baseline	Interface inventory (PRE-04)	2026-10-07T05:56:23.4248818Z   NEXT_PUBLIC_QUANTOS_OIDC_CLIENT_ID: quantos-terminal-ci
frontend-baseline	Interface inventory (PRE-04)	2026-10-07T05:56:23.4249253Z   NEXT_PUBLIC_QUANTOS_OIDC_REDIRECT_URI: http://localhost:3190/auth/callback
frontend-baseline	Interface inventory (PRE-04)	2026-10-07T05:56:23.4249665Z   NEXT_PUBLIC_QUANTOS_DEFAULT_MODE: paper
frontend-baseline	Interface inventory (PRE-04)	2026-10-07T05:56:23.4249957Z   NEXT_PUBLIC_QUANTOS_MOCK_ENABLED: true
frontend-baseline	Interface inventory (PRE-04)	2026-10-07T05:56:23.4250465Z   NEXT_PUBLIC_QUANTOS_OBS_ENABLED: false
frontend-baseline	Interface inventory (PRE-04)	2026-10-07T05:56:23.4250782Z   NEXT_PUBLIC_QUANTOS_FEATURE_ASSISTED_LIVE_TESTNET: off
frontend-baseline	Interface inventory (PRE-04)	2026-10-07T05:56:23.4251104Z   CARGO_HOME: /home/runner/.cargo
frontend-baseline	Interface inventory (PRE-04)	2026-10-07T05:56:23.4251363Z   CARGO_INCREMENTAL: 0
frontend-baseline	Interface inventory (PRE-04)	2026-10-07T05:56:23.4251587Z   CARGO_TERM_COLOR: always
frontend-baseline	Interface inventory (PRE-04)	2026-10-07T05:56:23.4251812Z ##[endgroup]
frontend-baseline	Interface inventory (PRE-04)	2026-10-07T05:56:23.7168052Z 
frontend-baseline	Interface inventory (PRE-04)	2026-10-07T05:56:23.7168764Z > @sumalpha/quantos@ check:pre04 /home/runner/work/QuantOS/QuantOS
frontend-baseline	Interface inventory (PRE-04)	2026-10-07T05:56:23.7169330Z > node scripts/pre04-inventory.mjs
frontend-baseline	Interface inventory (PRE-04)	2026-10-07T05:56:23.7169557Z 
frontend-baseline	Interface inventory (PRE-04)	2026-10-07T05:56:23.9792150Z {
frontend-baseline	Interface inventory (PRE-04)	2026-10-07T05:56:23.9792559Z   "schema": "quantos-pre04/v1",
frontend-baseline	Interface inventory (PRE-04)	2026-10-07T05:56:23.9792873Z   "status": "PASS",
frontend-baseline	Interface inventory (PRE-04)	2026-10-07T05:56:23.9793114Z   "contracts": 17,
frontend-baseline	Interface inventory (PRE-04)	2026-10-07T05:56:23.9793339Z   "gaps": 17,
frontend-baseline	Interface inventory (PRE-04)	2026-10-07T05:56:23.9793543Z   "p0_pages": 23,
frontend-baseline	Interface inventory (PRE-04)	2026-10-07T05:56:23.9793754Z   "field_rows": 413,
frontend-baseline	Interface inventory (PRE-04)	2026-10-07T05:56:23.9793988Z   "openapi_operations": 62,
frontend-baseline	Interface inventory (PRE-04)	2026-10-07T05:56:23.9794290Z   "openapi_schemas": 52,
frontend-baseline	Interface inventory (PRE-04)	2026-10-07T05:56:23.9794521Z   "proto": {
frontend-baseline	Interface inventory (PRE-04)	2026-10-07T05:56:23.9794719Z     "files": 6,
frontend-baseline	Interface inventory (PRE-04)	2026-10-07T05:56:23.9794932Z     "messages": 38,
frontend-baseline	Interface inventory (PRE-04)	2026-10-07T05:56:23.9795139Z     "enums": 15,
frontend-baseline	Interface inventory (PRE-04)	2026-10-07T05:56:23.9795377Z     "services": 2,
frontend-baseline	Interface inventory (PRE-04)	2026-10-07T05:56:23.9795908Z     "rpcs": 7,
frontend-baseline	Interface inventory (PRE-04)	2026-10-07T05:56:23.9796132Z     "jsonSchemas": 50
frontend-baseline	Interface inventory (PRE-04)	2026-10-07T05:56:23.9796375Z   }
frontend-baseline	Interface inventory (PRE-04)	2026-10-07T05:56:23.9796574Z }
frontend-baseline	Interface inventory (PRE-04)	2026-10-07T05:56:24.2710312Z 
frontend-baseline	Interface inventory (PRE-04)	2026-10-07T05:56:24.2711220Z > @sumalpha/quantos@ test:pre04 /home/runner/work/QuantOS/QuantOS
frontend-baseline	Interface inventory (PRE-04)	2026-10-07T05:56:24.2712218Z > node --test scripts/pre04-gate-negative.mjs
frontend-baseline	Interface inventory (PRE-04)	2026-10-07T05:56:24.2712662Z 
frontend-baseline	Interface inventory (PRE-04)	2026-10-07T05:56:25.2222663Z ✔ current full phase-one inventory passes (25.389636ms)
frontend-baseline	Interface inventory (PRE-04)	2026-10-07T05:56:25.2226494Z ✔ missing Gap is rejected (14.683746ms)
frontend-baseline	Interface inventory (PRE-04)	2026-10-07T05:56:25.2227468Z ✔ undecided realtime dependency is rejected (17.612437ms)
frontend-baseline	Interface inventory (PRE-04)	2026-10-07T05:56:25.2228538Z ✔ deleted required actorId field is rejected (10.561767ms)
frontend-baseline	Interface inventory (PRE-04)	2026-10-07T05:56:25.2229585Z ✔ nonexistent field source is rejected (15.096676ms)
frontend-baseline	Interface inventory (PRE-04)	2026-10-07T05:56:25.2230929Z ✔ wrong field type and optionality are rejected (12.658058ms)
frontend-baseline	Interface inventory (PRE-04)	2026-10-07T05:56:25.2232282Z ✔ generated operation deletion is rejected (9.865615ms)
frontend-baseline	Interface inventory (PRE-04)	2026-10-07T05:56:25.2233359Z ✔ generated method and path drift are rejected (19.801613ms)
frontend-baseline	Interface inventory (PRE-04)	2026-10-07T05:56:25.2236438Z ✔ same-count schema rename is rejected (8.221175ms)
frontend-baseline	Interface inventory (PRE-04)	2026-10-07T05:56:25.2238988Z ✔ schema required and enum drift are rejected (20.74392ms)
frontend-baseline	Interface inventory (PRE-04)	2026-10-07T05:56:25.2241852Z ✔ same-count Proto message rename is rejected (9.865806ms)
frontend-baseline	Interface inventory (PRE-04)	2026-10-07T05:56:25.2249021Z ✔ removed Proto declaration is rejected (9.689053ms)
frontend-baseline	Interface inventory (PRE-04)	2026-10-07T05:56:25.2266297Z ✔ same-count JSON Schema replacement is rejected (10.28184ms)
frontend-baseline	Interface inventory (PRE-04)	2026-10-07T05:56:25.2286897Z ✔ duplicate contract row is rejected before Map collapse (9.34839ms)
frontend-baseline	Interface inventory (PRE-04)	2026-10-07T05:56:25.2288488Z ✔ duplicate Gap row is rejected before Map collapse (9.180334ms)
frontend-baseline	Interface inventory (PRE-04)	2026-10-07T05:56:25.2289778Z ✔ nonexistent role owner is rejected (10.252595ms)
frontend-baseline	Interface inventory (PRE-04)	2026-10-07T05:56:25.2291654Z ✔ nonexistent backend task is rejected (9.329114ms)
frontend-baseline	Interface inventory (PRE-04)	2026-10-07T05:56:25.2293077Z ✔ nonexistent BFF task is rejected (8.988532ms)
frontend-baseline	Interface inventory (PRE-04)	2026-10-07T05:56:25.2293962Z ✔ unknown Gap page is rejected (9.960504ms)
frontend-baseline	Interface inventory (PRE-04)	2026-10-07T05:56:25.2294894Z ✔ each missing website P0 page is rejected (45.481125ms)
frontend-baseline	Interface inventory (PRE-04)	2026-10-07T05:56:25.2296391Z ✔ missing auxiliary risk/audit/order contract is rejected (27.60439ms)
frontend-baseline	Interface inventory (PRE-04)	2026-10-07T05:56:25.2297484Z ✔ closing partly published Gap is rejected (9.620132ms)
frontend-baseline	Interface inventory (PRE-04)	2026-10-07T05:56:25.2298434Z ✔ omitting planned operation is rejected (9.147151ms)
frontend-baseline	Interface inventory (PRE-04)	2026-10-07T05:56:25.2299530Z ✔ unpublished Inventory Fixture cannot claim Implemented (8.927307ms)
frontend-baseline	Interface inventory (PRE-04)	2026-10-07T05:56:25.2300681Z ✔ generated-only contract cannot claim Integrated (9.517168ms)
frontend-baseline	Interface inventory (PRE-04)	2026-10-07T05:56:25.2301771Z ✔ missing provider evidence is rejected (9.019129ms)
frontend-baseline	Interface inventory (PRE-04)	2026-10-07T05:56:25.2302692Z ✔ changed provider receipt is rejected (9.180053ms)
frontend-baseline	Interface inventory (PRE-04)	2026-10-07T05:56:25.2303609Z ✔ missing Inventory Fixture is rejected (10.602184ms)
frontend-baseline	Interface inventory (PRE-04)	2026-10-07T05:56:25.2305070Z ✔ Desktop contamination is rejected by Web inventory (9.356856ms)
frontend-baseline	Interface inventory (PRE-04)	2026-10-07T05:56:25.2306780Z ✔ nonexistent domain field mappings including the former engine-version anchor are rejected (20.783043ms)
frontend-baseline	Interface inventory (PRE-04)	2026-10-07T05:56:25.2308004Z ✔ removed referenced core task is rejected (16.4361ms)
frontend-baseline	Interface inventory (PRE-04)	2026-10-07T05:56:25.2308878Z ✔ catalog source drift is rejected (14.875247ms)
frontend-baseline	Interface inventory (PRE-04)	2026-10-07T05:56:25.2310060Z ✔ empty implementation artifact lists are rejected for every implemented contract (30.49009ms)
frontend-baseline	Interface inventory (PRE-04)	2026-10-07T05:56:25.2311363Z ✔ each missing implementation evidence category is rejected (87.813993ms)
frontend-baseline	Interface inventory (PRE-04)	2026-10-07T05:56:25.2312588Z ✔ duplicate artifacts cannot substitute for test or receipt evidence (12.752943ms)
frontend-baseline	Interface inventory (PRE-04)	2026-10-07T05:56:25.2313842Z ✔ another contract receipt cannot substitute for required evidence (9.000144ms)
frontend-baseline	Interface inventory (PRE-04)	2026-10-07T05:56:25.2315052Z ✔ unknown task suffixes are rejected in both backend task columns (64.930875ms)
frontend-baseline	Interface inventory (PRE-04)	2026-10-07T05:56:25.2321600Z ✔ ambiguous cross-prefix ranges cannot impersonate reviewed backend tasks (18.199343ms)
frontend-baseline	Interface inventory (PRE-04)	2026-10-07T05:56:25.2545459Z ℹ tests 38
frontend-baseline	Interface inventory (PRE-04)	2026-10-07T05:56:25.2546491Z ℹ suites 0
frontend-baseline	Interface inventory (PRE-04)	2026-10-07T05:56:25.2546751Z ℹ pass 38
frontend-baseline	Interface inventory (PRE-04)	2026-10-07T05:56:25.2547000Z ℹ fail 0
frontend-baseline	Interface inventory (PRE-04)	2026-10-07T05:56:25.2547262Z ℹ cancelled 0
frontend-baseline	Interface inventory (PRE-04)	2026-10-07T05:56:25.2547532Z ℹ skipped 0
frontend-baseline	Interface inventory (PRE-04)	2026-10-07T05:56:25.2547776Z ℹ todo 0
frontend-baseline	Interface inventory (PRE-04)	2026-10-07T05:56:25.2548081Z ℹ duration_ms 954.952936
frontend-baseline	PRE-06 structure and negative gates	﻿2026-10-07T05:56:25.2705291Z ##[group]Run pnpm check:pre06 && pnpm test:pre06
frontend-baseline	PRE-06 structure and negative gates	2026-10-07T05:56:25.2706494Z ^[[36;1mpnpm check:pre06 && pnpm test:pre06^[[0m
frontend-baseline	PRE-06 structure and negative gates	2026-10-07T05:56:25.2770360Z shell: /usr/bin/bash -e {0}
frontend-baseline	PRE-06 structure and negative gates	2026-10-07T05:56:25.2770621Z env:
frontend-baseline	PRE-06 structure and negative gates	2026-10-07T05:56:25.2770902Z   QUANTOS_BFF_BASE: 2835e41fcaa9f3924e9f03f95c62727b9e6c69b9
frontend-baseline	PRE-06 structure and negative gates	2026-10-07T05:56:25.2771259Z   NEXT_PUBLIC_QUANTOS_ENV: local-mock
frontend-baseline	PRE-06 structure and negative gates	2026-10-07T05:56:25.2771575Z   NEXT_PUBLIC_SITE_ORIGIN: https://sumalpha.ai
frontend-baseline	PRE-06 structure and negative gates	2026-10-07T05:56:25.2771960Z   NEXT_PUBLIC_QUANTOS_TERMINAL_ORIGIN: http://localhost:3190
frontend-baseline	PRE-06 structure and negative gates	2026-10-07T05:56:25.2772348Z   NEXT_PUBLIC_QUANTOS_BFF_ORIGIN: http://localhost:4010
frontend-baseline	PRE-06 structure and negative gates	2026-10-07T05:56:25.2772744Z   NEXT_PUBLIC_QUANTOS_OIDC_ISSUER: https://mock.idp.local
frontend-baseline	PRE-06 structure and negative gates	2026-10-07T05:56:25.2773118Z   NEXT_PUBLIC_QUANTOS_OIDC_CLIENT_ID: quantos-terminal-ci
frontend-baseline	PRE-06 structure and negative gates	2026-10-07T05:56:25.2773549Z   NEXT_PUBLIC_QUANTOS_OIDC_REDIRECT_URI: http://localhost:3190/auth/callback
frontend-baseline	PRE-06 structure and negative gates	2026-10-07T05:56:25.2773985Z   NEXT_PUBLIC_QUANTOS_DEFAULT_MODE: paper
frontend-baseline	PRE-06 structure and negative gates	2026-10-07T05:56:25.2774284Z   NEXT_PUBLIC_QUANTOS_MOCK_ENABLED: true
frontend-baseline	PRE-06 structure and negative gates	2026-10-07T05:56:25.2774608Z   NEXT_PUBLIC_QUANTOS_OBS_ENABLED: false
frontend-baseline	PRE-06 structure and negative gates	2026-10-07T05:56:25.2774928Z   NEXT_PUBLIC_QUANTOS_FEATURE_ASSISTED_LIVE_TESTNET: off
frontend-baseline	PRE-06 structure and negative gates	2026-10-07T05:56:25.2775251Z   CARGO_HOME: /home/runner/.cargo
frontend-baseline	PRE-06 structure and negative gates	2026-10-07T05:56:25.2775802Z   CARGO_INCREMENTAL: 0
frontend-baseline	PRE-06 structure and negative gates	2026-10-07T05:56:25.2776048Z   CARGO_TERM_COLOR: always
frontend-baseline	PRE-06 structure and negative gates	2026-10-07T05:56:25.2776275Z ##[endgroup]
frontend-baseline	PRE-06 structure and negative gates	2026-10-07T05:56:25.5659234Z 
frontend-baseline	PRE-06 structure and negative gates	2026-10-07T05:56:25.5660172Z > @sumalpha/quantos@ check:pre06 /home/runner/work/QuantOS/QuantOS
frontend-baseline	PRE-06 structure and negative gates	2026-10-07T05:56:25.5661036Z > node scripts/check-pre06.mjs
frontend-baseline	PRE-06 structure and negative gates	2026-10-07T05:56:25.5661373Z 
frontend-baseline	PRE-06 structure and negative gates	2026-10-07T05:56:27.4535453Z {
frontend-baseline	PRE-06 structure and negative gates	2026-10-07T05:56:27.4536350Z   "schema": "quantos-pre06/v1",
frontend-baseline	PRE-06 structure and negative gates	2026-10-07T05:56:27.4536871Z   "status": "PASS",
frontend-baseline	PRE-06 structure and negative gates	2026-10-07T05:56:27.4537305Z   "bff_operations": 62,
frontend-baseline	PRE-06 structure and negative gates	2026-10-07T05:56:27.4537737Z   "bff_schemas": 52,
frontend-baseline	PRE-06 structure and negative gates	2026-10-07T05:56:27.4538177Z   "visual_baselines": 24
frontend-baseline	PRE-06 structure and negative gates	2026-10-07T05:56:27.4538609Z }
frontend-baseline	PRE-06 structure and negative gates	2026-10-07T05:56:27.7506964Z 
frontend-baseline	PRE-06 structure and negative gates	2026-10-07T05:56:27.7507786Z > @sumalpha/quantos@ test:pre06 /home/runner/work/QuantOS/QuantOS
frontend-baseline	PRE-06 structure and negative gates	2026-10-07T05:56:27.7508676Z > node --test scripts/pre06-gate-negative.mjs scripts/pre06-runtime-negative.mjs
frontend-baseline	PRE-06 structure and negative gates	2026-10-07T05:56:27.7509100Z 
frontend-baseline	PRE-06 structure and negative gates	2026-10-07T05:56:30.5897169Z ✔ current PRE-06 Web baseline passes (96.263697ms)
frontend-baseline	PRE-06 structure and negative gates	2026-10-07T05:56:30.5907162Z ✔ website browser Gate deletion is rejected (43.492152ms)
frontend-baseline	PRE-06 structure and negative gates	2026-10-07T05:56:30.5908717Z ✔ Desktop coupling in phase-one compatibility is rejected (36.841886ms)
frontend-baseline	PRE-06 structure and negative gates	2026-10-07T05:56:30.5910284Z ✔ Desktop deep-link inclusion in phase-one Terminal is rejected (40.862946ms)
frontend-baseline	PRE-06 structure and negative gates	2026-10-07T05:56:30.5911764Z ✔ generated operation coverage drift is rejected (24.705186ms)
frontend-baseline	PRE-06 structure and negative gates	2026-10-07T05:56:30.5913987Z ✔ visual baseline integrity failure is rejected (25.576507ms)
frontend-baseline	PRE-06 structure and negative gates	2026-10-07T05:56:30.5915311Z ✔ performance budget weakening is rejected (19.041591ms)
frontend-baseline	PRE-06 structure and negative gates	2026-10-07T05:56:30.5946775Z ✔ disabled CI steps and comment-only commands are rejected (68.499145ms)
frontend-baseline	PRE-06 structure and negative gates	2026-10-07T05:56:30.5976830Z ✔ contract assertion deletion and visual comparison deletion fail closed (34.774284ms)
frontend-baseline	PRE-06 structure and negative gates	2026-10-07T05:56:30.5980659Z ✔ website performance and critical coverage gates cannot be removed (41.128722ms)
frontend-baseline	PRE-06 structure and negative gates	2026-10-07T05:56:30.5982556Z ✔ CI retry policy must reject flaky outcomes and archive failure evidence (36.567384ms)
frontend-baseline	PRE-06 structure and negative gates	2026-10-07T05:56:30.5984186Z ✔ comments cannot restore weakened budget or critical coverage policy (47.113862ms)
frontend-baseline	PRE-06 structure and negative gates	2026-10-07T05:56:30.5985973Z ✔ skipped suites and inactive screenshot assertions cannot satisfy the baseline (137.503363ms)
frontend-baseline	PRE-06 structure and negative gates	2026-10-07T05:56:30.6047224Z ✔ critical contract callbacks cannot return early, hide assertions, or remove runtime counting (80.670048ms)
frontend-baseline	PRE-06 structure and negative gates	2026-10-07T05:56:31.5723481Z ✔ unknown and corrupted fixtures are rejected, explicit sabotage fixtures remain expected failures (81.680174ms)
frontend-baseline	PRE-06 structure and negative gates	2026-10-07T05:56:31.5726331Z ✔ empty assets and empty route manifest are never a zero-sized performance PASS (44.348801ms)
frontend-baseline	PRE-06 structure and negative gates	2026-10-07T05:56:31.5738507Z ✔ actual CI configs return nonzero for first-fail-then-pass policy probe (3565.312249ms)
frontend-baseline	PRE-06 structure and negative gates	2026-10-07T05:56:31.5826158Z ℹ tests 17
frontend-baseline	PRE-06 structure and negative gates	2026-10-07T05:56:31.5826636Z ℹ suites 0
frontend-baseline	PRE-06 structure and negative gates	2026-10-07T05:56:31.5827063Z ℹ pass 17
frontend-baseline	PRE-06 structure and negative gates	2026-10-07T05:56:31.5827466Z ℹ fail 0
frontend-baseline	PRE-06 structure and negative gates	2026-10-07T05:56:31.5827875Z ℹ cancelled 0
frontend-baseline	PRE-06 structure and negative gates	2026-10-07T05:56:31.5828319Z ℹ skipped 0
frontend-baseline	PRE-06 structure and negative gates	2026-10-07T05:56:31.5828735Z ℹ todo 0
frontend-baseline	PRE-06 structure and negative gates	2026-10-07T05:56:31.5829236Z ℹ duration_ms 3803.526377
frontend-baseline	P0 acceptance receipt policy regressions	﻿2026-10-07T05:56:31.5970483Z ##[group]Run pnpm test:p0
frontend-baseline	P0 acceptance receipt policy regressions	2026-10-07T05:56:31.5970776Z ^[[36;1mpnpm test:p0^[[0m
frontend-baseline	P0 acceptance receipt policy regressions	2026-10-07T05:56:31.6034438Z shell: /usr/bin/bash -e {0}
frontend-baseline	P0 acceptance receipt policy regressions	2026-10-07T05:56:31.6034694Z env:
frontend-baseline	P0 acceptance receipt policy regressions	2026-10-07T05:56:31.6034969Z   QUANTOS_BFF_BASE: 2835e41fcaa9f3924e9f03f95c62727b9e6c69b9
frontend-baseline	P0 acceptance receipt policy regressions	2026-10-07T05:56:31.6035327Z   NEXT_PUBLIC_QUANTOS_ENV: local-mock
frontend-baseline	P0 acceptance receipt policy regressions	2026-10-07T05:56:31.6035931Z   NEXT_PUBLIC_SITE_ORIGIN: https://sumalpha.ai
frontend-baseline	P0 acceptance receipt policy regressions	2026-10-07T05:56:31.6036325Z   NEXT_PUBLIC_QUANTOS_TERMINAL_ORIGIN: http://localhost:3190
frontend-baseline	P0 acceptance receipt policy regressions	2026-10-07T05:56:31.6036737Z   NEXT_PUBLIC_QUANTOS_BFF_ORIGIN: http://localhost:4010
frontend-baseline	P0 acceptance receipt policy regressions	2026-10-07T05:56:31.6037116Z   NEXT_PUBLIC_QUANTOS_OIDC_ISSUER: https://mock.idp.local
frontend-baseline	P0 acceptance receipt policy regressions	2026-10-07T05:56:31.6037498Z   NEXT_PUBLIC_QUANTOS_OIDC_CLIENT_ID: quantos-terminal-ci
frontend-baseline	P0 acceptance receipt policy regressions	2026-10-07T05:56:31.6037956Z   NEXT_PUBLIC_QUANTOS_OIDC_REDIRECT_URI: http://localhost:3190/auth/callback
frontend-baseline	P0 acceptance receipt policy regressions	2026-10-07T05:56:31.6038378Z   NEXT_PUBLIC_QUANTOS_DEFAULT_MODE: paper
frontend-baseline	P0 acceptance receipt policy regressions	2026-10-07T05:56:31.6038671Z   NEXT_PUBLIC_QUANTOS_MOCK_ENABLED: true
frontend-baseline	P0 acceptance receipt policy regressions	2026-10-07T05:56:31.6038990Z   NEXT_PUBLIC_QUANTOS_OBS_ENABLED: false
frontend-baseline	P0 acceptance receipt policy regressions	2026-10-07T05:56:31.6039310Z   NEXT_PUBLIC_QUANTOS_FEATURE_ASSISTED_LIVE_TESTNET: off
frontend-baseline	P0 acceptance receipt policy regressions	2026-10-07T05:56:31.6039642Z   CARGO_HOME: /home/runner/.cargo
frontend-baseline	P0 acceptance receipt policy regressions	2026-10-07T05:56:31.6039905Z   CARGO_INCREMENTAL: 0
frontend-baseline	P0 acceptance receipt policy regressions	2026-10-07T05:56:31.6040128Z   CARGO_TERM_COLOR: always
frontend-baseline	P0 acceptance receipt policy regressions	2026-10-07T05:56:31.6040364Z ##[endgroup]
frontend-baseline	P0 acceptance receipt policy regressions	2026-10-07T05:56:31.8873924Z 
frontend-baseline	P0 acceptance receipt policy regressions	2026-10-07T05:56:31.8875017Z > @sumalpha/quantos@ test:p0 /home/runner/work/QuantOS/QuantOS
frontend-baseline	P0 acceptance receipt policy regressions	2026-10-07T05:56:31.8875843Z > node --test scripts/p0-acceptance-negative.mjs
frontend-baseline	P0 acceptance receipt policy regressions	2026-10-07T05:56:31.8876155Z 
frontend-baseline	P0 acceptance receipt policy regressions	2026-10-07T05:56:32.0134199Z ✔ complete synthetic acceptance satisfies the receipt schema only (4.016761ms)
frontend-baseline	P0 acceptance receipt policy regressions	2026-10-07T05:56:32.0156343Z ✔ missing receipt is rejected (1.349884ms)
frontend-baseline	P0 acceptance receipt policy regressions	2026-10-07T05:56:32.0165967Z ✔ old SHA is rejected (2.072206ms)
frontend-baseline	P0 acceptance receipt policy regressions	2026-10-07T05:56:32.0167913Z ✔ FAIL receipt is rejected (2.277433ms)
frontend-baseline	P0 acceptance receipt policy regressions	2026-10-07T05:56:32.0168475Z ✔ missing check is rejected (3.330427ms)
frontend-baseline	P0 acceptance receipt policy regressions	2026-10-07T05:56:32.0168883Z ✔ duplicate check is rejected (1.919227ms)
frontend-baseline	P0 acceptance receipt policy regressions	2026-10-07T05:56:32.0169298Z ✔ fake command is rejected (2.096421ms)
frontend-baseline	P0 acceptance receipt policy regressions	2026-10-07T05:56:32.0169832Z ✔ failed command is rejected (1.742955ms)
frontend-baseline	P0 acceptance receipt policy regressions	2026-10-07T05:56:32.0170248Z ✔ corrupted log is rejected (2.666546ms)
frontend-baseline	P0 acceptance receipt policy regressions	2026-10-07T05:56:32.0170669Z ✔ URL instead of artifact is rejected (3.143666ms)
frontend-baseline	P0 acceptance receipt policy regressions	2026-10-07T05:56:32.0171590Z ✔ missing F06 is rejected (1.448129ms)
frontend-baseline	P0 acceptance receipt policy regressions	2026-10-07T05:56:32.0172223Z ✔ old F06 is rejected (1.71873ms)
frontend-baseline	P0 acceptance receipt policy regressions	2026-10-07T05:56:32.0172710Z ✔ incomplete PRE is rejected (4.554224ms)
frontend-baseline	P0 acceptance receipt policy regressions	2026-10-07T05:56:32.0173229Z ✔ unrejected mutation is rejected (1.583805ms)
frontend-baseline	P0 acceptance receipt policy regressions	2026-10-07T05:56:32.0173805Z ✔ extra admission is rejected (1.246139ms)
frontend-baseline	P0 acceptance receipt policy regressions	2026-10-07T05:56:32.0174316Z ✔ unclosed control is rejected (1.792088ms)
frontend-baseline	P0 acceptance receipt policy regressions	2026-10-07T05:56:32.0274455Z ℹ tests 16
frontend-baseline	P0 acceptance receipt policy regressions	2026-10-07T05:56:32.0275001Z ℹ suites 0
frontend-baseline	P0 acceptance receipt policy regressions	2026-10-07T05:56:32.0275873Z ℹ pass 16
frontend-baseline	P0 acceptance receipt policy regressions	2026-10-07T05:56:32.0276300Z ℹ fail 0
frontend-baseline	P0 acceptance receipt policy regressions	2026-10-07T05:56:32.0276608Z ℹ cancelled 0
frontend-baseline	P0 acceptance receipt policy regressions	2026-10-07T05:56:32.0277026Z ℹ skipped 0
frontend-baseline	P0 acceptance receipt policy regressions	2026-10-07T05:56:32.0277380Z ℹ todo 0
frontend-baseline	P0 acceptance receipt policy regressions	2026-10-07T05:56:32.0277817Z ℹ duration_ms 111.617276
frontend-baseline	G0 historical records and current stage disposition	﻿2026-10-07T05:56:32.0430449Z ##[group]Run pnpm check:g0-records
frontend-baseline	G0 historical records and current stage disposition	2026-10-07T05:56:32.0430948Z ^[[36;1mpnpm check:g0-records^[[0m
frontend-baseline	G0 historical records and current stage disposition	2026-10-07T05:56:32.0494665Z shell: /usr/bin/bash -e {0}
frontend-baseline	G0 historical records and current stage disposition	2026-10-07T05:56:32.0495025Z env:
frontend-baseline	G0 historical records and current stage disposition	2026-10-07T05:56:32.0495729Z   QUANTOS_BFF_BASE: 2835e41fcaa9f3924e9f03f95c62727b9e6c69b9
frontend-baseline	G0 historical records and current stage disposition	2026-10-07T05:56:32.0496330Z   NEXT_PUBLIC_QUANTOS_ENV: local-mock
frontend-baseline	G0 historical records and current stage disposition	2026-10-07T05:56:32.0496793Z   NEXT_PUBLIC_SITE_ORIGIN: https://sumalpha.ai
frontend-baseline	G0 historical records and current stage disposition	2026-10-07T05:56:32.0497303Z   NEXT_PUBLIC_QUANTOS_TERMINAL_ORIGIN: http://localhost:3190
frontend-baseline	G0 historical records and current stage disposition	2026-10-07T05:56:32.0497836Z   NEXT_PUBLIC_QUANTOS_BFF_ORIGIN: http://localhost:4010
frontend-baseline	G0 historical records and current stage disposition	2026-10-07T05:56:32.0498369Z   NEXT_PUBLIC_QUANTOS_OIDC_ISSUER: https://mock.idp.local
frontend-baseline	G0 historical records and current stage disposition	2026-10-07T05:56:32.0498895Z   NEXT_PUBLIC_QUANTOS_OIDC_CLIENT_ID: quantos-terminal-ci
frontend-baseline	G0 historical records and current stage disposition	2026-10-07T05:56:32.0499458Z   NEXT_PUBLIC_QUANTOS_OIDC_REDIRECT_URI: http://localhost:3190/auth/callback
frontend-baseline	G0 historical records and current stage disposition	2026-10-07T05:56:32.0500024Z   NEXT_PUBLIC_QUANTOS_DEFAULT_MODE: paper
frontend-baseline	G0 historical records and current stage disposition	2026-10-07T05:56:32.0500405Z   NEXT_PUBLIC_QUANTOS_MOCK_ENABLED: true
frontend-baseline	G0 historical records and current stage disposition	2026-10-07T05:56:32.0500975Z   NEXT_PUBLIC_QUANTOS_OBS_ENABLED: false
frontend-baseline	G0 historical records and current stage disposition	2026-10-07T05:56:32.0501373Z   NEXT_PUBLIC_QUANTOS_FEATURE_ASSISTED_LIVE_TESTNET: off
frontend-baseline	G0 historical records and current stage disposition	2026-10-07T05:56:32.0501855Z   CARGO_HOME: /home/runner/.cargo
frontend-baseline	G0 historical records and current stage disposition	2026-10-07T05:56:32.0502243Z   CARGO_INCREMENTAL: 0
frontend-baseline	G0 historical records and current stage disposition	2026-10-07T05:56:32.0502614Z   CARGO_TERM_COLOR: always
frontend-baseline	G0 historical records and current stage disposition	2026-10-07T05:56:32.0502966Z ##[endgroup]
frontend-baseline	G0 historical records and current stage disposition	2026-10-07T05:56:32.3356428Z 
frontend-baseline	G0 historical records and current stage disposition	2026-10-07T05:56:32.3357481Z > @sumalpha/quantos@ check:g0-records /home/runner/work/QuantOS/QuantOS
frontend-baseline	G0 historical records and current stage disposition	2026-10-07T05:56:32.3358360Z > node ./scripts/check-g0-records.mjs
frontend-baseline	G0 historical records and current stage disposition	2026-10-07T05:56:32.3358687Z 
frontend-baseline	G0 historical records and current stage disposition	2026-10-07T05:56:32.3677004Z {
frontend-baseline	G0 historical records and current stage disposition	2026-10-07T05:56:32.3677831Z   "schema": "quantos-g0-governance/v1",
frontend-baseline	G0 historical records and current stage disposition	2026-10-07T05:56:32.3678672Z   "status": "PASS",
frontend-baseline	G0 historical records and current stage disposition	2026-10-07T05:56:32.3679495Z   "historical_signature": "RECORDED_NOT_REVALIDATED",
frontend-baseline	G0 historical records and current stage disposition	2026-10-07T05:56:32.3680509Z   "current_formal_g0": "NOT_STARTED / NO CURRENT RECEIPT",
frontend-baseline	G0 historical records and current stage disposition	2026-10-07T05:56:32.3681399Z   "leftovers": 10,
frontend-baseline	G0 historical records and current stage disposition	2026-10-07T05:56:32.3681892Z   "overdue": 9
frontend-baseline	G0 historical records and current stage disposition	2026-10-07T05:56:32.3682533Z }
frontend-baseline	G0 functional engineering receipt and fail-closed rejection probes	﻿2026-10-07T05:56:32.3823519Z ##[group]Run pnpm check:g0-engineering && pnpm test:g0-development
frontend-baseline	G0 functional engineering receipt and fail-closed rejection probes	2026-10-07T05:56:32.3824007Z ^[[36;1mpnpm check:g0-engineering && pnpm test:g0-development^[[0m
frontend-baseline	G0 functional engineering receipt and fail-closed rejection probes	2026-10-07T05:56:32.3887523Z shell: /usr/bin/bash -e {0}
frontend-baseline	G0 functional engineering receipt and fail-closed rejection probes	2026-10-07T05:56:32.3887797Z env:
frontend-baseline	G0 functional engineering receipt and fail-closed rejection probes	2026-10-07T05:56:32.3888068Z   QUANTOS_BFF_BASE: 2835e41fcaa9f3924e9f03f95c62727b9e6c69b9
frontend-baseline	G0 functional engineering receipt and fail-closed rejection probes	2026-10-07T05:56:32.3888444Z   NEXT_PUBLIC_QUANTOS_ENV: local-mock
frontend-baseline	G0 functional engineering receipt and fail-closed rejection probes	2026-10-07T05:56:32.3888767Z   NEXT_PUBLIC_SITE_ORIGIN: https://sumalpha.ai
frontend-baseline	G0 functional engineering receipt and fail-closed rejection probes	2026-10-07T05:56:32.3889170Z   NEXT_PUBLIC_QUANTOS_TERMINAL_ORIGIN: http://localhost:3190
frontend-baseline	G0 functional engineering receipt and fail-closed rejection probes	2026-10-07T05:56:32.3889571Z   NEXT_PUBLIC_QUANTOS_BFF_ORIGIN: http://localhost:4010
frontend-baseline	G0 functional engineering receipt and fail-closed rejection probes	2026-10-07T05:56:32.3889959Z   NEXT_PUBLIC_QUANTOS_OIDC_ISSUER: https://mock.idp.local
frontend-baseline	G0 functional engineering receipt and fail-closed rejection probes	2026-10-07T05:56:32.3890346Z   NEXT_PUBLIC_QUANTOS_OIDC_CLIENT_ID: quantos-terminal-ci
frontend-baseline	G0 functional engineering receipt and fail-closed rejection probes	2026-10-07T05:56:32.3890794Z   NEXT_PUBLIC_QUANTOS_OIDC_REDIRECT_URI: http://localhost:3190/auth/callback
frontend-baseline	G0 functional engineering receipt and fail-closed rejection probes	2026-10-07T05:56:32.3891221Z   NEXT_PUBLIC_QUANTOS_DEFAULT_MODE: paper
frontend-baseline	G0 functional engineering receipt and fail-closed rejection probes	2026-10-07T05:56:32.3891545Z   NEXT_PUBLIC_QUANTOS_MOCK_ENABLED: true
frontend-baseline	G0 functional engineering receipt and fail-closed rejection probes	2026-10-07T05:56:32.3891836Z   NEXT_PUBLIC_QUANTOS_OBS_ENABLED: false
frontend-baseline	G0 functional engineering receipt and fail-closed rejection probes	2026-10-07T05:56:32.3892164Z   NEXT_PUBLIC_QUANTOS_FEATURE_ASSISTED_LIVE_TESTNET: off
frontend-baseline	G0 functional engineering receipt and fail-closed rejection probes	2026-10-07T05:56:32.3892666Z   CARGO_HOME: /home/runner/.cargo
frontend-baseline	G0 functional engineering receipt and fail-closed rejection probes	2026-10-07T05:56:32.3892923Z   CARGO_INCREMENTAL: 0
frontend-baseline	G0 functional engineering receipt and fail-closed rejection probes	2026-10-07T05:56:32.3893144Z   CARGO_TERM_COLOR: always
frontend-baseline	G0 functional engineering receipt and fail-closed rejection probes	2026-10-07T05:56:32.3893380Z ##[endgroup]
frontend-baseline	G0 functional engineering receipt and fail-closed rejection probes	2026-10-07T05:56:32.6809975Z 
frontend-baseline	G0 functional engineering receipt and fail-closed rejection probes	2026-10-07T05:56:32.6810739Z > @sumalpha/quantos@ check:g0-engineering /home/runner/work/QuantOS/QuantOS
frontend-baseline	G0 functional engineering receipt and fail-closed rejection probes	2026-10-07T05:56:32.6811439Z > node scripts/g0-development.mjs --engineering
frontend-baseline	G0 functional engineering receipt and fail-closed rejection probes	2026-10-07T05:56:32.6811689Z 
frontend-baseline	G0 functional engineering receipt and fail-closed rejection probes	2026-10-07T05:56:36.8651117Z {
frontend-baseline	G0 functional engineering receipt and fail-closed rejection probes	2026-10-07T05:56:36.8651708Z   "nodeId": "FRONTEND-GATE:G0",
frontend-baseline	G0 functional engineering receipt and fail-closed rejection probes	2026-10-07T05:56:36.8652191Z   "engineeringStatus": "PASS",
frontend-baseline	G0 functional engineering receipt and fail-closed rejection probes	2026-10-07T05:56:36.8652595Z   "status": "READY",
frontend-baseline	G0 functional engineering receipt and fail-closed rejection probes	2026-10-07T05:56:36.8652938Z   "formalAccepted": false,
frontend-baseline	G0 functional engineering receipt and fail-closed rejection probes	2026-10-07T05:56:36.8653299Z   "checks": 16
frontend-baseline	G0 functional engineering receipt and fail-closed rejection probes	2026-10-07T05:56:36.8653593Z }
frontend-baseline	G0 functional engineering receipt and fail-closed rejection probes	2026-10-07T05:56:37.1780596Z 
frontend-baseline	G0 functional engineering receipt and fail-closed rejection probes	2026-10-07T05:56:37.1781574Z > @sumalpha/quantos@ test:g0-development /home/runner/work/QuantOS/QuantOS
frontend-baseline	G0 functional engineering receipt and fail-closed rejection probes	2026-10-07T05:56:37.1783382Z > node --test scripts/g0-development.test.mjs scripts/frontend-import-boundary.test.mjs scripts/user-acceptance-confirmation.test.mjs
frontend-baseline	G0 functional engineering receipt and fail-closed rejection probes	2026-10-07T05:56:37.1784460Z 
frontend-baseline	G0 functional engineering receipt and fail-closed rejection probes	2026-10-07T05:56:38.4216310Z ✔ production rejects InMemoryTerminalBackend (847.089628ms)
frontend-baseline	G0 functional engineering receipt and fail-closed rejection probes	2026-10-07T05:56:38.4223205Z ✔ production rejects InMemoryStrategyBackend (4.721188ms)
frontend-baseline	G0 functional engineering receipt and fail-closed rejection probes	2026-10-07T05:56:38.4227469Z ✔ production rejects InMemoryExecutionBackend (19.818976ms)
frontend-baseline	G0 functional engineering receipt and fail-closed rejection probes	2026-10-07T05:56:38.4228758Z ✔ production rejects InMemoryOpsBackend (4.125947ms)
frontend-baseline	G0 functional engineering receipt and fail-closed rejection probes	2026-10-07T05:56:38.4229943Z ✔ production rejects TerminalBackend (4.010068ms)
frontend-baseline	G0 functional engineering receipt and fail-closed rejection probes	2026-10-07T05:56:38.4231003Z ✔ production rejects StrategyBackend (6.463954ms)
frontend-baseline	G0 functional engineering receipt and fail-closed rejection probes	2026-10-07T05:56:38.4232206Z ✔ production rejects ExecutionBackend (2.653712ms)
frontend-baseline	G0 functional engineering receipt and fail-closed rejection probes	2026-10-07T05:56:38.4233321Z ✔ production rejects OpsBackend (3.102397ms)
frontend-baseline	G0 functional engineering receipt and fail-closed rejection probes	2026-10-07T05:56:38.4234501Z ✔ production rejects createTerminalClient (4.013005ms)
frontend-baseline	G0 functional engineering receipt and fail-closed rejection probes	2026-10-07T05:56:38.4239812Z ✔ production rejects bypass import * as api from '@sumalpha/api-client'; export const value = api; (3.772741ms)
frontend-baseline	G0 functional engineering receipt and fail-closed rejection probes	2026-10-07T05:56:38.4241915Z ✔ production rejects bypass export * from '@sumalpha/api-client'; (1.75072ms)
frontend-baseline	G0 functional engineering receipt and fail-closed rejection probes	2026-10-07T05:56:38.4246971Z ✔ production rejects bypass export { InMemoryOpsBackend as Default } from '@sumalpha/api-client'; (1.648398ms)
frontend-baseline	G0 functional engineering receipt and fail-closed rejection probes	2026-10-07T05:56:38.4264185Z ✔ production rejects bypass export const value = import('@sumalpha/api-client'); (1.963521ms)
frontend-baseline	G0 functional engineering receipt and fail-closed rejection probes	2026-10-07T05:56:38.4266337Z ✔ production rejects bypass export const value = require('@sumalpha/api-client'); (2.65273ms)
frontend-baseline	G0 functional engineering receipt and fail-closed rejection probes	2026-10-07T05:56:38.4268318Z ✔ production rejects bypass import { value } from '../../../../crates/bff/src/db'; export {value}; (1.484708ms)
frontend-baseline	G0 functional engineering receipt and fail-closed rejection probes	2026-10-07T05:56:38.4270317Z ✔ production rejects bypass import { value } from '../tests/fixtures/backend'; export {value}; (1.519023ms)
frontend-baseline	G0 functional engineering receipt and fail-closed rejection probes	2026-10-07T05:56:38.4272077Z ✔ production rejects bypass export const value = import(globalThis.name); (2.112972ms)
frontend-baseline	G0 functional engineering receipt and fail-closed rejection probes	2026-10-07T05:56:38.4274660Z ✔ production rejects bypass import { value } from '@sumalpha/api-client/src/terminal'; export {value}; (1.638348ms)
frontend-baseline	G0 functional engineering receipt and fail-closed rejection probes	2026-10-07T05:56:38.4276676Z ✔ generated named public client imports are allowed (1.744378ms)
frontend-baseline	G0 functional engineering receipt and fail-closed rejection probes	2026-10-07T05:56:38.4278051Z ✔ explicit test fixture adapters remain allowed (5.876837ms)
frontend-baseline	G0 functional engineering receipt and fail-closed rejection probes	2026-10-07T05:56:38.4279442Z ✔ production src cannot hide behind a test-like filename (1.79874ms)
frontend-baseline	G0 functional engineering receipt and fail-closed rejection probes	2026-10-07T05:56:38.4310337Z ✔ shared frontend wrapper cannot re-export a legacy adapter under an alias (3.850668ms)
frontend-baseline	G0 functional engineering receipt and fail-closed rejection probes	2026-10-07T05:56:38.4321235Z ✔ production rejects direct database or venue module pg (1.817636ms)
frontend-baseline	G0 functional engineering receipt and fail-closed rejection probes	2026-10-07T05:56:38.4322899Z ✔ production rejects direct database or venue module postgres (1.521248ms)
frontend-baseline	G0 functional engineering receipt and fail-closed rejection probes	2026-10-07T05:56:38.4324523Z ✔ production rejects direct database or venue module @supabase/supabase-js (1.573556ms)
frontend-baseline	G0 functional engineering receipt and fail-closed rejection probes	2026-10-07T05:56:38.4327484Z ✔ production rejects direct database or venue module @prisma/client (1.261848ms)
frontend-baseline	G0 functional engineering receipt and fail-closed rejection probes	2026-10-07T05:56:38.4329099Z ✔ production rejects direct database or venue module ccxt (3.491461ms)
frontend-baseline	G0 functional engineering receipt and fail-closed rejection probes	2026-10-07T05:56:38.4330754Z ✔ production rejects direct database or venue module @binance/connector (1.797328ms)
frontend-baseline	G0 functional engineering receipt and fail-closed rejection probes	2026-10-07T05:56:38.4332755Z ✔ registered Storybook data fixtures remain allowed (5.976355ms)
frontend-baseline	G0 functional engineering receipt and fail-closed rejection probes	2026-10-07T05:56:38.4334441Z ✔ runtime TerminalClient cannot instantiate a handwritten backend in production (2.415142ms)
frontend-baseline	G0 functional engineering receipt and fail-closed rejection probes	2026-10-07T05:56:38.4338677Z ✔ type-only legacy migration annotation does not create a production adapter (4.206458ms)
frontend-baseline	G0 functional engineering receipt and fail-closed rejection probes	2026-10-07T05:56:38.4340535Z ✔ production boundary cannot be bypassed with js (7.558036ms)
frontend-baseline	G0 functional engineering receipt and fail-closed rejection probes	2026-10-07T05:56:38.4341942Z ✔ production boundary cannot be bypassed with jsx (6.060075ms)
frontend-baseline	G0 functional engineering receipt and fail-closed rejection probes	2026-10-07T05:56:38.4343240Z ✔ production boundary cannot be bypassed with mjs (2.999624ms)
frontend-baseline	G0 functional engineering receipt and fail-closed rejection probes	2026-10-07T05:56:38.4344870Z ✔ production boundary cannot be bypassed with cjs (5.592952ms)
frontend-baseline	G0 functional engineering receipt and fail-closed rejection probes	2026-10-07T05:56:38.4346645Z ✔ production boundary cannot be disabled with an inline directive (3.924367ms)
frontend-baseline	G0 functional engineering receipt and fail-closed rejection probes	2026-10-07T05:56:38.4348252Z ✔ production cannot import repository database CLI internals (1.912645ms)
frontend-baseline	G0 functional engineering receipt and fail-closed rejection probes	2026-10-07T05:56:45.5173827Z ✔ complete engineering checks retain BLOCKED while scope confirmation is absent (437.726515ms)
frontend-baseline	G0 functional engineering receipt and fail-closed rejection probes	2026-10-07T05:56:45.5175422Z ✔ strict acceptance rejects pending current user scope (409.791834ms)
frontend-baseline	G0 functional engineering receipt and fail-closed rejection probes	2026-10-07T05:56:45.5176872Z ✔ G0 rejects missing explicit proto baseline (325.374363ms)
frontend-baseline	G0 functional engineering receipt and fail-closed rejection probes	2026-10-07T05:56:45.5181507Z ✔ G0 rejects same-head proto baseline (266.494891ms)
frontend-baseline	G0 functional engineering receipt and fail-closed rejection probes	2026-10-07T05:56:45.5183018Z ✔ G0 rejects fabricated READY (253.46352ms)
frontend-baseline	G0 functional engineering receipt and fail-closed rejection probes	2026-10-07T05:56:45.5185956Z ✔ G0 rejects historical arbitrary manifest (236.483875ms)
frontend-baseline	G0 functional engineering receipt and fail-closed rejection probes	2026-10-07T05:56:45.5188551Z ✔ G0 rejects missing actual check (231.401986ms)
frontend-baseline	G0 functional engineering receipt and fail-closed rejection probes	2026-10-07T05:56:45.5197426Z ✔ G0 rejects duplicate actual check (243.811467ms)
frontend-baseline	G0 functional engineering receipt and fail-closed rejection probes	2026-10-07T05:56:45.5200078Z ✔ G0 rejects failed check (236.751479ms)
frontend-baseline	G0 functional engineering receipt and fail-closed rejection probes	2026-10-07T05:56:45.5204980Z ✔ G0 rejects unexecuted check (232.752466ms)
frontend-baseline	G0 functional engineering receipt and fail-closed rejection probes	2026-10-07T05:56:45.5219956Z ✔ G0 rejects wrong command (239.640831ms)
frontend-baseline	G0 functional engineering receipt and fail-closed rejection probes	2026-10-07T05:56:45.5220933Z ✔ G0 rejects source inventory drift (245.252247ms)
frontend-baseline	G0 functional engineering receipt and fail-closed rejection probes	2026-10-07T05:56:45.5221933Z ✔ G0 rejects planned scope delivered claim (238.9456ms)
frontend-baseline	G0 functional engineering receipt and fail-closed rejection probes	2026-10-07T05:56:45.5222884Z ✔ G0 rejects log tampering (230.860647ms)
frontend-baseline	G0 functional engineering receipt and fail-closed rejection probes	2026-10-07T05:56:45.5223817Z ✔ G0 rejects arbitrary rehashed prose (236.916128ms)
frontend-baseline	G0 functional engineering receipt and fail-closed rejection probes	2026-10-07T05:56:45.5229602Z ✔ G0 rejects wrong Web build source (239.090479ms)
frontend-baseline	G0 functional engineering receipt and fail-closed rejection probes	2026-10-07T05:56:45.5232924Z ✔ G0 rejects missing dependency (239.280051ms)
frontend-baseline	G0 functional engineering receipt and fail-closed rejection probes	2026-10-07T05:56:45.5236113Z ✔ G0 rejects dependency digest drift (240.046354ms)
frontend-baseline	G0 functional engineering receipt and fail-closed rejection probes	2026-10-07T05:56:45.5238955Z ✔ G0 rejects unready upstream (253.755675ms)
frontend-baseline	G0 functional engineering receipt and fail-closed rejection probes	2026-10-07T05:56:45.5244445Z ✔ G0 rejects hidden scope residual (236.267141ms)
frontend-baseline	G0 functional engineering receipt and fail-closed rejection probes	2026-10-07T05:56:45.5249110Z ✔ pending scope cannot incorporate an approval record (199.666525ms)
frontend-baseline	G0 functional engineering receipt and fail-closed rejection probes	2026-10-07T05:56:45.5259660Z ✔ legacy six-role records cannot grant current confirmation (192.909878ms)
frontend-baseline	G0 functional engineering receipt and fail-closed rejection probes	2026-10-07T05:56:45.5260765Z ✔ confirmed scope must bind current input digest (196.303078ms)
frontend-baseline	G0 functional engineering receipt and fail-closed rejection probes	2026-10-07T05:56:45.5261771Z ✔ confirmed scope requires the single user record (200.648065ms)
frontend-baseline	G0 functional engineering receipt and fail-closed rejection probes	2026-10-07T05:56:45.5263412Z ✔ dependency validation is actually invoked and failures propagate (238.540867ms)
frontend-baseline	G0 functional engineering receipt and fail-closed rejection probes	2026-10-07T05:56:45.5264731Z ✔ one document-bound current user confirmation replaces all role receipts (192.429343ms)
frontend-baseline	G0 functional engineering receipt and fail-closed rejection probes	2026-10-07T05:56:45.5266070Z ✔ CI must always validate engineering receipts and G0 negatives (0.152657ms)
frontend-baseline	G0 functional engineering receipt and fail-closed rejection probes	2026-10-07T05:56:45.5272412Z ✔ G0 rejects normative plan drift during execution before publishing (228.741887ms)
frontend-baseline	G0 functional engineering receipt and fail-closed rejection probes	2026-10-07T05:56:45.5274154Z ✔ G0 rejects code inventory drift during execution before publishing (246.625355ms)
frontend-baseline	G0 functional engineering receipt and fail-closed rejection probes	2026-10-07T05:56:45.5277326Z ✔ lifecycle metadata alone does not change normative G0 inputs (233.993145ms)
frontend-baseline	G0 functional engineering receipt and fail-closed rejection probes	2026-10-07T05:56:45.5279049Z ✔ real BFF baseline CLI matches its required G0 execution marker (241.880829ms)
frontend-baseline	G0 functional engineering receipt and fail-closed rejection probes	2026-10-07T05:56:45.5280608Z ✔ G0 worktree allows only lifecycle/evidence state "" (0.241735ms)
frontend-baseline	G0 functional engineering receipt and fail-closed rejection probes	2026-10-07T05:56:45.5293301Z ✔ G0 worktree allows only lifecycle/evidence state " M docs/SumAlpha-QuantOS-Development-Plan.md\n" (0.195298ms)
frontend-baseline	G0 functional engineering receipt and fail-closed rejection probes	2026-10-07T05:56:45.5296648Z ✔ G0 worktree allows only lifecycle/evidence state "M  docs/SumAlpha-QuantOS-Frontend-Development-Execution-Plan.md\n?? docs/audit/evidence/new/\n" (0.117551ms)
frontend-baseline	G0 functional engineering receipt and fail-closed rejection probes	2026-10-07T05:56:45.5299111Z ✔ G0 worktree allows only lifecycle/evidence state "?? docs/audit/report.md\n" (0.064862ms)
frontend-baseline	G0 functional engineering receipt and fail-closed rejection probes	2026-10-07T05:56:45.5300586Z ✔ G0 worktree rejects uncommitted functional input " M scripts/g0-development.mjs\n" (0.290828ms)
frontend-baseline	G0 functional engineering receipt and fail-closed rejection probes	2026-10-07T05:56:45.5302126Z ✔ G0 worktree rejects uncommitted functional input "M  apps/terminal/src/auth/flow.ts\n" (0.154171ms)
frontend-baseline	G0 functional engineering receipt and fail-closed rejection probes	2026-10-07T05:56:45.5302946Z ✔ G0 worktree rejects uncommitted functional input "?? bff/new.yaml\n" (0.121119ms)
frontend-baseline	G0 functional engineering receipt and fail-closed rejection probes	2026-10-07T05:56:45.5303785Z ✔ G0 worktree rejects uncommitted functional input "R  docs/audit/a.md -> scripts/backdoor.mjs\n" (0.11682ms)
frontend-baseline	G0 functional engineering receipt and fail-closed rejection probes	2026-10-07T05:56:45.5304668Z ✔ user-confirmed scope includes the normative G0 plan and excludes lifecycle metadata (230.969521ms)
frontend-baseline	G0 functional engineering receipt and fail-closed rejection probes	2026-10-07T05:56:45.5308727Z ✔ confirmation-only finalization refuses an absent user reply and cannot bless changed engineering inputs (248.902825ms)
frontend-baseline	G0 functional engineering receipt and fail-closed rejection probes	2026-10-07T05:56:45.5310146Z ✔ document-bound user reply finalizes the unchanged engineering checks without fabricating new execution (268.087929ms)
frontend-baseline	G0 functional engineering receipt and fail-closed rejection probes	2026-10-07T05:56:45.5786782Z ✔ one current user confirmation validates all documented review dimensions (4.259198ms)
frontend-baseline	G0 functional engineering receipt and fail-closed rejection probes	2026-10-07T05:56:45.5787609Z ✔ user confirmation rejects assistant self-approval (2.060764ms)
frontend-baseline	G0 functional engineering receipt and fail-closed rejection probes	2026-10-07T05:56:45.5788206Z ✔ user confirmation rejects unconfirmed draft (0.746847ms)
frontend-baseline	G0 functional engineering receipt and fail-closed rejection probes	2026-10-07T05:56:45.5788801Z ✔ user confirmation rejects workflow instruction alone (1.892217ms)
frontend-baseline	G0 functional engineering receipt and fail-closed rejection probes	2026-10-07T05:56:45.5789390Z ✔ user confirmation rejects missing user message (0.65817ms)
frontend-baseline	G0 functional engineering receipt and fail-closed rejection probes	2026-10-07T05:56:45.5789970Z ✔ user confirmation rejects missing identity (0.469184ms)
frontend-baseline	G0 functional engineering receipt and fail-closed rejection probes	2026-10-07T05:56:45.5790548Z ✔ user confirmation rejects old historical confirmation (0.65281ms)
frontend-baseline	G0 functional engineering receipt and fail-closed rejection probes	2026-10-07T05:56:45.5791132Z ✔ user confirmation rejects future confirmation (0.443486ms)
frontend-baseline	G0 functional engineering receipt and fail-closed rejection probes	2026-10-07T05:56:45.5791841Z ✔ user confirmation rejects wrong node (1.461585ms)
frontend-baseline	G0 functional engineering receipt and fail-closed rejection probes	2026-10-07T05:56:45.5792340Z ✔ user confirmation rejects wrong stage (1.292546ms)
frontend-baseline	G0 functional engineering receipt and fail-closed rejection probes	2026-10-07T05:56:45.5792872Z ✔ user confirmation rejects wrong input digest (0.761405ms)
frontend-baseline	G0 functional engineering receipt and fail-closed rejection probes	2026-10-07T05:56:45.5793434Z ✔ user confirmation rejects wrong draft path (1.269984ms)
frontend-baseline	G0 functional engineering receipt and fail-closed rejection probes	2026-10-07T05:56:45.5793967Z ✔ user confirmation rejects parent traversal (0.400174ms)
frontend-baseline	G0 functional engineering receipt and fail-closed rejection probes	2026-10-07T05:56:45.5794495Z ✔ user confirmation rejects wrong document hash (0.45129ms)
frontend-baseline	G0 functional engineering receipt and fail-closed rejection probes	2026-10-07T05:56:45.5795156Z ✔ changed original user record is rejected even with unchanged scope (0.369747ms)
frontend-baseline	G0 functional engineering receipt and fail-closed rejection probes	2026-10-07T05:56:45.5796119Z ✔ rehashing a draft cannot authorize a different scope (0.964248ms)
frontend-baseline	G0 functional engineering receipt and fail-closed rejection probes	2026-10-07T05:56:45.5796842Z ✔ draft must retain every review dimension even with updated document hash (1.091668ms)
frontend-baseline	G0 functional engineering receipt and fail-closed rejection probes	2026-10-07T05:56:45.5797336Z ℹ tests 96
frontend-baseline	G0 functional engineering receipt and fail-closed rejection probes	2026-10-07T05:56:45.5797547Z ℹ suites 0
frontend-baseline	G0 functional engineering receipt and fail-closed rejection probes	2026-10-07T05:56:45.5797754Z ℹ pass 96
frontend-baseline	G0 functional engineering receipt and fail-closed rejection probes	2026-10-07T05:56:45.5797957Z ℹ fail 0
frontend-baseline	G0 functional engineering receipt and fail-closed rejection probes	2026-10-07T05:56:45.5798513Z ℹ cancelled 0
frontend-baseline	G0 functional engineering receipt and fail-closed rejection probes	2026-10-07T05:56:45.5798748Z ℹ skipped 0
frontend-baseline	G0 functional engineering receipt and fail-closed rejection probes	2026-10-07T05:56:45.5798984Z ℹ todo 0
frontend-baseline	G0 functional engineering receipt and fail-closed rejection probes	2026-10-07T05:56:45.5799263Z ℹ duration_ms 8372.552415
frontend-baseline	Contract fixture tests (PRE-06)	﻿2026-10-07T05:56:45.5964220Z ##[group]Run pnpm exec vitest run tests/contract
frontend-baseline	Contract fixture tests (PRE-06)	2026-10-07T05:56:45.5964635Z ^[[36;1mpnpm exec vitest run tests/contract^[[0m
frontend-baseline	Contract fixture tests (PRE-06)	2026-10-07T05:56:45.6027957Z shell: /usr/bin/bash -e {0}
frontend-baseline	Contract fixture tests (PRE-06)	2026-10-07T05:56:45.6028216Z env:
frontend-baseline	Contract fixture tests (PRE-06)	2026-10-07T05:56:45.6028485Z   QUANTOS_BFF_BASE: 2835e41fcaa9f3924e9f03f95c62727b9e6c69b9
frontend-baseline	Contract fixture tests (PRE-06)	2026-10-07T05:56:45.6028854Z   NEXT_PUBLIC_QUANTOS_ENV: local-mock
frontend-baseline	Contract fixture tests (PRE-06)	2026-10-07T05:56:45.6029181Z   NEXT_PUBLIC_SITE_ORIGIN: https://sumalpha.ai
frontend-baseline	Contract fixture tests (PRE-06)	2026-10-07T05:56:45.6029564Z   NEXT_PUBLIC_QUANTOS_TERMINAL_ORIGIN: http://localhost:3190
frontend-baseline	Contract fixture tests (PRE-06)	2026-10-07T05:56:45.6029963Z   NEXT_PUBLIC_QUANTOS_BFF_ORIGIN: http://localhost:4010
frontend-baseline	Contract fixture tests (PRE-06)	2026-10-07T05:56:45.6030353Z   NEXT_PUBLIC_QUANTOS_OIDC_ISSUER: https://mock.idp.local
frontend-baseline	Contract fixture tests (PRE-06)	2026-10-07T05:56:45.6030745Z   NEXT_PUBLIC_QUANTOS_OIDC_CLIENT_ID: quantos-terminal-ci
frontend-baseline	Contract fixture tests (PRE-06)	2026-10-07T05:56:45.6031189Z   NEXT_PUBLIC_QUANTOS_OIDC_REDIRECT_URI: http://localhost:3190/auth/callback
frontend-baseline	Contract fixture tests (PRE-06)	2026-10-07T05:56:45.6031607Z   NEXT_PUBLIC_QUANTOS_DEFAULT_MODE: paper
frontend-baseline	Contract fixture tests (PRE-06)	2026-10-07T05:56:45.6031898Z   NEXT_PUBLIC_QUANTOS_MOCK_ENABLED: true
frontend-baseline	Contract fixture tests (PRE-06)	2026-10-07T05:56:45.6032386Z   NEXT_PUBLIC_QUANTOS_OBS_ENABLED: false
frontend-baseline	Contract fixture tests (PRE-06)	2026-10-07T05:56:45.6032709Z   NEXT_PUBLIC_QUANTOS_FEATURE_ASSISTED_LIVE_TESTNET: off
frontend-baseline	Contract fixture tests (PRE-06)	2026-10-07T05:56:45.6033041Z   CARGO_HOME: /home/runner/.cargo
frontend-baseline	Contract fixture tests (PRE-06)	2026-10-07T05:56:45.6033299Z   CARGO_INCREMENTAL: 0
frontend-baseline	Contract fixture tests (PRE-06)	2026-10-07T05:56:45.6033522Z   CARGO_TERM_COLOR: always
frontend-baseline	Contract fixture tests (PRE-06)	2026-10-07T05:56:45.6033749Z ##[endgroup]
frontend-baseline	Contract fixture tests (PRE-06)	2026-10-07T05:56:46.1584793Z 
frontend-baseline	Contract fixture tests (PRE-06)	2026-10-07T05:56:46.1597263Z ^[[1m^[[30m^[[46m RUN ^[[49m^[[39m^[[22m ^[[36mv4.1.11 ^[[39m^[[90m/home/runner/work/QuantOS/QuantOS^[[39m
frontend-baseline	Contract fixture tests (PRE-06)	2026-10-07T05:56:46.1597977Z 
frontend-baseline	Contract fixture tests (PRE-06)	2026-10-07T05:56:47.3257731Z  ^[[32m✓^[[39m tests/contract/contract.test.ts ^[[2m(^[[22m^[[2m17 tests^[[22m^[[2m)^[[22m^[[32m 255^[[2mms^[[22m^[[39m
frontend-baseline	Contract fixture tests (PRE-06)	2026-10-07T05:56:47.4907085Z  ^[[32m✓^[[39m tests/contract/bff-remediation.test.ts ^[[2m(^[[22m^[[2m8 tests^[[22m^[[2m)^[[22m^[[33m 386^[[2mms^[[22m^[[39m
frontend-baseline	Contract fixture tests (PRE-06)	2026-10-07T05:56:47.4927765Z 
frontend-baseline	Contract fixture tests (PRE-06)	2026-10-07T05:56:47.4932150Z ^[[2m Test Files ^[[22m ^[[1m^[[32m2 passed^[[39m^[[22m^[[90m (2)^[[39m
frontend-baseline	Contract fixture tests (PRE-06)	2026-10-07T05:56:47.4933454Z ^[[2m      Tests ^[[22m ^[[1m^[[32m25 passed^[[39m^[[22m^[[90m (25)^[[39m
frontend-baseline	Contract fixture tests (PRE-06)	2026-10-07T05:56:47.4934395Z ^[[2m   Start at ^[[22m 05:56:46
frontend-baseline	Contract fixture tests (PRE-06)	2026-10-07T05:56:47.4935883Z ^[[2m   Duration ^[[22m 1.26s^[[2m (transform 234ms, setup 0ms, import 1.39s, tests 641ms, environment 0ms)^[[22m
frontend-baseline	Contract fixture tests (PRE-06)	2026-10-07T05:56:47.4937354Z 
frontend-baseline	Lint & typecheck frontend packages	﻿2026-10-07T05:56:47.5329217Z ##[group]Run pnpm --filter @sumalpha/ui --filter @sumalpha/config --filter @sumalpha/terminal --filter @sumalpha/website lint && pnpm --filter @sumalpha/ui --filter @sumalpha/config --filter @sumalpha/terminal --filter @sumalpha/website typecheck
frontend-baseline	Lint & typecheck frontend packages	2026-10-07T05:56:47.5330915Z ^[[36;1mpnpm --filter @sumalpha/ui --filter @sumalpha/config --filter @sumalpha/terminal --filter @sumalpha/website lint && pnpm --filter @sumalpha/ui --filter @sumalpha/config --filter @sumalpha/terminal --filter @sumalpha/website typecheck^[[0m
frontend-baseline	Lint & typecheck frontend packages	2026-10-07T05:56:47.5395143Z shell: /usr/bin/bash -e {0}
frontend-baseline	Lint & typecheck frontend packages	2026-10-07T05:56:47.5395405Z env:
frontend-baseline	Lint & typecheck frontend packages	2026-10-07T05:56:47.5395952Z   QUANTOS_BFF_BASE: 2835e41fcaa9f3924e9f03f95c62727b9e6c69b9
frontend-baseline	Lint & typecheck frontend packages	2026-10-07T05:56:47.5396319Z   NEXT_PUBLIC_QUANTOS_ENV: local-mock
frontend-baseline	Lint & typecheck frontend packages	2026-10-07T05:56:47.5396650Z   NEXT_PUBLIC_SITE_ORIGIN: https://sumalpha.ai
frontend-baseline	Lint & typecheck frontend packages	2026-10-07T05:56:47.5397040Z   NEXT_PUBLIC_QUANTOS_TERMINAL_ORIGIN: http://localhost:3190
frontend-baseline	Lint & typecheck frontend packages	2026-10-07T05:56:47.5397448Z   NEXT_PUBLIC_QUANTOS_BFF_ORIGIN: http://localhost:4010
frontend-baseline	Lint & typecheck frontend packages	2026-10-07T05:56:47.5397853Z   NEXT_PUBLIC_QUANTOS_OIDC_ISSUER: https://mock.idp.local
frontend-baseline	Lint & typecheck frontend packages	2026-10-07T05:56:47.5398232Z   NEXT_PUBLIC_QUANTOS_OIDC_CLIENT_ID: quantos-terminal-ci
frontend-baseline	Lint & typecheck frontend packages	2026-10-07T05:56:47.5398671Z   NEXT_PUBLIC_QUANTOS_OIDC_REDIRECT_URI: http://localhost:3190/auth/callback
frontend-baseline	Lint & typecheck frontend packages	2026-10-07T05:56:47.5399088Z   NEXT_PUBLIC_QUANTOS_DEFAULT_MODE: paper
frontend-baseline	Lint & typecheck frontend packages	2026-10-07T05:56:47.5399377Z   NEXT_PUBLIC_QUANTOS_MOCK_ENABLED: true
frontend-baseline	Lint & typecheck frontend packages	2026-10-07T05:56:47.5399660Z   NEXT_PUBLIC_QUANTOS_OBS_ENABLED: false
frontend-baseline	Lint & typecheck frontend packages	2026-10-07T05:56:47.5399977Z   NEXT_PUBLIC_QUANTOS_FEATURE_ASSISTED_LIVE_TESTNET: off
frontend-baseline	Lint & typecheck frontend packages	2026-10-07T05:56:47.5400304Z   CARGO_HOME: /home/runner/.cargo
frontend-baseline	Lint & typecheck frontend packages	2026-10-07T05:56:47.5400552Z   CARGO_INCREMENTAL: 0
frontend-baseline	Lint & typecheck frontend packages	2026-10-07T05:56:47.5400775Z   CARGO_TERM_COLOR: always
frontend-baseline	Lint & typecheck frontend packages	2026-10-07T05:56:47.5401008Z ##[endgroup]
frontend-baseline	Lint & typecheck frontend packages	2026-10-07T05:56:47.8474934Z Scope: 4 of 8 workspace projects
frontend-baseline	Lint & typecheck frontend packages	2026-10-07T05:56:47.8513024Z packages/ui lint$ eslint src tests --ext .ts,.tsx
frontend-baseline	Lint & typecheck frontend packages	2026-10-07T05:56:47.8520180Z packages/config lint$ eslint src tests --ext .ts
frontend-baseline	Lint & typecheck frontend packages	2026-10-07T05:56:49.3150878Z packages/config lint: Done
frontend-baseline	Lint & typecheck frontend packages	2026-10-07T05:56:49.4872523Z packages/ui lint: Done
frontend-baseline	Lint & typecheck frontend packages	2026-10-07T05:56:49.4884804Z apps/terminal lint$ eslint app src tests --ext .ts,.tsx
frontend-baseline	Lint & typecheck frontend packages	2026-10-07T05:56:49.4885785Z apps/website lint$ eslint app src tests
frontend-baseline	Lint & typecheck frontend packages	2026-10-07T05:56:50.7247863Z apps/website lint: Done
frontend-baseline	Lint & typecheck frontend packages	2026-10-07T05:56:51.1566637Z apps/terminal lint: Done
frontend-baseline	Lint & typecheck frontend packages	2026-10-07T05:56:51.4607668Z Scope: 4 of 8 workspace projects
frontend-baseline	Lint & typecheck frontend packages	2026-10-07T05:56:51.4641027Z packages/ui typecheck$ tsc --project tsconfig.json --noEmit
frontend-baseline	Lint & typecheck frontend packages	2026-10-07T05:56:51.4647082Z packages/config typecheck$ tsc --project tsconfig.json --noEmit
frontend-baseline	Lint & typecheck frontend packages	2026-10-07T05:56:53.0006744Z packages/config typecheck: Done
frontend-baseline	Lint & typecheck frontend packages	2026-10-07T05:56:53.8746462Z packages/ui typecheck: Done
frontend-baseline	Lint & typecheck frontend packages	2026-10-07T05:56:53.8753087Z apps/terminal typecheck$ tsc --project tsconfig.json --noEmit
frontend-baseline	Lint & typecheck frontend packages	2026-10-07T05:56:53.8756480Z apps/website typecheck$ tsc --project tsconfig.json --noEmit
frontend-baseline	Lint & typecheck frontend packages	2026-10-07T05:56:58.7176320Z apps/website typecheck: Done
frontend-baseline	Lint & typecheck frontend packages	2026-10-07T05:56:59.5666967Z apps/terminal typecheck: Done
frontend-baseline	Critical risk branch coverage	﻿2026-10-07T05:56:59.5791996Z ##[group]Run pnpm coverage:critical
frontend-baseline	Critical risk branch coverage	2026-10-07T05:56:59.5792358Z ^[[36;1mpnpm coverage:critical^[[0m
frontend-baseline	Critical risk branch coverage	2026-10-07T05:56:59.5855261Z shell: /usr/bin/bash -e {0}
frontend-baseline	Critical risk branch coverage	2026-10-07T05:56:59.5855731Z env:
frontend-baseline	Critical risk branch coverage	2026-10-07T05:56:59.5856010Z   QUANTOS_BFF_BASE: 2835e41fcaa9f3924e9f03f95c62727b9e6c69b9
frontend-baseline	Critical risk branch coverage	2026-10-07T05:56:59.5856377Z   NEXT_PUBLIC_QUANTOS_ENV: local-mock
frontend-baseline	Critical risk branch coverage	2026-10-07T05:56:59.5856702Z   NEXT_PUBLIC_SITE_ORIGIN: https://sumalpha.ai
frontend-baseline	Critical risk branch coverage	2026-10-07T05:56:59.5857092Z   NEXT_PUBLIC_QUANTOS_TERMINAL_ORIGIN: http://localhost:3190
frontend-baseline	Critical risk branch coverage	2026-10-07T05:56:59.5857501Z   NEXT_PUBLIC_QUANTOS_BFF_ORIGIN: http://localhost:4010
frontend-baseline	Critical risk branch coverage	2026-10-07T05:56:59.5857880Z   NEXT_PUBLIC_QUANTOS_OIDC_ISSUER: https://mock.idp.local
frontend-baseline	Critical risk branch coverage	2026-10-07T05:56:59.5858254Z   NEXT_PUBLIC_QUANTOS_OIDC_CLIENT_ID: quantos-terminal-ci
frontend-baseline	Critical risk branch coverage	2026-10-07T05:56:59.5858705Z   NEXT_PUBLIC_QUANTOS_OIDC_REDIRECT_URI: http://localhost:3190/auth/callback
frontend-baseline	Critical risk branch coverage	2026-10-07T05:56:59.5859113Z   NEXT_PUBLIC_QUANTOS_DEFAULT_MODE: paper
frontend-baseline	Critical risk branch coverage	2026-10-07T05:56:59.5859401Z   NEXT_PUBLIC_QUANTOS_MOCK_ENABLED: true
frontend-baseline	Critical risk branch coverage	2026-10-07T05:56:59.5859722Z   NEXT_PUBLIC_QUANTOS_OBS_ENABLED: false
frontend-baseline	Critical risk branch coverage	2026-10-07T05:56:59.5860039Z   NEXT_PUBLIC_QUANTOS_FEATURE_ASSISTED_LIVE_TESTNET: off
frontend-baseline	Critical risk branch coverage	2026-10-07T05:56:59.5860360Z   CARGO_HOME: /home/runner/.cargo
frontend-baseline	Critical risk branch coverage	2026-10-07T05:56:59.5860618Z   CARGO_INCREMENTAL: 0
frontend-baseline	Critical risk branch coverage	2026-10-07T05:56:59.5860838Z   CARGO_TERM_COLOR: always
frontend-baseline	Critical risk branch coverage	2026-10-07T05:56:59.5861062Z ##[endgroup]
frontend-baseline	Critical risk branch coverage	2026-10-07T05:56:59.8853587Z 
frontend-baseline	Critical risk branch coverage	2026-10-07T05:56:59.8854676Z > @sumalpha/quantos@ coverage:critical /home/runner/work/QuantOS/QuantOS
frontend-baseline	Critical risk branch coverage	2026-10-07T05:56:59.8856029Z > vitest run --config vitest.critical.config.ts --coverage
frontend-baseline	Critical risk branch coverage	2026-10-07T05:56:59.8856551Z 
frontend-baseline	Critical risk branch coverage	2026-10-07T05:57:00.3092454Z 
frontend-baseline	Critical risk branch coverage	2026-10-07T05:57:00.3095447Z ^[[1m^[[30m^[[46m RUN ^[[49m^[[39m^[[22m ^[[36mv4.1.11 ^[[39m^[[90m/home/runner/work/QuantOS/QuantOS^[[39m
frontend-baseline	Critical risk branch coverage	2026-10-07T05:57:00.3096878Z       ^[[2mCoverage enabled with ^[[22m^[[33mv8^[[39m
frontend-baseline	Critical risk branch coverage	2026-10-07T05:57:00.3097292Z 
frontend-baseline	Critical risk branch coverage	2026-10-07T05:57:00.9931574Z  ^[[32m✓^[[39m packages/api-client/tests/proto-metadata.test.ts ^[[2m(^[[22m^[[2m34 tests^[[22m^[[2m)^[[22m^[[32m 107^[[2mms^[[22m^[[39m
frontend-baseline	Critical risk branch coverage	2026-10-07T05:57:01.1936129Z  ^[[32m✓^[[39m apps/terminal/tests/audit-gateway.test.ts ^[[2m(^[[22m^[[2m6 tests^[[22m^[[2m)^[[22m^[[32m 108^[[2mms^[[22m^[[39m
frontend-baseline	Critical risk branch coverage	2026-10-07T05:57:01.2014568Z  ^[[32m✓^[[39m apps/terminal/tests/ui104-settings.test.ts ^[[2m(^[[22m^[[2m18 tests^[[22m^[[2m)^[[22m^[[32m 140^[[2mms^[[22m^[[39m
frontend-baseline	Critical risk branch coverage	2026-10-07T05:57:01.5670278Z  ^[[32m✓^[[39m apps/terminal/tests/auth-poc.test.ts ^[[2m(^[[22m^[[2m14 tests^[[22m^[[2m)^[[22m^[[32m 72^[[2mms^[[22m^[[39m
frontend-baseline	Critical risk branch coverage	2026-10-07T05:57:01.9492145Z  ^[[32m✓^[[39m apps/terminal/tests/x06-scenarios.test.ts ^[[2m(^[[22m^[[2m8 tests^[[22m^[[2m)^[[22m^[[32m 46^[[2mms^[[22m^[[39m
frontend-baseline	Critical risk branch coverage	2026-10-07T05:57:02.0063735Z  ^[[32m✓^[[39m apps/terminal/tests/s04-scenarios.test.ts ^[[2m(^[[22m^[[2m6 tests^[[22m^[[2m)^[[22m^[[32m 53^[[2mms^[[22m^[[39m
frontend-baseline	Critical risk branch coverage	2026-10-07T05:57:02.2257697Z  ^[[32m✓^[[39m apps/terminal/tests/auth-bff.test.ts ^[[2m(^[[22m^[[2m11 tests^[[22m^[[2m)^[[22m^[[32m 80^[[2mms^[[22m^[[39m
frontend-baseline	Critical risk branch coverage	2026-10-07T05:57:02.6704808Z  ^[[32m✓^[[39m apps/terminal/tests/u01-scenarios.test.ts ^[[2m(^[[22m^[[2m9 tests^[[22m^[[2m)^[[22m^[[32m 15^[[2mms^[[22m^[[39m
frontend-baseline	Critical risk branch coverage	2026-10-07T05:57:02.7952142Z  ^[[32m✓^[[39m packages/api-client/tests/api-client.test.ts ^[[2m(^[[22m^[[2m5 tests^[[22m^[[2m)^[[22m^[[32m 49^[[2mms^[[22m^[[39m
frontend-baseline	Critical risk branch coverage	2026-10-07T05:57:03.0249214Z  ^[[32m✓^[[39m packages/domain-ui/tests/ui101.test.ts ^[[2m(^[[22m^[[2m13 tests^[[22m^[[2m)^[[22m^[[32m 12^[[2mms^[[22m^[[39m
frontend-baseline	Critical risk branch coverage	2026-10-07T05:57:03.0468303Z  ^[[32m✓^[[39m packages/api-client/tests/sse-poc.test.ts ^[[2m(^[[22m^[[2m7 tests^[[22m^[[2m)^[[22m^[[33m 610^[[2mms^[[22m^[[39m
frontend-baseline	Critical risk branch coverage	2026-10-07T05:57:03.0470885Z        ^[[33m^[[2m✓^[[22m^[[39m 断流后按 afterSequence 回补：无丢失、无重复副作用 ^[[33m 323^[[2mms^[[22m^[[39m
frontend-baseline	Critical risk branch coverage	2026-10-07T05:57:03.0692554Z  ^[[32m✓^[[39m packages/api-client/tests/sse-safety.test.ts ^[[2m(^[[22m^[[2m9 tests^[[22m^[[2m)^[[22m^[[32m 71^[[2mms^[[22m^[[39m
frontend-baseline	Critical risk branch coverage	2026-10-07T05:57:03.5343394Z  ^[[32m✓^[[39m packages/api-client/tests/bff-response.test.ts ^[[2m(^[[22m^[[2m2 tests^[[22m^[[2m)^[[22m^[[32m 116^[[2mms^[[22m^[[39m
frontend-baseline	Critical risk branch coverage	2026-10-07T05:57:03.5477375Z  ^[[32m✓^[[39m packages/api-client/tests/bff-domain.test.ts ^[[2m(^[[22m^[[2m4 tests^[[22m^[[2m)^[[22m^[[32m 25^[[2mms^[[22m^[[39m
frontend-baseline	Critical risk branch coverage	2026-10-07T05:57:03.7267679Z  ^[[32m✓^[[39m apps/terminal/tests/l03-scenarios.test.ts ^[[2m(^[[22m^[[2m6 tests^[[22m^[[2m)^[[22m^[[32m 11^[[2mms^[[22m^[[39m
frontend-baseline	Critical risk branch coverage	2026-10-07T05:57:04.0016862Z  ^[[32m✓^[[39m packages/ui/tests/ui103.test.tsx ^[[2m(^[[22m^[[2m6 tests^[[22m^[[2m)^[[22m^[[32m 30^[[2mms^[[22m^[[39m
frontend-baseline	Critical risk branch coverage	2026-10-07T05:57:04.0067625Z  ^[[32m✓^[[39m apps/terminal/tests/ui101-runtime.test.ts ^[[2m(^[[22m^[[2m4 tests^[[22m^[[2m)^[[22m^[[32m 12^[[2mms^[[22m^[[39m
frontend-baseline	Critical risk branch coverage	2026-10-07T05:57:04.0134409Z  ^[[32m✓^[[39m packages/ui/tests/state-badge.test.tsx ^[[2m(^[[22m^[[2m11 tests^[[22m^[[2m)^[[22m^[[32m 80^[[2mms^[[22m^[[39m
frontend-baseline	Critical risk branch coverage	2026-10-07T05:57:04.2919347Z  ^[[32m✓^[[39m apps/terminal/tests/deep-link-auth.test.ts ^[[2m(^[[22m^[[2m3 tests^[[22m^[[2m)^[[22m^[[32m 7^[[2mms^[[22m^[[39m
frontend-baseline	Critical risk branch coverage	2026-10-07T05:57:04.3367667Z  ^[[32m✓^[[39m packages/api-client/tests/bff-transport.test.ts ^[[2m(^[[22m^[[2m3 tests^[[22m^[[2m)^[[22m^[[32m 48^[[2mms^[[22m^[[39m
frontend-baseline	Critical risk branch coverage	2026-10-07T05:57:04.4268426Z  ^[[32m✓^[[39m packages/domain-ui/tests/indicators.test.tsx ^[[2m(^[[22m^[[2m5 tests^[[22m^[[2m)^[[22m^[[32m 32^[[2mms^[[22m^[[39m
frontend-baseline	Critical risk branch coverage	2026-10-07T05:57:04.7730834Z  ^[[32m✓^[[39m packages/domain-ui/tests/domain-ui.test.ts ^[[2m(^[[22m^[[2m1 test^[[22m^[[2m)^[[22m^[[32m 4^[[2mms^[[22m^[[39m
frontend-baseline	Critical risk branch coverage	2026-10-07T05:57:04.9902403Z  ^[[32m✓^[[39m apps/terminal/tests/terminal.test.ts ^[[2m(^[[22m^[[2m1 test^[[22m^[[2m)^[[22m^[[32m 6^[[2mms^[[22m^[[39m
frontend-baseline	Critical risk branch coverage	2026-10-07T05:57:05.1378650Z  ^[[32m✓^[[39m packages/ui/tests/ui.test.ts ^[[2m(^[[22m^[[2m1 test^[[22m^[[2m)^[[22m^[[32m 4^[[2mms^[[22m^[[39m
frontend-baseline	Critical risk branch coverage	2026-10-07T05:57:05.5223347Z  ^[[32m✓^[[39m packages/ui/tests/pre03-component.test.tsx ^[[2m(^[[22m^[[2m1 test^[[22m^[[2m)^[[22m^[[32m 100^[[2mms^[[22m^[[39m
frontend-baseline	Critical risk branch coverage	2026-10-07T05:57:05.7005022Z 
frontend-baseline	Critical risk branch coverage	2026-10-07T05:57:05.7010480Z ^[[2m Test Files ^[[22m ^[[1m^[[32m25 passed^[[39m^[[22m^[[90m (25)^[[39m
frontend-baseline	Critical risk branch coverage	2026-10-07T05:57:05.7011345Z ^[[2m      Tests ^[[22m ^[[1m^[[32m188 passed^[[39m^[[22m^[[90m (188)^[[39m
frontend-baseline	Critical risk branch coverage	2026-10-07T05:57:05.7011846Z ^[[2m   Start at ^[[22m 05:57:00
frontend-baseline	Critical risk branch coverage	2026-10-07T05:57:05.7013425Z ^[[2m   Duration ^[[22m 5.38s^[[2m (transform 1.16s, setup 0ms, import 6.50s, tests 1.84s, environment 643ms)^[[22m
frontend-baseline	Critical risk branch coverage	2026-10-07T05:57:05.7015450Z 
frontend-baseline	Critical risk branch coverage	2026-10-07T05:57:05.7035616Z ^[[34m % ^[[39m^[[2mCoverage report from ^[[22m^[[33mv8^[[39m
frontend-baseline	Critical risk branch coverage	2026-10-07T05:57:05.7063737Z -------------------|---------|----------|---------|---------|-------------------
frontend-baseline	Critical risk branch coverage	2026-10-07T05:57:05.7064838Z File               | % Stmts | % Branch | % Funcs | % Lines | Uncovered Line #s 
frontend-baseline	Critical risk branch coverage	2026-10-07T05:57:05.7065389Z -------------------|---------|----------|---------|---------|-------------------
frontend-baseline	Critical risk branch coverage	2026-10-07T05:57:05.7071477Z All files          |     100 |      100 |     100 |     100 |                   
frontend-baseline	Critical risk branch coverage	2026-10-07T05:57:05.7072433Z  ...inal/src/audit |     100 |      100 |     100 |     100 |                   
frontend-baseline	Critical risk branch coverage	2026-10-07T05:57:05.7073283Z   gateway.ts       |     100 |      100 |     100 |     100 |                   
frontend-baseline	Critical risk branch coverage	2026-10-07T05:57:05.7074116Z  ...minal/src/auth |     100 |      100 |     100 |     100 |                   
frontend-baseline	Critical risk branch coverage	2026-10-07T05:57:05.7074940Z   flow.ts          |     100 |      100 |     100 |     100 |                   
frontend-baseline	Critical risk branch coverage	2026-10-07T05:57:05.7075944Z  ...api-client/src |     100 |      100 |     100 |     100 |                   
frontend-baseline	Critical risk branch coverage	2026-10-07T05:57:05.7076864Z   sse-contract.ts  |     100 |      100 |     100 |     100 |                   
frontend-baseline	Critical risk branch coverage	2026-10-07T05:57:05.7077802Z  .../domain-ui/src |     100 |      100 |     100 |     100 |                   
frontend-baseline	Critical risk branch coverage	2026-10-07T05:57:05.7078713Z   indicators.tsx   |     100 |      100 |     100 |     100 |                   
frontend-baseline	Critical risk branch coverage	2026-10-07T05:57:05.7079528Z   ui101.ts         |     100 |      100 |     100 |     100 |                   
frontend-baseline	Critical risk branch coverage	2026-10-07T05:57:05.7080160Z  ...rConfirmDialog |     100 |      100 |     100 |     100 |                   
frontend-baseline	Critical risk branch coverage	2026-10-07T05:57:05.7080660Z   ...ion-policy.ts |     100 |      100 |     100 |     100 |                   
frontend-baseline	Critical risk branch coverage	2026-10-07T05:57:05.7081178Z -------------------|---------|----------|---------|---------|-------------------
frontend-baseline	Unit tests	﻿2026-10-07T05:57:05.7493778Z ##[group]Run pnpm --filter @sumalpha/terminal --filter @sumalpha/website --filter @sumalpha/ui --filter @sumalpha/config test
frontend-baseline	Unit tests	2026-10-07T05:57:05.7494677Z ^[[36;1mpnpm --filter @sumalpha/terminal --filter @sumalpha/website --filter @sumalpha/ui --filter @sumalpha/config test^[[0m
frontend-baseline	Unit tests	2026-10-07T05:57:05.7558738Z shell: /usr/bin/bash -e {0}
frontend-baseline	Unit tests	2026-10-07T05:57:05.7559013Z env:
frontend-baseline	Unit tests	2026-10-07T05:57:05.7559282Z   QUANTOS_BFF_BASE: 2835e41fcaa9f3924e9f03f95c62727b9e6c69b9
frontend-baseline	Unit tests	2026-10-07T05:57:05.7559644Z   NEXT_PUBLIC_QUANTOS_ENV: local-mock
frontend-baseline	Unit tests	2026-10-07T05:57:05.7559969Z   NEXT_PUBLIC_SITE_ORIGIN: https://sumalpha.ai
frontend-baseline	Unit tests	2026-10-07T05:57:05.7560353Z   NEXT_PUBLIC_QUANTOS_TERMINAL_ORIGIN: http://localhost:3190
frontend-baseline	Unit tests	2026-10-07T05:57:05.7560760Z   NEXT_PUBLIC_QUANTOS_BFF_ORIGIN: http://localhost:4010
frontend-baseline	Unit tests	2026-10-07T05:57:05.7561150Z   NEXT_PUBLIC_QUANTOS_OIDC_ISSUER: https://mock.idp.local
frontend-baseline	Unit tests	2026-10-07T05:57:05.7561521Z   NEXT_PUBLIC_QUANTOS_OIDC_CLIENT_ID: quantos-terminal-ci
frontend-baseline	Unit tests	2026-10-07T05:57:05.7561972Z   NEXT_PUBLIC_QUANTOS_OIDC_REDIRECT_URI: http://localhost:3190/auth/callback
frontend-baseline	Unit tests	2026-10-07T05:57:05.7562414Z   NEXT_PUBLIC_QUANTOS_DEFAULT_MODE: paper
frontend-baseline	Unit tests	2026-10-07T05:57:05.7562701Z   NEXT_PUBLIC_QUANTOS_MOCK_ENABLED: true
frontend-baseline	Unit tests	2026-10-07T05:57:05.7562991Z   NEXT_PUBLIC_QUANTOS_OBS_ENABLED: false
frontend-baseline	Unit tests	2026-10-07T05:57:05.7563311Z   NEXT_PUBLIC_QUANTOS_FEATURE_ASSISTED_LIVE_TESTNET: off
frontend-baseline	Unit tests	2026-10-07T05:57:05.7563631Z   CARGO_HOME: /home/runner/.cargo
frontend-baseline	Unit tests	2026-10-07T05:57:05.7563879Z   CARGO_INCREMENTAL: 0
frontend-baseline	Unit tests	2026-10-07T05:57:05.7564101Z   CARGO_TERM_COLOR: always
frontend-baseline	Unit tests	2026-10-07T05:57:05.7564330Z ##[endgroup]
frontend-baseline	Unit tests	2026-10-07T05:57:06.0735937Z Scope: 4 of 8 workspace projects
frontend-baseline	Unit tests	2026-10-07T05:57:06.0769676Z packages/ui test$ vitest run
frontend-baseline	Unit tests	2026-10-07T05:57:06.0775105Z packages/config test$ vitest run
frontend-baseline	Unit tests	2026-10-07T05:57:06.3813012Z packages/ui test: ^[[1m^[[30m^[[46m RUN ^[[49m^[[39m^[[22m ^[[36mv4.1.11 ^[[39m^[[90m/home/runner/work/QuantOS/QuantOS/packages/ui^[[39m
frontend-baseline	Unit tests	2026-10-07T05:57:06.3997651Z packages/config test: ^[[1m^[[30m^[[46m RUN ^[[49m^[[39m^[[22m ^[[36mv4.1.11 ^[[39m^[[90m/home/runner/work/QuantOS/QuantOS/packages/config^[[39m
frontend-baseline	Unit tests	2026-10-07T05:57:07.3212678Z packages/ui test:  ^[[32m✓^[[39m tests/ui103.test.tsx ^[[2m(^[[22m^[[2m6 tests^[[22m^[[2m)^[[22m^[[32m 27^[[2mms^[[22m^[[39m
frontend-baseline	Unit tests	2026-10-07T05:57:07.3906853Z packages/ui test:  ^[[32m✓^[[39m tests/state-badge.test.tsx ^[[2m(^[[22m^[[2m11 tests^[[22m^[[2m)^[[22m^[[32m 112^[[2mms^[[22m^[[39m
frontend-baseline	Unit tests	2026-10-07T05:57:07.6494158Z packages/ui test:  ^[[32m✓^[[39m tests/ui.test.ts ^[[2m(^[[22m^[[2m1 test^[[22m^[[2m)^[[22m^[[32m 4^[[2mms^[[22m^[[39m
frontend-baseline	Unit tests	2026-10-07T05:57:07.7884214Z packages/config test:  ^[[32m✓^[[39m tests/config.test.ts ^[[2m(^[[22m^[[2m26 tests^[[22m^[[2m)^[[22m^[[33m 940^[[2mms^[[22m^[[39m
frontend-baseline	Unit tests	2026-10-07T05:57:07.7925952Z packages/config test: ^[[2m Test Files ^[[22m ^[[1m^[[32m1 passed^[[39m^[[22m^[[90m (1)^[[39m
frontend-baseline	Unit tests	2026-10-07T05:57:07.7929697Z packages/config test: ^[[2m      Tests ^[[22m ^[[1m^[[32m26 passed^[[39m^[[22m^[[90m (26)^[[39m
frontend-baseline	Unit tests	2026-10-07T05:57:07.7931056Z packages/config test: ^[[2m   Start at ^[[22m 05:57:06
frontend-baseline	Unit tests	2026-10-07T05:57:07.7933665Z packages/config test: ^[[2m   Duration ^[[22m 1.38s^[[2m (transform 176ms, setup 0ms, import 212ms, tests 940ms, environment 0ms)^[[22m
frontend-baseline	Unit tests	2026-10-07T05:57:07.8169101Z packages/config test: Done
frontend-baseline	Unit tests	2026-10-07T05:57:07.8772350Z packages/ui test:  ^[[32m✓^[[39m tests/pre03-component.test.tsx ^[[2m(^[[22m^[[2m1 test^[[22m^[[2m)^[[22m^[[32m 92^[[2mms^[[22m^[[39m
frontend-baseline	Unit tests	2026-10-07T05:57:07.8830101Z packages/ui test: ^[[2m Test Files ^[[22m ^[[1m^[[32m4 passed^[[39m^[[22m^[[90m (4)^[[39m
frontend-baseline	Unit tests	2026-10-07T05:57:07.8834070Z packages/ui test: ^[[2m      Tests ^[[22m ^[[1m^[[32m19 passed^[[39m^[[22m^[[90m (19)^[[39m
frontend-baseline	Unit tests	2026-10-07T05:57:07.8835216Z packages/ui test: ^[[2m   Start at ^[[22m 05:57:06
frontend-baseline	Unit tests	2026-10-07T05:57:07.8836953Z packages/ui test: ^[[2m   Duration ^[[22m 1.48s^[[2m (transform 640ms, setup 0ms, import 1.49s, tests 235ms, environment 787ms)^[[22m
frontend-baseline	Unit tests	2026-10-07T05:57:07.9029195Z packages/ui test: Done
frontend-baseline	Unit tests	2026-10-07T05:57:07.9035085Z apps/terminal test$ vitest run
frontend-baseline	Unit tests	2026-10-07T05:57:07.9037605Z apps/website test$ vitest run
frontend-baseline	Unit tests	2026-10-07T05:57:08.2228180Z apps/terminal test: ^[[1m^[[30m^[[46m RUN ^[[49m^[[39m^[[22m ^[[36mv4.1.11 ^[[39m^[[90m/home/runner/work/QuantOS/QuantOS/apps/terminal^[[39m
frontend-baseline	Unit tests	2026-10-07T05:57:08.2259063Z apps/website test: ^[[1m^[[30m^[[46m RUN ^[[49m^[[39m^[[22m ^[[36mv4.1.11 ^[[39m^[[90m/home/runner/work/QuantOS/QuantOS/apps/website^[[39m
frontend-baseline	Unit tests	2026-10-07T05:57:09.1458000Z apps/website test:  ^[[32m✓^[[39m tests/website.test.ts ^[[2m(^[[22m^[[2m1 test^[[22m^[[2m)^[[22m^[[32m 6^[[2mms^[[22m^[[39m
frontend-baseline	Unit tests	2026-10-07T05:57:09.1627955Z apps/website test:  ^[[32m✓^[[39m tests/website-compliance.test.ts ^[[2m(^[[22m^[[2m6 tests^[[22m^[[2m)^[[22m^[[32m 15^[[2mms^[[22m^[[39m
frontend-baseline	Unit tests	2026-10-07T05:57:09.1741974Z apps/website test: ^[[2m Test Files ^[[22m ^[[1m^[[32m2 passed^[[39m^[[22m^[[90m (2)^[[39m
frontend-baseline	Unit tests	2026-10-07T05:57:09.1744177Z apps/website test: ^[[2m      Tests ^[[22m ^[[1m^[[32m7 passed^[[39m^[[22m^[[90m (7)^[[39m
frontend-baseline	Unit tests	2026-10-07T05:57:09.1792986Z apps/website test: ^[[2m   Start at ^[[22m 05:57:08
frontend-baseline	Unit tests	2026-10-07T05:57:09.1794970Z apps/website test: ^[[2m   Duration ^[[22m 938ms^[[2m (transform 538ms, setup 0ms, import 1.02s, tests 20ms, environment 0ms)^[[22m
frontend-baseline	Unit tests	2026-10-07T05:57:09.2233327Z apps/website test: Done
frontend-baseline	Unit tests	2026-10-07T05:57:09.4558465Z apps/terminal test:  ^[[32m✓^[[39m tests/audit-gateway.test.ts ^[[2m(^[[22m^[[2m6 tests^[[22m^[[2m)^[[22m^[[32m 86^[[2mms^[[22m^[[39m
frontend-baseline	Unit tests	2026-10-07T05:57:09.4841398Z apps/terminal test:  ^[[32m✓^[[39m tests/ui104-settings.test.ts ^[[2m(^[[22m^[[2m18 tests^[[22m^[[2m)^[[22m^[[32m 115^[[2mms^[[22m^[[39m
frontend-baseline	Unit tests	2026-10-07T05:57:09.7398081Z apps/terminal test:  ^[[32m✓^[[39m tests/x06-scenarios.test.ts ^[[2m(^[[22m^[[2m8 tests^[[22m^[[2m)^[[22m^[[32m 24^[[2mms^[[22m^[[39m
frontend-baseline	Unit tests	2026-10-07T05:57:09.7858558Z apps/terminal test:  ^[[32m✓^[[39m tests/auth-poc.test.ts ^[[2m(^[[22m^[[2m14 tests^[[22m^[[2m)^[[22m^[[32m 64^[[2mms^[[22m^[[39m
frontend-baseline	Unit tests	2026-10-07T05:57:10.1548383Z apps/terminal test:  ^[[32m✓^[[39m tests/s04-scenarios.test.ts ^[[2m(^[[22m^[[2m6 tests^[[22m^[[2m)^[[22m^[[32m 56^[[2mms^[[22m^[[39m
frontend-baseline	Unit tests	2026-10-07T05:57:10.2895127Z apps/terminal test:  ^[[32m✓^[[39m tests/auth-bff.test.ts ^[[2m(^[[22m^[[2m11 tests^[[22m^[[2m)^[[22m^[[32m 74^[[2mms^[[22m^[[39m
frontend-baseline	Unit tests	2026-10-07T05:57:10.3674770Z apps/terminal test:  ^[[32m✓^[[39m tests/u01-scenarios.test.ts ^[[2m(^[[22m^[[2m9 tests^[[22m^[[2m)^[[22m^[[32m 15^[[2mms^[[22m^[[39m
frontend-baseline	Unit tests	2026-10-07T05:57:10.5353399Z apps/terminal test:  ^[[32m✓^[[39m tests/ui101-runtime.test.ts ^[[2m(^[[22m^[[2m4 tests^[[22m^[[2m)^[[22m^[[32m 7^[[2mms^[[22m^[[39m
frontend-baseline	Unit tests	2026-10-07T05:57:10.6087779Z apps/terminal test:  ^[[32m✓^[[39m tests/deep-link-auth.test.ts ^[[2m(^[[22m^[[2m3 tests^[[22m^[[2m)^[[22m^[[32m 7^[[2mms^[[22m^[[39m
frontend-baseline	Unit tests	2026-10-07T05:57:10.7055817Z apps/terminal test:  ^[[32m✓^[[39m tests/l03-scenarios.test.ts ^[[2m(^[[22m^[[2m6 tests^[[22m^[[2m)^[[22m^[[32m 10^[[2mms^[[22m^[[39m
frontend-baseline	Unit tests	2026-10-07T05:57:10.9508264Z apps/terminal test:  ^[[32m✓^[[39m tests/terminal.test.ts ^[[2m(^[[22m^[[2m1 test^[[22m^[[2m)^[[22m^[[32m 3^[[2mms^[[22m^[[39m
frontend-baseline	Unit tests	2026-10-07T05:57:10.9544705Z apps/terminal test: ^[[2m Test Files ^[[22m ^[[1m^[[32m11 passed^[[39m^[[22m^[[90m (11)^[[39m
frontend-baseline	Unit tests	2026-10-07T05:57:10.9547035Z apps/terminal test: ^[[2m      Tests ^[[22m ^[[1m^[[32m86 passed^[[39m^[[22m^[[90m (86)^[[39m
frontend-baseline	Unit tests	2026-10-07T05:57:10.9548719Z apps/terminal test: ^[[2m   Start at ^[[22m 05:57:08
frontend-baseline	Unit tests	2026-10-07T05:57:10.9550596Z apps/terminal test: ^[[2m   Duration ^[[22m 2.71s^[[2m (transform 1.17s, setup 0ms, import 4.19s, tests 460ms, environment 2ms)^[[22m
frontend-baseline	Unit tests	2026-10-07T05:57:10.9811064Z apps/terminal test: Done
frontend-baseline	Build website & terminal	﻿2026-10-07T05:57:10.9917631Z ##[group]Run pnpm --filter @sumalpha/website build && pnpm --filter @sumalpha/terminal build
frontend-baseline	Build website & terminal	2026-10-07T05:57:10.9918318Z ^[[36;1mpnpm --filter @sumalpha/website build && pnpm --filter @sumalpha/terminal build^[[0m
frontend-baseline	Build website & terminal	2026-10-07T05:57:10.9982109Z shell: /usr/bin/bash -e {0}
frontend-baseline	Build website & terminal	2026-10-07T05:57:10.9982380Z env:
frontend-baseline	Build website & terminal	2026-10-07T05:57:10.9982655Z   QUANTOS_BFF_BASE: 2835e41fcaa9f3924e9f03f95c62727b9e6c69b9
frontend-baseline	Build website & terminal	2026-10-07T05:57:10.9983018Z   NEXT_PUBLIC_QUANTOS_ENV: local-mock
frontend-baseline	Build website & terminal	2026-10-07T05:57:10.9983339Z   NEXT_PUBLIC_SITE_ORIGIN: https://sumalpha.ai
frontend-baseline	Build website & terminal	2026-10-07T05:57:10.9983727Z   NEXT_PUBLIC_QUANTOS_TERMINAL_ORIGIN: http://localhost:3190
frontend-baseline	Build website & terminal	2026-10-07T05:57:10.9984132Z   NEXT_PUBLIC_QUANTOS_BFF_ORIGIN: http://localhost:4010
frontend-baseline	Build website & terminal	2026-10-07T05:57:10.9984526Z   NEXT_PUBLIC_QUANTOS_OIDC_ISSUER: https://mock.idp.local
frontend-baseline	Build website & terminal	2026-10-07T05:57:10.9984924Z   NEXT_PUBLIC_QUANTOS_OIDC_CLIENT_ID: quantos-terminal-ci
frontend-baseline	Build website & terminal	2026-10-07T05:57:10.9985788Z   NEXT_PUBLIC_QUANTOS_OIDC_REDIRECT_URI: http://localhost:3190/auth/callback
frontend-baseline	Build website & terminal	2026-10-07T05:57:10.9986230Z   NEXT_PUBLIC_QUANTOS_DEFAULT_MODE: paper
frontend-baseline	Build website & terminal	2026-10-07T05:57:10.9986560Z   NEXT_PUBLIC_QUANTOS_MOCK_ENABLED: true
frontend-baseline	Build website & terminal	2026-10-07T05:57:10.9986848Z   NEXT_PUBLIC_QUANTOS_OBS_ENABLED: false
frontend-baseline	Build website & terminal	2026-10-07T05:57:10.9987173Z   NEXT_PUBLIC_QUANTOS_FEATURE_ASSISTED_LIVE_TESTNET: off
frontend-baseline	Build website & terminal	2026-10-07T05:57:10.9987510Z   CARGO_HOME: /home/runner/.cargo
frontend-baseline	Build website & terminal	2026-10-07T05:57:10.9987766Z   CARGO_INCREMENTAL: 0
frontend-baseline	Build website & terminal	2026-10-07T05:57:10.9987988Z   CARGO_TERM_COLOR: always
frontend-baseline	Build website & terminal	2026-10-07T05:57:10.9988216Z ##[endgroup]
frontend-baseline	Build website & terminal	2026-10-07T05:57:11.3184648Z 
frontend-baseline	Build website & terminal	2026-10-07T05:57:11.3186018Z > @sumalpha/website@0.1.0 build /home/runner/work/QuantOS/QuantOS/apps/website
frontend-baseline	Build website & terminal	2026-10-07T05:57:11.3187150Z > next build && node ../../scripts/pre03-build-receipt.mjs website && node ../../scripts/check-client-secrets.mjs out
frontend-baseline	Build website & terminal	2026-10-07T05:57:11.3187709Z 
frontend-baseline	Build website & terminal	2026-10-07T05:57:12.0426602Z ⚠ No build cache found. Please configure build caching for faster rebuilds. Read more: https://nextjs.org/docs/messages/no-cache
frontend-baseline	Build website & terminal	2026-10-07T05:57:12.0476352Z Attention: Next.js now collects completely anonymous telemetry regarding usage.
frontend-baseline	Build website & terminal	2026-10-07T05:57:12.0477797Z This information is used to shape Next.js' roadmap and prioritize features.
frontend-baseline	Build website & terminal	2026-10-07T05:57:12.0479542Z You can learn more, including how to opt-out if you'd not like to participate in this anonymous program, by visiting the following URL:
frontend-baseline	Build website & terminal	2026-10-07T05:57:12.0480940Z https://nextjs.org/telemetry
frontend-baseline	Build website & terminal	2026-10-07T05:57:12.0481409Z 
frontend-baseline	Build website & terminal	2026-10-07T05:57:12.1344979Z    ▲ Next.js 15.5.24
frontend-baseline	Build website & terminal	2026-10-07T05:57:12.1345473Z 
frontend-baseline	Build website & terminal	2026-10-07T05:57:12.1682900Z    Creating an optimized production build ...
frontend-baseline	Build website & terminal	2026-10-07T05:57:16.2651389Z  ✓ Compiled successfully in 4.0s
frontend-baseline	Build website & terminal	2026-10-07T05:57:16.2728013Z    Linting and checking validity of types ...
frontend-baseline	Build website & terminal	2026-10-07T05:57:20.3581908Z    Collecting page data ...
frontend-baseline	Build website & terminal	2026-10-07T05:57:21.4372151Z    Generating static pages (0/12) ...
frontend-baseline	Build website & terminal	2026-10-07T05:57:21.9967746Z    Generating static pages (3/12) 
frontend-baseline	Build website & terminal	2026-10-07T05:57:21.9986505Z    Generating static pages (6/12) 
frontend-baseline	Build website & terminal	2026-10-07T05:57:22.0430033Z    Generating static pages (9/12) 
frontend-baseline	Build website & terminal	2026-10-07T05:57:22.0431086Z  ✓ Generating static pages (12/12)
frontend-baseline	Build website & terminal	2026-10-07T05:57:22.7102004Z    Finalizing page optimization ...
frontend-baseline	Build website & terminal	2026-10-07T05:57:22.7102809Z    Collecting build traces ...
frontend-baseline	Build website & terminal	2026-10-07T05:57:29.7884534Z    Exporting (0/2) ...
frontend-baseline	Build website & terminal	2026-10-07T05:57:30.0311415Z  ✓ Exporting (2/2)
frontend-baseline	Build website & terminal	2026-10-07T05:57:30.2899473Z 
frontend-baseline	Build website & terminal	2026-10-07T05:57:30.2929930Z Route (app)                                 Size  First Load JS
frontend-baseline	Build website & terminal	2026-10-07T05:57:30.2931197Z ┌ ○ /                                      146 B         103 kB
frontend-baseline	Build website & terminal	2026-10-07T05:57:30.2932142Z ├ ○ /_not-found                          1.01 kB         104 kB
frontend-baseline	Build website & terminal	2026-10-07T05:57:30.2933174Z ├ ○ /access-request                      2.33 kB         105 kB
frontend-baseline	Build website & terminal	2026-10-07T05:57:30.2934139Z ├ ○ /architecture-security                 146 B         103 kB
frontend-baseline	Build website & terminal	2026-10-07T05:57:30.2935023Z ├ ○ /docs                                 2.3 kB         105 kB
frontend-baseline	Build website & terminal	2026-10-07T05:57:30.2936367Z ├ ○ /login                                 146 B         103 kB
frontend-baseline	Build website & terminal	2026-10-07T05:57:30.2937352Z ├ ○ /product                               146 B         103 kB
frontend-baseline	Build website & terminal	2026-10-07T05:57:30.2938646Z ├ ○ /robots.txt                            146 B         103 kB
frontend-baseline	Build website & terminal	2026-10-07T05:57:30.2939165Z ├ ○ /sitemap.xml                           146 B         103 kB
frontend-baseline	Build website & terminal	2026-10-07T05:57:30.2939667Z └ ○ /use-cases                             146 B         103 kB
frontend-baseline	Build website & terminal	2026-10-07T05:57:30.2940087Z + First Load JS shared by all             103 kB
frontend-baseline	Build website & terminal	2026-10-07T05:57:30.2940500Z   ├ chunks/93-641809efeb57e9b9.js        46.8 kB
frontend-baseline	Build website & terminal	2026-10-07T05:57:30.2941175Z   ├ chunks/d35bb0e7-3679ef361d95d4f9.js  54.3 kB
frontend-baseline	Build website & terminal	2026-10-07T05:57:30.2941829Z   └ other shared chunks (total)          1.87 kB
frontend-baseline	Build website & terminal	2026-10-07T05:57:30.2942033Z 
frontend-baseline	Build website & terminal	2026-10-07T05:57:30.2942041Z 
frontend-baseline	Build website & terminal	2026-10-07T05:57:30.2942249Z ○  (Static)  prerendered as static content
frontend-baseline	Build website & terminal	2026-10-07T05:57:30.2942460Z 
frontend-baseline	Build website & terminal	2026-10-07T05:57:31.1267548Z Client secret check PASS (40 files)
frontend-baseline	Build website & terminal	2026-10-07T05:57:31.4477827Z 
frontend-baseline	Build website & terminal	2026-10-07T05:57:31.4479034Z > @sumalpha/terminal@0.1.0 build /home/runner/work/QuantOS/QuantOS/apps/terminal
frontend-baseline	Build website & terminal	2026-10-07T05:57:31.4480621Z > next build && node ../../scripts/pre03-build-receipt.mjs terminal && node ../../scripts/check-client-secrets.mjs out
frontend-baseline	Build website & terminal	2026-10-07T05:57:31.4481539Z 
frontend-baseline	Build website & terminal	2026-10-07T05:57:32.1807463Z ⚠ No build cache found. Please configure build caching for faster rebuilds. Read more: https://nextjs.org/docs/messages/no-cache
frontend-baseline	Build website & terminal	2026-10-07T05:57:32.1866357Z Attention: Next.js now collects completely anonymous telemetry regarding usage.
frontend-baseline	Build website & terminal	2026-10-07T05:57:32.1884906Z This information is used to shape Next.js' roadmap and prioritize features.
frontend-baseline	Build website & terminal	2026-10-07T05:57:32.1886883Z You can learn more, including how to opt-out if you'd not like to participate in this anonymous program, by visiting the following URL:
frontend-baseline	Build website & terminal	2026-10-07T05:57:32.1888077Z https://nextjs.org/telemetry
frontend-baseline	Build website & terminal	2026-10-07T05:57:32.1888414Z 
frontend-baseline	Build website & terminal	2026-10-07T05:57:32.2710480Z    ▲ Next.js 15.5.24
frontend-baseline	Build website & terminal	2026-10-07T05:57:32.2710876Z 
frontend-baseline	Build website & terminal	2026-10-07T05:57:32.3004338Z    Creating an optimized production build ...
frontend-baseline	Build website & terminal	2026-10-07T05:57:39.3371972Z  ✓ Compiled successfully in 6.9s
frontend-baseline	Build website & terminal	2026-10-07T05:57:39.3392818Z    Linting and checking validity of types ...
frontend-baseline	Build website & terminal	2026-10-07T05:57:44.2716571Z    Collecting page data ...
frontend-baseline	Build website & terminal	2026-10-07T05:57:45.6337086Z    Generating static pages (0/17) ...
frontend-baseline	Build website & terminal	2026-10-07T05:57:46.2643240Z    Generating static pages (4/17) 
frontend-baseline	Build website & terminal	2026-10-07T05:57:46.2644229Z    Generating static pages (8/17) 
frontend-baseline	Build website & terminal	2026-10-07T05:57:46.3901096Z    Generating static pages (12/17) 
frontend-baseline	Build website & terminal	2026-10-07T05:57:46.3902010Z  ✓ Generating static pages (17/17)
frontend-baseline	Build website & terminal	2026-10-07T05:57:46.9788305Z    Finalizing page optimization ...
frontend-baseline	Build website & terminal	2026-10-07T05:57:46.9790991Z    Collecting build traces ...
frontend-baseline	Build website & terminal	2026-10-07T05:57:53.9892936Z    Exporting (0/2) ...
frontend-baseline	Build website & terminal	2026-10-07T05:57:54.2400821Z  ✓ Exporting (2/2)
frontend-baseline	Build website & terminal	2026-10-07T05:57:54.4915392Z 
frontend-baseline	Build website & terminal	2026-10-07T05:57:54.4948246Z Route (app)                                 Size  First Load JS
frontend-baseline	Build website & terminal	2026-10-07T05:57:54.4949485Z ┌ ○ /                                      139 B         103 kB
frontend-baseline	Build website & terminal	2026-10-07T05:57:54.4950491Z ├ ○ /_not-found                            139 B         103 kB
frontend-baseline	Build website & terminal	2026-10-07T05:57:54.4951429Z ├ ○ /access-request                      1.58 kB         150 kB
frontend-baseline	Build website & terminal	2026-10-07T05:57:54.4952379Z ├ ○ /auth/callback                       3.31 kB         106 kB
frontend-baseline	Build website & terminal	2026-10-07T05:57:54.4953398Z ├ ○ /auth/deep-link                      2.35 kB         105 kB
frontend-baseline	Build website & terminal	2026-10-07T05:57:54.4954326Z ├ ○ /command                             6.73 kB         129 kB
frontend-baseline	Build website & terminal	2026-10-07T05:57:54.4955287Z ├ ○ /login                               3.32 kB         106 kB
frontend-baseline	Build website & terminal	2026-10-07T05:57:54.4956575Z ├ ○ /maintenance                           139 B         103 kB
frontend-baseline	Build website & terminal	2026-10-07T05:57:54.4957514Z ├ ○ /mfa                                 3.08 kB         152 kB
frontend-baseline	Build website & terminal	2026-10-07T05:57:54.4958439Z ├ ○ /offline                             1.58 kB         105 kB
frontend-baseline	Build website & terminal	2026-10-07T05:57:54.4959291Z ├ ○ /settings/browser                      132 B         131 kB
frontend-baseline	Build website & terminal	2026-10-07T05:57:54.4960091Z ├ ○ /settings/notifications                131 B         131 kB
frontend-baseline	Build website & terminal	2026-10-07T05:57:54.4960824Z ├ ○ /settings/profile                      132 B         131 kB
frontend-baseline	Build website & terminal	2026-10-07T05:57:54.4961523Z ├ ○ /settings/security                     132 B         131 kB
frontend-baseline	Build website & terminal	2026-10-07T05:57:54.4962582Z └ ○ /unauthorized                        1.74 kB         105 kB
frontend-baseline	Build website & terminal	2026-10-07T05:57:54.4963139Z + First Load JS shared by all             103 kB
frontend-baseline	Build website & terminal	2026-10-07T05:57:54.4963705Z   ├ chunks/93-641809efeb57e9b9.js        46.8 kB
frontend-baseline	Build website & terminal	2026-10-07T05:57:54.4964249Z   ├ chunks/d35bb0e7-3679ef361d95d4f9.js  54.3 kB
frontend-baseline	Build website & terminal	2026-10-07T05:57:54.4964795Z   └ other shared chunks (total)           1.9 kB
frontend-baseline	Build website & terminal	2026-10-07T05:57:54.4965090Z 
frontend-baseline	Build website & terminal	2026-10-07T05:57:54.4965100Z 
frontend-baseline	Build website & terminal	2026-10-07T05:57:54.4965379Z ○  (Static)  prerendered as static content
frontend-baseline	Build website & terminal	2026-10-07T05:57:54.4965903Z 
frontend-baseline	Build website & terminal	2026-10-07T05:57:55.3102616Z Client secret check PASS (64 files)
frontend-baseline	Client artifact secret check (PRE-05)	﻿2026-10-07T05:57:55.3326912Z ##[group]Run pnpm check:client-secrets
frontend-baseline	Client artifact secret check (PRE-05)	2026-10-07T05:57:55.3327463Z ^[[36;1mpnpm check:client-secrets^[[0m
frontend-baseline	Client artifact secret check (PRE-05)	2026-10-07T05:57:55.3391319Z shell: /usr/bin/bash -e {0}
frontend-baseline	Client artifact secret check (PRE-05)	2026-10-07T05:57:55.3391779Z env:
frontend-baseline	Client artifact secret check (PRE-05)	2026-10-07T05:57:55.3392063Z   QUANTOS_BFF_BASE: 2835e41fcaa9f3924e9f03f95c62727b9e6c69b9
frontend-baseline	Client artifact secret check (PRE-05)	2026-10-07T05:57:55.3392421Z   NEXT_PUBLIC_QUANTOS_ENV: local-mock
frontend-baseline	Client artifact secret check (PRE-05)	2026-10-07T05:57:55.3392746Z   NEXT_PUBLIC_SITE_ORIGIN: https://sumalpha.ai
frontend-baseline	Client artifact secret check (PRE-05)	2026-10-07T05:57:55.3393125Z   NEXT_PUBLIC_QUANTOS_TERMINAL_ORIGIN: http://localhost:3190
frontend-baseline	Client artifact secret check (PRE-05)	2026-10-07T05:57:55.3393514Z   NEXT_PUBLIC_QUANTOS_BFF_ORIGIN: http://localhost:4010
frontend-baseline	Client artifact secret check (PRE-05)	2026-10-07T05:57:55.3393892Z   NEXT_PUBLIC_QUANTOS_OIDC_ISSUER: https://mock.idp.local
frontend-baseline	Client artifact secret check (PRE-05)	2026-10-07T05:57:55.3394260Z   NEXT_PUBLIC_QUANTOS_OIDC_CLIENT_ID: quantos-terminal-ci
frontend-baseline	Client artifact secret check (PRE-05)	2026-10-07T05:57:55.3394699Z   NEXT_PUBLIC_QUANTOS_OIDC_REDIRECT_URI: http://localhost:3190/auth/callback
frontend-baseline	Client artifact secret check (PRE-05)	2026-10-07T05:57:55.3395119Z   NEXT_PUBLIC_QUANTOS_DEFAULT_MODE: paper
frontend-baseline	Client artifact secret check (PRE-05)	2026-10-07T05:57:55.3395412Z   NEXT_PUBLIC_QUANTOS_MOCK_ENABLED: true
frontend-baseline	Client artifact secret check (PRE-05)	2026-10-07T05:57:55.3396017Z   NEXT_PUBLIC_QUANTOS_OBS_ENABLED: false
frontend-baseline	Client artifact secret check (PRE-05)	2026-10-07T05:57:55.3396349Z   NEXT_PUBLIC_QUANTOS_FEATURE_ASSISTED_LIVE_TESTNET: off
frontend-baseline	Client artifact secret check (PRE-05)	2026-10-07T05:57:55.3396683Z   CARGO_HOME: /home/runner/.cargo
frontend-baseline	Client artifact secret check (PRE-05)	2026-10-07T05:57:55.3396939Z   CARGO_INCREMENTAL: 0
frontend-baseline	Client artifact secret check (PRE-05)	2026-10-07T05:57:55.3397161Z   CARGO_TERM_COLOR: always
frontend-baseline	Client artifact secret check (PRE-05)	2026-10-07T05:57:55.3397383Z ##[endgroup]
frontend-baseline	Client artifact secret check (PRE-05)	2026-10-07T05:57:55.6282291Z 
frontend-baseline	Client artifact secret check (PRE-05)	2026-10-07T05:57:55.6283334Z > @sumalpha/quantos@ check:client-secrets /home/runner/work/QuantOS/QuantOS
frontend-baseline	Client artifact secret check (PRE-05)	2026-10-07T05:57:55.6284381Z > node scripts/check-client-secrets.mjs apps/website/out apps/terminal/out
frontend-baseline	Client artifact secret check (PRE-05)	2026-10-07T05:57:55.6284900Z 
frontend-baseline	Client artifact secret check (PRE-05)	2026-10-07T05:57:55.8289149Z Client secret check PASS (104 files)
frontend-baseline	Install Playwright Chromium for PRE-03 browser smoke	﻿2026-10-07T05:57:55.8464154Z ##[group]Run pnpm exec playwright install chromium --with-deps
frontend-baseline	Install Playwright Chromium for PRE-03 browser smoke	2026-10-07T05:57:55.8464647Z ^[[36;1mpnpm exec playwright install chromium --with-deps^[[0m
frontend-baseline	Install Playwright Chromium for PRE-03 browser smoke	2026-10-07T05:57:55.8528532Z shell: /usr/bin/bash -e {0}
frontend-baseline	Install Playwright Chromium for PRE-03 browser smoke	2026-10-07T05:57:55.8528790Z env:
frontend-baseline	Install Playwright Chromium for PRE-03 browser smoke	2026-10-07T05:57:55.8529061Z   QUANTOS_BFF_BASE: 2835e41fcaa9f3924e9f03f95c62727b9e6c69b9
frontend-baseline	Install Playwright Chromium for PRE-03 browser smoke	2026-10-07T05:57:55.8529413Z   NEXT_PUBLIC_QUANTOS_ENV: local-mock
frontend-baseline	Install Playwright Chromium for PRE-03 browser smoke	2026-10-07T05:57:55.8529738Z   NEXT_PUBLIC_SITE_ORIGIN: https://sumalpha.ai
frontend-baseline	Install Playwright Chromium for PRE-03 browser smoke	2026-10-07T05:57:55.8530132Z   NEXT_PUBLIC_QUANTOS_TERMINAL_ORIGIN: http://localhost:3190
frontend-baseline	Install Playwright Chromium for PRE-03 browser smoke	2026-10-07T05:57:55.8530524Z   NEXT_PUBLIC_QUANTOS_BFF_ORIGIN: http://localhost:4010
frontend-baseline	Install Playwright Chromium for PRE-03 browser smoke	2026-10-07T05:57:55.8530899Z   NEXT_PUBLIC_QUANTOS_OIDC_ISSUER: https://mock.idp.local
frontend-baseline	Install Playwright Chromium for PRE-03 browser smoke	2026-10-07T05:57:55.8531291Z   NEXT_PUBLIC_QUANTOS_OIDC_CLIENT_ID: quantos-terminal-ci
frontend-baseline	Install Playwright Chromium for PRE-03 browser smoke	2026-10-07T05:57:55.8531730Z   NEXT_PUBLIC_QUANTOS_OIDC_REDIRECT_URI: http://localhost:3190/auth/callback
frontend-baseline	Install Playwright Chromium for PRE-03 browser smoke	2026-10-07T05:57:55.8532143Z   NEXT_PUBLIC_QUANTOS_DEFAULT_MODE: paper
frontend-baseline	Install Playwright Chromium for PRE-03 browser smoke	2026-10-07T05:57:55.8532476Z   NEXT_PUBLIC_QUANTOS_MOCK_ENABLED: true
frontend-baseline	Install Playwright Chromium for PRE-03 browser smoke	2026-10-07T05:57:55.8532764Z   NEXT_PUBLIC_QUANTOS_OBS_ENABLED: false
frontend-baseline	Install Playwright Chromium for PRE-03 browser smoke	2026-10-07T05:57:55.8533088Z   NEXT_PUBLIC_QUANTOS_FEATURE_ASSISTED_LIVE_TESTNET: off
frontend-baseline	Install Playwright Chromium for PRE-03 browser smoke	2026-10-07T05:57:55.8533417Z   CARGO_HOME: /home/runner/.cargo
frontend-baseline	Install Playwright Chromium for PRE-03 browser smoke	2026-10-07T05:57:55.8533669Z   CARGO_INCREMENTAL: 0
frontend-baseline	Install Playwright Chromium for PRE-03 browser smoke	2026-10-07T05:57:55.8533892Z   CARGO_TERM_COLOR: always
frontend-baseline	Install Playwright Chromium for PRE-03 browser smoke	2026-10-07T05:57:55.8534118Z ##[endgroup]
frontend-baseline	Install Playwright Chromium for PRE-03 browser smoke	2026-10-07T05:57:56.6345062Z Installing dependencies...
frontend-baseline	Install Playwright Chromium for PRE-03 browser smoke	2026-10-07T05:57:56.6428787Z Switching to root user to install dependencies...
frontend-baseline	Install Playwright Chromium for PRE-03 browser smoke	2026-10-07T05:57:56.7366987Z Get:1 file:/etc/apt/apt-mirrors.txt Mirrorlist [144 B]
frontend-baseline	Install Playwright Chromium for PRE-03 browser smoke	2026-10-07T05:57:56.7680373Z Hit:2 http://azure.archive.ubuntu.com/ubuntu noble InRelease
frontend-baseline	Install Playwright Chromium for PRE-03 browser smoke	2026-10-07T05:57:56.7721949Z Get:6 https://packages.microsoft.com/ubuntu/24.04/prod noble InRelease [3600 B]
frontend-baseline	Install Playwright Chromium for PRE-03 browser smoke	2026-10-07T05:57:56.7757237Z Get:3 http://azure.archive.ubuntu.com/ubuntu noble-updates InRelease [126 kB]
frontend-baseline	Install Playwright Chromium for PRE-03 browser smoke	2026-10-07T05:57:56.7761038Z Get:4 http://azure.archive.ubuntu.com/ubuntu noble-backports InRelease [126 kB]
frontend-baseline	Install Playwright Chromium for PRE-03 browser smoke	2026-10-07T05:57:56.7779648Z Get:5 http://azure.archive.ubuntu.com/ubuntu noble-security InRelease [126 kB]
frontend-baseline	Install Playwright Chromium for PRE-03 browser smoke	2026-10-07T05:57:56.9005010Z Get:7 https://packages.microsoft.com/ubuntu/24.04/prod noble/main amd64 Packages [519 kB]
frontend-baseline	Install Playwright Chromium for PRE-03 browser smoke	2026-10-07T05:57:56.9132773Z Get:8 https://packages.microsoft.com/ubuntu/24.04/prod noble/main arm64 Packages [463 kB]
frontend-baseline	Install Playwright Chromium for PRE-03 browser smoke	2026-10-07T05:57:56.9190578Z Get:9 https://packages.microsoft.com/ubuntu/24.04/prod noble/main armhf Packages [12.6 kB]
frontend-baseline	Install Playwright Chromium for PRE-03 browser smoke	2026-10-07T05:57:56.9503934Z Get:10 http://azure.archive.ubuntu.com/ubuntu noble-updates/main amd64 Packages [1375 kB]
frontend-baseline	Install Playwright Chromium for PRE-03 browser smoke	2026-10-07T05:57:56.9585272Z Get:11 http://azure.archive.ubuntu.com/ubuntu noble-updates/main Translation-en [306 kB]
frontend-baseline	Install Playwright Chromium for PRE-03 browser smoke	2026-10-07T05:57:56.9603204Z Get:12 http://azure.archive.ubuntu.com/ubuntu noble-updates/main amd64 Components [181 kB]
frontend-baseline	Install Playwright Chromium for PRE-03 browser smoke	2026-10-07T05:57:56.9615387Z Get:13 http://azure.archive.ubuntu.com/ubuntu noble-updates/universe amd64 Packages [1701 kB]
frontend-baseline	Install Playwright Chromium for PRE-03 browser smoke	2026-10-07T05:57:56.9735912Z Get:14 http://azure.archive.ubuntu.com/ubuntu noble-updates/universe Translation-en [341 kB]
frontend-baseline	Install Playwright Chromium for PRE-03 browser smoke	2026-10-07T05:57:56.9777352Z Get:15 http://azure.archive.ubuntu.com/ubuntu noble-updates/universe amd64 Components [388 kB]
frontend-baseline	Install Playwright Chromium for PRE-03 browser smoke	2026-10-07T05:57:56.9796669Z Get:16 http://azure.archive.ubuntu.com/ubuntu noble-updates/restricted amd64 Packages [1730 kB]
frontend-baseline	Install Playwright Chromium for PRE-03 browser smoke	2026-10-07T05:57:56.9877376Z Get:17 http://azure.archive.ubuntu.com/ubuntu noble-updates/restricted Translation-en [396 kB]
frontend-baseline	Install Playwright Chromium for PRE-03 browser smoke	2026-10-07T05:57:56.9900176Z Get:18 http://azure.archive.ubuntu.com/ubuntu noble-updates/multiverse Translation-en [13.3 kB]
frontend-baseline	Install Playwright Chromium for PRE-03 browser smoke	2026-10-07T05:57:56.9905957Z Get:19 http://azure.archive.ubuntu.com/ubuntu noble-updates/multiverse amd64 Components [940 B]
frontend-baseline	Install Playwright Chromium for PRE-03 browser smoke	2026-10-07T05:57:57.0505097Z Get:20 http://azure.archive.ubuntu.com/ubuntu noble-backports/main amd64 Components [5752 B]
frontend-baseline	Install Playwright Chromium for PRE-03 browser smoke	2026-10-07T05:57:57.0512423Z Get:21 http://azure.archive.ubuntu.com/ubuntu noble-backports/universe amd64 Components [12.6 kB]
frontend-baseline	Install Playwright Chromium for PRE-03 browser smoke	2026-10-07T05:57:57.0600214Z Get:22 http://azure.archive.ubuntu.com/ubuntu noble-security/main amd64 Packages [1073 kB]
frontend-baseline	Install Playwright Chromium for PRE-03 browser smoke	2026-10-07T05:57:57.0651294Z Get:23 http://azure.archive.ubuntu.com/ubuntu noble-security/main Translation-en [223 kB]
frontend-baseline	Install Playwright Chromium for PRE-03 browser smoke	2026-10-07T05:57:57.0666935Z Get:24 http://azure.archive.ubuntu.com/ubuntu noble-security/main amd64 Components [46.4 kB]
frontend-baseline	Install Playwright Chromium for PRE-03 browser smoke	2026-10-07T05:57:57.0674723Z Get:25 http://azure.archive.ubuntu.com/ubuntu noble-security/universe amd64 Packages [1218 kB]
frontend-baseline	Install Playwright Chromium for PRE-03 browser smoke	2026-10-07T05:57:57.0742881Z Get:26 http://azure.archive.ubuntu.com/ubuntu noble-security/universe Translation-en [245 kB]
frontend-baseline	Install Playwright Chromium for PRE-03 browser smoke	2026-10-07T05:57:57.0759130Z Get:27 http://azure.archive.ubuntu.com/ubuntu noble-security/universe amd64 Components [76.3 kB]
frontend-baseline	Install Playwright Chromium for PRE-03 browser smoke	2026-10-07T05:57:57.0769004Z Get:28 http://azure.archive.ubuntu.com/ubuntu noble-security/restricted amd64 Packages [1566 kB]
frontend-baseline	Install Playwright Chromium for PRE-03 browser smoke	2026-10-07T05:57:57.0852369Z Get:29 http://azure.archive.ubuntu.com/ubuntu noble-security/restricted Translation-en [361 kB]
frontend-baseline	Install Playwright Chromium for PRE-03 browser smoke	2026-10-07T05:57:57.0873586Z Get:30 http://azure.archive.ubuntu.com/ubuntu noble-security/multiverse Translation-en [11.6 kB]
frontend-baseline	Install Playwright Chromium for PRE-03 browser smoke	2026-10-07T05:58:01.4806565Z Fetched 12.6 MB in 1s (9316 kB/s)
frontend-baseline	Install Playwright Chromium for PRE-03 browser smoke	2026-10-07T05:58:02.3370109Z Reading package lists...
frontend-baseline	Install Playwright Chromium for PRE-03 browser smoke	2026-10-07T05:58:02.3617028Z Reading package lists...
frontend-baseline	Install Playwright Chromium for PRE-03 browser smoke	2026-10-07T05:58:02.5588517Z Building dependency tree...
frontend-baseline	Install Playwright Chromium for PRE-03 browser smoke	2026-10-07T05:58:02.5595844Z Reading state information...
frontend-baseline	Install Playwright Chromium for PRE-03 browser smoke	2026-10-07T05:58:02.7053325Z libasound2t64 is already the newest version (1.2.11-1ubuntu0.3).
frontend-baseline	Install Playwright Chromium for PRE-03 browser smoke	2026-10-07T05:58:02.7054579Z libasound2t64 set to manually installed.
frontend-baseline	Install Playwright Chromium for PRE-03 browser smoke	2026-10-07T05:58:02.7056055Z libatk-bridge2.0-0t64 is already the newest version (2.52.0-1build1).
frontend-baseline	Install Playwright Chromium for PRE-03 browser smoke	2026-10-07T05:58:02.7057278Z libatk-bridge2.0-0t64 set to manually installed.
frontend-baseline	Install Playwright Chromium for PRE-03 browser smoke	2026-10-07T05:58:02.7058375Z libatk1.0-0t64 is already the newest version (2.52.0-1build1).
frontend-baseline	Install Playwright Chromium for PRE-03 browser smoke	2026-10-07T05:58:02.7059223Z libatk1.0-0t64 set to manually installed.
frontend-baseline	Install Playwright Chromium for PRE-03 browser smoke	2026-10-07T05:58:02.7060118Z libatspi2.0-0t64 is already the newest version (2.52.0-1build1).
frontend-baseline	Install Playwright Chromium for PRE-03 browser smoke	2026-10-07T05:58:02.7060992Z libatspi2.0-0t64 set to manually installed.
frontend-baseline	Install Playwright Chromium for PRE-03 browser smoke	2026-10-07T05:58:02.7061659Z libcairo2 is already the newest version (1.18.0-3build1).
frontend-baseline	Install Playwright Chromium for PRE-03 browser smoke	2026-10-07T05:58:02.7062184Z libcairo2 set to manually installed.
frontend-baseline	Install Playwright Chromium for PRE-03 browser smoke	2026-10-07T05:58:02.7062745Z libcups2t64 is already the newest version (2.4.7-1.2ubuntu7.14).
frontend-baseline	Install Playwright Chromium for PRE-03 browser smoke	2026-10-07T05:58:02.7063289Z libcups2t64 set to manually installed.
frontend-baseline	Install Playwright Chromium for PRE-03 browser smoke	2026-10-07T05:58:02.7063838Z libdbus-1-3 is already the newest version (1.14.10-4ubuntu4.1).
frontend-baseline	Install Playwright Chromium for PRE-03 browser smoke	2026-10-07T05:58:02.7064376Z libdbus-1-3 set to manually installed.
frontend-baseline	Install Playwright Chromium for PRE-03 browser smoke	2026-10-07T05:58:02.7064936Z libdrm2 is already the newest version (2.4.125-1ubuntu0.1~24.04.2).
frontend-baseline	Install Playwright Chromium for PRE-03 browser smoke	2026-10-07T05:58:02.7066225Z libdrm2 set to manually installed.
frontend-baseline	Install Playwright Chromium for PRE-03 browser smoke	2026-10-07T05:58:02.7066851Z libglib2.0-0t64 is already the newest version (2.80.0-6ubuntu3.9).
frontend-baseline	Install Playwright Chromium for PRE-03 browser smoke	2026-10-07T05:58:02.7067425Z libglib2.0-0t64 set to manually installed.
frontend-baseline	Install Playwright Chromium for PRE-03 browser smoke	2026-10-07T05:58:02.7067984Z libnspr4 is already the newest version (2:4.35-1.1build1).
frontend-baseline	Install Playwright Chromium for PRE-03 browser smoke	2026-10-07T05:58:02.7068484Z libnspr4 set to manually installed.
frontend-baseline	Install Playwright Chromium for PRE-03 browser smoke	2026-10-07T05:58:02.7068905Z libnss3 is already the newest version (2:3.98-1ubuntu0.2).
frontend-baseline	Install Playwright Chromium for PRE-03 browser smoke	2026-10-07T05:58:02.7069292Z libnss3 set to manually installed.
frontend-baseline	Install Playwright Chromium for PRE-03 browser smoke	2026-10-07T05:58:02.7069727Z libpango-1.0-0 is already the newest version (1.52.1+ds-1build1).
frontend-baseline	Install Playwright Chromium for PRE-03 browser smoke	2026-10-07T05:58:02.7070168Z libpango-1.0-0 set to manually installed.
frontend-baseline	Install Playwright Chromium for PRE-03 browser smoke	2026-10-07T05:58:02.7070584Z libx11-6 is already the newest version (2:1.8.7-1build1).
frontend-baseline	Install Playwright Chromium for PRE-03 browser smoke	2026-10-07T05:58:02.7070963Z libx11-6 set to manually installed.
frontend-baseline	Install Playwright Chromium for PRE-03 browser smoke	2026-10-07T05:58:02.7071340Z libxcb1 is already the newest version (1.15-1ubuntu2).
frontend-baseline	Install Playwright Chromium for PRE-03 browser smoke	2026-10-07T05:58:02.7071716Z libxcb1 set to manually installed.
frontend-baseline	Install Playwright Chromium for PRE-03 browser smoke	2026-10-07T05:58:02.7072131Z libxcomposite1 is already the newest version (1:0.4.5-1build3).
frontend-baseline	Install Playwright Chromium for PRE-03 browser smoke	2026-10-07T05:58:02.7072552Z libxcomposite1 set to manually installed.
frontend-baseline	Install Playwright Chromium for PRE-03 browser smoke	2026-10-07T05:58:02.7072968Z libxdamage1 is already the newest version (1:1.1.6-1build1).
frontend-baseline	Install Playwright Chromium for PRE-03 browser smoke	2026-10-07T05:58:02.7073360Z libxdamage1 set to manually installed.
frontend-baseline	Install Playwright Chromium for PRE-03 browser smoke	2026-10-07T05:58:02.7073752Z libxext6 is already the newest version (2:1.3.4-1build2).
frontend-baseline	Install Playwright Chromium for PRE-03 browser smoke	2026-10-07T05:58:02.7074127Z libxext6 set to manually installed.
frontend-baseline	Install Playwright Chromium for PRE-03 browser smoke	2026-10-07T05:58:02.7074513Z libxfixes3 is already the newest version (1:6.0.0-2build1).
frontend-baseline	Install Playwright Chromium for PRE-03 browser smoke	2026-10-07T05:58:02.7075236Z libxfixes3 set to manually installed.
frontend-baseline	Install Playwright Chromium for PRE-03 browser smoke	2026-10-07T05:58:02.7075939Z libxkbcommon0 is already the newest version (1.6.0-1build1).
frontend-baseline	Install Playwright Chromium for PRE-03 browser smoke	2026-10-07T05:58:02.7076354Z libxkbcommon0 set to manually installed.
frontend-baseline	Install Playwright Chromium for PRE-03 browser smoke	2026-10-07T05:58:02.7076761Z libxrandr2 is already the newest version (2:1.5.2-2build1).
frontend-baseline	Install Playwright Chromium for PRE-03 browser smoke	2026-10-07T05:58:02.7077149Z libxrandr2 set to manually installed.
frontend-baseline	Install Playwright Chromium for PRE-03 browser smoke	2026-10-07T05:58:02.7077538Z xvfb is already the newest version (2:21.1.12-1ubuntu1.8).
frontend-baseline	Install Playwright Chromium for PRE-03 browser smoke	2026-10-07T05:58:02.7078091Z fonts-noto-color-emoji is already the newest version (2.047-0ubuntu0.24.04.1).
frontend-baseline	Install Playwright Chromium for PRE-03 browser smoke	2026-10-07T05:58:02.7078661Z libfontconfig1 is already the newest version (2.15.0-1.1ubuntu2).
frontend-baseline	Install Playwright Chromium for PRE-03 browser smoke	2026-10-07T05:58:02.7079079Z libfontconfig1 set to manually installed.
frontend-baseline	Install Playwright Chromium for PRE-03 browser smoke	2026-10-07T05:58:02.7079499Z fonts-liberation is already the newest version (1:2.1.5-3).
frontend-baseline	Install Playwright Chromium for PRE-03 browser smoke	2026-10-07T05:58:02.7079915Z fonts-liberation set to manually installed.
frontend-baseline	Install Playwright Chromium for PRE-03 browser smoke	2026-10-07T05:58:02.7080314Z The following additional packages will be installed:
frontend-baseline	Install Playwright Chromium for PRE-03 browser smoke	2026-10-07T05:58:02.7080825Z   libgl1-mesa-dri libglx-mesa0 mesa-libgallium xfonts-encodings xfonts-utils
frontend-baseline	Install Playwright Chromium for PRE-03 browser smoke	2026-10-07T05:58:02.7081255Z Recommended packages:
frontend-baseline	Install Playwright Chromium for PRE-03 browser smoke	2026-10-07T05:58:02.7081534Z   fonts-ipafont-mincho fonts-tlwg-loma
frontend-baseline	Install Playwright Chromium for PRE-03 browser smoke	2026-10-07T05:58:02.7274188Z The following NEW packages will be installed:
frontend-baseline	Install Playwright Chromium for PRE-03 browser smoke	2026-10-07T05:58:02.7275410Z   fonts-freefont-ttf fonts-ipafont-gothic fonts-tlwg-loma-otf fonts-unifont
frontend-baseline	Install Playwright Chromium for PRE-03 browser smoke	2026-10-07T05:58:02.7281018Z   fonts-wqy-zenhei xfonts-cyrillic xfonts-encodings xfonts-scalable
frontend-baseline	Install Playwright Chromium for PRE-03 browser smoke	2026-10-07T05:58:02.7281888Z   xfonts-utils
frontend-baseline	Install Playwright Chromium for PRE-03 browser smoke	2026-10-07T05:58:02.7285705Z The following packages will be upgraded:
frontend-baseline	Install Playwright Chromium for PRE-03 browser smoke	2026-10-07T05:58:02.7290490Z   libfreetype6 libgbm1 libgl1-mesa-dri libglx-mesa0 mesa-libgallium
frontend-baseline	Install Playwright Chromium for PRE-03 browser smoke	2026-10-07T05:58:02.7456649Z 5 upgraded, 9 newly installed, 0 to remove and 24 not upgraded.
frontend-baseline	Install Playwright Chromium for PRE-03 browser smoke	2026-10-07T05:58:02.7457436Z Need to get 32.5 MB of archives.
frontend-baseline	Install Playwright Chromium for PRE-03 browser smoke	2026-10-07T05:58:02.7458190Z After this operation, 79.5 MB of additional disk space will be used.
frontend-baseline	Install Playwright Chromium for PRE-03 browser smoke	2026-10-07T05:58:02.7459057Z Get:1 file:/etc/apt/apt-mirrors.txt Mirrorlist [144 B]
frontend-baseline	Install Playwright Chromium for PRE-03 browser smoke	2026-10-07T05:58:02.8391265Z Get:2 http://azure.archive.ubuntu.com/ubuntu noble/universe amd64 fonts-ipafont-gothic all 00303-21ubuntu1 [3513 kB]
frontend-baseline	Install Playwright Chromium for PRE-03 browser smoke	2026-10-07T05:58:02.9989134Z Get:3 http://azure.archive.ubuntu.com/ubuntu noble/main amd64 fonts-freefont-ttf all 20211204+svn4273-2 [5641 kB]
frontend-baseline	Install Playwright Chromium for PRE-03 browser smoke	2026-10-07T05:58:03.2097185Z Get:4 http://azure.archive.ubuntu.com/ubuntu noble/universe amd64 fonts-tlwg-loma-otf all 1:0.7.3-1 [107 kB]
frontend-baseline	Install Playwright Chromium for PRE-03 browser smoke	2026-10-07T05:58:03.2870155Z Get:5 http://azure.archive.ubuntu.com/ubuntu noble/universe amd64 fonts-unifont all 1:15.1.01-1build1 [2993 kB]
frontend-baseline	Install Playwright Chromium for PRE-03 browser smoke	2026-10-07T05:58:03.4330955Z Get:6 http://azure.archive.ubuntu.com/ubuntu noble/universe amd64 fonts-wqy-zenhei all 0.9.45-8 [7472 kB]
frontend-baseline	Install Playwright Chromium for PRE-03 browser smoke	2026-10-07T05:58:03.6908083Z Get:7 http://azure.archive.ubuntu.com/ubuntu noble-updates/main amd64 libfreetype6 amd64 2.13.2+dfsg-1ubuntu0.2 [403 kB]
frontend-baseline	Install Playwright Chromium for PRE-03 browser smoke	2026-10-07T05:58:03.7749605Z Get:8 http://azure.archive.ubuntu.com/ubuntu noble-updates/main amd64 libgl1-mesa-dri amd64 25.2.8-0ubuntu0.24.04.4 [38.0 kB]
frontend-baseline	Install Playwright Chromium for PRE-03 browser smoke	2026-10-07T05:58:03.8511252Z Get:9 http://azure.archive.ubuntu.com/ubuntu noble-updates/main amd64 libglx-mesa0 amd64 25.2.8-0ubuntu0.24.04.4 [110 kB]
frontend-baseline	Install Playwright Chromium for PRE-03 browser smoke	2026-10-07T05:58:03.9287912Z Get:10 http://azure.archive.ubuntu.com/ubuntu noble-updates/main amd64 libgbm1 amd64 25.2.8-0ubuntu0.24.04.4 [34.2 kB]
frontend-baseline	Install Playwright Chromium for PRE-03 browser smoke	2026-10-07T05:58:04.0049144Z Get:11 http://azure.archive.ubuntu.com/ubuntu noble-updates/main amd64 mesa-libgallium amd64 25.2.8-0ubuntu0.24.04.4 [10.8 MB]
frontend-baseline	Install Playwright Chromium for PRE-03 browser smoke	2026-10-07T05:58:04.3378059Z Get:12 http://azure.archive.ubuntu.com/ubuntu noble/main amd64 xfonts-encodings all 1:1.0.5-0ubuntu2 [578 kB]
frontend-baseline	Install Playwright Chromium for PRE-03 browser smoke	2026-10-07T05:58:04.4260130Z Get:13 http://azure.archive.ubuntu.com/ubuntu noble/main amd64 xfonts-utils amd64 1:7.7+6build3 [94.4 kB]
frontend-baseline	Install Playwright Chromium for PRE-03 browser smoke	2026-10-07T05:58:04.5026222Z Get:14 http://azure.archive.ubuntu.com/ubuntu noble/universe amd64 xfonts-cyrillic all 1:1.0.5+nmu1 [384 kB]
frontend-baseline	Install Playwright Chromium for PRE-03 browser smoke	2026-10-07T05:58:04.5860713Z Get:15 http://azure.archive.ubuntu.com/ubuntu noble/main amd64 xfonts-scalable all 1:1.0.3-1.3 [304 kB]
frontend-baseline	Install Playwright Chromium for PRE-03 browser smoke	2026-10-07T05:58:04.8516997Z Fetched 32.5 MB in 2s (17.5 MB/s)
frontend-baseline	Install Playwright Chromium for PRE-03 browser smoke	2026-10-07T05:58:04.8751916Z Selecting previously unselected package fonts-ipafont-gothic.
frontend-baseline	Install Playwright Chromium for PRE-03 browser smoke	2026-10-07T05:58:04.9051222Z (Reading database ... 
frontend-baseline	Install Playwright Chromium for PRE-03 browser smoke	2026-10-07T05:58:04.9052080Z (Reading database ... 5%
frontend-baseline	Install Playwright Chromium for PRE-03 browser smoke	2026-10-07T05:58:04.9052536Z (Reading database ... 10%
frontend-baseline	Install Playwright Chromium for PRE-03 browser smoke	2026-10-07T05:58:04.9052955Z (Reading database ... 15%
frontend-baseline	Install Playwright Chromium for PRE-03 browser smoke	2026-10-07T05:58:04.9053368Z (Reading database ... 20%
frontend-baseline	Install Playwright Chromium for PRE-03 browser smoke	2026-10-07T05:58:04.9053768Z (Reading database ... 25%
frontend-baseline	Install Playwright Chromium for PRE-03 browser smoke	2026-10-07T05:58:04.9054201Z (Reading database ... 30%
frontend-baseline	Install Playwright Chromium for PRE-03 browser smoke	2026-10-07T05:58:04.9054611Z (Reading database ... 35%
frontend-baseline	Install Playwright Chromium for PRE-03 browser smoke	2026-10-07T05:58:04.9055009Z (Reading database ... 40%
frontend-baseline	Install Playwright Chromium for PRE-03 browser smoke	2026-10-07T05:58:04.9055407Z (Reading database ... 45%
frontend-baseline	Install Playwright Chromium for PRE-03 browser smoke	2026-10-07T05:58:04.9056051Z (Reading database ... 50%
frontend-baseline	Install Playwright Chromium for PRE-03 browser smoke	2026-10-07T05:58:04.9104138Z (Reading database ... 55%
frontend-baseline	Install Playwright Chromium for PRE-03 browser smoke	2026-10-07T05:58:04.9871378Z (Reading database ... 60%
frontend-baseline	Install Playwright Chromium for PRE-03 browser smoke	2026-10-07T05:58:05.0853279Z (Reading database ... 65%
frontend-baseline	Install Playwright Chromium for PRE-03 browser smoke	2026-10-07T05:58:05.2419196Z (Reading database ... 70%
frontend-baseline	Install Playwright Chromium for PRE-03 browser smoke	2026-10-07T05:58:05.3950134Z (Reading database ... 75%
frontend-baseline	Install Playwright Chromium for PRE-03 browser smoke	2026-10-07T05:58:05.5461089Z (Reading database ... 80%
frontend-baseline	Install Playwright Chromium for PRE-03 browser smoke	2026-10-07T05:58:05.6909262Z (Reading database ... 85%
frontend-baseline	Install Playwright Chromium for PRE-03 browser smoke	2026-10-07T05:58:05.8462366Z (Reading database ... 90%
frontend-baseline	Install Playwright Chromium for PRE-03 browser smoke	2026-10-07T05:58:05.9560116Z (Reading database ... 95%
frontend-baseline	Install Playwright Chromium for PRE-03 browser smoke	2026-10-07T05:58:05.9560701Z (Reading database ... 100%
frontend-baseline	Install Playwright Chromium for PRE-03 browser smoke	2026-10-07T05:58:05.9561464Z (Reading database ... 202296 files and directories currently installed.)
frontend-baseline	Install Playwright Chromium for PRE-03 browser smoke	2026-10-07T05:58:05.9605043Z Preparing to unpack .../00-fonts-ipafont-gothic_00303-21ubuntu1_all.deb ...
frontend-baseline	Install Playwright Chromium for PRE-03 browser smoke	2026-10-07T05:58:05.9697116Z Unpacking fonts-ipafont-gothic (00303-21ubuntu1) ...
frontend-baseline	Install Playwright Chromium for PRE-03 browser smoke	2026-10-07T05:58:06.2019537Z Selecting previously unselected package fonts-freefont-ttf.
frontend-baseline	Install Playwright Chromium for PRE-03 browser smoke	2026-10-07T05:58:06.2143972Z Preparing to unpack .../01-fonts-freefont-ttf_20211204+svn4273-2_all.deb ...
frontend-baseline	Install Playwright Chromium for PRE-03 browser smoke	2026-10-07T05:58:06.2150595Z Unpacking fonts-freefont-ttf (20211204+svn4273-2) ...
frontend-baseline	Install Playwright Chromium for PRE-03 browser smoke	2026-10-07T05:58:06.2963910Z Selecting previously unselected package fonts-tlwg-loma-otf.
frontend-baseline	Install Playwright Chromium for PRE-03 browser smoke	2026-10-07T05:58:06.3089080Z Preparing to unpack .../02-fonts-tlwg-loma-otf_1%3a0.7.3-1_all.deb ...
frontend-baseline	Install Playwright Chromium for PRE-03 browser smoke	2026-10-07T05:58:06.3095463Z Unpacking fonts-tlwg-loma-otf (1:0.7.3-1) ...
frontend-baseline	Install Playwright Chromium for PRE-03 browser smoke	2026-10-07T05:58:06.3296957Z Selecting previously unselected package fonts-unifont.
frontend-baseline	Install Playwright Chromium for PRE-03 browser smoke	2026-10-07T05:58:06.3421174Z Preparing to unpack .../03-fonts-unifont_1%3a15.1.01-1build1_all.deb ...
frontend-baseline	Install Playwright Chromium for PRE-03 browser smoke	2026-10-07T05:58:06.3427227Z Unpacking fonts-unifont (1:15.1.01-1build1) ...
frontend-baseline	Install Playwright Chromium for PRE-03 browser smoke	2026-10-07T05:58:06.4477953Z Selecting previously unselected package fonts-wqy-zenhei.
frontend-baseline	Install Playwright Chromium for PRE-03 browser smoke	2026-10-07T05:58:06.4602743Z Preparing to unpack .../04-fonts-wqy-zenhei_0.9.45-8_all.deb ...
frontend-baseline	Install Playwright Chromium for PRE-03 browser smoke	2026-10-07T05:58:06.4705346Z Unpacking fonts-wqy-zenhei (0.9.45-8) ...
frontend-baseline	Install Playwright Chromium for PRE-03 browser smoke	2026-10-07T05:58:06.9480812Z Preparing to unpack .../05-libfreetype6_2.13.2+dfsg-1ubuntu0.2_amd64.deb ...
frontend-baseline	Install Playwright Chromium for PRE-03 browser smoke	2026-10-07T05:58:06.9510847Z Unpacking libfreetype6:amd64 (2.13.2+dfsg-1ubuntu0.2) over (2.13.2+dfsg-1ubuntu0.1) ...
frontend-baseline	Install Playwright Chromium for PRE-03 browser smoke	2026-10-07T05:58:06.9914046Z Preparing to unpack .../06-libgl1-mesa-dri_25.2.8-0ubuntu0.24.04.4_amd64.deb ...
frontend-baseline	Install Playwright Chromium for PRE-03 browser smoke	2026-10-07T05:58:07.0066646Z Unpacking libgl1-mesa-dri:amd64 (25.2.8-0ubuntu0.24.04.4) over (25.2.8-0ubuntu0.24.04.2) ...
frontend-baseline	Install Playwright Chromium for PRE-03 browser smoke	2026-10-07T05:58:07.0624994Z Preparing to unpack .../07-libglx-mesa0_25.2.8-0ubuntu0.24.04.4_amd64.deb ...
frontend-baseline	Install Playwright Chromium for PRE-03 browser smoke	2026-10-07T05:58:07.0646355Z Unpacking libglx-mesa0:amd64 (25.2.8-0ubuntu0.24.04.4) over (25.2.8-0ubuntu0.24.04.2) ...
frontend-baseline	Install Playwright Chromium for PRE-03 browser smoke	2026-10-07T05:58:07.1060242Z Preparing to unpack .../08-libgbm1_25.2.8-0ubuntu0.24.04.4_amd64.deb ...
frontend-baseline	Install Playwright Chromium for PRE-03 browser smoke	2026-10-07T05:58:07.1136056Z Unpacking libgbm1:amd64 (25.2.8-0ubuntu0.24.04.4) over (25.2.8-0ubuntu0.24.04.2) ...
frontend-baseline	Install Playwright Chromium for PRE-03 browser smoke	2026-10-07T05:58:07.1497565Z Preparing to unpack .../09-mesa-libgallium_25.2.8-0ubuntu0.24.04.4_amd64.deb ...
frontend-baseline	Install Playwright Chromium for PRE-03 browser smoke	2026-10-07T05:58:07.1517095Z Unpacking mesa-libgallium:amd64 (25.2.8-0ubuntu0.24.04.4) over (25.2.8-0ubuntu0.24.04.2) ...
frontend-baseline	Install Playwright Chromium for PRE-03 browser smoke	2026-10-07T05:58:07.3305413Z Selecting previously unselected package xfonts-encodings.
frontend-baseline	Install Playwright Chromium for PRE-03 browser smoke	2026-10-07T05:58:07.3431747Z Preparing to unpack .../10-xfonts-encodings_1%3a1.0.5-0ubuntu2_all.deb ...
frontend-baseline	Install Playwright Chromium for PRE-03 browser smoke	2026-10-07T05:58:07.3438588Z Unpacking xfonts-encodings (1:1.0.5-0ubuntu2) ...
frontend-baseline	Install Playwright Chromium for PRE-03 browser smoke	2026-10-07T05:58:07.3715655Z Selecting previously unselected package xfonts-utils.
frontend-baseline	Install Playwright Chromium for PRE-03 browser smoke	2026-10-07T05:58:07.3840571Z Preparing to unpack .../11-xfonts-utils_1%3a7.7+6build3_amd64.deb ...
frontend-baseline	Install Playwright Chromium for PRE-03 browser smoke	2026-10-07T05:58:07.3846826Z Unpacking xfonts-utils (1:7.7+6build3) ...
frontend-baseline	Install Playwright Chromium for PRE-03 browser smoke	2026-10-07T05:58:07.4221980Z Selecting previously unselected package xfonts-cyrillic.
frontend-baseline	Install Playwright Chromium for PRE-03 browser smoke	2026-10-07T05:58:07.4346912Z Preparing to unpack .../12-xfonts-cyrillic_1%3a1.0.5+nmu1_all.deb ...
frontend-baseline	Install Playwright Chromium for PRE-03 browser smoke	2026-10-07T05:58:07.4353570Z Unpacking xfonts-cyrillic (1:1.0.5+nmu1) ...
frontend-baseline	Install Playwright Chromium for PRE-03 browser smoke	2026-10-07T05:58:07.4682614Z Selecting previously unselected package xfonts-scalable.
frontend-baseline	Install Playwright Chromium for PRE-03 browser smoke	2026-10-07T05:58:07.4808137Z Preparing to unpack .../13-xfonts-scalable_1%3a1.0.3-1.3_all.deb ...
frontend-baseline	Install Playwright Chromium for PRE-03 browser smoke	2026-10-07T05:58:07.4814367Z Unpacking xfonts-scalable (1:1.0.3-1.3) ...
frontend-baseline	Install Playwright Chromium for PRE-03 browser smoke	2026-10-07T05:58:07.5258147Z Setting up mesa-libgallium:amd64 (25.2.8-0ubuntu0.24.04.4) ...
frontend-baseline	Install Playwright Chromium for PRE-03 browser smoke	2026-10-07T05:58:07.5277700Z Setting up libgbm1:amd64 (25.2.8-0ubuntu0.24.04.4) ...
frontend-baseline	Install Playwright Chromium for PRE-03 browser smoke	2026-10-07T05:58:07.5294822Z Setting up libgl1-mesa-dri:amd64 (25.2.8-0ubuntu0.24.04.4) ...
frontend-baseline	Install Playwright Chromium for PRE-03 browser smoke	2026-10-07T05:58:07.5365797Z Setting up fonts-wqy-zenhei (0.9.45-8) ...
frontend-baseline	Install Playwright Chromium for PRE-03 browser smoke	2026-10-07T05:58:07.5479693Z Setting up fonts-freefont-ttf (20211204+svn4273-2) ...
frontend-baseline	Install Playwright Chromium for PRE-03 browser smoke	2026-10-07T05:58:07.5497052Z Setting up fonts-tlwg-loma-otf (1:0.7.3-1) ...
frontend-baseline	Install Playwright Chromium for PRE-03 browser smoke	2026-10-07T05:58:07.5514979Z Setting up libfreetype6:amd64 (2.13.2+dfsg-1ubuntu0.2) ...
frontend-baseline	Install Playwright Chromium for PRE-03 browser smoke	2026-10-07T05:58:07.5532995Z Setting up xfonts-encodings (1:1.0.5-0ubuntu2) ...
frontend-baseline	Install Playwright Chromium for PRE-03 browser smoke	2026-10-07T05:58:07.5550578Z Setting up fonts-ipafont-gothic (00303-21ubuntu1) ...
frontend-baseline	Install Playwright Chromium for PRE-03 browser smoke	2026-10-07T05:58:07.5616275Z update-alternatives: using /usr/share/fonts/opentype/ipafont-gothic/ipag.ttf to provide /usr/share/fonts/truetype/fonts-japanese-gothic.ttf (fonts-japanese-gothic.ttf) in auto mode
frontend-baseline	Install Playwright Chromium for PRE-03 browser smoke	2026-10-07T05:58:07.5630612Z Setting up fonts-unifont (1:15.1.01-1build1) ...
frontend-baseline	Install Playwright Chromium for PRE-03 browser smoke	2026-10-07T05:58:07.5648148Z Setting up libglx-mesa0:amd64 (25.2.8-0ubuntu0.24.04.4) ...
frontend-baseline	Install Playwright Chromium for PRE-03 browser smoke	2026-10-07T05:58:07.5664329Z Setting up xfonts-utils (1:7.7+6build3) ...
frontend-baseline	Install Playwright Chromium for PRE-03 browser smoke	2026-10-07T05:58:07.5703669Z Setting up xfonts-cyrillic (1:1.0.5+nmu1) ...
frontend-baseline	Install Playwright Chromium for PRE-03 browser smoke	2026-10-07T05:58:07.5984052Z Setting up xfonts-scalable (1:1.0.3-1.3) ...
frontend-baseline	Install Playwright Chromium for PRE-03 browser smoke	2026-10-07T05:58:07.6250232Z Processing triggers for libc-bin (2.39-0ubuntu8.9) ...
frontend-baseline	Install Playwright Chromium for PRE-03 browser smoke	2026-10-07T05:58:07.6601146Z Processing triggers for man-db (2.12.0-4build2) ...
frontend-baseline	Install Playwright Chromium for PRE-03 browser smoke	2026-10-07T05:58:07.6624825Z Not building database; man-db/auto-update is not 'true'.
frontend-baseline	Install Playwright Chromium for PRE-03 browser smoke	2026-10-07T05:58:07.6635351Z Processing triggers for fontconfig (2.15.0-1.1ubuntu2) ...
frontend-baseline	Install Playwright Chromium for PRE-03 browser smoke	2026-10-07T05:58:08.3976379Z 
frontend-baseline	Install Playwright Chromium for PRE-03 browser smoke	2026-10-07T05:58:08.3977211Z Running kernel seems to be up-to-date.
frontend-baseline	Install Playwright Chromium for PRE-03 browser smoke	2026-10-07T05:58:08.3977966Z 
frontend-baseline	Install Playwright Chromium for PRE-03 browser smoke	2026-10-07T05:58:08.3978142Z Restarting services...
frontend-baseline	Install Playwright Chromium for PRE-03 browser smoke	2026-10-07T05:58:08.4054341Z  systemctl restart php8.3-fpm.service
frontend-baseline	Install Playwright Chromium for PRE-03 browser smoke	2026-10-07T05:58:08.5076408Z 
frontend-baseline	Install Playwright Chromium for PRE-03 browser smoke	2026-10-07T05:58:08.5078174Z No containers need to be restarted.
frontend-baseline	Install Playwright Chromium for PRE-03 browser smoke	2026-10-07T05:58:08.5078458Z 
frontend-baseline	Install Playwright Chromium for PRE-03 browser smoke	2026-10-07T05:58:08.5078951Z No user sessions are running outdated binaries.
frontend-baseline	Install Playwright Chromium for PRE-03 browser smoke	2026-10-07T05:58:08.5079404Z 
frontend-baseline	Install Playwright Chromium for PRE-03 browser smoke	2026-10-07T05:58:08.5079944Z No VM guests are running outdated hypervisor (qemu) binaries on this host.
frontend-baseline	Install Playwright Chromium for PRE-03 browser smoke	2026-10-07T05:58:09.4602534Z Downloading Chrome for Testing 151.0.7922.34 (playwright chromium v1234) from https://cdn.playwright.dev/builds/cft/151.0.7922.34/linux64/chrome-linux64.zip
frontend-baseline	Install Playwright Chromium for PRE-03 browser smoke	2026-10-07T05:58:10.4745855Z |                                                                                |   0% of 184.3 MiB
frontend-baseline	Install Playwright Chromium for PRE-03 browser smoke	2026-10-07T05:58:10.6299909Z |■■■■■■■■                                                                        |  10% of 184.3 MiB
frontend-baseline	Install Playwright Chromium for PRE-03 browser smoke	2026-10-07T05:58:10.7393981Z |■■■■■■■■■■■■■■■■                                                                |  20% of 184.3 MiB
frontend-baseline	Install Playwright Chromium for PRE-03 browser smoke	2026-10-07T05:58:10.8525710Z |■■■■■■■■■■■■■■■■■■■■■■■■                                                        |  30% of 184.3 MiB
frontend-baseline	Install Playwright Chromium for PRE-03 browser smoke	2026-10-07T05:58:10.9729381Z |■■■■■■■■■■■■■■■■■■■■■■■■■■■■■■■■                                                |  40% of 184.3 MiB
frontend-baseline	Install Playwright Chromium for PRE-03 browser smoke	2026-10-07T05:58:11.1013257Z |■■■■■■■■■■■■■■■■■■■■■■■■■■■■■■■■■■■■■■■■                                        |  50% of 184.3 MiB
frontend-baseline	Install Playwright Chromium for PRE-03 browser smoke	2026-10-07T05:58:11.2997314Z |■■■■■■■■■■■■■■■■■■■■■■■■■■■■■■■■■■■■■■■■■■■■■■■■                                |  60% of 184.3 MiB
frontend-baseline	Install Playwright Chromium for PRE-03 browser smoke	2026-10-07T05:58:11.4529352Z |■■■■■■■■■■■■■■■■■■■■■■■■■■■■■■■■■■■■■■■■■■■■■■■■■■■■■■■■                        |  70% of 184.3 MiB
frontend-baseline	Install Playwright Chromium for PRE-03 browser smoke	2026-10-07T05:58:11.6006650Z |■■■■■■■■■■■■■■■■■■■■■■■■■■■■■■■■■■■■■■■■■■■■■■■■■■■■■■■■■■■■■■■■                |  80% of 184.3 MiB
frontend-baseline	Install Playwright Chromium for PRE-03 browser smoke	2026-10-07T05:58:11.7222902Z |■■■■■■■■■■■■■■■■■■■■■■■■■■■■■■■■■■■■■■■■■■■■■■■■■■■■■■■■■■■■■■■■■■■■■■■■        |  90% of 184.3 MiB
frontend-baseline	Install Playwright Chromium for PRE-03 browser smoke	2026-10-07T05:58:11.8420867Z |■■■■■■■■■■■■■■■■■■■■■■■■■■■■■■■■■■■■■■■■■■■■■■■■■■■■■■■■■■■■■■■■■■■■■■■■■■■■■■■■| 100% of 184.3 MiB
frontend-baseline	Install Playwright Chromium for PRE-03 browser smoke	2026-10-07T05:58:14.9521622Z Chrome for Testing 151.0.7922.34 (playwright chromium v1234) downloaded to /home/runner/.cache/ms-playwright/chromium-1234
frontend-baseline	Install Playwright Chromium for PRE-03 browser smoke	2026-10-07T05:58:14.9526163Z Downloading FFmpeg (playwright ffmpeg v1011) from https://cdn.playwright.dev/dbazure/download/playwright/builds/ffmpeg/1011/ffmpeg-linux.zip
frontend-baseline	Install Playwright Chromium for PRE-03 browser smoke	2026-10-07T05:58:15.9260711Z |                                                                                |   0% of 2.3 MiB
frontend-baseline	Install Playwright Chromium for PRE-03 browser smoke	2026-10-07T05:58:15.9511081Z |■■■■■■■■                                                                        |  10% of 2.3 MiB
frontend-baseline	Install Playwright Chromium for PRE-03 browser smoke	2026-10-07T05:58:15.9614817Z |■■■■■■■■■■■■■■■■                                                                |  20% of 2.3 MiB
frontend-baseline	Install Playwright Chromium for PRE-03 browser smoke	2026-10-07T05:58:15.9701080Z |■■■■■■■■■■■■■■■■■■■■■■■■                                                        |  30% of 2.3 MiB
frontend-baseline	Install Playwright Chromium for PRE-03 browser smoke	2026-10-07T05:58:15.9767277Z |■■■■■■■■■■■■■■■■■■■■■■■■■■■■■■■■                                                |  40% of 2.3 MiB
frontend-baseline	Install Playwright Chromium for PRE-03 browser smoke	2026-10-07T05:58:15.9800557Z |■■■■■■■■■■■■■■■■■■■■■■■■■■■■■■■■■■■■■■■■                                        |  50% of 2.3 MiB
frontend-baseline	Install Playwright Chromium for PRE-03 browser smoke	2026-10-07T05:58:15.9860187Z |■■■■■■■■■■■■■■■■■■■■■■■■■■■■■■■■■■■■■■■■■■■■■■■■                                |  60% of 2.3 MiB
frontend-baseline	Install Playwright Chromium for PRE-03 browser smoke	2026-10-07T05:58:15.9880955Z |■■■■■■■■■■■■■■■■■■■■■■■■■■■■■■■■■■■■■■■■■■■■■■■■■■■■■■■■                        |  70% of 2.3 MiB
frontend-baseline	Install Playwright Chromium for PRE-03 browser smoke	2026-10-07T05:58:15.9920992Z |■■■■■■■■■■■■■■■■■■■■■■■■■■■■■■■■■■■■■■■■■■■■■■■■■■■■■■■■■■■■■■■■                |  80% of 2.3 MiB
frontend-baseline	Install Playwright Chromium for PRE-03 browser smoke	2026-10-07T05:58:15.9959326Z |■■■■■■■■■■■■■■■■■■■■■■■■■■■■■■■■■■■■■■■■■■■■■■■■■■■■■■■■■■■■■■■■■■■■■■■■        |  90% of 2.3 MiB
frontend-baseline	Install Playwright Chromium for PRE-03 browser smoke	2026-10-07T05:58:15.9970550Z |■■■■■■■■■■■■■■■■■■■■■■■■■■■■■■■■■■■■■■■■■■■■■■■■■■■■■■■■■■■■■■■■■■■■■■■■■■■■■■■■| 100% of 2.3 MiB
frontend-baseline	Install Playwright Chromium for PRE-03 browser smoke	2026-10-07T05:58:16.0573202Z FFmpeg (playwright ffmpeg v1011) downloaded to /home/runner/.cache/ms-playwright/ffmpeg-1011
frontend-baseline	Install Playwright Chromium for PRE-03 browser smoke	2026-10-07T05:58:16.0577251Z Downloading Chrome Headless Shell 151.0.7922.34 (playwright chromium-headless-shell v1234) from https://cdn.playwright.dev/builds/cft/151.0.7922.34/linux64/chrome-headless-shell-linux64.zip
frontend-baseline	Install Playwright Chromium for PRE-03 browser smoke	2026-10-07T05:58:17.0725888Z |                                                                                |   0% of 114.7 MiB
frontend-baseline	Install Playwright Chromium for PRE-03 browser smoke	2026-10-07T05:58:17.2048310Z |■■■■■■■■                                                                        |  10% of 114.7 MiB
frontend-baseline	Install Playwright Chromium for PRE-03 browser smoke	2026-10-07T05:58:17.2702645Z |■■■■■■■■■■■■■■■■                                                                |  20% of 114.7 MiB
frontend-baseline	Install Playwright Chromium for PRE-03 browser smoke	2026-10-07T05:58:17.3332741Z |■■■■■■■■■■■■■■■■■■■■■■■■                                                        |  30% of 114.7 MiB
frontend-baseline	Install Playwright Chromium for PRE-03 browser smoke	2026-10-07T05:58:17.4036720Z |■■■■■■■■■■■■■■■■■■■■■■■■■■■■■■■■                                                |  40% of 114.7 MiB
frontend-baseline	Install Playwright Chromium for PRE-03 browser smoke	2026-10-07T05:58:17.4832914Z |■■■■■■■■■■■■■■■■■■■■■■■■■■■■■■■■■■■■■■■■                                        |  50% of 114.7 MiB
frontend-baseline	Install Playwright Chromium for PRE-03 browser smoke	2026-10-07T05:58:17.5528050Z |■■■■■■■■■■■■■■■■■■■■■■■■■■■■■■■■■■■■■■■■■■■■■■■■                                |  60% of 114.7 MiB
frontend-baseline	Install Playwright Chromium for PRE-03 browser smoke	2026-10-07T05:58:17.6186423Z |■■■■■■■■■■■■■■■■■■■■■■■■■■■■■■■■■■■■■■■■■■■■■■■■■■■■■■■■                        |  70% of 114.7 MiB
frontend-baseline	Install Playwright Chromium for PRE-03 browser smoke	2026-10-07T05:58:17.6952416Z |■■■■■■■■■■■■■■■■■■■■■■■■■■■■■■■■■■■■■■■■■■■■■■■■■■■■■■■■■■■■■■■■                |  80% of 114.7 MiB
frontend-baseline	Install Playwright Chromium for PRE-03 browser smoke	2026-10-07T05:58:17.7695367Z |■■■■■■■■■■■■■■■■■■■■■■■■■■■■■■■■■■■■■■■■■■■■■■■■■■■■■■■■■■■■■■■■■■■■■■■■        |  90% of 114.7 MiB
frontend-baseline	Install Playwright Chromium for PRE-03 browser smoke	2026-10-07T05:58:17.8394438Z |■■■■■■■■■■■■■■■■■■■■■■■■■■■■■■■■■■■■■■■■■■■■■■■■■■■■■■■■■■■■■■■■■■■■■■■■■■■■■■■■| 100% of 114.7 MiB
frontend-baseline	Install Playwright Chromium for PRE-03 browser smoke	2026-10-07T05:58:20.0961258Z Chrome Headless Shell 151.0.7922.34 (playwright chromium-headless-shell v1234) downloaded to /home/runner/.cache/ms-playwright/chromium_headless_shell-1234
frontend-baseline	Web build smoke and negative probes (PRE-03 Web-only)	﻿2026-10-07T05:58:20.1262558Z ##[group]Run pnpm check:pre03:web && pnpm test:pre03
frontend-baseline	Web build smoke and negative probes (PRE-03 Web-only)	2026-10-07T05:58:20.1262980Z ^[[36;1mpnpm check:pre03:web && pnpm test:pre03^[[0m
frontend-baseline	Web build smoke and negative probes (PRE-03 Web-only)	2026-10-07T05:58:20.1328016Z shell: /usr/bin/bash -e {0}
frontend-baseline	Web build smoke and negative probes (PRE-03 Web-only)	2026-10-07T05:58:20.1328284Z env:
frontend-baseline	Web build smoke and negative probes (PRE-03 Web-only)	2026-10-07T05:58:20.1328558Z   QUANTOS_BFF_BASE: 2835e41fcaa9f3924e9f03f95c62727b9e6c69b9
frontend-baseline	Web build smoke and negative probes (PRE-03 Web-only)	2026-10-07T05:58:20.1329127Z   NEXT_PUBLIC_QUANTOS_ENV: local-mock
frontend-baseline	Web build smoke and negative probes (PRE-03 Web-only)	2026-10-07T05:58:20.1329467Z   NEXT_PUBLIC_SITE_ORIGIN: https://sumalpha.ai
frontend-baseline	Web build smoke and negative probes (PRE-03 Web-only)	2026-10-07T05:58:20.1329867Z   NEXT_PUBLIC_QUANTOS_TERMINAL_ORIGIN: http://localhost:3190
frontend-baseline	Web build smoke and negative probes (PRE-03 Web-only)	2026-10-07T05:58:20.1330304Z   NEXT_PUBLIC_QUANTOS_BFF_ORIGIN: http://localhost:4010
frontend-baseline	Web build smoke and negative probes (PRE-03 Web-only)	2026-10-07T05:58:20.1330704Z   NEXT_PUBLIC_QUANTOS_OIDC_ISSUER: https://mock.idp.local
frontend-baseline	Web build smoke and negative probes (PRE-03 Web-only)	2026-10-07T05:58:20.1331106Z   NEXT_PUBLIC_QUANTOS_OIDC_CLIENT_ID: quantos-terminal-ci
frontend-baseline	Web build smoke and negative probes (PRE-03 Web-only)	2026-10-07T05:58:20.1331574Z   NEXT_PUBLIC_QUANTOS_OIDC_REDIRECT_URI: http://localhost:3190/auth/callback
frontend-baseline	Web build smoke and negative probes (PRE-03 Web-only)	2026-10-07T05:58:20.1332025Z   NEXT_PUBLIC_QUANTOS_DEFAULT_MODE: paper
frontend-baseline	Web build smoke and negative probes (PRE-03 Web-only)	2026-10-07T05:58:20.1332332Z   NEXT_PUBLIC_QUANTOS_MOCK_ENABLED: true
frontend-baseline	Web build smoke and negative probes (PRE-03 Web-only)	2026-10-07T05:58:20.1332670Z   NEXT_PUBLIC_QUANTOS_OBS_ENABLED: false
frontend-baseline	Web build smoke and negative probes (PRE-03 Web-only)	2026-10-07T05:58:20.1333013Z   NEXT_PUBLIC_QUANTOS_FEATURE_ASSISTED_LIVE_TESTNET: off
frontend-baseline	Web build smoke and negative probes (PRE-03 Web-only)	2026-10-07T05:58:20.1333361Z   CARGO_HOME: /home/runner/.cargo
frontend-baseline	Web build smoke and negative probes (PRE-03 Web-only)	2026-10-07T05:58:20.1333630Z   CARGO_INCREMENTAL: 0
frontend-baseline	Web build smoke and negative probes (PRE-03 Web-only)	2026-10-07T05:58:20.1333863Z   CARGO_TERM_COLOR: always
frontend-baseline	Web build smoke and negative probes (PRE-03 Web-only)	2026-10-07T05:58:20.1334105Z ##[endgroup]
frontend-baseline	Web build smoke and negative probes (PRE-03 Web-only)	2026-10-07T05:58:20.4231781Z 
frontend-baseline	Web build smoke and negative probes (PRE-03 Web-only)	2026-10-07T05:58:20.4232639Z > @sumalpha/quantos@ check:pre03:web /home/runner/work/QuantOS/QuantOS
frontend-baseline	Web build smoke and negative probes (PRE-03 Web-only)	2026-10-07T05:58:20.4233244Z > node scripts/pre03-smoke.mjs --web-only
frontend-baseline	Web build smoke and negative probes (PRE-03 Web-only)	2026-10-07T05:58:20.4233489Z 
frontend-baseline	Web build smoke and negative probes (PRE-03 Web-only)	2026-10-07T05:58:23.7535067Z {
frontend-baseline	Web build smoke and negative probes (PRE-03 Web-only)	2026-10-07T05:58:23.7535429Z   "schema": "quantos-pre03/v1",
frontend-baseline	Web build smoke and negative probes (PRE-03 Web-only)	2026-10-07T05:58:23.7536009Z   "scope": "web-only",
frontend-baseline	Web build smoke and negative probes (PRE-03 Web-only)	2026-10-07T05:58:23.7536262Z   "status": "PASS",
frontend-baseline	Web build smoke and negative probes (PRE-03 Web-only)	2026-10-07T05:58:23.7536500Z   "locked_dependencies": 29,
frontend-baseline	Web build smoke and negative probes (PRE-03 Web-only)	2026-10-07T05:58:23.7536799Z   "runtime_contract_checks": 2349,
frontend-baseline	Web build smoke and negative probes (PRE-03 Web-only)	2026-10-07T05:58:23.7537076Z   "built_route_checks": 2
frontend-baseline	Web build smoke and negative probes (PRE-03 Web-only)	2026-10-07T05:58:23.7537353Z }
frontend-baseline	Web build smoke and negative probes (PRE-03 Web-only)	2026-10-07T05:58:24.0575367Z 
frontend-baseline	Web build smoke and negative probes (PRE-03 Web-only)	2026-10-07T05:58:24.0576343Z > @sumalpha/quantos@ test:pre03 /home/runner/work/QuantOS/QuantOS
frontend-baseline	Web build smoke and negative probes (PRE-03 Web-only)	2026-10-07T05:58:24.0577036Z > node --test scripts/pre03-gate-negative.mjs
frontend-baseline	Web build smoke and negative probes (PRE-03 Web-only)	2026-10-07T05:58:24.0577338Z 
frontend-baseline	Web build smoke and negative probes (PRE-03 Web-only)	2026-10-07T05:58:28.7154555Z ✔ current Web contract passes and never loads Desktop inputs (22.555535ms)
frontend-baseline	Web build smoke and negative probes (PRE-03 Web-only)	2026-10-07T05:58:28.7156127Z ✔ apps/terminal rejects Next 15.5.23 (9.660369ms)
frontend-baseline	Web build smoke and negative probes (PRE-03 Web-only)	2026-10-07T05:58:28.7157057Z ✔ apps/terminal rejects Next 16.0.0 (5.211122ms)
frontend-baseline	Web build smoke and negative probes (PRE-03 Web-only)	2026-10-07T05:58:28.7157955Z ✔ apps/website rejects Next 15.5.23 (4.09009ms)
frontend-baseline	Web build smoke and negative probes (PRE-03 Web-only)	2026-10-07T05:58:28.7158974Z ✔ apps/website rejects Next 16.0.0 (4.032982ms)
frontend-baseline	Web build smoke and negative probes (PRE-03 Web-only)	2026-10-07T05:58:28.7159825Z ✔ missing package resolutions (5.52288ms)
frontend-baseline	Web build smoke and negative probes (PRE-03 Web-only)	2026-10-07T05:58:28.7160586Z ✔ missing snapshots (3.329897ms)
frontend-baseline	Web build smoke and negative probes (PRE-03 Web-only)	2026-10-07T05:58:28.7161293Z ✔ specifier drift (4.994004ms)
frontend-baseline	Web build smoke and negative probes (PRE-03 Web-only)	2026-10-07T05:58:28.7162018Z ✔ dependency removed (8.877844ms)
frontend-baseline	Web build smoke and negative probes (PRE-03 Web-only)	2026-10-07T05:58:28.7162761Z ✔ dependency inserted (5.059577ms)
frontend-baseline	Web build smoke and negative probes (PRE-03 Web-only)	2026-10-07T05:58:28.7163637Z ✔ manifest drift fails without changing lock (2.210165ms)
frontend-baseline	Web build smoke and negative probes (PRE-03 Web-only)	2026-10-07T05:58:28.7164539Z ✔ ADR drift fails (1.921372ms)
frontend-baseline	Web build smoke and negative probes (PRE-03 Web-only)	2026-10-07T05:58:28.7167570Z ✔ duplicate ADR version row fails (1.908998ms)
frontend-baseline	Web build smoke and negative probes (PRE-03 Web-only)	2026-10-07T05:58:28.7170919Z ✔ missing transitive snapshot fails (4.31885ms)
frontend-baseline	Web build smoke and negative probes (PRE-03 Web-only)	2026-10-07T05:58:28.7174198Z ✔ Node pin drift fails (2.098455ms)
frontend-baseline	Web build smoke and negative probes (PRE-03 Web-only)	2026-10-07T05:58:28.7180496Z ✔ effective Next configuration: valid export (528.101957ms)
frontend-baseline	Web build smoke and negative probes (PRE-03 Web-only)	2026-10-07T05:58:28.7183359Z ✔ effective Next configuration: comment marker (537.150465ms)
frontend-baseline	Web build smoke and negative probes (PRE-03 Web-only)	2026-10-07T05:58:28.7187703Z ✔ effective Next configuration: dead branch (535.497578ms)
frontend-baseline	Web build smoke and negative probes (PRE-03 Web-only)	2026-10-07T05:58:28.7204051Z ✔ effective Next configuration: subsequent override (534.987822ms)
frontend-baseline	Web build smoke and negative probes (PRE-03 Web-only)	2026-10-07T05:58:28.7205883Z ✔ effective Next configuration: function config (532.921084ms)
frontend-baseline	Web build smoke and negative probes (PRE-03 Web-only)	2026-10-07T05:58:40.6426578Z ✔ bad route resources, fake HTML and script failures fail closed (11946.973975ms)
frontend-baseline	Web build smoke and negative probes (PRE-03 Web-only)	2026-10-07T05:58:44.2023896Z ✔ Next-specific async client violation is an ESLint error (669.875741ms)
frontend-baseline	Web build smoke and negative probes (PRE-03 Web-only)	2026-10-07T05:58:44.2047409Z ✔ build receipts reject stale source, config, identity and missing receipts (1.990823ms)
frontend-baseline	Web build smoke and negative probes (PRE-03 Web-only)	2026-10-07T05:58:44.2076517Z ✔ source binding ignores caches but detects actual source changes (3.882698ms)
frontend-baseline	Web build smoke and negative probes (PRE-03 Web-only)	2026-10-07T05:58:44.2106379Z ✔ all workspace importers and exact link targets are required (24.254716ms)
frontend-baseline	Web build smoke and negative probes (PRE-03 Web-only)	2026-10-07T05:58:44.2107548Z ✔ runtime loader discovers omitted manifests independently of lockfile (1219.825468ms)
frontend-baseline	Web build smoke and negative probes (PRE-03 Web-only)	2026-10-07T05:58:44.2108736Z ✔ per-app env files are isolated and reloaded without polluting caller (1639.648ms)
frontend-baseline	Web build smoke and negative probes (PRE-03 Web-only)	2026-10-07T05:58:44.2829594Z ℹ tests 27
frontend-baseline	Web build smoke and negative probes (PRE-03 Web-only)	2026-10-07T05:58:44.2830061Z ℹ suites 0
frontend-baseline	Web build smoke and negative probes (PRE-03 Web-only)	2026-10-07T05:58:44.2830338Z ℹ pass 27
frontend-baseline	Web build smoke and negative probes (PRE-03 Web-only)	2026-10-07T05:58:44.2830572Z ℹ fail 0
frontend-baseline	Web build smoke and negative probes (PRE-03 Web-only)	2026-10-07T05:58:44.2830823Z ℹ cancelled 0
frontend-baseline	Web build smoke and negative probes (PRE-03 Web-only)	2026-10-07T05:58:44.2831082Z ℹ skipped 0
frontend-baseline	Web build smoke and negative probes (PRE-03 Web-only)	2026-10-07T05:58:44.2831315Z ℹ todo 0
frontend-baseline	Web build smoke and negative probes (PRE-03 Web-only)	2026-10-07T05:58:44.2831596Z ℹ duration_ms 20196.771219
frontend-baseline	Performance budget	﻿2026-10-07T05:58:44.2973071Z ##[group]Run node scripts/check-perf-budget.mjs apps/terminal/out && node scripts/check-perf-budget.mjs apps/website/out
frontend-baseline	Performance budget	2026-10-07T05:58:44.2973949Z ^[[36;1mnode scripts/check-perf-budget.mjs apps/terminal/out && node scripts/check-perf-budget.mjs apps/website/out^[[0m
frontend-baseline	Performance budget	2026-10-07T05:58:44.3037973Z shell: /usr/bin/bash -e {0}
frontend-baseline	Performance budget	2026-10-07T05:58:44.3038249Z env:
frontend-baseline	Performance budget	2026-10-07T05:58:44.3038532Z   QUANTOS_BFF_BASE: 2835e41fcaa9f3924e9f03f95c62727b9e6c69b9
frontend-baseline	Performance budget	2026-10-07T05:58:44.3038907Z   NEXT_PUBLIC_QUANTOS_ENV: local-mock
frontend-baseline	Performance budget	2026-10-07T05:58:44.3039254Z   NEXT_PUBLIC_SITE_ORIGIN: https://sumalpha.ai
frontend-baseline	Performance budget	2026-10-07T05:58:44.3039663Z   NEXT_PUBLIC_QUANTOS_TERMINAL_ORIGIN: http://localhost:3190
frontend-baseline	Performance budget	2026-10-07T05:58:44.3040090Z   NEXT_PUBLIC_QUANTOS_BFF_ORIGIN: http://localhost:4010
frontend-baseline	Performance budget	2026-10-07T05:58:44.3040501Z   NEXT_PUBLIC_QUANTOS_OIDC_ISSUER: https://mock.idp.local
frontend-baseline	Performance budget	2026-10-07T05:58:44.3040915Z   NEXT_PUBLIC_QUANTOS_OIDC_CLIENT_ID: quantos-terminal-ci
frontend-baseline	Performance budget	2026-10-07T05:58:44.3041389Z   NEXT_PUBLIC_QUANTOS_OIDC_REDIRECT_URI: http://localhost:3190/auth/callback
frontend-baseline	Performance budget	2026-10-07T05:58:44.3041867Z   NEXT_PUBLIC_QUANTOS_DEFAULT_MODE: paper
frontend-baseline	Performance budget	2026-10-07T05:58:44.3042186Z   NEXT_PUBLIC_QUANTOS_MOCK_ENABLED: true
frontend-baseline	Performance budget	2026-10-07T05:58:44.3042505Z   NEXT_PUBLIC_QUANTOS_OBS_ENABLED: false
frontend-baseline	Performance budget	2026-10-07T05:58:44.3042861Z   NEXT_PUBLIC_QUANTOS_FEATURE_ASSISTED_LIVE_TESTNET: off
frontend-baseline	Performance budget	2026-10-07T05:58:44.3043211Z   CARGO_HOME: /home/runner/.cargo
frontend-baseline	Performance budget	2026-10-07T05:58:44.3043479Z   CARGO_INCREMENTAL: 0
frontend-baseline	Performance budget	2026-10-07T05:58:44.3043715Z   CARGO_TERM_COLOR: always
frontend-baseline	Performance budget	2026-10-07T05:58:44.3043973Z ##[endgroup]
frontend-baseline	Performance budget	2026-10-07T05:58:44.9692555Z ok    共享首屏 JS gzip: 139.4KB ≤ 250.0KB
frontend-baseline	Performance budget	2026-10-07T05:58:44.9694231Z ok    单 chunk gzip: 58.5KB ≤ 200.0KB
frontend-baseline	Performance budget	2026-10-07T05:58:44.9694809Z ok    CSS gzip: 10.7KB ≤ 60.0KB
frontend-baseline	Performance budget	2026-10-07T05:58:44.9696337Z 
frontend-baseline	Performance budget	2026-10-07T05:58:44.9696786Z 各路由首屏 JS gzip（含 polyfills；逐路由门禁）：
frontend-baseline	Performance budget	2026-10-07T05:58:44.9807181Z ok    route /_not-found/page: 139.6KB ≤ 200.0KB
frontend-baseline	Performance budget	2026-10-07T05:58:44.9807964Z    139.6KB  /_not-found/page
frontend-baseline	Performance budget	2026-10-07T05:58:44.9950938Z ok    route /access-request/page: 185.6KB ≤ 200.0KB
frontend-baseline	Performance budget	2026-10-07T05:58:44.9951658Z    185.6KB  /access-request/page
frontend-baseline	Performance budget	2026-10-07T05:58:45.0061002Z ok    route /auth/callback/page: 142.7KB ≤ 200.0KB
frontend-baseline	Performance budget	2026-10-07T05:58:45.0061978Z    142.7KB  /auth/callback/page
frontend-baseline	Performance budget	2026-10-07T05:58:45.0176158Z ok    route /auth/deep-link/page: 141.7KB ≤ 200.0KB
frontend-baseline	Performance budget	2026-10-07T05:58:45.0177047Z    141.7KB  /auth/deep-link/page
frontend-baseline	Performance budget	2026-10-07T05:58:45.0298986Z ok    route /command/page: 165.4KB ≤ 200.0KB
frontend-baseline	Performance budget	2026-10-07T05:58:45.0299878Z    165.4KB  /command/page
frontend-baseline	Performance budget	2026-10-07T05:58:45.0408871Z ok    route /layout: 139.6KB ≤ 200.0KB
frontend-baseline	Performance budget	2026-10-07T05:58:45.0409393Z    139.6KB  /layout
frontend-baseline	Performance budget	2026-10-07T05:58:45.0518851Z ok    route /login/page: 142.7KB ≤ 200.0KB
frontend-baseline	Performance budget	2026-10-07T05:58:45.0519412Z    142.7KB  /login/page
frontend-baseline	Performance budget	2026-10-07T05:58:45.0627611Z ok    route /maintenance/page: 139.6KB ≤ 200.0KB
frontend-baseline	Performance budget	2026-10-07T05:58:45.0628228Z    139.6KB  /maintenance/page
frontend-baseline	Performance budget	2026-10-07T05:58:45.0771507Z ok    route /mfa/page: 187.1KB ≤ 200.0KB
frontend-baseline	Performance budget	2026-10-07T05:58:45.0771965Z    187.1KB  /mfa/page
frontend-baseline	Performance budget	2026-10-07T05:58:45.0879427Z ok    route /not-found: 139.6KB ≤ 200.0KB
frontend-baseline	Performance budget	2026-10-07T05:58:45.0879890Z    139.6KB  /not-found
frontend-baseline	Performance budget	2026-10-07T05:58:45.0988349Z ok    route /offline/page: 141.0KB ≤ 200.0KB
frontend-baseline	Performance budget	2026-10-07T05:58:45.0988857Z    141.0KB  /offline/page
frontend-baseline	Performance budget	2026-10-07T05:58:45.1097004Z ok    route /page: 139.6KB ≤ 200.0KB
frontend-baseline	Performance budget	2026-10-07T05:58:45.1097462Z    139.6KB  /page
frontend-baseline	Performance budget	2026-10-07T05:58:45.1222146Z ok    route /settings/browser/page: 167.1KB ≤ 200.0KB
frontend-baseline	Performance budget	2026-10-07T05:58:45.1222654Z    167.1KB  /settings/browser/page
frontend-baseline	Performance budget	2026-10-07T05:58:45.1357689Z ok    route /settings/notifications/page: 167.1KB ≤ 200.0KB
frontend-baseline	Performance budget	2026-10-07T05:58:45.1358228Z    167.1KB  /settings/notifications/page
frontend-baseline	Performance budget	2026-10-07T05:58:45.1486123Z ok    route /settings/profile/page: 167.1KB ≤ 200.0KB
frontend-baseline	Performance budget	2026-10-07T05:58:45.1486798Z    167.1KB  /settings/profile/page
frontend-baseline	Performance budget	2026-10-07T05:58:45.1611523Z ok    route /settings/security/page: 167.1KB ≤ 200.0KB
frontend-baseline	Performance budget	2026-10-07T05:58:45.1612108Z    167.1KB  /settings/security/page
frontend-baseline	Performance budget	2026-10-07T05:58:45.1720471Z ok    route /unauthorized/page: 141.1KB ≤ 200.0KB
frontend-baseline	Performance budget	2026-10-07T05:58:45.1721547Z    141.1KB  /unauthorized/page
frontend-baseline	Performance budget	2026-10-07T05:58:45.1721838Z 
frontend-baseline	Performance budget	2026-10-07T05:58:45.1722118Z 性能预算校验通过
frontend-baseline	Performance budget	2026-10-07T05:58:45.8136459Z ok    共享首屏 JS gzip: 139.4KB ≤ 250.0KB
frontend-baseline	Performance budget	2026-10-07T05:58:45.8139007Z ok    单 chunk gzip: 58.5KB ≤ 200.0KB
frontend-baseline	Performance budget	2026-10-07T05:58:45.8139647Z ok    CSS gzip: 4.4KB ≤ 60.0KB
frontend-baseline	Performance budget	2026-10-07T05:58:45.8140373Z 
frontend-baseline	Performance budget	2026-10-07T05:58:45.8140795Z 各路由首屏 JS gzip（含 polyfills；逐路由门禁）：
frontend-baseline	Performance budget	2026-10-07T05:58:45.8252215Z ok    route /_not-found/page: 140.4KB ≤ 200.0KB
frontend-baseline	Performance budget	2026-10-07T05:58:45.8252895Z    140.4KB  /_not-found/page
frontend-baseline	Performance budget	2026-10-07T05:58:45.8362944Z ok    route /access-request/page: 141.7KB ≤ 200.0KB
frontend-baseline	Performance budget	2026-10-07T05:58:45.8363642Z    141.7KB  /access-request/page
frontend-baseline	Performance budget	2026-10-07T05:58:45.8472581Z ok    route /architecture-security/page: 139.6KB ≤ 200.0KB
frontend-baseline	Performance budget	2026-10-07T05:58:45.8473782Z    139.6KB  /architecture-security/page
frontend-baseline	Performance budget	2026-10-07T05:58:45.8583258Z ok    route /docs/page: 141.7KB ≤ 200.0KB
frontend-baseline	Performance budget	2026-10-07T05:58:45.8691640Z    141.7KB  /docs/page
frontend-baseline	Performance budget	2026-10-07T05:58:45.8692364Z ok    route /layout: 139.6KB ≤ 200.0KB
frontend-baseline	Performance budget	2026-10-07T05:58:45.8693084Z    139.6KB  /layout
frontend-baseline	Performance budget	2026-10-07T05:58:45.8807629Z ok    route /login/page: 139.6KB ≤ 200.0KB
frontend-baseline	Performance budget	2026-10-07T05:58:45.8808185Z    139.6KB  /login/page
frontend-baseline	Performance budget	2026-10-07T05:58:45.8917365Z ok    route /page: 139.6KB ≤ 200.0KB
frontend-baseline	Performance budget	2026-10-07T05:58:45.8917900Z    139.6KB  /page
frontend-baseline	Performance budget	2026-10-07T05:58:45.9026417Z ok    route /product/page: 139.6KB ≤ 200.0KB
frontend-baseline	Performance budget	2026-10-07T05:58:45.9027001Z    139.6KB  /product/page
frontend-baseline	Performance budget	2026-10-07T05:58:45.9135215Z ok    route /robots.txt/route: 139.6KB ≤ 200.0KB
frontend-baseline	Performance budget	2026-10-07T05:58:45.9136059Z    139.6KB  /robots.txt/route
frontend-baseline	Performance budget	2026-10-07T05:58:45.9244818Z ok    route /sitemap.xml/route: 139.6KB ≤ 200.0KB
frontend-baseline	Performance budget	2026-10-07T05:58:45.9245460Z    139.6KB  /sitemap.xml/route
frontend-baseline	Performance budget	2026-10-07T05:58:45.9355397Z ok    route /use-cases/page: 139.6KB ≤ 200.0KB
frontend-baseline	Performance budget	2026-10-07T05:58:45.9356169Z    139.6KB  /use-cases/page
frontend-baseline	Performance budget	2026-10-07T05:58:45.9356425Z 
frontend-baseline	Performance budget	2026-10-07T05:58:45.9356698Z 性能预算校验通过
frontend-baseline	Visual baseline integrity	﻿2026-10-07T05:58:45.9435080Z ##[group]Run pnpm check:visual-baselines --platform linux
frontend-baseline	Visual baseline integrity	2026-10-07T05:58:45.9435945Z ^[[36;1mpnpm check:visual-baselines --platform linux^[[0m
frontend-baseline	Visual baseline integrity	2026-10-07T05:58:45.9498937Z shell: /usr/bin/bash -e {0}
frontend-baseline	Visual baseline integrity	2026-10-07T05:58:45.9499199Z env:
frontend-baseline	Visual baseline integrity	2026-10-07T05:58:45.9499467Z   QUANTOS_BFF_BASE: 2835e41fcaa9f3924e9f03f95c62727b9e6c69b9
frontend-baseline	Visual baseline integrity	2026-10-07T05:58:45.9499825Z   NEXT_PUBLIC_QUANTOS_ENV: local-mock
frontend-baseline	Visual baseline integrity	2026-10-07T05:58:45.9500143Z   NEXT_PUBLIC_SITE_ORIGIN: https://sumalpha.ai
frontend-baseline	Visual baseline integrity	2026-10-07T05:58:45.9500539Z   NEXT_PUBLIC_QUANTOS_TERMINAL_ORIGIN: http://localhost:3190
frontend-baseline	Visual baseline integrity	2026-10-07T05:58:45.9501133Z   NEXT_PUBLIC_QUANTOS_BFF_ORIGIN: http://localhost:4010
frontend-baseline	Visual baseline integrity	2026-10-07T05:58:45.9501515Z   NEXT_PUBLIC_QUANTOS_OIDC_ISSUER: https://mock.idp.local
frontend-baseline	Visual baseline integrity	2026-10-07T05:58:45.9501897Z   NEXT_PUBLIC_QUANTOS_OIDC_CLIENT_ID: quantos-terminal-ci
frontend-baseline	Visual baseline integrity	2026-10-07T05:58:45.9502336Z   NEXT_PUBLIC_QUANTOS_OIDC_REDIRECT_URI: http://localhost:3190/auth/callback
frontend-baseline	Visual baseline integrity	2026-10-07T05:58:45.9502752Z   NEXT_PUBLIC_QUANTOS_DEFAULT_MODE: paper
frontend-baseline	Visual baseline integrity	2026-10-07T05:58:45.9503043Z   NEXT_PUBLIC_QUANTOS_MOCK_ENABLED: true
frontend-baseline	Visual baseline integrity	2026-10-07T05:58:45.9503367Z   NEXT_PUBLIC_QUANTOS_OBS_ENABLED: false
frontend-baseline	Visual baseline integrity	2026-10-07T05:58:45.9503688Z   NEXT_PUBLIC_QUANTOS_FEATURE_ASSISTED_LIVE_TESTNET: off
frontend-baseline	Visual baseline integrity	2026-10-07T05:58:45.9504016Z   CARGO_HOME: /home/runner/.cargo
frontend-baseline	Visual baseline integrity	2026-10-07T05:58:45.9504273Z   CARGO_INCREMENTAL: 0
frontend-baseline	Visual baseline integrity	2026-10-07T05:58:45.9504496Z   CARGO_TERM_COLOR: always
frontend-baseline	Visual baseline integrity	2026-10-07T05:58:45.9504727Z ##[endgroup]
frontend-baseline	Visual baseline integrity	2026-10-07T05:58:46.2368356Z 
frontend-baseline	Visual baseline integrity	2026-10-07T05:58:46.2369169Z > @sumalpha/quantos@ check:visual-baselines /home/runner/work/QuantOS/QuantOS
frontend-baseline	Visual baseline integrity	2026-10-07T05:58:46.2369974Z > node scripts/check-visual-baselines.mjs --platform linux
frontend-baseline	Visual baseline integrity	2026-10-07T05:58:46.2370359Z 
frontend-baseline	Visual baseline integrity	2026-10-07T05:58:47.5100875Z {
frontend-baseline	Visual baseline integrity	2026-10-07T05:58:47.5101633Z   "schema": "quantos-visual-baselines/v1",
frontend-baseline	Visual baseline integrity	2026-10-07T05:58:47.5102320Z   "status": "PASS",
frontend-baseline	Visual baseline integrity	2026-10-07T05:58:47.5102678Z   "entries": 24
frontend-baseline	Visual baseline integrity	2026-10-07T05:58:47.5102993Z }
frontend-baseline	Terminal Playwright E2E + axe + available platform visuals	﻿2026-10-07T05:58:47.5310713Z ##[group]Run pnpm exec playwright test --project=chromium
frontend-baseline	Terminal Playwright E2E + axe + available platform visuals	2026-10-07T05:58:47.5311163Z ^[[36;1mpnpm exec playwright test --project=chromium^[[0m
frontend-baseline	Terminal Playwright E2E + axe + available platform visuals	2026-10-07T05:58:47.5374758Z shell: /usr/bin/bash -e {0}
frontend-baseline	Terminal Playwright E2E + axe + available platform visuals	2026-10-07T05:58:47.5375013Z env:
frontend-baseline	Terminal Playwright E2E + axe + available platform visuals	2026-10-07T05:58:47.5375278Z   QUANTOS_BFF_BASE: 2835e41fcaa9f3924e9f03f95c62727b9e6c69b9
frontend-baseline	Terminal Playwright E2E + axe + available platform visuals	2026-10-07T05:58:47.5376261Z   NEXT_PUBLIC_QUANTOS_ENV: local-mock
frontend-baseline	Terminal Playwright E2E + axe + available platform visuals	2026-10-07T05:58:47.5376593Z   NEXT_PUBLIC_SITE_ORIGIN: https://sumalpha.ai
frontend-baseline	Terminal Playwright E2E + axe + available platform visuals	2026-10-07T05:58:47.5376976Z   NEXT_PUBLIC_QUANTOS_TERMINAL_ORIGIN: http://localhost:3190
frontend-baseline	Terminal Playwright E2E + axe + available platform visuals	2026-10-07T05:58:47.5377377Z   NEXT_PUBLIC_QUANTOS_BFF_ORIGIN: http://localhost:4010
frontend-baseline	Terminal Playwright E2E + axe + available platform visuals	2026-10-07T05:58:47.5377764Z   NEXT_PUBLIC_QUANTOS_OIDC_ISSUER: https://mock.idp.local
frontend-baseline	Terminal Playwright E2E + axe + available platform visuals	2026-10-07T05:58:47.5378168Z   NEXT_PUBLIC_QUANTOS_OIDC_CLIENT_ID: quantos-terminal-ci
frontend-baseline	Terminal Playwright E2E + axe + available platform visuals	2026-10-07T05:58:47.5378601Z   NEXT_PUBLIC_QUANTOS_OIDC_REDIRECT_URI: http://localhost:3190/auth/callback
frontend-baseline	Terminal Playwright E2E + axe + available platform visuals	2026-10-07T05:58:47.5379022Z   NEXT_PUBLIC_QUANTOS_DEFAULT_MODE: paper
frontend-baseline	Terminal Playwright E2E + axe + available platform visuals	2026-10-07T05:58:47.5379318Z   NEXT_PUBLIC_QUANTOS_MOCK_ENABLED: true
frontend-baseline	Terminal Playwright E2E + axe + available platform visuals	2026-10-07T05:58:47.5379632Z   NEXT_PUBLIC_QUANTOS_OBS_ENABLED: false
frontend-baseline	Terminal Playwright E2E + axe + available platform visuals	2026-10-07T05:58:47.5379950Z   NEXT_PUBLIC_QUANTOS_FEATURE_ASSISTED_LIVE_TESTNET: off
frontend-baseline	Terminal Playwright E2E + axe + available platform visuals	2026-10-07T05:58:47.5380272Z   CARGO_HOME: /home/runner/.cargo
frontend-baseline	Terminal Playwright E2E + axe + available platform visuals	2026-10-07T05:58:47.5380526Z   CARGO_INCREMENTAL: 0
frontend-baseline	Terminal Playwright E2E + axe + available platform visuals	2026-10-07T05:58:47.5380748Z   CARGO_TERM_COLOR: always
frontend-baseline	Terminal Playwright E2E + axe + available platform visuals	2026-10-07T05:58:47.5380972Z ##[endgroup]
frontend-baseline	Terminal Playwright E2E + axe + available platform visuals	2026-10-07T05:58:49.5506955Z 
frontend-baseline	Terminal Playwright E2E + axe + available platform visuals	2026-10-07T05:58:49.5507643Z Running 27 tests using 2 workers
frontend-baseline	Terminal Playwright E2E + axe + available platform visuals	2026-10-07T05:59:03.0952255Z ···························
frontend-baseline	Terminal Playwright E2E + axe + available platform visuals	2026-10-07T05:59:03.0955838Z   27 passed (14.8s)
frontend-baseline	Terminal Playwright E2E + axe + available platform visuals	2026-10-07T05:59:03.0984045Z ##[notice]  27 passed (14.8s)
frontend-baseline	Website Playwright E2E + axe	﻿2026-10-07T05:59:03.1278452Z ##[group]Run pnpm test:browser:website --project=chromium
frontend-baseline	Website Playwright E2E + axe	2026-10-07T05:59:03.1278880Z ^[[36;1mpnpm test:browser:website --project=chromium^[[0m
frontend-baseline	Website Playwright E2E + axe	2026-10-07T05:59:03.1341528Z shell: /usr/bin/bash -e {0}
frontend-baseline	Website Playwright E2E + axe	2026-10-07T05:59:03.1341788Z env:
frontend-baseline	Website Playwright E2E + axe	2026-10-07T05:59:03.1342060Z   QUANTOS_BFF_BASE: 2835e41fcaa9f3924e9f03f95c62727b9e6c69b9
frontend-baseline	Website Playwright E2E + axe	2026-10-07T05:59:03.1342422Z   NEXT_PUBLIC_QUANTOS_ENV: local-mock
frontend-baseline	Website Playwright E2E + axe	2026-10-07T05:59:03.1342743Z   NEXT_PUBLIC_SITE_ORIGIN: https://sumalpha.ai
frontend-baseline	Website Playwright E2E + axe	2026-10-07T05:59:03.1343145Z   NEXT_PUBLIC_QUANTOS_TERMINAL_ORIGIN: http://localhost:3190
frontend-baseline	Website Playwright E2E + axe	2026-10-07T05:59:03.1343544Z   NEXT_PUBLIC_QUANTOS_BFF_ORIGIN: http://localhost:4010
frontend-baseline	Website Playwright E2E + axe	2026-10-07T05:59:03.1343925Z   NEXT_PUBLIC_QUANTOS_OIDC_ISSUER: https://mock.idp.local
frontend-baseline	Website Playwright E2E + axe	2026-10-07T05:59:03.1344320Z   NEXT_PUBLIC_QUANTOS_OIDC_CLIENT_ID: quantos-terminal-ci
frontend-baseline	Website Playwright E2E + axe	2026-10-07T05:59:03.1344757Z   NEXT_PUBLIC_QUANTOS_OIDC_REDIRECT_URI: http://localhost:3190/auth/callback
frontend-baseline	Website Playwright E2E + axe	2026-10-07T05:59:03.1345186Z   NEXT_PUBLIC_QUANTOS_DEFAULT_MODE: paper
frontend-baseline	Website Playwright E2E + axe	2026-10-07T05:59:03.1345951Z   NEXT_PUBLIC_QUANTOS_MOCK_ENABLED: true
frontend-baseline	Website Playwright E2E + axe	2026-10-07T05:59:03.1346277Z   NEXT_PUBLIC_QUANTOS_OBS_ENABLED: false
frontend-baseline	Website Playwright E2E + axe	2026-10-07T05:59:03.1346599Z   NEXT_PUBLIC_QUANTOS_FEATURE_ASSISTED_LIVE_TESTNET: off
frontend-baseline	Website Playwright E2E + axe	2026-10-07T05:59:03.1346927Z   CARGO_HOME: /home/runner/.cargo
frontend-baseline	Website Playwright E2E + axe	2026-10-07T05:59:03.1347181Z   CARGO_INCREMENTAL: 0
frontend-baseline	Website Playwright E2E + axe	2026-10-07T05:59:03.1347400Z   CARGO_TERM_COLOR: always
frontend-baseline	Website Playwright E2E + axe	2026-10-07T05:59:03.1347625Z ##[endgroup]
frontend-baseline	Website Playwright E2E + axe	2026-10-07T05:59:03.4211977Z 
frontend-baseline	Website Playwright E2E + axe	2026-10-07T05:59:03.4212643Z > @sumalpha/quantos@ test:browser:website /home/runner/work/QuantOS/QuantOS
frontend-baseline	Website Playwright E2E + axe	2026-10-07T05:59:03.4213738Z > node scripts/check-pre06.mjs && playwright test --config playwright.website.config.ts --project=chromium
frontend-baseline	Website Playwright E2E + axe	2026-10-07T05:59:03.4214253Z 
frontend-baseline	Website Playwright E2E + axe	2026-10-07T05:59:05.2702182Z {
frontend-baseline	Website Playwright E2E + axe	2026-10-07T05:59:05.2702826Z   "schema": "quantos-pre06/v1",
frontend-baseline	Website Playwright E2E + axe	2026-10-07T05:59:05.2703357Z   "status": "PASS",
frontend-baseline	Website Playwright E2E + axe	2026-10-07T05:59:05.2703799Z   "bff_operations": 62,
frontend-baseline	Website Playwright E2E + axe	2026-10-07T05:59:05.2704243Z   "bff_schemas": 52,
frontend-baseline	Website Playwright E2E + axe	2026-10-07T05:59:05.2704697Z   "visual_baselines": 24
frontend-baseline	Website Playwright E2E + axe	2026-10-07T05:59:05.2705208Z }
frontend-baseline	Website Playwright E2E + axe	2026-10-07T05:59:06.9473810Z 
frontend-baseline	Website Playwright E2E + axe	2026-10-07T05:59:06.9474719Z Running 18 tests using 2 workers
frontend-baseline	Website Playwright E2E + axe	2026-10-07T05:59:16.5934940Z ··················
frontend-baseline	Website Playwright E2E + axe	2026-10-07T05:59:16.5939369Z   18 passed (10.8s)
frontend-baseline	Website Playwright E2E + axe	2026-10-07T05:59:16.5946063Z ##[notice]  18 passed (10.8s)
frontend-baseline	Sabotage self-test (schema/permission/sensitive-field/visual must fail the gates)	﻿2026-10-07T05:59:16.6227487Z ##[group]Run node scripts/pre06-sabotage-check.mjs
frontend-baseline	Sabotage self-test (schema/permission/sensitive-field/visual must fail the gates)	2026-10-07T05:59:16.6227902Z ^[[36;1mnode scripts/pre06-sabotage-check.mjs^[[0m
frontend-baseline	Sabotage self-test (schema/permission/sensitive-field/visual must fail the gates)	2026-10-07T05:59:16.6290987Z shell: /usr/bin/bash -e {0}
frontend-baseline	Sabotage self-test (schema/permission/sensitive-field/visual must fail the gates)	2026-10-07T05:59:16.6291249Z env:
frontend-baseline	Sabotage self-test (schema/permission/sensitive-field/visual must fail the gates)	2026-10-07T05:59:16.6291519Z   QUANTOS_BFF_BASE: 2835e41fcaa9f3924e9f03f95c62727b9e6c69b9
frontend-baseline	Sabotage self-test (schema/permission/sensitive-field/visual must fail the gates)	2026-10-07T05:59:16.6291879Z   NEXT_PUBLIC_QUANTOS_ENV: local-mock
frontend-baseline	Sabotage self-test (schema/permission/sensitive-field/visual must fail the gates)	2026-10-07T05:59:16.6292203Z   NEXT_PUBLIC_SITE_ORIGIN: https://sumalpha.ai
frontend-baseline	Sabotage self-test (schema/permission/sensitive-field/visual must fail the gates)	2026-10-07T05:59:16.6292592Z   NEXT_PUBLIC_QUANTOS_TERMINAL_ORIGIN: http://localhost:3190
frontend-baseline	Sabotage self-test (schema/permission/sensitive-field/visual must fail the gates)	2026-10-07T05:59:16.6292998Z   NEXT_PUBLIC_QUANTOS_BFF_ORIGIN: http://localhost:4010
frontend-baseline	Sabotage self-test (schema/permission/sensitive-field/visual must fail the gates)	2026-10-07T05:59:16.6293379Z   NEXT_PUBLIC_QUANTOS_OIDC_ISSUER: https://mock.idp.local
frontend-baseline	Sabotage self-test (schema/permission/sensitive-field/visual must fail the gates)	2026-10-07T05:59:16.6293774Z   NEXT_PUBLIC_QUANTOS_OIDC_CLIENT_ID: quantos-terminal-ci
frontend-baseline	Sabotage self-test (schema/permission/sensitive-field/visual must fail the gates)	2026-10-07T05:59:16.6294211Z   NEXT_PUBLIC_QUANTOS_OIDC_REDIRECT_URI: http://localhost:3190/auth/callback
frontend-baseline	Sabotage self-test (schema/permission/sensitive-field/visual must fail the gates)	2026-10-07T05:59:16.6294638Z   NEXT_PUBLIC_QUANTOS_DEFAULT_MODE: paper
frontend-baseline	Sabotage self-test (schema/permission/sensitive-field/visual must fail the gates)	2026-10-07T05:59:16.6294930Z   NEXT_PUBLIC_QUANTOS_MOCK_ENABLED: true
frontend-baseline	Sabotage self-test (schema/permission/sensitive-field/visual must fail the gates)	2026-10-07T05:59:16.6295247Z   NEXT_PUBLIC_QUANTOS_OBS_ENABLED: false
frontend-baseline	Sabotage self-test (schema/permission/sensitive-field/visual must fail the gates)	2026-10-07T05:59:16.6295832Z   NEXT_PUBLIC_QUANTOS_FEATURE_ASSISTED_LIVE_TESTNET: off
frontend-baseline	Sabotage self-test (schema/permission/sensitive-field/visual must fail the gates)	2026-10-07T05:59:16.6296186Z   CARGO_HOME: /home/runner/.cargo
frontend-baseline	Sabotage self-test (schema/permission/sensitive-field/visual must fail the gates)	2026-10-07T05:59:16.6296451Z   CARGO_INCREMENTAL: 0
frontend-baseline	Sabotage self-test (schema/permission/sensitive-field/visual must fail the gates)	2026-10-07T05:59:16.6296675Z   CARGO_TERM_COLOR: always
frontend-baseline	Sabotage self-test (schema/permission/sensitive-field/visual must fail the gates)	2026-10-07T05:59:16.6296901Z ##[endgroup]
frontend-baseline	Sabotage self-test (schema/permission/sensitive-field/visual must fail the gates)	2026-10-07T05:59:18.5134085Z ok    schema 破坏（缺 required 字段） 已被门禁捕获（schema: / must have required property 'expiresAt'）
frontend-baseline	Sabotage self-test (schema/permission/sensitive-field/visual must fail the gates)	2026-10-07T05:59:18.5140087Z ok    权限破坏（executable=true） 已被门禁捕获（schema: /executable must be equal to one of the allowed values）
frontend-baseline	Sabotage self-test (schema/permission/sensitive-field/visual must fail the gates)	2026-10-07T05:59:18.5141736Z ok    敏感字段破坏（venueApiKey） 已被门禁捕获（敏感字段命中：$.venueApiKey）
frontend-baseline	Sabotage self-test (schema/permission/sensitive-field/visual must fail the gates)	2026-10-07T05:59:20.0364436Z ok    视觉基线完整性破坏 已被门禁捕获（sha256 mismatch: tests/e2e/command.spec.ts-snapshots/command-1440-dark-chromium-darwin.png）
frontend-baseline	Sabotage self-test (schema/permission/sensitive-field/visual must fail the gates)	2026-10-07T05:59:20.0622321Z ok    视觉基线像素破坏（5% 像素变更） 已被门禁捕获（diff=4.80% > 阈值 0.5%）
frontend-baseline	Sabotage self-test (schema/permission/sensitive-field/visual must fail the gates)	2026-10-07T05:59:20.0622716Z 
frontend-baseline	Sabotage self-test (schema/permission/sensitive-field/visual must fail the gates)	2026-10-07T05:59:20.0869247Z PRE-06 破坏自检通过：四类故意破坏均被门禁捕获
frontend-baseline	Archive browser reports and failure attachments	﻿2026-10-07T05:59:20.0922777Z ##[group]Run actions/upload-artifact@v4
frontend-baseline	Archive browser reports and failure attachments	2026-10-07T05:59:20.0923119Z with:
frontend-baseline	Archive browser reports and failure attachments	2026-10-07T05:59:20.0923346Z   name: frontend-browser-evidence
frontend-baseline	Archive browser reports and failure attachments	2026-10-07T05:59:20.0923620Z   path: artifacts/browser/
frontend-baseline	Archive browser reports and failure attachments	2026-10-07T05:59:20.0923866Z   retention-days: 14
frontend-baseline	Archive browser reports and failure attachments	2026-10-07T05:59:20.0924090Z   if-no-files-found: warn
frontend-baseline	Archive browser reports and failure attachments	2026-10-07T05:59:20.0924326Z   compression-level: 6
frontend-baseline	Archive browser reports and failure attachments	2026-10-07T05:59:20.0924554Z   overwrite: false
frontend-baseline	Archive browser reports and failure attachments	2026-10-07T05:59:20.0924775Z   include-hidden-files: false
frontend-baseline	Archive browser reports and failure attachments	2026-10-07T05:59:20.0925009Z env:
frontend-baseline	Archive browser reports and failure attachments	2026-10-07T05:59:20.0925257Z   QUANTOS_BFF_BASE: 2835e41fcaa9f3924e9f03f95c62727b9e6c69b9
frontend-baseline	Archive browser reports and failure attachments	2026-10-07T05:59:20.0926431Z   NEXT_PUBLIC_QUANTOS_ENV: local-mock
frontend-baseline	Archive browser reports and failure attachments	2026-10-07T05:59:20.0926769Z   NEXT_PUBLIC_SITE_ORIGIN: https://sumalpha.ai
frontend-baseline	Archive browser reports and failure attachments	2026-10-07T05:59:20.0927388Z   NEXT_PUBLIC_QUANTOS_TERMINAL_ORIGIN: http://localhost:3190
frontend-baseline	Archive browser reports and failure attachments	2026-10-07T05:59:20.0927804Z   NEXT_PUBLIC_QUANTOS_BFF_ORIGIN: http://localhost:4010
frontend-baseline	Archive browser reports and failure attachments	2026-10-07T05:59:20.0928203Z   NEXT_PUBLIC_QUANTOS_OIDC_ISSUER: https://mock.idp.local
frontend-baseline	Archive browser reports and failure attachments	2026-10-07T05:59:20.0928589Z   NEXT_PUBLIC_QUANTOS_OIDC_CLIENT_ID: quantos-terminal-ci
frontend-baseline	Archive browser reports and failure attachments	2026-10-07T05:59:20.0929057Z   NEXT_PUBLIC_QUANTOS_OIDC_REDIRECT_URI: http://localhost:3190/auth/callback
frontend-baseline	Archive browser reports and failure attachments	2026-10-07T05:59:20.0929468Z   NEXT_PUBLIC_QUANTOS_DEFAULT_MODE: paper
frontend-baseline	Archive browser reports and failure attachments	2026-10-07T05:59:20.0929760Z   NEXT_PUBLIC_QUANTOS_MOCK_ENABLED: true
frontend-baseline	Archive browser reports and failure attachments	2026-10-07T05:59:20.0930050Z   NEXT_PUBLIC_QUANTOS_OBS_ENABLED: false
frontend-baseline	Archive browser reports and failure attachments	2026-10-07T05:59:20.0930367Z   NEXT_PUBLIC_QUANTOS_FEATURE_ASSISTED_LIVE_TESTNET: off
frontend-baseline	Archive browser reports and failure attachments	2026-10-07T05:59:20.0930690Z   CARGO_HOME: /home/runner/.cargo
frontend-baseline	Archive browser reports and failure attachments	2026-10-07T05:59:20.0930942Z   CARGO_INCREMENTAL: 0
frontend-baseline	Archive browser reports and failure attachments	2026-10-07T05:59:20.0931173Z   CARGO_TERM_COLOR: always
frontend-baseline	Archive browser reports and failure attachments	2026-10-07T05:59:20.0931396Z ##[endgroup]
frontend-baseline	Archive browser reports and failure attachments	2026-10-07T05:59:20.2615067Z (node:18597) [DEP0040] DeprecationWarning: The `punycode` module is deprecated. Please use a userland alternative instead.
frontend-baseline	Archive browser reports and failure attachments	2026-10-07T05:59:20.2616302Z (Use `node --trace-deprecation ...` to show where the warning was created)
frontend-baseline	Archive browser reports and failure attachments	2026-10-07T05:59:20.2693338Z With the provided path, there will be 2 files uploaded
frontend-baseline	Archive browser reports and failure attachments	2026-10-07T05:59:20.2700599Z Artifact name is valid!
frontend-baseline	Archive browser reports and failure attachments	2026-10-07T05:59:20.2702605Z Root directory input is valid!
frontend-baseline	Archive browser reports and failure attachments	2026-10-07T05:59:20.6402486Z Beginning upload of artifact content to blob storage
frontend-baseline	Archive browser reports and failure attachments	2026-10-07T05:59:20.6642177Z (node:18597) [DEP0169] DeprecationWarning: `url.parse()` behavior is not standardized and prone to errors that have security implications. Use the WHATWG URL API instead. CVEs are not issued for `url.parse()` vulnerabilities.
frontend-baseline	Archive browser reports and failure attachments	2026-10-07T05:59:20.9212415Z Uploaded bytes 7308
frontend-baseline	Archive browser reports and failure attachments	2026-10-07T05:59:20.9943277Z Finished uploading artifact content to blob storage!
frontend-baseline	Archive browser reports and failure attachments	2026-10-07T05:59:20.9944522Z SHA256 digest of uploaded artifact zip is 73194cd5e5bdbc529c49cc452f0c2e1ed591d05874106b1ecf57e39e4b60763f
frontend-baseline	Archive browser reports and failure attachments	2026-10-07T05:59:20.9945857Z Finalizing artifact upload
frontend-baseline	Archive browser reports and failure attachments	2026-10-07T05:59:21.3084394Z Artifact frontend-browser-evidence.zip successfully finalized. Artifact ID 11464195601
frontend-baseline	Archive browser reports and failure attachments	2026-10-07T05:59:21.3086666Z Artifact frontend-browser-evidence has been successfully uploaded! Final size is 7308 bytes. Artifact ID is 11464195601
frontend-baseline	Archive browser reports and failure attachments	2026-10-07T05:59:21.3092526Z Artifact download URL: https://github.com/SumAlphaAI/QuantOS/actions/runs/37578281222/artifacts/11464195601
frontend-baseline	Post Setup Node	﻿2026-10-07T05:59:21.3266874Z Post job cleanup.
frontend-baseline	Post Setup Node	2026-10-07T05:59:21.4492362Z (node:18612) [DEP0040] DeprecationWarning: The `punycode` module is deprecated. Please use a userland alternative instead.
frontend-baseline	Post Setup Node	2026-10-07T05:59:21.4493845Z (Use `node --trace-deprecation ...` to show where the warning was created)
frontend-baseline	Post Checkout repository	﻿2026-10-07T05:59:21.4652363Z Post job cleanup.
frontend-baseline	Post Checkout repository	2026-10-07T05:59:21.5646093Z [command]/usr/bin/git version
frontend-baseline	Post Checkout repository	2026-10-07T05:59:21.5694485Z git version 2.55.0
frontend-baseline	Post Checkout repository	2026-10-07T05:59:21.5738285Z Temporarily overriding HOME='/home/runner/work/_temp/fcc033de-b448-451a-a30d-b273e544649f' before making global git config changes
frontend-baseline	Post Checkout repository	2026-10-07T05:59:21.5740108Z Adding repository directory to the temporary git global config as a safe directory
frontend-baseline	Post Checkout repository	2026-10-07T05:59:21.5744783Z [command]/usr/bin/git config --global --add safe.directory /home/runner/work/QuantOS/QuantOS
frontend-baseline	Post Checkout repository	2026-10-07T05:59:21.5791239Z [command]/usr/bin/git config --local --name-only --get-regexp core\.sshCommand
frontend-baseline	Post Checkout repository	2026-10-07T05:59:21.5832781Z [command]/usr/bin/git submodule foreach --recursive sh -c "git config --local --name-only --get-regexp 'core\.sshCommand' && git config --local --unset-all 'core.sshCommand' || :"
frontend-baseline	Post Checkout repository	2026-10-07T05:59:21.6086785Z Entering 'third_party/vibe-trading/upstream-src'
frontend-baseline	Post Checkout repository	2026-10-07T05:59:21.6156941Z [command]/usr/bin/git config --local --name-only --get-regexp http\.https\:\/\/github\.com\/\.extraheader
frontend-baseline	Post Checkout repository	2026-10-07T05:59:21.6184024Z http.https://github.com/.extraheader
frontend-baseline	Post Checkout repository	2026-10-07T05:59:21.6197451Z [command]/usr/bin/git config --local --unset-all http.https://github.com/.extraheader
frontend-baseline	Post Checkout repository	2026-10-07T05:59:21.6239806Z [command]/usr/bin/git submodule foreach --recursive sh -c "git config --local --name-only --get-regexp 'http\.https\:\/\/github\.com\/\.extraheader' && git config --local --unset-all 'http.https://github.com/.extraheader' || :"
frontend-baseline	Post Checkout repository	2026-10-07T05:59:21.6507374Z Entering 'third_party/vibe-trading/upstream-src'
frontend-baseline	Post Checkout repository	2026-10-07T05:59:21.6534178Z http.https://github.com/.extraheader
frontend-baseline	Post Checkout repository	2026-10-07T05:59:21.6594052Z [command]/usr/bin/git config --local --name-only --get-regexp ^includeIf\.gitdir:
frontend-baseline	Post Checkout repository	2026-10-07T05:59:21.6642006Z [command]/usr/bin/git submodule foreach --recursive git config --local --show-origin --name-only --get-regexp remote.origin.url
frontend-baseline	Post Checkout repository	2026-10-07T05:59:21.6874399Z Entering 'third_party/vibe-trading/upstream-src'
frontend-baseline	Post Checkout repository	2026-10-07T05:59:21.6893731Z file:/home/runner/work/QuantOS/QuantOS/.git/modules/vibe-trading-upstream/config	remote.origin.url
frontend-baseline	Post Checkout repository	2026-10-07T05:59:21.6933522Z [command]/usr/bin/git config --file /home/runner/work/QuantOS/QuantOS/.git/modules/vibe-trading-upstream/config --name-only --get-regexp ^includeIf\.gitdir:
frontend-baseline	Complete job	﻿2026-10-07T05:59:21.7106474Z Cleaning up orphan processes
frontend-baseline	Complete job	2026-10-07T05:59:21.7477226Z ##[warning]Node.js 20 is deprecated. The following actions target Node.js 20 but are being forced to run on Node.js 24: actions/checkout@v4, actions/setup-node@v4, actions/upload-artifact@v4. For more information see: https://github.blog/changelog/2025-09-19-deprecation-of-node-20-on-github-actions-runners/
