// @generated
// This file is @generated by prost-build.
#[allow(clippy::derive_partial_eq_without_eq)]
#[derive(Clone, PartialEq, ::prost::Message)]
pub struct TradeProposal {
    #[prost(message, optional, tag="1")]
    pub metadata: ::core::option::Option<super::super::common::v1::CommandMetadata>,
    #[prost(string, tag="2")]
    pub proposal_id: ::prost::alloc::string::String,
    #[prost(string, tag="3")]
    pub account_id: ::prost::alloc::string::String,
    #[prost(string, tag="4")]
    pub symbol: ::prost::alloc::string::String,
    #[prost(enumeration="ProposalAction", tag="5")]
    pub action: i32,
    #[prost(message, optional, tag="6")]
    pub quantity: ::core::option::Option<super::super::common::v1::DecimalValue>,
    #[prost(message, optional, tag="7")]
    pub notional: ::core::option::Option<super::super::common::v1::DecimalValue>,
    #[prost(message, optional, tag="8")]
    pub limit_price: ::core::option::Option<super::super::common::v1::DecimalValue>,
    #[prost(message, optional, tag="9")]
    pub stop_price: ::core::option::Option<super::super::common::v1::DecimalValue>,
    #[prost(message, optional, tag="10")]
    pub signal: ::core::option::Option<super::super::strategy::v1::Signal>,
    #[prost(message, repeated, tag="11")]
    pub evidence_refs: ::prost::alloc::vec::Vec<super::super::common::v1::EvidenceRef>,
    #[prost(string, tag="12")]
    pub rationale: ::prost::alloc::string::String,
    #[prost(message, optional, tag="13")]
    pub confidence: ::core::option::Option<super::super::common::v1::DecimalValue>,
    #[prost(message, optional, tag="14")]
    pub expires_at: ::core::option::Option<super::super::super::google::protobuf::Timestamp>,
    #[prost(bool, tag="15")]
    pub executable: bool,
}
impl ::prost::Name for TradeProposal {
const NAME: &'static str = "TradeProposal";
const PACKAGE: &'static str = "quantos.trading.v1";
fn full_name() -> ::prost::alloc::string::String { "quantos.trading.v1.TradeProposal".into() }fn type_url() -> ::prost::alloc::string::String { "/quantos.trading.v1.TradeProposal".into() }}
#[allow(clippy::derive_partial_eq_without_eq)]
#[derive(Clone, PartialEq, ::prost::Message)]
pub struct RiskDecision {
    #[prost(message, optional, tag="1")]
    pub metadata: ::core::option::Option<super::super::common::v1::CommandMetadata>,
    #[prost(string, tag="2")]
    pub decision_id: ::prost::alloc::string::String,
    #[prost(string, tag="3")]
    pub proposal_id: ::prost::alloc::string::String,
    #[prost(enumeration="RiskVerdict", tag="4")]
    pub verdict: i32,
    #[prost(string, repeated, tag="5")]
    pub hit_rules: ::prost::alloc::vec::Vec<::prost::alloc::string::String>,
    #[prost(string, repeated, tag="6")]
    pub limit_ids: ::prost::alloc::vec::Vec<::prost::alloc::string::String>,
    #[prost(string, tag="7")]
    pub signer: ::prost::alloc::string::String,
    #[prost(string, tag="8")]
    pub reason: ::prost::alloc::string::String,
    #[prost(message, optional, tag="9")]
    pub decided_at: ::core::option::Option<super::super::super::google::protobuf::Timestamp>,
}
impl ::prost::Name for RiskDecision {
const NAME: &'static str = "RiskDecision";
const PACKAGE: &'static str = "quantos.trading.v1";
fn full_name() -> ::prost::alloc::string::String { "quantos.trading.v1.RiskDecision".into() }fn type_url() -> ::prost::alloc::string::String { "/quantos.trading.v1.RiskDecision".into() }}
#[allow(clippy::derive_partial_eq_without_eq)]
#[derive(Clone, PartialEq, ::prost::Message)]
pub struct TradeCommand {
    #[prost(message, optional, tag="1")]
    pub metadata: ::core::option::Option<super::super::common::v1::CommandMetadata>,
    #[prost(string, tag="2")]
    pub command_id: ::prost::alloc::string::String,
    #[prost(string, tag="3")]
    pub decision_id: ::prost::alloc::string::String,
    #[prost(string, tag="4")]
    pub account_id: ::prost::alloc::string::String,
    #[prost(string, tag="5")]
    pub venue: ::prost::alloc::string::String,
    #[prost(enumeration="VenueKind", tag="6")]
    pub venue_kind: i32,
    #[prost(string, tag="7")]
    pub symbol: ::prost::alloc::string::String,
    #[prost(enumeration="OrderIntentType", tag="8")]
    pub intent: i32,
    #[prost(enumeration="OrderSide", tag="9")]
    pub side: i32,
    #[prost(message, optional, tag="10")]
    pub quantity: ::core::option::Option<super::super::common::v1::DecimalValue>,
    #[prost(message, optional, tag="11")]
    pub limit_price: ::core::option::Option<super::super::common::v1::DecimalValue>,
    #[prost(message, optional, tag="12")]
    pub stop_price: ::core::option::Option<super::super::common::v1::DecimalValue>,
    #[prost(string, tag="13")]
    pub idempotency_key: ::prost::alloc::string::String,
    #[prost(string, tag="14")]
    pub approval_signature: ::prost::alloc::string::String,
    #[prost(message, optional, tag="15")]
    pub expires_at: ::core::option::Option<super::super::super::google::protobuf::Timestamp>,
}
impl ::prost::Name for TradeCommand {
const NAME: &'static str = "TradeCommand";
const PACKAGE: &'static str = "quantos.trading.v1";
fn full_name() -> ::prost::alloc::string::String { "quantos.trading.v1.TradeCommand".into() }fn type_url() -> ::prost::alloc::string::String { "/quantos.trading.v1.TradeCommand".into() }}
#[allow(clippy::derive_partial_eq_without_eq)]
#[derive(Clone, PartialEq, ::prost::Message)]
pub struct Order {
    #[prost(message, optional, tag="1")]
    pub metadata: ::core::option::Option<super::super::common::v1::CommandMetadata>,
    #[prost(string, tag="2")]
    pub order_id: ::prost::alloc::string::String,
    #[prost(string, tag="3")]
    pub command_id: ::prost::alloc::string::String,
    #[prost(string, tag="4")]
    pub venue_order_id: ::prost::alloc::string::String,
    #[prost(string, tag="5")]
    pub account_id: ::prost::alloc::string::String,
    #[prost(string, tag="6")]
    pub symbol: ::prost::alloc::string::String,
    #[prost(enumeration="OrderSide", tag="7")]
    pub side: i32,
    #[prost(enumeration="OrderIntentType", tag="8")]
    pub intent: i32,
    #[prost(message, optional, tag="9")]
    pub quantity: ::core::option::Option<super::super::common::v1::DecimalValue>,
    #[prost(message, optional, tag="10")]
    pub filled_quantity: ::core::option::Option<super::super::common::v1::DecimalValue>,
    #[prost(message, optional, tag="11")]
    pub average_fill_price: ::core::option::Option<super::super::common::v1::DecimalValue>,
    #[prost(enumeration="OrderStatus", tag="12")]
    pub status: i32,
    #[prost(message, optional, tag="13")]
    pub submitted_at: ::core::option::Option<super::super::super::google::protobuf::Timestamp>,
    #[prost(message, optional, tag="14")]
    pub updated_at: ::core::option::Option<super::super::super::google::protobuf::Timestamp>,
}
impl ::prost::Name for Order {
const NAME: &'static str = "Order";
const PACKAGE: &'static str = "quantos.trading.v1";
fn full_name() -> ::prost::alloc::string::String { "quantos.trading.v1.Order".into() }fn type_url() -> ::prost::alloc::string::String { "/quantos.trading.v1.Order".into() }}
#[allow(clippy::derive_partial_eq_without_eq)]
#[derive(Clone, PartialEq, ::prost::Message)]
pub struct Fill {
    #[prost(message, optional, tag="1")]
    pub metadata: ::core::option::Option<super::super::common::v1::CommandMetadata>,
    #[prost(string, tag="2")]
    pub fill_id: ::prost::alloc::string::String,
    #[prost(string, tag="3")]
    pub order_id: ::prost::alloc::string::String,
    #[prost(string, tag="4")]
    pub venue_fill_id: ::prost::alloc::string::String,
    #[prost(string, tag="5")]
    pub symbol: ::prost::alloc::string::String,
    #[prost(message, optional, tag="6")]
    pub quantity: ::core::option::Option<super::super::common::v1::DecimalValue>,
    #[prost(message, optional, tag="7")]
    pub price: ::core::option::Option<super::super::common::v1::DecimalValue>,
    #[prost(message, optional, tag="8")]
    pub fee: ::core::option::Option<super::super::common::v1::MoneyValue>,
    #[prost(message, optional, tag="9")]
    pub filled_at: ::core::option::Option<super::super::super::google::protobuf::Timestamp>,
}
impl ::prost::Name for Fill {
const NAME: &'static str = "Fill";
const PACKAGE: &'static str = "quantos.trading.v1";
fn full_name() -> ::prost::alloc::string::String { "quantos.trading.v1.Fill".into() }fn type_url() -> ::prost::alloc::string::String { "/quantos.trading.v1.Fill".into() }}
#[allow(clippy::derive_partial_eq_without_eq)]
#[derive(Clone, PartialEq, ::prost::Message)]
pub struct Position {
    #[prost(message, optional, tag="1")]
    pub metadata: ::core::option::Option<super::super::common::v1::CommandMetadata>,
    #[prost(string, tag="2")]
    pub position_id: ::prost::alloc::string::String,
    #[prost(string, tag="3")]
    pub account_id: ::prost::alloc::string::String,
    #[prost(string, tag="4")]
    pub symbol: ::prost::alloc::string::String,
    #[prost(enumeration="PositionSide", tag="5")]
    pub side: i32,
    #[prost(message, optional, tag="6")]
    pub quantity: ::core::option::Option<super::super::common::v1::DecimalValue>,
    #[prost(message, optional, tag="7")]
    pub average_entry_price: ::core::option::Option<super::super::common::v1::DecimalValue>,
    #[prost(message, optional, tag="8")]
    pub mark_value: ::core::option::Option<super::super::common::v1::MoneyValue>,
    #[prost(message, optional, tag="9")]
    pub unrealized_pnl: ::core::option::Option<super::super::common::v1::MoneyValue>,
    #[prost(message, optional, tag="10")]
    pub as_of: ::core::option::Option<super::super::super::google::protobuf::Timestamp>,
}
impl ::prost::Name for Position {
const NAME: &'static str = "Position";
const PACKAGE: &'static str = "quantos.trading.v1";
fn full_name() -> ::prost::alloc::string::String { "quantos.trading.v1.Position".into() }fn type_url() -> ::prost::alloc::string::String { "/quantos.trading.v1.Position".into() }}
#[derive(Clone, Copy, Debug, PartialEq, Eq, Hash, PartialOrd, Ord, ::prost::Enumeration)]
#[repr(i32)]
pub enum VenueKind {
    Unspecified = 0,
    Cex = 1,
    Dex = 2,
}
impl VenueKind {
    /// String value of the enum field names used in the ProtoBuf definition.
    ///
    /// The values are not transformed in any way and thus are considered stable
    /// (if the ProtoBuf definition does not change) and safe for programmatic use.
    pub fn as_str_name(&self) -> &'static str {
        match self {
            VenueKind::Unspecified => "VENUE_KIND_UNSPECIFIED",
            VenueKind::Cex => "VENUE_KIND_CEX",
            VenueKind::Dex => "VENUE_KIND_DEX",
        }
    }
    /// Creates an enum from field names used in the ProtoBuf definition.
    pub fn from_str_name(value: &str) -> ::core::option::Option<Self> {
        match value {
            "VENUE_KIND_UNSPECIFIED" => Some(Self::Unspecified),
            "VENUE_KIND_CEX" => Some(Self::Cex),
            "VENUE_KIND_DEX" => Some(Self::Dex),
            _ => None,
        }
    }
}
#[derive(Clone, Copy, Debug, PartialEq, Eq, Hash, PartialOrd, Ord, ::prost::Enumeration)]
#[repr(i32)]
pub enum ProposalAction {
    Unspecified = 0,
    Buy = 1,
    Sell = 2,
    Hold = 3,
    Reduce = 4,
}
impl ProposalAction {
    /// String value of the enum field names used in the ProtoBuf definition.
    ///
    /// The values are not transformed in any way and thus are considered stable
    /// (if the ProtoBuf definition does not change) and safe for programmatic use.
    pub fn as_str_name(&self) -> &'static str {
        match self {
            ProposalAction::Unspecified => "PROPOSAL_ACTION_UNSPECIFIED",
            ProposalAction::Buy => "PROPOSAL_ACTION_BUY",
            ProposalAction::Sell => "PROPOSAL_ACTION_SELL",
            ProposalAction::Hold => "PROPOSAL_ACTION_HOLD",
            ProposalAction::Reduce => "PROPOSAL_ACTION_REDUCE",
        }
    }
    /// Creates an enum from field names used in the ProtoBuf definition.
    pub fn from_str_name(value: &str) -> ::core::option::Option<Self> {
        match value {
            "PROPOSAL_ACTION_UNSPECIFIED" => Some(Self::Unspecified),
            "PROPOSAL_ACTION_BUY" => Some(Self::Buy),
            "PROPOSAL_ACTION_SELL" => Some(Self::Sell),
            "PROPOSAL_ACTION_HOLD" => Some(Self::Hold),
            "PROPOSAL_ACTION_REDUCE" => Some(Self::Reduce),
            _ => None,
        }
    }
}
#[derive(Clone, Copy, Debug, PartialEq, Eq, Hash, PartialOrd, Ord, ::prost::Enumeration)]
#[repr(i32)]
pub enum RiskVerdict {
    Unspecified = 0,
    Allow = 1,
    Deny = 2,
    ApprovalRequired = 3,
}
impl RiskVerdict {
    /// String value of the enum field names used in the ProtoBuf definition.
    ///
    /// The values are not transformed in any way and thus are considered stable
    /// (if the ProtoBuf definition does not change) and safe for programmatic use.
    pub fn as_str_name(&self) -> &'static str {
        match self {
            RiskVerdict::Unspecified => "RISK_VERDICT_UNSPECIFIED",
            RiskVerdict::Allow => "RISK_VERDICT_ALLOW",
            RiskVerdict::Deny => "RISK_VERDICT_DENY",
            RiskVerdict::ApprovalRequired => "RISK_VERDICT_APPROVAL_REQUIRED",
        }
    }
    /// Creates an enum from field names used in the ProtoBuf definition.
    pub fn from_str_name(value: &str) -> ::core::option::Option<Self> {
        match value {
            "RISK_VERDICT_UNSPECIFIED" => Some(Self::Unspecified),
            "RISK_VERDICT_ALLOW" => Some(Self::Allow),
            "RISK_VERDICT_DENY" => Some(Self::Deny),
            "RISK_VERDICT_APPROVAL_REQUIRED" => Some(Self::ApprovalRequired),
            _ => None,
        }
    }
}
#[derive(Clone, Copy, Debug, PartialEq, Eq, Hash, PartialOrd, Ord, ::prost::Enumeration)]
#[repr(i32)]
pub enum OrderIntentType {
    Unspecified = 0,
    Market = 1,
    Limit = 2,
    Stop = 3,
    StopLimit = 4,
}
impl OrderIntentType {
    /// String value of the enum field names used in the ProtoBuf definition.
    ///
    /// The values are not transformed in any way and thus are considered stable
    /// (if the ProtoBuf definition does not change) and safe for programmatic use.
    pub fn as_str_name(&self) -> &'static str {
        match self {
            OrderIntentType::Unspecified => "ORDER_INTENT_TYPE_UNSPECIFIED",
            OrderIntentType::Market => "ORDER_INTENT_TYPE_MARKET",
            OrderIntentType::Limit => "ORDER_INTENT_TYPE_LIMIT",
            OrderIntentType::Stop => "ORDER_INTENT_TYPE_STOP",
            OrderIntentType::StopLimit => "ORDER_INTENT_TYPE_STOP_LIMIT",
        }
    }
    /// Creates an enum from field names used in the ProtoBuf definition.
    pub fn from_str_name(value: &str) -> ::core::option::Option<Self> {
        match value {
            "ORDER_INTENT_TYPE_UNSPECIFIED" => Some(Self::Unspecified),
            "ORDER_INTENT_TYPE_MARKET" => Some(Self::Market),
            "ORDER_INTENT_TYPE_LIMIT" => Some(Self::Limit),
            "ORDER_INTENT_TYPE_STOP" => Some(Self::Stop),
            "ORDER_INTENT_TYPE_STOP_LIMIT" => Some(Self::StopLimit),
            _ => None,
        }
    }
}
#[derive(Clone, Copy, Debug, PartialEq, Eq, Hash, PartialOrd, Ord, ::prost::Enumeration)]
#[repr(i32)]
pub enum OrderSide {
    Unspecified = 0,
    Buy = 1,
    Sell = 2,
}
impl OrderSide {
    /// String value of the enum field names used in the ProtoBuf definition.
    ///
    /// The values are not transformed in any way and thus are considered stable
    /// (if the ProtoBuf definition does not change) and safe for programmatic use.
    pub fn as_str_name(&self) -> &'static str {
        match self {
            OrderSide::Unspecified => "ORDER_SIDE_UNSPECIFIED",
            OrderSide::Buy => "ORDER_SIDE_BUY",
            OrderSide::Sell => "ORDER_SIDE_SELL",
        }
    }
    /// Creates an enum from field names used in the ProtoBuf definition.
    pub fn from_str_name(value: &str) -> ::core::option::Option<Self> {
        match value {
            "ORDER_SIDE_UNSPECIFIED" => Some(Self::Unspecified),
            "ORDER_SIDE_BUY" => Some(Self::Buy),
            "ORDER_SIDE_SELL" => Some(Self::Sell),
            _ => None,
        }
    }
}
#[derive(Clone, Copy, Debug, PartialEq, Eq, Hash, PartialOrd, Ord, ::prost::Enumeration)]
#[repr(i32)]
pub enum OrderStatus {
    Unspecified = 0,
    Draft = 1,
    Submitted = 2,
    Accepted = 3,
    Rejected = 4,
    PartiallyFilled = 5,
    Filled = 6,
    Cancelled = 7,
    Expired = 8,
}
impl OrderStatus {
    /// String value of the enum field names used in the ProtoBuf definition.
    ///
    /// The values are not transformed in any way and thus are considered stable
    /// (if the ProtoBuf definition does not change) and safe for programmatic use.
    pub fn as_str_name(&self) -> &'static str {
        match self {
            OrderStatus::Unspecified => "ORDER_STATUS_UNSPECIFIED",
            OrderStatus::Draft => "ORDER_STATUS_DRAFT",
            OrderStatus::Submitted => "ORDER_STATUS_SUBMITTED",
            OrderStatus::Accepted => "ORDER_STATUS_ACCEPTED",
            OrderStatus::Rejected => "ORDER_STATUS_REJECTED",
            OrderStatus::PartiallyFilled => "ORDER_STATUS_PARTIALLY_FILLED",
            OrderStatus::Filled => "ORDER_STATUS_FILLED",
            OrderStatus::Cancelled => "ORDER_STATUS_CANCELLED",
            OrderStatus::Expired => "ORDER_STATUS_EXPIRED",
        }
    }
    /// Creates an enum from field names used in the ProtoBuf definition.
    pub fn from_str_name(value: &str) -> ::core::option::Option<Self> {
        match value {
            "ORDER_STATUS_UNSPECIFIED" => Some(Self::Unspecified),
            "ORDER_STATUS_DRAFT" => Some(Self::Draft),
            "ORDER_STATUS_SUBMITTED" => Some(Self::Submitted),
            "ORDER_STATUS_ACCEPTED" => Some(Self::Accepted),
            "ORDER_STATUS_REJECTED" => Some(Self::Rejected),
            "ORDER_STATUS_PARTIALLY_FILLED" => Some(Self::PartiallyFilled),
            "ORDER_STATUS_FILLED" => Some(Self::Filled),
            "ORDER_STATUS_CANCELLED" => Some(Self::Cancelled),
            "ORDER_STATUS_EXPIRED" => Some(Self::Expired),
            _ => None,
        }
    }
}
#[derive(Clone, Copy, Debug, PartialEq, Eq, Hash, PartialOrd, Ord, ::prost::Enumeration)]
#[repr(i32)]
pub enum PositionSide {
    Unspecified = 0,
    Net = 1,
    Long = 2,
    Short = 3,
}
impl PositionSide {
    /// String value of the enum field names used in the ProtoBuf definition.
    ///
    /// The values are not transformed in any way and thus are considered stable
    /// (if the ProtoBuf definition does not change) and safe for programmatic use.
    pub fn as_str_name(&self) -> &'static str {
        match self {
            PositionSide::Unspecified => "POSITION_SIDE_UNSPECIFIED",
            PositionSide::Net => "POSITION_SIDE_NET",
            PositionSide::Long => "POSITION_SIDE_LONG",
            PositionSide::Short => "POSITION_SIDE_SHORT",
        }
    }
    /// Creates an enum from field names used in the ProtoBuf definition.
    pub fn from_str_name(value: &str) -> ::core::option::Option<Self> {
        match value {
            "POSITION_SIDE_UNSPECIFIED" => Some(Self::Unspecified),
            "POSITION_SIDE_NET" => Some(Self::Net),
            "POSITION_SIDE_LONG" => Some(Self::Long),
            "POSITION_SIDE_SHORT" => Some(Self::Short),
            _ => None,
        }
    }
}
/// Encoded file descriptor set for the `quantos.trading.v1` package
pub const FILE_DESCRIPTOR_SET: &[u8] = &[
    0x0a, 0xe1, 0x64, 0x0a, 0x20, 0x71, 0x75, 0x61, 0x6e, 0x74, 0x6f, 0x73, 0x2f, 0x74, 0x72, 0x61,
    0x64, 0x69, 0x6e, 0x67, 0x2f, 0x76, 0x31, 0x2f, 0x74, 0x72, 0x61, 0x64, 0x69, 0x6e, 0x67, 0x2e,
    0x70, 0x72, 0x6f, 0x74, 0x6f, 0x12, 0x12, 0x71, 0x75, 0x61, 0x6e, 0x74, 0x6f, 0x73, 0x2e, 0x74,
    0x72, 0x61, 0x64, 0x69, 0x6e, 0x67, 0x2e, 0x76, 0x31, 0x1a, 0x1f, 0x67, 0x6f, 0x6f, 0x67, 0x6c,
    0x65, 0x2f, 0x61, 0x70, 0x69, 0x2f, 0x66, 0x69, 0x65, 0x6c, 0x64, 0x5f, 0x62, 0x65, 0x68, 0x61,
    0x76, 0x69, 0x6f, 0x72, 0x2e, 0x70, 0x72, 0x6f, 0x74, 0x6f, 0x1a, 0x1f, 0x67, 0x6f, 0x6f, 0x67,
    0x6c, 0x65, 0x2f, 0x70, 0x72, 0x6f, 0x74, 0x6f, 0x62, 0x75, 0x66, 0x2f, 0x74, 0x69, 0x6d, 0x65,
    0x73, 0x74, 0x61, 0x6d, 0x70, 0x2e, 0x70, 0x72, 0x6f, 0x74, 0x6f, 0x1a, 0x1e, 0x71, 0x75, 0x61,
    0x6e, 0x74, 0x6f, 0x73, 0x2f, 0x63, 0x6f, 0x6d, 0x6d, 0x6f, 0x6e, 0x2f, 0x76, 0x31, 0x2f, 0x63,
    0x6f, 0x6d, 0x6d, 0x6f, 0x6e, 0x2e, 0x70, 0x72, 0x6f, 0x74, 0x6f, 0x1a, 0x22, 0x71, 0x75, 0x61,
    0x6e, 0x74, 0x6f, 0x73, 0x2f, 0x73, 0x74, 0x72, 0x61, 0x74, 0x65, 0x67, 0x79, 0x2f, 0x76, 0x31,
    0x2f, 0x73, 0x74, 0x72, 0x61, 0x74, 0x65, 0x67, 0x79, 0x2e, 0x70, 0x72, 0x6f, 0x74, 0x6f, 0x22,
    0xcf, 0x06, 0x0a, 0x0d, 0x54, 0x72, 0x61, 0x64, 0x65, 0x50, 0x72, 0x6f, 0x70, 0x6f, 0x73, 0x61,
    0x6c, 0x12, 0x43, 0x0a, 0x08, 0x6d, 0x65, 0x74, 0x61, 0x64, 0x61, 0x74, 0x61, 0x18, 0x01, 0x20,
    0x01, 0x28, 0x0b, 0x32, 0x22, 0x2e, 0x71, 0x75, 0x61, 0x6e, 0x74, 0x6f, 0x73, 0x2e, 0x63, 0x6f,
    0x6d, 0x6d, 0x6f, 0x6e, 0x2e, 0x76, 0x31, 0x2e, 0x43, 0x6f, 0x6d, 0x6d, 0x61, 0x6e, 0x64, 0x4d,
    0x65, 0x74, 0x61, 0x64, 0x61, 0x74, 0x61, 0x42, 0x03, 0xe0, 0x41, 0x02, 0x52, 0x08, 0x6d, 0x65,
    0x74, 0x61, 0x64, 0x61, 0x74, 0x61, 0x12, 0x24, 0x0a, 0x0b, 0x70, 0x72, 0x6f, 0x70, 0x6f, 0x73,
    0x61, 0x6c, 0x5f, 0x69, 0x64, 0x18, 0x02, 0x20, 0x01, 0x28, 0x09, 0x42, 0x03, 0xe0, 0x41, 0x02,
    0x52, 0x0a, 0x70, 0x72, 0x6f, 0x70, 0x6f, 0x73, 0x61, 0x6c, 0x49, 0x64, 0x12, 0x22, 0x0a, 0x0a,
    0x61, 0x63, 0x63, 0x6f, 0x75, 0x6e, 0x74, 0x5f, 0x69, 0x64, 0x18, 0x03, 0x20, 0x01, 0x28, 0x09,
    0x42, 0x03, 0xe0, 0x41, 0x02, 0x52, 0x09, 0x61, 0x63, 0x63, 0x6f, 0x75, 0x6e, 0x74, 0x49, 0x64,
    0x12, 0x1b, 0x0a, 0x06, 0x73, 0x79, 0x6d, 0x62, 0x6f, 0x6c, 0x18, 0x04, 0x20, 0x01, 0x28, 0x09,
    0x42, 0x03, 0xe0, 0x41, 0x02, 0x52, 0x06, 0x73, 0x79, 0x6d, 0x62, 0x6f, 0x6c, 0x12, 0x3f, 0x0a,
    0x06, 0x61, 0x63, 0x74, 0x69, 0x6f, 0x6e, 0x18, 0x05, 0x20, 0x01, 0x28, 0x0e, 0x32, 0x22, 0x2e,
    0x71, 0x75, 0x61, 0x6e, 0x74, 0x6f, 0x73, 0x2e, 0x74, 0x72, 0x61, 0x64, 0x69, 0x6e, 0x67, 0x2e,
    0x76, 0x31, 0x2e, 0x50, 0x72, 0x6f, 0x70, 0x6f, 0x73, 0x61, 0x6c, 0x41, 0x63, 0x74, 0x69, 0x6f,
    0x6e, 0x42, 0x03, 0xe0, 0x41, 0x02, 0x52, 0x06, 0x61, 0x63, 0x74, 0x69, 0x6f, 0x6e, 0x12, 0x40,
    0x0a, 0x08, 0x71, 0x75, 0x61, 0x6e, 0x74, 0x69, 0x74, 0x79, 0x18, 0x06, 0x20, 0x01, 0x28, 0x0b,
    0x32, 0x1f, 0x2e, 0x71, 0x75, 0x61, 0x6e, 0x74, 0x6f, 0x73, 0x2e, 0x63, 0x6f, 0x6d, 0x6d, 0x6f,
    0x6e, 0x2e, 0x76, 0x31, 0x2e, 0x44, 0x65, 0x63, 0x69, 0x6d, 0x61, 0x6c, 0x56, 0x61, 0x6c, 0x75,
    0x65, 0x42, 0x03, 0xe0, 0x41, 0x02, 0x52, 0x08, 0x71, 0x75, 0x61, 0x6e, 0x74, 0x69, 0x74, 0x79,
    0x12, 0x40, 0x0a, 0x08, 0x6e, 0x6f, 0x74, 0x69, 0x6f, 0x6e, 0x61, 0x6c, 0x18, 0x07, 0x20, 0x01,
    0x28, 0x0b, 0x32, 0x1f, 0x2e, 0x71, 0x75, 0x61, 0x6e, 0x74, 0x6f, 0x73, 0x2e, 0x63, 0x6f, 0x6d,
    0x6d, 0x6f, 0x6e, 0x2e, 0x76, 0x31, 0x2e, 0x44, 0x65, 0x63, 0x69, 0x6d, 0x61, 0x6c, 0x56, 0x61,
    0x6c, 0x75, 0x65, 0x42, 0x03, 0xe0, 0x41, 0x02, 0x52, 0x08, 0x6e, 0x6f, 0x74, 0x69, 0x6f, 0x6e,
    0x61, 0x6c, 0x12, 0x40, 0x0a, 0x0b, 0x6c, 0x69, 0x6d, 0x69, 0x74, 0x5f, 0x70, 0x72, 0x69, 0x63,
    0x65, 0x18, 0x08, 0x20, 0x01, 0x28, 0x0b, 0x32, 0x1f, 0x2e, 0x71, 0x75, 0x61, 0x6e, 0x74, 0x6f,
    0x73, 0x2e, 0x63, 0x6f, 0x6d, 0x6d, 0x6f, 0x6e, 0x2e, 0x76, 0x31, 0x2e, 0x44, 0x65, 0x63, 0x69,
    0x6d, 0x61, 0x6c, 0x56, 0x61, 0x6c, 0x75, 0x65, 0x52, 0x0a, 0x6c, 0x69, 0x6d, 0x69, 0x74, 0x50,
    0x72, 0x69, 0x63, 0x65, 0x12, 0x3e, 0x0a, 0x0a, 0x73, 0x74, 0x6f, 0x70, 0x5f, 0x70, 0x72, 0x69,
    0x63, 0x65, 0x18, 0x09, 0x20, 0x01, 0x28, 0x0b, 0x32, 0x1f, 0x2e, 0x71, 0x75, 0x61, 0x6e, 0x74,
    0x6f, 0x73, 0x2e, 0x63, 0x6f, 0x6d, 0x6d, 0x6f, 0x6e, 0x2e, 0x76, 0x31, 0x2e, 0x44, 0x65, 0x63,
    0x69, 0x6d, 0x61, 0x6c, 0x56, 0x61, 0x6c, 0x75, 0x65, 0x52, 0x09, 0x73, 0x74, 0x6f, 0x70, 0x50,
    0x72, 0x69, 0x63, 0x65, 0x12, 0x38, 0x0a, 0x06, 0x73, 0x69, 0x67, 0x6e, 0x61, 0x6c, 0x18, 0x0a,
    0x20, 0x01, 0x28, 0x0b, 0x32, 0x1b, 0x2e, 0x71, 0x75, 0x61, 0x6e, 0x74, 0x6f, 0x73, 0x2e, 0x73,
    0x74, 0x72, 0x61, 0x74, 0x65, 0x67, 0x79, 0x2e, 0x76, 0x31, 0x2e, 0x53, 0x69, 0x67, 0x6e, 0x61,
    0x6c, 0x42, 0x03, 0xe0, 0x41, 0x02, 0x52, 0x06, 0x73, 0x69, 0x67, 0x6e, 0x61, 0x6c, 0x12, 0x43,
    0x0a, 0x0d, 0x65, 0x76, 0x69, 0x64, 0x65, 0x6e, 0x63, 0x65, 0x5f, 0x72, 0x65, 0x66, 0x73, 0x18,
    0x0b, 0x20, 0x03, 0x28, 0x0b, 0x32, 0x1e, 0x2e, 0x71, 0x75, 0x61, 0x6e, 0x74, 0x6f, 0x73, 0x2e,
    0x63, 0x6f, 0x6d, 0x6d, 0x6f, 0x6e, 0x2e, 0x76, 0x31, 0x2e, 0x45, 0x76, 0x69, 0x64, 0x65, 0x6e,
    0x63, 0x65, 0x52, 0x65, 0x66, 0x52, 0x0c, 0x65, 0x76, 0x69, 0x64, 0x65, 0x6e, 0x63, 0x65, 0x52,
    0x65, 0x66, 0x73, 0x12, 0x21, 0x0a, 0x09, 0x72, 0x61, 0x74, 0x69, 0x6f, 0x6e, 0x61, 0x6c, 0x65,
    0x18, 0x0c, 0x20, 0x01, 0x28, 0x09, 0x42, 0x03, 0xe0, 0x41, 0x02, 0x52, 0x09, 0x72, 0x61, 0x74,
    0x69, 0x6f, 0x6e, 0x61, 0x6c, 0x65, 0x12, 0x44, 0x0a, 0x0a, 0x63, 0x6f, 0x6e, 0x66, 0x69, 0x64,
    0x65, 0x6e, 0x63, 0x65, 0x18, 0x0d, 0x20, 0x01, 0x28, 0x0b, 0x32, 0x1f, 0x2e, 0x71, 0x75, 0x61,
    0x6e, 0x74, 0x6f, 0x73, 0x2e, 0x63, 0x6f, 0x6d, 0x6d, 0x6f, 0x6e, 0x2e, 0x76, 0x31, 0x2e, 0x44,
    0x65, 0x63, 0x69, 0x6d, 0x61, 0x6c, 0x56, 0x61, 0x6c, 0x75, 0x65, 0x42, 0x03, 0xe0, 0x41, 0x02,
    0x52, 0x0a, 0x63, 0x6f, 0x6e, 0x66, 0x69, 0x64, 0x65, 0x6e, 0x63, 0x65, 0x12, 0x3e, 0x0a, 0x0a,
    0x65, 0x78, 0x70, 0x69, 0x72, 0x65, 0x73, 0x5f, 0x61, 0x74, 0x18, 0x0e, 0x20, 0x01, 0x28, 0x0b,
    0x32, 0x1a, 0x2e, 0x67, 0x6f, 0x6f, 0x67, 0x6c, 0x65, 0x2e, 0x70, 0x72, 0x6f, 0x74, 0x6f, 0x62,
    0x75, 0x66, 0x2e, 0x54, 0x69, 0x6d, 0x65, 0x73, 0x74, 0x61, 0x6d, 0x70, 0x42, 0x03, 0xe0, 0x41,
    0x02, 0x52, 0x09, 0x65, 0x78, 0x70, 0x69, 0x72, 0x65, 0x73, 0x41, 0x74, 0x12, 0x23, 0x0a, 0x0a,
    0x65, 0x78, 0x65, 0x63, 0x75, 0x74, 0x61, 0x62, 0x6c, 0x65, 0x18, 0x0f, 0x20, 0x01, 0x28, 0x08,
    0x42, 0x03, 0xe0, 0x41, 0x02, 0x52, 0x0a, 0x65, 0x78, 0x65, 0x63, 0x75, 0x74, 0x61, 0x62, 0x6c,
    0x65, 0x22, 0x98, 0x03, 0x0a, 0x0c, 0x52, 0x69, 0x73, 0x6b, 0x44, 0x65, 0x63, 0x69, 0x73, 0x69,
    0x6f, 0x6e, 0x12, 0x43, 0x0a, 0x08, 0x6d, 0x65, 0x74, 0x61, 0x64, 0x61, 0x74, 0x61, 0x18, 0x01,
    0x20, 0x01, 0x28, 0x0b, 0x32, 0x22, 0x2e, 0x71, 0x75, 0x61, 0x6e, 0x74, 0x6f, 0x73, 0x2e, 0x63,
    0x6f, 0x6d, 0x6d, 0x6f, 0x6e, 0x2e, 0x76, 0x31, 0x2e, 0x43, 0x6f, 0x6d, 0x6d, 0x61, 0x6e, 0x64,
    0x4d, 0x65, 0x74, 0x61, 0x64, 0x61, 0x74, 0x61, 0x42, 0x03, 0xe0, 0x41, 0x02, 0x52, 0x08, 0x6d,
    0x65, 0x74, 0x61, 0x64, 0x61, 0x74, 0x61, 0x12, 0x24, 0x0a, 0x0b, 0x64, 0x65, 0x63, 0x69, 0x73,
    0x69, 0x6f, 0x6e, 0x5f, 0x69, 0x64, 0x18, 0x02, 0x20, 0x01, 0x28, 0x09, 0x42, 0x03, 0xe0, 0x41,
    0x02, 0x52, 0x0a, 0x64, 0x65, 0x63, 0x69, 0x73, 0x69, 0x6f, 0x6e, 0x49, 0x64, 0x12, 0x24, 0x0a,
    0x0b, 0x70, 0x72, 0x6f, 0x70, 0x6f, 0x73, 0x61, 0x6c, 0x5f, 0x69, 0x64, 0x18, 0x03, 0x20, 0x01,
    0x28, 0x09, 0x42, 0x03, 0xe0, 0x41, 0x02, 0x52, 0x0a, 0x70, 0x72, 0x6f, 0x70, 0x6f, 0x73, 0x61,
    0x6c, 0x49, 0x64, 0x12, 0x3e, 0x0a, 0x07, 0x76, 0x65, 0x72, 0x64, 0x69, 0x63, 0x74, 0x18, 0x04,
    0x20, 0x01, 0x28, 0x0e, 0x32, 0x1f, 0x2e, 0x71, 0x75, 0x61, 0x6e, 0x74, 0x6f, 0x73, 0x2e, 0x74,
    0x72, 0x61, 0x64, 0x69, 0x6e, 0x67, 0x2e, 0x76, 0x31, 0x2e, 0x52, 0x69, 0x73, 0x6b, 0x56, 0x65,
    0x72, 0x64, 0x69, 0x63, 0x74, 0x42, 0x03, 0xe0, 0x41, 0x02, 0x52, 0x07, 0x76, 0x65, 0x72, 0x64,
    0x69, 0x63, 0x74, 0x12, 0x20, 0x0a, 0x09, 0x68, 0x69, 0x74, 0x5f, 0x72, 0x75, 0x6c, 0x65, 0x73,
    0x18, 0x05, 0x20, 0x03, 0x28, 0x09, 0x42, 0x03, 0xe0, 0x41, 0x02, 0x52, 0x08, 0x68, 0x69, 0x74,
    0x52, 0x75, 0x6c, 0x65, 0x73, 0x12, 0x1b, 0x0a, 0x09, 0x6c, 0x69, 0x6d, 0x69, 0x74, 0x5f, 0x69,
    0x64, 0x73, 0x18, 0x06, 0x20, 0x03, 0x28, 0x09, 0x52, 0x08, 0x6c, 0x69, 0x6d, 0x69, 0x74, 0x49,
    0x64, 0x73, 0x12, 0x1b, 0x0a, 0x06, 0x73, 0x69, 0x67, 0x6e, 0x65, 0x72, 0x18, 0x07, 0x20, 0x01,
    0x28, 0x09, 0x42, 0x03, 0xe0, 0x41, 0x02, 0x52, 0x06, 0x73, 0x69, 0x67, 0x6e, 0x65, 0x72, 0x12,
    0x1b, 0x0a, 0x06, 0x72, 0x65, 0x61, 0x73, 0x6f, 0x6e, 0x18, 0x08, 0x20, 0x01, 0x28, 0x09, 0x42,
    0x03, 0xe0, 0x41, 0x02, 0x52, 0x06, 0x72, 0x65, 0x61, 0x73, 0x6f, 0x6e, 0x12, 0x3e, 0x0a, 0x0a,
    0x64, 0x65, 0x63, 0x69, 0x64, 0x65, 0x64, 0x5f, 0x61, 0x74, 0x18, 0x09, 0x20, 0x01, 0x28, 0x0b,
    0x32, 0x1a, 0x2e, 0x67, 0x6f, 0x6f, 0x67, 0x6c, 0x65, 0x2e, 0x70, 0x72, 0x6f, 0x74, 0x6f, 0x62,
    0x75, 0x66, 0x2e, 0x54, 0x69, 0x6d, 0x65, 0x73, 0x74, 0x61, 0x6d, 0x70, 0x42, 0x03, 0xe0, 0x41,
    0x02, 0x52, 0x09, 0x64, 0x65, 0x63, 0x69, 0x64, 0x65, 0x64, 0x41, 0x74, 0x22, 0x97, 0x06, 0x0a,
    0x0c, 0x54, 0x72, 0x61, 0x64, 0x65, 0x43, 0x6f, 0x6d, 0x6d, 0x61, 0x6e, 0x64, 0x12, 0x43, 0x0a,
    0x08, 0x6d, 0x65, 0x74, 0x61, 0x64, 0x61, 0x74, 0x61, 0x18, 0x01, 0x20, 0x01, 0x28, 0x0b, 0x32,
    0x22, 0x2e, 0x71, 0x75, 0x61, 0x6e, 0x74, 0x6f, 0x73, 0x2e, 0x63, 0x6f, 0x6d, 0x6d, 0x6f, 0x6e,
    0x2e, 0x76, 0x31, 0x2e, 0x43, 0x6f, 0x6d, 0x6d, 0x61, 0x6e, 0x64, 0x4d, 0x65, 0x74, 0x61, 0x64,
    0x61, 0x74, 0x61, 0x42, 0x03, 0xe0, 0x41, 0x02, 0x52, 0x08, 0x6d, 0x65, 0x74, 0x61, 0x64, 0x61,
    0x74, 0x61, 0x12, 0x22, 0x0a, 0x0a, 0x63, 0x6f, 0x6d, 0x6d, 0x61, 0x6e, 0x64, 0x5f, 0x69, 0x64,
    0x18, 0x02, 0x20, 0x01, 0x28, 0x09, 0x42, 0x03, 0xe0, 0x41, 0x02, 0x52, 0x09, 0x63, 0x6f, 0x6d,
    0x6d, 0x61, 0x6e, 0x64, 0x49, 0x64, 0x12, 0x24, 0x0a, 0x0b, 0x64, 0x65, 0x63, 0x69, 0x73, 0x69,
    0x6f, 0x6e, 0x5f, 0x69, 0x64, 0x18, 0x03, 0x20, 0x01, 0x28, 0x09, 0x42, 0x03, 0xe0, 0x41, 0x02,
    0x52, 0x0a, 0x64, 0x65, 0x63, 0x69, 0x73, 0x69, 0x6f, 0x6e, 0x49, 0x64, 0x12, 0x22, 0x0a, 0x0a,
    0x61, 0x63, 0x63, 0x6f, 0x75, 0x6e, 0x74, 0x5f, 0x69, 0x64, 0x18, 0x04, 0x20, 0x01, 0x28, 0x09,
    0x42, 0x03, 0xe0, 0x41, 0x02, 0x52, 0x09, 0x61, 0x63, 0x63, 0x6f, 0x75, 0x6e, 0x74, 0x49, 0x64,
    0x12, 0x19, 0x0a, 0x05, 0x76, 0x65, 0x6e, 0x75, 0x65, 0x18, 0x05, 0x20, 0x01, 0x28, 0x09, 0x42,
    0x03, 0xe0, 0x41, 0x02, 0x52, 0x05, 0x76, 0x65, 0x6e, 0x75, 0x65, 0x12, 0x41, 0x0a, 0x0a, 0x76,
    0x65, 0x6e, 0x75, 0x65, 0x5f, 0x6b, 0x69, 0x6e, 0x64, 0x18, 0x06, 0x20, 0x01, 0x28, 0x0e, 0x32,
    0x1d, 0x2e, 0x71, 0x75, 0x61, 0x6e, 0x74, 0x6f, 0x73, 0x2e, 0x74, 0x72, 0x61, 0x64, 0x69, 0x6e,
    0x67, 0x2e, 0x76, 0x31, 0x2e, 0x56, 0x65, 0x6e, 0x75, 0x65, 0x4b, 0x69, 0x6e, 0x64, 0x42, 0x03,
    0xe0, 0x41, 0x02, 0x52, 0x09, 0x76, 0x65, 0x6e, 0x75, 0x65, 0x4b, 0x69, 0x6e, 0x64, 0x12, 0x1b,
    0x0a, 0x06, 0x73, 0x79, 0x6d, 0x62, 0x6f, 0x6c, 0x18, 0x07, 0x20, 0x01, 0x28, 0x09, 0x42, 0x03,
    0xe0, 0x41, 0x02, 0x52, 0x06, 0x73, 0x79, 0x6d, 0x62, 0x6f, 0x6c, 0x12, 0x40, 0x0a, 0x06, 0x69,
    0x6e, 0x74, 0x65, 0x6e, 0x74, 0x18, 0x08, 0x20, 0x01, 0x28, 0x0e, 0x32, 0x23, 0x2e, 0x71, 0x75,
    0x61, 0x6e, 0x74, 0x6f, 0x73, 0x2e, 0x74, 0x72, 0x61, 0x64, 0x69, 0x6e, 0x67, 0x2e, 0x76, 0x31,
    0x2e, 0x4f, 0x72, 0x64, 0x65, 0x72, 0x49, 0x6e, 0x74, 0x65, 0x6e, 0x74, 0x54, 0x79, 0x70, 0x65,
    0x42, 0x03, 0xe0, 0x41, 0x02, 0x52, 0x06, 0x69, 0x6e, 0x74, 0x65, 0x6e, 0x74, 0x12, 0x36, 0x0a,
    0x04, 0x73, 0x69, 0x64, 0x65, 0x18, 0x09, 0x20, 0x01, 0x28, 0x0e, 0x32, 0x1d, 0x2e, 0x71, 0x75,
    0x61, 0x6e, 0x74, 0x6f, 0x73, 0x2e, 0x74, 0x72, 0x61, 0x64, 0x69, 0x6e, 0x67, 0x2e, 0x76, 0x31,
    0x2e, 0x4f, 0x72, 0x64, 0x65, 0x72, 0x53, 0x69, 0x64, 0x65, 0x42, 0x03, 0xe0, 0x41, 0x02, 0x52,
    0x04, 0x73, 0x69, 0x64, 0x65, 0x12, 0x40, 0x0a, 0x08, 0x71, 0x75, 0x61, 0x6e, 0x74, 0x69, 0x74,
    0x79, 0x18, 0x0a, 0x20, 0x01, 0x28, 0x0b, 0x32, 0x1f, 0x2e, 0x71, 0x75, 0x61, 0x6e, 0x74, 0x6f,
    0x73, 0x2e, 0x63, 0x6f, 0x6d, 0x6d, 0x6f, 0x6e, 0x2e, 0x76, 0x31, 0x2e, 0x44, 0x65, 0x63, 0x69,
    0x6d, 0x61, 0x6c, 0x56, 0x61, 0x6c, 0x75, 0x65, 0x42, 0x03, 0xe0, 0x41, 0x02, 0x52, 0x08, 0x71,
    0x75, 0x61, 0x6e, 0x74, 0x69, 0x74, 0x79, 0x12, 0x40, 0x0a, 0x0b, 0x6c, 0x69, 0x6d, 0x69, 0x74,
    0x5f, 0x70, 0x72, 0x69, 0x63, 0x65, 0x18, 0x0b, 0x20, 0x01, 0x28, 0x0b, 0x32, 0x1f, 0x2e, 0x71,
    0x75, 0x61, 0x6e, 0x74, 0x6f, 0x73, 0x2e, 0x63, 0x6f, 0x6d, 0x6d, 0x6f, 0x6e, 0x2e, 0x76, 0x31,
    0x2e, 0x44, 0x65, 0x63, 0x69, 0x6d, 0x61, 0x6c, 0x56, 0x61, 0x6c, 0x75, 0x65, 0x52, 0x0a, 0x6c,
    0x69, 0x6d, 0x69, 0x74, 0x50, 0x72, 0x69, 0x63, 0x65, 0x12, 0x3e, 0x0a, 0x0a, 0x73, 0x74, 0x6f,
    0x70, 0x5f, 0x70, 0x72, 0x69, 0x63, 0x65, 0x18, 0x0c, 0x20, 0x01, 0x28, 0x0b, 0x32, 0x1f, 0x2e,
    0x71, 0x75, 0x61, 0x6e, 0x74, 0x6f, 0x73, 0x2e, 0x63, 0x6f, 0x6d, 0x6d, 0x6f, 0x6e, 0x2e, 0x76,
    0x31, 0x2e, 0x44, 0x65, 0x63, 0x69, 0x6d, 0x61, 0x6c, 0x56, 0x61, 0x6c, 0x75, 0x65, 0x52, 0x09,
    0x73, 0x74, 0x6f, 0x70, 0x50, 0x72, 0x69, 0x63, 0x65, 0x12, 0x2c, 0x0a, 0x0f, 0x69, 0x64, 0x65,
    0x6d, 0x70, 0x6f, 0x74, 0x65, 0x6e, 0x63, 0x79, 0x5f, 0x6b, 0x65, 0x79, 0x18, 0x0d, 0x20, 0x01,
    0x28, 0x09, 0x42, 0x03, 0xe0, 0x41, 0x02, 0x52, 0x0e, 0x69, 0x64, 0x65, 0x6d, 0x70, 0x6f, 0x74,
    0x65, 0x6e, 0x63, 0x79, 0x4b, 0x65, 0x79, 0x12, 0x2d, 0x0a, 0x12, 0x61, 0x70, 0x70, 0x72, 0x6f,
    0x76, 0x61, 0x6c, 0x5f, 0x73, 0x69, 0x67, 0x6e, 0x61, 0x74, 0x75, 0x72, 0x65, 0x18, 0x0e, 0x20,
    0x01, 0x28, 0x09, 0x52, 0x11, 0x61, 0x70, 0x70, 0x72, 0x6f, 0x76, 0x61, 0x6c, 0x53, 0x69, 0x67,
    0x6e, 0x61, 0x74, 0x75, 0x72, 0x65, 0x12, 0x3e, 0x0a, 0x0a, 0x65, 0x78, 0x70, 0x69, 0x72, 0x65,
    0x73, 0x5f, 0x61, 0x74, 0x18, 0x0f, 0x20, 0x01, 0x28, 0x0b, 0x32, 0x1a, 0x2e, 0x67, 0x6f, 0x6f,
    0x67, 0x6c, 0x65, 0x2e, 0x70, 0x72, 0x6f, 0x74, 0x6f, 0x62, 0x75, 0x66, 0x2e, 0x54, 0x69, 0x6d,
    0x65, 0x73, 0x74, 0x61, 0x6d, 0x70, 0x42, 0x03, 0xe0, 0x41, 0x02, 0x52, 0x09, 0x65, 0x78, 0x70,
    0x69, 0x72, 0x65, 0x73, 0x41, 0x74, 0x22, 0x8e, 0x06, 0x0a, 0x05, 0x4f, 0x72, 0x64, 0x65, 0x72,
    0x12, 0x43, 0x0a, 0x08, 0x6d, 0x65, 0x74, 0x61, 0x64, 0x61, 0x74, 0x61, 0x18, 0x01, 0x20, 0x01,
    0x28, 0x0b, 0x32, 0x22, 0x2e, 0x71, 0x75, 0x61, 0x6e, 0x74, 0x6f, 0x73, 0x2e, 0x63, 0x6f, 0x6d,
    0x6d, 0x6f, 0x6e, 0x2e, 0x76, 0x31, 0x2e, 0x43, 0x6f, 0x6d, 0x6d, 0x61, 0x6e, 0x64, 0x4d, 0x65,
    0x74, 0x61, 0x64, 0x61, 0x74, 0x61, 0x42, 0x03, 0xe0, 0x41, 0x02, 0x52, 0x08, 0x6d, 0x65, 0x74,
    0x61, 0x64, 0x61, 0x74, 0x61, 0x12, 0x1e, 0x0a, 0x08, 0x6f, 0x72, 0x64, 0x65, 0x72, 0x5f, 0x69,
    0x64, 0x18, 0x02, 0x20, 0x01, 0x28, 0x09, 0x42, 0x03, 0xe0, 0x41, 0x02, 0x52, 0x07, 0x6f, 0x72,
    0x64, 0x65, 0x72, 0x49, 0x64, 0x12, 0x22, 0x0a, 0x0a, 0x63, 0x6f, 0x6d, 0x6d, 0x61, 0x6e, 0x64,
    0x5f, 0x69, 0x64, 0x18, 0x03, 0x20, 0x01, 0x28, 0x09, 0x42, 0x03, 0xe0, 0x41, 0x02, 0x52, 0x09,
    0x63, 0x6f, 0x6d, 0x6d, 0x61, 0x6e, 0x64, 0x49, 0x64, 0x12, 0x24, 0x0a, 0x0e, 0x76, 0x65, 0x6e,
    0x75, 0x65, 0x5f, 0x6f, 0x72, 0x64, 0x65, 0x72, 0x5f, 0x69, 0x64, 0x18, 0x04, 0x20, 0x01, 0x28,
    0x09, 0x52, 0x0c, 0x76, 0x65, 0x6e, 0x75, 0x65, 0x4f, 0x72, 0x64, 0x65, 0x72, 0x49, 0x64, 0x12,
    0x22, 0x0a, 0x0a, 0x61, 0x63, 0x63, 0x6f, 0x75, 0x6e, 0x74, 0x5f, 0x69, 0x64, 0x18, 0x05, 0x20,
    0x01, 0x28, 0x09, 0x42, 0x03, 0xe0, 0x41, 0x02, 0x52, 0x09, 0x61, 0x63, 0x63, 0x6f, 0x75, 0x6e,
    0x74, 0x49, 0x64, 0x12, 0x1b, 0x0a, 0x06, 0x73, 0x79, 0x6d, 0x62, 0x6f, 0x6c, 0x18, 0x06, 0x20,
    0x01, 0x28, 0x09, 0x42, 0x03, 0xe0, 0x41, 0x02, 0x52, 0x06, 0x73, 0x79, 0x6d, 0x62, 0x6f, 0x6c,
    0x12, 0x36, 0x0a, 0x04, 0x73, 0x69, 0x64, 0x65, 0x18, 0x07, 0x20, 0x01, 0x28, 0x0e, 0x32, 0x1d,
    0x2e, 0x71, 0x75, 0x61, 0x6e, 0x74, 0x6f, 0x73, 0x2e, 0x74, 0x72, 0x61, 0x64, 0x69, 0x6e, 0x67,
    0x2e, 0x76, 0x31, 0x2e, 0x4f, 0x72, 0x64, 0x65, 0x72, 0x53, 0x69, 0x64, 0x65, 0x42, 0x03, 0xe0,
    0x41, 0x02, 0x52, 0x04, 0x73, 0x69, 0x64, 0x65, 0x12, 0x40, 0x0a, 0x06, 0x69, 0x6e, 0x74, 0x65,
    0x6e, 0x74, 0x18, 0x08, 0x20, 0x01, 0x28, 0x0e, 0x32, 0x23, 0x2e, 0x71, 0x75, 0x61, 0x6e, 0x74,
    0x6f, 0x73, 0x2e, 0x74, 0x72, 0x61, 0x64, 0x69, 0x6e, 0x67, 0x2e, 0x76, 0x31, 0x2e, 0x4f, 0x72,
    0x64, 0x65, 0x72, 0x49, 0x6e, 0x74, 0x65, 0x6e, 0x74, 0x54, 0x79, 0x70, 0x65, 0x42, 0x03, 0xe0,
    0x41, 0x02, 0x52, 0x06, 0x69, 0x6e, 0x74, 0x65, 0x6e, 0x74, 0x12, 0x40, 0x0a, 0x08, 0x71, 0x75,
    0x61, 0x6e, 0x74, 0x69, 0x74, 0x79, 0x18, 0x09, 0x20, 0x01, 0x28, 0x0b, 0x32, 0x1f, 0x2e, 0x71,
    0x75, 0x61, 0x6e, 0x74, 0x6f, 0x73, 0x2e, 0x63, 0x6f, 0x6d, 0x6d, 0x6f, 0x6e, 0x2e, 0x76, 0x31,
    0x2e, 0x44, 0x65, 0x63, 0x69, 0x6d, 0x61, 0x6c, 0x56, 0x61, 0x6c, 0x75, 0x65, 0x42, 0x03, 0xe0,
    0x41, 0x02, 0x52, 0x08, 0x71, 0x75, 0x61, 0x6e, 0x74, 0x69, 0x74, 0x79, 0x12, 0x4d, 0x0a, 0x0f,
    0x66, 0x69, 0x6c, 0x6c, 0x65, 0x64, 0x5f, 0x71, 0x75, 0x61, 0x6e, 0x74, 0x69, 0x74, 0x79, 0x18,
    0x0a, 0x20, 0x01, 0x28, 0x0b, 0x32, 0x1f, 0x2e, 0x71, 0x75, 0x61, 0x6e, 0x74, 0x6f, 0x73, 0x2e,
    0x63, 0x6f, 0x6d, 0x6d, 0x6f, 0x6e, 0x2e, 0x76, 0x31, 0x2e, 0x44, 0x65, 0x63, 0x69, 0x6d, 0x61,
    0x6c, 0x56, 0x61, 0x6c, 0x75, 0x65, 0x42, 0x03, 0xe0, 0x41, 0x02, 0x52, 0x0e, 0x66, 0x69, 0x6c,
    0x6c, 0x65, 0x64, 0x51, 0x75, 0x61, 0x6e, 0x74, 0x69, 0x74, 0x79, 0x12, 0x4d, 0x0a, 0x12, 0x61,
    0x76, 0x65, 0x72, 0x61, 0x67, 0x65, 0x5f, 0x66, 0x69, 0x6c, 0x6c, 0x5f, 0x70, 0x72, 0x69, 0x63,
    0x65, 0x18, 0x0b, 0x20, 0x01, 0x28, 0x0b, 0x32, 0x1f, 0x2e, 0x71, 0x75, 0x61, 0x6e, 0x74, 0x6f,
    0x73, 0x2e, 0x63, 0x6f, 0x6d, 0x6d, 0x6f, 0x6e, 0x2e, 0x76, 0x31, 0x2e, 0x44, 0x65, 0x63, 0x69,
    0x6d, 0x61, 0x6c, 0x56, 0x61, 0x6c, 0x75, 0x65, 0x52, 0x10, 0x61, 0x76, 0x65, 0x72, 0x61, 0x67,
    0x65, 0x46, 0x69, 0x6c, 0x6c, 0x50, 0x72, 0x69, 0x63, 0x65, 0x12, 0x3c, 0x0a, 0x06, 0x73, 0x74,
    0x61, 0x74, 0x75, 0x73, 0x18, 0x0c, 0x20, 0x01, 0x28, 0x0e, 0x32, 0x1f, 0x2e, 0x71, 0x75, 0x61,
    0x6e, 0x74, 0x6f, 0x73, 0x2e, 0x74, 0x72, 0x61, 0x64, 0x69, 0x6e, 0x67, 0x2e, 0x76, 0x31, 0x2e,
    0x4f, 0x72, 0x64, 0x65, 0x72, 0x53, 0x74, 0x61, 0x74, 0x75, 0x73, 0x42, 0x03, 0xe0, 0x41, 0x02,
    0x52, 0x06, 0x73, 0x74, 0x61, 0x74, 0x75, 0x73, 0x12, 0x3d, 0x0a, 0x0c, 0x73, 0x75, 0x62, 0x6d,
    0x69, 0x74, 0x74, 0x65, 0x64, 0x5f, 0x61, 0x74, 0x18, 0x0d, 0x20, 0x01, 0x28, 0x0b, 0x32, 0x1a,
    0x2e, 0x67, 0x6f, 0x6f, 0x67, 0x6c, 0x65, 0x2e, 0x70, 0x72, 0x6f, 0x74, 0x6f, 0x62, 0x75, 0x66,
    0x2e, 0x54, 0x69, 0x6d, 0x65, 0x73, 0x74, 0x61, 0x6d, 0x70, 0x52, 0x0b, 0x73, 0x75, 0x62, 0x6d,
    0x69, 0x74, 0x74, 0x65, 0x64, 0x41, 0x74, 0x12, 0x3e, 0x0a, 0x0a, 0x75, 0x70, 0x64, 0x61, 0x74,
    0x65, 0x64, 0x5f, 0x61, 0x74, 0x18, 0x0e, 0x20, 0x01, 0x28, 0x0b, 0x32, 0x1a, 0x2e, 0x67, 0x6f,
    0x6f, 0x67, 0x6c, 0x65, 0x2e, 0x70, 0x72, 0x6f, 0x74, 0x6f, 0x62, 0x75, 0x66, 0x2e, 0x54, 0x69,
    0x6d, 0x65, 0x73, 0x74, 0x61, 0x6d, 0x70, 0x42, 0x03, 0xe0, 0x41, 0x02, 0x52, 0x09, 0x75, 0x70,
    0x64, 0x61, 0x74, 0x65, 0x64, 0x41, 0x74, 0x22, 0xb7, 0x03, 0x0a, 0x04, 0x46, 0x69, 0x6c, 0x6c,
    0x12, 0x43, 0x0a, 0x08, 0x6d, 0x65, 0x74, 0x61, 0x64, 0x61, 0x74, 0x61, 0x18, 0x01, 0x20, 0x01,
    0x28, 0x0b, 0x32, 0x22, 0x2e, 0x71, 0x75, 0x61, 0x6e, 0x74, 0x6f, 0x73, 0x2e, 0x63, 0x6f, 0x6d,
    0x6d, 0x6f, 0x6e, 0x2e, 0x76, 0x31, 0x2e, 0x43, 0x6f, 0x6d, 0x6d, 0x61, 0x6e, 0x64, 0x4d, 0x65,
    0x74, 0x61, 0x64, 0x61, 0x74, 0x61, 0x42, 0x03, 0xe0, 0x41, 0x02, 0x52, 0x08, 0x6d, 0x65, 0x74,
    0x61, 0x64, 0x61, 0x74, 0x61, 0x12, 0x1c, 0x0a, 0x07, 0x66, 0x69, 0x6c, 0x6c, 0x5f, 0x69, 0x64,
    0x18, 0x02, 0x20, 0x01, 0x28, 0x09, 0x42, 0x03, 0xe0, 0x41, 0x02, 0x52, 0x06, 0x66, 0x69, 0x6c,
    0x6c, 0x49, 0x64, 0x12, 0x1e, 0x0a, 0x08, 0x6f, 0x72, 0x64, 0x65, 0x72, 0x5f, 0x69, 0x64, 0x18,
    0x03, 0x20, 0x01, 0x28, 0x09, 0x42, 0x03, 0xe0, 0x41, 0x02, 0x52, 0x07, 0x6f, 0x72, 0x64, 0x65,
    0x72, 0x49, 0x64, 0x12, 0x22, 0x0a, 0x0d, 0x76, 0x65, 0x6e, 0x75, 0x65, 0x5f, 0x66, 0x69, 0x6c,
    0x6c, 0x5f, 0x69, 0x64, 0x18, 0x04, 0x20, 0x01, 0x28, 0x09, 0x52, 0x0b, 0x76, 0x65, 0x6e, 0x75,
    0x65, 0x46, 0x69, 0x6c, 0x6c, 0x49, 0x64, 0x12, 0x1b, 0x0a, 0x06, 0x73, 0x79, 0x6d, 0x62, 0x6f,
    0x6c, 0x18, 0x05, 0x20, 0x01, 0x28, 0x09, 0x42, 0x03, 0xe0, 0x41, 0x02, 0x52, 0x06, 0x73, 0x79,
    0x6d, 0x62, 0x6f, 0x6c, 0x12, 0x40, 0x0a, 0x08, 0x71, 0x75, 0x61, 0x6e, 0x74, 0x69, 0x74, 0x79,
    0x18, 0x06, 0x20, 0x01, 0x28, 0x0b, 0x32, 0x1f, 0x2e, 0x71, 0x75, 0x61, 0x6e, 0x74, 0x6f, 0x73,
    0x2e, 0x63, 0x6f, 0x6d, 0x6d, 0x6f, 0x6e, 0x2e, 0x76, 0x31, 0x2e, 0x44, 0x65, 0x63, 0x69, 0x6d,
    0x61, 0x6c, 0x56, 0x61, 0x6c, 0x75, 0x65, 0x42, 0x03, 0xe0, 0x41, 0x02, 0x52, 0x08, 0x71, 0x75,
    0x61, 0x6e, 0x74, 0x69, 0x74, 0x79, 0x12, 0x3a, 0x0a, 0x05, 0x70, 0x72, 0x69, 0x63, 0x65, 0x18,
    0x07, 0x20, 0x01, 0x28, 0x0b, 0x32, 0x1f, 0x2e, 0x71, 0x75, 0x61, 0x6e, 0x74, 0x6f, 0x73, 0x2e,
    0x63, 0x6f, 0x6d, 0x6d, 0x6f, 0x6e, 0x2e, 0x76, 0x31, 0x2e, 0x44, 0x65, 0x63, 0x69, 0x6d, 0x61,
    0x6c, 0x56, 0x61, 0x6c, 0x75, 0x65, 0x42, 0x03, 0xe0, 0x41, 0x02, 0x52, 0x05, 0x70, 0x72, 0x69,
    0x63, 0x65, 0x12, 0x2f, 0x0a, 0x03, 0x66, 0x65, 0x65, 0x18, 0x08, 0x20, 0x01, 0x28, 0x0b, 0x32,
    0x1d, 0x2e, 0x71, 0x75, 0x61, 0x6e, 0x74, 0x6f, 0x73, 0x2e, 0x63, 0x6f, 0x6d, 0x6d, 0x6f, 0x6e,
    0x2e, 0x76, 0x31, 0x2e, 0x4d, 0x6f, 0x6e, 0x65, 0x79, 0x56, 0x61, 0x6c, 0x75, 0x65, 0x52, 0x03,
    0x66, 0x65, 0x65, 0x12, 0x3c, 0x0a, 0x09, 0x66, 0x69, 0x6c, 0x6c, 0x65, 0x64, 0x5f, 0x61, 0x74,
    0x18, 0x09, 0x20, 0x01, 0x28, 0x0b, 0x32, 0x1a, 0x2e, 0x67, 0x6f, 0x6f, 0x67, 0x6c, 0x65, 0x2e,
    0x70, 0x72, 0x6f, 0x74, 0x6f, 0x62, 0x75, 0x66, 0x2e, 0x54, 0x69, 0x6d, 0x65, 0x73, 0x74, 0x61,
    0x6d, 0x70, 0x42, 0x03, 0xe0, 0x41, 0x02, 0x52, 0x08, 0x66, 0x69, 0x6c, 0x6c, 0x65, 0x64, 0x41,
    0x74, 0x22, 0xc3, 0x04, 0x0a, 0x08, 0x50, 0x6f, 0x73, 0x69, 0x74, 0x69, 0x6f, 0x6e, 0x12, 0x43,
    0x0a, 0x08, 0x6d, 0x65, 0x74, 0x61, 0x64, 0x61, 0x74, 0x61, 0x18, 0x01, 0x20, 0x01, 0x28, 0x0b,
    0x32, 0x22, 0x2e, 0x71, 0x75, 0x61, 0x6e, 0x74, 0x6f, 0x73, 0x2e, 0x63, 0x6f, 0x6d, 0x6d, 0x6f,
    0x6e, 0x2e, 0x76, 0x31, 0x2e, 0x43, 0x6f, 0x6d, 0x6d, 0x61, 0x6e, 0x64, 0x4d, 0x65, 0x74, 0x61,
    0x64, 0x61, 0x74, 0x61, 0x42, 0x03, 0xe0, 0x41, 0x02, 0x52, 0x08, 0x6d, 0x65, 0x74, 0x61, 0x64,
    0x61, 0x74, 0x61, 0x12, 0x24, 0x0a, 0x0b, 0x70, 0x6f, 0x73, 0x69, 0x74, 0x69, 0x6f, 0x6e, 0x5f,
    0x69, 0x64, 0x18, 0x02, 0x20, 0x01, 0x28, 0x09, 0x42, 0x03, 0xe0, 0x41, 0x02, 0x52, 0x0a, 0x70,
    0x6f, 0x73, 0x69, 0x74, 0x69, 0x6f, 0x6e, 0x49, 0x64, 0x12, 0x22, 0x0a, 0x0a, 0x61, 0x63, 0x63,
    0x6f, 0x75, 0x6e, 0x74, 0x5f, 0x69, 0x64, 0x18, 0x03, 0x20, 0x01, 0x28, 0x09, 0x42, 0x03, 0xe0,
    0x41, 0x02, 0x52, 0x09, 0x61, 0x63, 0x63, 0x6f, 0x75, 0x6e, 0x74, 0x49, 0x64, 0x12, 0x1b, 0x0a,
    0x06, 0x73, 0x79, 0x6d, 0x62, 0x6f, 0x6c, 0x18, 0x04, 0x20, 0x01, 0x28, 0x09, 0x42, 0x03, 0xe0,
    0x41, 0x02, 0x52, 0x06, 0x73, 0x79, 0x6d, 0x62, 0x6f, 0x6c, 0x12, 0x39, 0x0a, 0x04, 0x73, 0x69,
    0x64, 0x65, 0x18, 0x05, 0x20, 0x01, 0x28, 0x0e, 0x32, 0x20, 0x2e, 0x71, 0x75, 0x61, 0x6e, 0x74,
    0x6f, 0x73, 0x2e, 0x74, 0x72, 0x61, 0x64, 0x69, 0x6e, 0x67, 0x2e, 0x76, 0x31, 0x2e, 0x50, 0x6f,
    0x73, 0x69, 0x74, 0x69, 0x6f, 0x6e, 0x53, 0x69, 0x64, 0x65, 0x42, 0x03, 0xe0, 0x41, 0x02, 0x52,
    0x04, 0x73, 0x69, 0x64, 0x65, 0x12, 0x40, 0x0a, 0x08, 0x71, 0x75, 0x61, 0x6e, 0x74, 0x69, 0x74,
    0x79, 0x18, 0x06, 0x20, 0x01, 0x28, 0x0b, 0x32, 0x1f, 0x2e, 0x71, 0x75, 0x61, 0x6e, 0x74, 0x6f,
    0x73, 0x2e, 0x63, 0x6f, 0x6d, 0x6d, 0x6f, 0x6e, 0x2e, 0x76, 0x31, 0x2e, 0x44, 0x65, 0x63, 0x69,
    0x6d, 0x61, 0x6c, 0x56, 0x61, 0x6c, 0x75, 0x65, 0x42, 0x03, 0xe0, 0x41, 0x02, 0x52, 0x08, 0x71,
    0x75, 0x61, 0x6e, 0x74, 0x69, 0x74, 0x79, 0x12, 0x54, 0x0a, 0x13, 0x61, 0x76, 0x65, 0x72, 0x61,
    0x67, 0x65, 0x5f, 0x65, 0x6e, 0x74, 0x72, 0x79, 0x5f, 0x70, 0x72, 0x69, 0x63, 0x65, 0x18, 0x07,
    0x20, 0x01, 0x28, 0x0b, 0x32, 0x1f, 0x2e, 0x71, 0x75, 0x61, 0x6e, 0x74, 0x6f, 0x73, 0x2e, 0x63,
    0x6f, 0x6d, 0x6d, 0x6f, 0x6e, 0x2e, 0x76, 0x31, 0x2e, 0x44, 0x65, 0x63, 0x69, 0x6d, 0x61, 0x6c,
    0x56, 0x61, 0x6c, 0x75, 0x65, 0x42, 0x03, 0xe0, 0x41, 0x02, 0x52, 0x11, 0x61, 0x76, 0x65, 0x72,
    0x61, 0x67, 0x65, 0x45, 0x6e, 0x74, 0x72, 0x79, 0x50, 0x72, 0x69, 0x63, 0x65, 0x12, 0x3c, 0x0a,
    0x0a, 0x6d, 0x61, 0x72, 0x6b, 0x5f, 0x76, 0x61, 0x6c, 0x75, 0x65, 0x18, 0x08, 0x20, 0x01, 0x28,
    0x0b, 0x32, 0x1d, 0x2e, 0x71, 0x75, 0x61, 0x6e, 0x74, 0x6f, 0x73, 0x2e, 0x63, 0x6f, 0x6d, 0x6d,
    0x6f, 0x6e, 0x2e, 0x76, 0x31, 0x2e, 0x4d, 0x6f, 0x6e, 0x65, 0x79, 0x56, 0x61, 0x6c, 0x75, 0x65,
    0x52, 0x09, 0x6d, 0x61, 0x72, 0x6b, 0x56, 0x61, 0x6c, 0x75, 0x65, 0x12, 0x44, 0x0a, 0x0e, 0x75,
    0x6e, 0x72, 0x65, 0x61, 0x6c, 0x69, 0x7a, 0x65, 0x64, 0x5f, 0x70, 0x6e, 0x6c, 0x18, 0x09, 0x20,
    0x01, 0x28, 0x0b, 0x32, 0x1d, 0x2e, 0x71, 0x75, 0x61, 0x6e, 0x74, 0x6f, 0x73, 0x2e, 0x63, 0x6f,
    0x6d, 0x6d, 0x6f, 0x6e, 0x2e, 0x76, 0x31, 0x2e, 0x4d, 0x6f, 0x6e, 0x65, 0x79, 0x56, 0x61, 0x6c,
    0x75, 0x65, 0x52, 0x0d, 0x75, 0x6e, 0x72, 0x65, 0x61, 0x6c, 0x69, 0x7a, 0x65, 0x64, 0x50, 0x6e,
    0x6c, 0x12, 0x34, 0x0a, 0x05, 0x61, 0x73, 0x5f, 0x6f, 0x66, 0x18, 0x0a, 0x20, 0x01, 0x28, 0x0b,
    0x32, 0x1a, 0x2e, 0x67, 0x6f, 0x6f, 0x67, 0x6c, 0x65, 0x2e, 0x70, 0x72, 0x6f, 0x74, 0x6f, 0x62,
    0x75, 0x66, 0x2e, 0x54, 0x69, 0x6d, 0x65, 0x73, 0x74, 0x61, 0x6d, 0x70, 0x42, 0x03, 0xe0, 0x41,
    0x02, 0x52, 0x04, 0x61, 0x73, 0x4f, 0x66, 0x2a, 0x4f, 0x0a, 0x09, 0x56, 0x65, 0x6e, 0x75, 0x65,
    0x4b, 0x69, 0x6e, 0x64, 0x12, 0x1a, 0x0a, 0x16, 0x56, 0x45, 0x4e, 0x55, 0x45, 0x5f, 0x4b, 0x49,
    0x4e, 0x44, 0x5f, 0x55, 0x4e, 0x53, 0x50, 0x45, 0x43, 0x49, 0x46, 0x49, 0x45, 0x44, 0x10, 0x00,
    0x12, 0x12, 0x0a, 0x0e, 0x56, 0x45, 0x4e, 0x55, 0x45, 0x5f, 0x4b, 0x49, 0x4e, 0x44, 0x5f, 0x43,
    0x45, 0x58, 0x10, 0x01, 0x12, 0x12, 0x0a, 0x0e, 0x56, 0x45, 0x4e, 0x55, 0x45, 0x5f, 0x4b, 0x49,
    0x4e, 0x44, 0x5f, 0x44, 0x45, 0x58, 0x10, 0x02, 0x2a, 0x9a, 0x01, 0x0a, 0x0e, 0x50, 0x72, 0x6f,
    0x70, 0x6f, 0x73, 0x61, 0x6c, 0x41, 0x63, 0x74, 0x69, 0x6f, 0x6e, 0x12, 0x1f, 0x0a, 0x1b, 0x50,
    0x52, 0x4f, 0x50, 0x4f, 0x53, 0x41, 0x4c, 0x5f, 0x41, 0x43, 0x54, 0x49, 0x4f, 0x4e, 0x5f, 0x55,
    0x4e, 0x53, 0x50, 0x45, 0x43, 0x49, 0x46, 0x49, 0x45, 0x44, 0x10, 0x00, 0x12, 0x17, 0x0a, 0x13,
    0x50, 0x52, 0x4f, 0x50, 0x4f, 0x53, 0x41, 0x4c, 0x5f, 0x41, 0x43, 0x54, 0x49, 0x4f, 0x4e, 0x5f,
    0x42, 0x55, 0x59, 0x10, 0x01, 0x12, 0x18, 0x0a, 0x14, 0x50, 0x52, 0x4f, 0x50, 0x4f, 0x53, 0x41,
    0x4c, 0x5f, 0x41, 0x43, 0x54, 0x49, 0x4f, 0x4e, 0x5f, 0x53, 0x45, 0x4c, 0x4c, 0x10, 0x02, 0x12,
    0x18, 0x0a, 0x14, 0x50, 0x52, 0x4f, 0x50, 0x4f, 0x53, 0x41, 0x4c, 0x5f, 0x41, 0x43, 0x54, 0x49,
    0x4f, 0x4e, 0x5f, 0x48, 0x4f, 0x4c, 0x44, 0x10, 0x03, 0x12, 0x1a, 0x0a, 0x16, 0x50, 0x52, 0x4f,
    0x50, 0x4f, 0x53, 0x41, 0x4c, 0x5f, 0x41, 0x43, 0x54, 0x49, 0x4f, 0x4e, 0x5f, 0x52, 0x45, 0x44,
    0x55, 0x43, 0x45, 0x10, 0x04, 0x2a, 0x7e, 0x0a, 0x0b, 0x52, 0x69, 0x73, 0x6b, 0x56, 0x65, 0x72,
    0x64, 0x69, 0x63, 0x74, 0x12, 0x1c, 0x0a, 0x18, 0x52, 0x49, 0x53, 0x4b, 0x5f, 0x56, 0x45, 0x52,
    0x44, 0x49, 0x43, 0x54, 0x5f, 0x55, 0x4e, 0x53, 0x50, 0x45, 0x43, 0x49, 0x46, 0x49, 0x45, 0x44,
    0x10, 0x00, 0x12, 0x16, 0x0a, 0x12, 0x52, 0x49, 0x53, 0x4b, 0x5f, 0x56, 0x45, 0x52, 0x44, 0x49,
    0x43, 0x54, 0x5f, 0x41, 0x4c, 0x4c, 0x4f, 0x57, 0x10, 0x01, 0x12, 0x15, 0x0a, 0x11, 0x52, 0x49,
    0x53, 0x4b, 0x5f, 0x56, 0x45, 0x52, 0x44, 0x49, 0x43, 0x54, 0x5f, 0x44, 0x45, 0x4e, 0x59, 0x10,
    0x02, 0x12, 0x22, 0x0a, 0x1e, 0x52, 0x49, 0x53, 0x4b, 0x5f, 0x56, 0x45, 0x52, 0x44, 0x49, 0x43,
    0x54, 0x5f, 0x41, 0x50, 0x50, 0x52, 0x4f, 0x56, 0x41, 0x4c, 0x5f, 0x52, 0x45, 0x51, 0x55, 0x49,
    0x52, 0x45, 0x44, 0x10, 0x03, 0x2a, 0xad, 0x01, 0x0a, 0x0f, 0x4f, 0x72, 0x64, 0x65, 0x72, 0x49,
    0x6e, 0x74, 0x65, 0x6e, 0x74, 0x54, 0x79, 0x70, 0x65, 0x12, 0x21, 0x0a, 0x1d, 0x4f, 0x52, 0x44,
    0x45, 0x52, 0x5f, 0x49, 0x4e, 0x54, 0x45, 0x4e, 0x54, 0x5f, 0x54, 0x59, 0x50, 0x45, 0x5f, 0x55,
    0x4e, 0x53, 0x50, 0x45, 0x43, 0x49, 0x46, 0x49, 0x45, 0x44, 0x10, 0x00, 0x12, 0x1c, 0x0a, 0x18,
    0x4f, 0x52, 0x44, 0x45, 0x52, 0x5f, 0x49, 0x4e, 0x54, 0x45, 0x4e, 0x54, 0x5f, 0x54, 0x59, 0x50,
    0x45, 0x5f, 0x4d, 0x41, 0x52, 0x4b, 0x45, 0x54, 0x10, 0x01, 0x12, 0x1b, 0x0a, 0x17, 0x4f, 0x52,
    0x44, 0x45, 0x52, 0x5f, 0x49, 0x4e, 0x54, 0x45, 0x4e, 0x54, 0x5f, 0x54, 0x59, 0x50, 0x45, 0x5f,
    0x4c, 0x49, 0x4d, 0x49, 0x54, 0x10, 0x02, 0x12, 0x1a, 0x0a, 0x16, 0x4f, 0x52, 0x44, 0x45, 0x52,
    0x5f, 0x49, 0x4e, 0x54, 0x45, 0x4e, 0x54, 0x5f, 0x54, 0x59, 0x50, 0x45, 0x5f, 0x53, 0x54, 0x4f,
    0x50, 0x10, 0x03, 0x12, 0x20, 0x0a, 0x1c, 0x4f, 0x52, 0x44, 0x45, 0x52, 0x5f, 0x49, 0x4e, 0x54,
    0x45, 0x4e, 0x54, 0x5f, 0x54, 0x59, 0x50, 0x45, 0x5f, 0x53, 0x54, 0x4f, 0x50, 0x5f, 0x4c, 0x49,
    0x4d, 0x49, 0x54, 0x10, 0x04, 0x2a, 0x50, 0x0a, 0x09, 0x4f, 0x72, 0x64, 0x65, 0x72, 0x53, 0x69,
    0x64, 0x65, 0x12, 0x1a, 0x0a, 0x16, 0x4f, 0x52, 0x44, 0x45, 0x52, 0x5f, 0x53, 0x49, 0x44, 0x45,
    0x5f, 0x55, 0x4e, 0x53, 0x50, 0x45, 0x43, 0x49, 0x46, 0x49, 0x45, 0x44, 0x10, 0x00, 0x12, 0x12,
    0x0a, 0x0e, 0x4f, 0x52, 0x44, 0x45, 0x52, 0x5f, 0x53, 0x49, 0x44, 0x45, 0x5f, 0x42, 0x55, 0x59,
    0x10, 0x01, 0x12, 0x13, 0x0a, 0x0f, 0x4f, 0x52, 0x44, 0x45, 0x52, 0x5f, 0x53, 0x49, 0x44, 0x45,
    0x5f, 0x53, 0x45, 0x4c, 0x4c, 0x10, 0x02, 0x2a, 0x87, 0x02, 0x0a, 0x0b, 0x4f, 0x72, 0x64, 0x65,
    0x72, 0x53, 0x74, 0x61, 0x74, 0x75, 0x73, 0x12, 0x1c, 0x0a, 0x18, 0x4f, 0x52, 0x44, 0x45, 0x52,
    0x5f, 0x53, 0x54, 0x41, 0x54, 0x55, 0x53, 0x5f, 0x55, 0x4e, 0x53, 0x50, 0x45, 0x43, 0x49, 0x46,
    0x49, 0x45, 0x44, 0x10, 0x00, 0x12, 0x16, 0x0a, 0x12, 0x4f, 0x52, 0x44, 0x45, 0x52, 0x5f, 0x53,
    0x54, 0x41, 0x54, 0x55, 0x53, 0x5f, 0x44, 0x52, 0x41, 0x46, 0x54, 0x10, 0x01, 0x12, 0x1a, 0x0a,
    0x16, 0x4f, 0x52, 0x44, 0x45, 0x52, 0x5f, 0x53, 0x54, 0x41, 0x54, 0x55, 0x53, 0x5f, 0x53, 0x55,
    0x42, 0x4d, 0x49, 0x54, 0x54, 0x45, 0x44, 0x10, 0x02, 0x12, 0x19, 0x0a, 0x15, 0x4f, 0x52, 0x44,
    0x45, 0x52, 0x5f, 0x53, 0x54, 0x41, 0x54, 0x55, 0x53, 0x5f, 0x41, 0x43, 0x43, 0x45, 0x50, 0x54,
    0x45, 0x44, 0x10, 0x03, 0x12, 0x19, 0x0a, 0x15, 0x4f, 0x52, 0x44, 0x45, 0x52, 0x5f, 0x53, 0x54,
    0x41, 0x54, 0x55, 0x53, 0x5f, 0x52, 0x45, 0x4a, 0x45, 0x43, 0x54, 0x45, 0x44, 0x10, 0x04, 0x12,
    0x21, 0x0a, 0x1d, 0x4f, 0x52, 0x44, 0x45, 0x52, 0x5f, 0x53, 0x54, 0x41, 0x54, 0x55, 0x53, 0x5f,
    0x50, 0x41, 0x52, 0x54, 0x49, 0x41, 0x4c, 0x4c, 0x59, 0x5f, 0x46, 0x49, 0x4c, 0x4c, 0x45, 0x44,
    0x10, 0x05, 0x12, 0x17, 0x0a, 0x13, 0x4f, 0x52, 0x44, 0x45, 0x52, 0x5f, 0x53, 0x54, 0x41, 0x54,
    0x55, 0x53, 0x5f, 0x46, 0x49, 0x4c, 0x4c, 0x45, 0x44, 0x10, 0x06, 0x12, 0x1a, 0x0a, 0x16, 0x4f,
    0x52, 0x44, 0x45, 0x52, 0x5f, 0x53, 0x54, 0x41, 0x54, 0x55, 0x53, 0x5f, 0x43, 0x41, 0x4e, 0x43,
    0x45, 0x4c, 0x4c, 0x45, 0x44, 0x10, 0x07, 0x12, 0x18, 0x0a, 0x14, 0x4f, 0x52, 0x44, 0x45, 0x52,
    0x5f, 0x53, 0x54, 0x41, 0x54, 0x55, 0x53, 0x5f, 0x45, 0x58, 0x50, 0x49, 0x52, 0x45, 0x44, 0x10,
    0x08, 0x2a, 0x75, 0x0a, 0x0c, 0x50, 0x6f, 0x73, 0x69, 0x74, 0x69, 0x6f, 0x6e, 0x53, 0x69, 0x64,
    0x65, 0x12, 0x1d, 0x0a, 0x19, 0x50, 0x4f, 0x53, 0x49, 0x54, 0x49, 0x4f, 0x4e, 0x5f, 0x53, 0x49,
    0x44, 0x45, 0x5f, 0x55, 0x4e, 0x53, 0x50, 0x45, 0x43, 0x49, 0x46, 0x49, 0x45, 0x44, 0x10, 0x00,
    0x12, 0x15, 0x0a, 0x11, 0x50, 0x4f, 0x53, 0x49, 0x54, 0x49, 0x4f, 0x4e, 0x5f, 0x53, 0x49, 0x44,
    0x45, 0x5f, 0x4e, 0x45, 0x54, 0x10, 0x01, 0x12, 0x16, 0x0a, 0x12, 0x50, 0x4f, 0x53, 0x49, 0x54,
    0x49, 0x4f, 0x4e, 0x5f, 0x53, 0x49, 0x44, 0x45, 0x5f, 0x4c, 0x4f, 0x4e, 0x47, 0x10, 0x02, 0x12,
    0x17, 0x0a, 0x13, 0x50, 0x4f, 0x53, 0x49, 0x54, 0x49, 0x4f, 0x4e, 0x5f, 0x53, 0x49, 0x44, 0x45,
    0x5f, 0x53, 0x48, 0x4f, 0x52, 0x54, 0x10, 0x03, 0x42, 0x63, 0x0a, 0x1e, 0x61, 0x69, 0x2e, 0x73,
    0x75, 0x6d, 0x61, 0x6c, 0x70, 0x68, 0x61, 0x2e, 0x71, 0x75, 0x61, 0x6e, 0x74, 0x6f, 0x73, 0x2e,
    0x74, 0x72, 0x61, 0x64, 0x69, 0x6e, 0x67, 0x2e, 0x76, 0x31, 0x50, 0x01, 0x5a, 0x3f, 0x67, 0x69,
    0x74, 0x68, 0x75, 0x62, 0x2e, 0x63, 0x6f, 0x6d, 0x2f, 0x73, 0x75, 0x6d, 0x61, 0x6c, 0x70, 0x68,
    0x61, 0x2f, 0x71, 0x75, 0x61, 0x6e, 0x74, 0x6f, 0x73, 0x2f, 0x67, 0x65, 0x6e, 0x2f, 0x67, 0x6f,
    0x2f, 0x71, 0x75, 0x61, 0x6e, 0x74, 0x6f, 0x73, 0x2f, 0x74, 0x72, 0x61, 0x64, 0x69, 0x6e, 0x67,
    0x2f, 0x76, 0x31, 0x3b, 0x74, 0x72, 0x61, 0x64, 0x69, 0x6e, 0x67, 0x76, 0x31, 0x4a, 0xac, 0x3c,
    0x0a, 0x07, 0x12, 0x05, 0x00, 0x00, 0x9b, 0x01, 0x01, 0x0a, 0x08, 0x0a, 0x01, 0x0c, 0x12, 0x03,
    0x00, 0x00, 0x12, 0x0a, 0x08, 0x0a, 0x01, 0x02, 0x12, 0x03, 0x02, 0x00, 0x1b, 0x0a, 0x09, 0x0a,
    0x02, 0x03, 0x00, 0x12, 0x03, 0x04, 0x00, 0x29, 0x0a, 0x09, 0x0a, 0x02, 0x03, 0x01, 0x12, 0x03,
    0x05, 0x00, 0x29, 0x0a, 0x09, 0x0a, 0x02, 0x03, 0x02, 0x12, 0x03, 0x06, 0x00, 0x28, 0x0a, 0x09,
    0x0a, 0x02, 0x03, 0x03, 0x12, 0x03, 0x07, 0x00, 0x2c, 0x0a, 0x08, 0x0a, 0x01, 0x08, 0x12, 0x03,
    0x09, 0x00, 0x56, 0x0a, 0x09, 0x0a, 0x02, 0x08, 0x0b, 0x12, 0x03, 0x09, 0x00, 0x56, 0x0a, 0x08,
    0x0a, 0x01, 0x08, 0x12, 0x03, 0x0a, 0x00, 0x22, 0x0a, 0x09, 0x0a, 0x02, 0x08, 0x0a, 0x12, 0x03,
    0x0a, 0x00, 0x22, 0x0a, 0x08, 0x0a, 0x01, 0x08, 0x12, 0x03, 0x0b, 0x00, 0x37, 0x0a, 0x09, 0x0a,
    0x02, 0x08, 0x01, 0x12, 0x03, 0x0b, 0x00, 0x37, 0x0a, 0x0a, 0x0a, 0x02, 0x05, 0x00, 0x12, 0x04,
    0x0d, 0x00, 0x11, 0x01, 0x0a, 0x0a, 0x0a, 0x03, 0x05, 0x00, 0x01, 0x12, 0x03, 0x0d, 0x05, 0x0e,
    0x0a, 0x0c, 0x0a, 0x05, 0x05, 0x00, 0x02, 0x00, 0x01, 0x12, 0x03, 0x0e, 0x02, 0x18, 0x0a, 0x0b,
    0x0a, 0x04, 0x05, 0x00, 0x02, 0x00, 0x12, 0x03, 0x0e, 0x02, 0x1d, 0x0a, 0x0c, 0x0a, 0x05, 0x05,
    0x00, 0x02, 0x00, 0x02, 0x12, 0x03, 0x0e, 0x1b, 0x1c, 0x0a, 0x0c, 0x0a, 0x05, 0x05, 0x00, 0x02,
    0x01, 0x01, 0x12, 0x03, 0x0f, 0x02, 0x10, 0x0a, 0x0b, 0x0a, 0x04, 0x05, 0x00, 0x02, 0x01, 0x12,
    0x03, 0x0f, 0x02, 0x15, 0x0a, 0x0c, 0x0a, 0x05, 0x05, 0x00, 0x02, 0x01, 0x02, 0x12, 0x03, 0x0f,
    0x13, 0x14, 0x0a, 0x0c, 0x0a, 0x05, 0x05, 0x00, 0x02, 0x02, 0x01, 0x12, 0x03, 0x10, 0x02, 0x10,
    0x0a, 0x0b, 0x0a, 0x04, 0x05, 0x00, 0x02, 0x02, 0x12, 0x03, 0x10, 0x02, 0x15, 0x0a, 0x0c, 0x0a,
    0x05, 0x05, 0x00, 0x02, 0x02, 0x02, 0x12, 0x03, 0x10, 0x13, 0x14, 0x0a, 0x0a, 0x0a, 0x02, 0x05,
    0x01, 0x12, 0x04, 0x13, 0x00, 0x19, 0x01, 0x0a, 0x0a, 0x0a, 0x03, 0x05, 0x01, 0x01, 0x12, 0x03,
    0x13, 0x05, 0x13, 0x0a, 0x0c, 0x0a, 0x05, 0x05, 0x01, 0x02, 0x00, 0x01, 0x12, 0x03, 0x14, 0x02,
    0x1d, 0x0a, 0x0b, 0x0a, 0x04, 0x05, 0x01, 0x02, 0x00, 0x12, 0x03, 0x14, 0x02, 0x22, 0x0a, 0x0c,
    0x0a, 0x05, 0x05, 0x01, 0x02, 0x00, 0x02, 0x12, 0x03, 0x14, 0x20, 0x21, 0x0a, 0x0c, 0x0a, 0x05,
    0x05, 0x01, 0x02, 0x01, 0x01, 0x12, 0x03, 0x15, 0x02, 0x15, 0x0a, 0x0b, 0x0a, 0x04, 0x05, 0x01,
    0x02, 0x01, 0x12, 0x03, 0x15, 0x02, 0x1a, 0x0a, 0x0c, 0x0a, 0x05, 0x05, 0x01, 0x02, 0x01, 0x02,
    0x12, 0x03, 0x15, 0x18, 0x19, 0x0a, 0x0c, 0x0a, 0x05, 0x05, 0x01, 0x02, 0x02, 0x01, 0x12, 0x03,
    0x16, 0x02, 0x16, 0x0a, 0x0b, 0x0a, 0x04, 0x05, 0x01, 0x02, 0x02, 0x12, 0x03, 0x16, 0x02, 0x1b,
    0x0a, 0x0c, 0x0a, 0x05, 0x05, 0x01, 0x02, 0x02, 0x02, 0x12, 0x03, 0x16, 0x19, 0x1a, 0x0a, 0x0c,
    0x0a, 0x05, 0x05, 0x01, 0x02, 0x03, 0x01, 0x12, 0x03, 0x17, 0x02, 0x16, 0x0a, 0x0b, 0x0a, 0x04,
    0x05, 0x01, 0x02, 0x03, 0x12, 0x03, 0x17, 0x02, 0x1b, 0x0a, 0x0c, 0x0a, 0x05, 0x05, 0x01, 0x02,
    0x03, 0x02, 0x12, 0x03, 0x17, 0x19, 0x1a, 0x0a, 0x0c, 0x0a, 0x05, 0x05, 0x01, 0x02, 0x04, 0x01,
    0x12, 0x03, 0x18, 0x02, 0x18, 0x0a, 0x0b, 0x0a, 0x04, 0x05, 0x01, 0x02, 0x04, 0x12, 0x03, 0x18,
    0x02, 0x1d, 0x0a, 0x0c, 0x0a, 0x05, 0x05, 0x01, 0x02, 0x04, 0x02, 0x12, 0x03, 0x18, 0x1b, 0x1c,
    0x0a, 0x0a, 0x0a, 0x02, 0x05, 0x02, 0x12, 0x04, 0x1b, 0x00, 0x20, 0x01, 0x0a, 0x0a, 0x0a, 0x03,
    0x05, 0x02, 0x01, 0x12, 0x03, 0x1b, 0x05, 0x10, 0x0a, 0x0c, 0x0a, 0x05, 0x05, 0x02, 0x02, 0x00,
    0x01, 0x12, 0x03, 0x1c, 0x02, 0x1a, 0x0a, 0x0b, 0x0a, 0x04, 0x05, 0x02, 0x02, 0x00, 0x12, 0x03,
    0x1c, 0x02, 0x1f, 0x0a, 0x0c, 0x0a, 0x05, 0x05, 0x02, 0x02, 0x00, 0x02, 0x12, 0x03, 0x1c, 0x1d,
    0x1e, 0x0a, 0x0c, 0x0a, 0x05, 0x05, 0x02, 0x02, 0x01, 0x01, 0x12, 0x03, 0x1d, 0x02, 0x14, 0x0a,
    0x0b, 0x0a, 0x04, 0x05, 0x02, 0x02, 0x01, 0x12, 0x03, 0x1d, 0x02, 0x19, 0x0a, 0x0c, 0x0a, 0x05,
    0x05, 0x02, 0x02, 0x01, 0x02, 0x12, 0x03, 0x1d, 0x17, 0x18, 0x0a, 0x0c, 0x0a, 0x05, 0x05, 0x02,
    0x02, 0x02, 0x01, 0x12, 0x03, 0x1e, 0x02, 0x13, 0x0a, 0x0b, 0x0a, 0x04, 0x05, 0x02, 0x02, 0x02,
    0x12, 0x03, 0x1e, 0x02, 0x18, 0x0a, 0x0c, 0x0a, 0x05, 0x05, 0x02, 0x02, 0x02, 0x02, 0x12, 0x03,
    0x1e, 0x16, 0x17, 0x0a, 0x0c, 0x0a, 0x05, 0x05, 0x02, 0x02, 0x03, 0x01, 0x12, 0x03, 0x1f, 0x02,
    0x20, 0x0a, 0x0b, 0x0a, 0x04, 0x05, 0x02, 0x02, 0x03, 0x12, 0x03, 0x1f, 0x02, 0x25, 0x0a, 0x0c,
    0x0a, 0x05, 0x05, 0x02, 0x02, 0x03, 0x02, 0x12, 0x03, 0x1f, 0x23, 0x24, 0x0a, 0x0a, 0x0a, 0x02,
    0x05, 0x03, 0x12, 0x04, 0x22, 0x00, 0x28, 0x01, 0x0a, 0x0a, 0x0a, 0x03, 0x05, 0x03, 0x01, 0x12,
    0x03, 0x22, 0x05, 0x14, 0x0a, 0x0c, 0x0a, 0x05, 0x05, 0x03, 0x02, 0x00, 0x01, 0x12, 0x03, 0x23,
    0x02, 0x1f, 0x0a, 0x0b, 0x0a, 0x04, 0x05, 0x03, 0x02, 0x00, 0x12, 0x03, 0x23, 0x02, 0x24, 0x0a,
    0x0c, 0x0a, 0x05, 0x05, 0x03, 0x02, 0x00, 0x02, 0x12, 0x03, 0x23, 0x22, 0x23, 0x0a, 0x0c, 0x0a,
    0x05, 0x05, 0x03, 0x02, 0x01, 0x01, 0x12, 0x03, 0x24, 0x02, 0x1a, 0x0a, 0x0b, 0x0a, 0x04, 0x05,
    0x03, 0x02, 0x01, 0x12, 0x03, 0x24, 0x02, 0x1f, 0x0a, 0x0c, 0x0a, 0x05, 0x05, 0x03, 0x02, 0x01,
    0x02, 0x12, 0x03, 0x24, 0x1d, 0x1e, 0x0a, 0x0c, 0x0a, 0x05, 0x05, 0x03, 0x02, 0x02, 0x01, 0x12,
    0x03, 0x25, 0x02, 0x19, 0x0a, 0x0b, 0x0a, 0x04, 0x05, 0x03, 0x02, 0x02, 0x12, 0x03, 0x25, 0x02,
    0x1e, 0x0a, 0x0c, 0x0a, 0x05, 0x05, 0x03, 0x02, 0x02, 0x02, 0x12, 0x03, 0x25, 0x1c, 0x1d, 0x0a,
    0x0c, 0x0a, 0x05, 0x05, 0x03, 0x02, 0x03, 0x01, 0x12, 0x03, 0x26, 0x02, 0x18, 0x0a, 0x0b, 0x0a,
    0x04, 0x05, 0x03, 0x02, 0x03, 0x12, 0x03, 0x26, 0x02, 0x1d, 0x0a, 0x0c, 0x0a, 0x05, 0x05, 0x03,
    0x02, 0x03, 0x02, 0x12, 0x03, 0x26, 0x1b, 0x1c, 0x0a, 0x0c, 0x0a, 0x05, 0x05, 0x03, 0x02, 0x04,
    0x01, 0x12, 0x03, 0x27, 0x02, 0x1e, 0x0a, 0x0b, 0x0a, 0x04, 0x05, 0x03, 0x02, 0x04, 0x12, 0x03,
    0x27, 0x02, 0x23, 0x0a, 0x0c, 0x0a, 0x05, 0x05, 0x03, 0x02, 0x04, 0x02, 0x12, 0x03, 0x27, 0x21,
    0x22, 0x0a, 0x0a, 0x0a, 0x02, 0x05, 0x04, 0x12, 0x04, 0x2a, 0x00, 0x2e, 0x01, 0x0a, 0x0a, 0x0a,
    0x03, 0x05, 0x04, 0x01, 0x12, 0x03, 0x2a, 0x05, 0x0e, 0x0a, 0x0c, 0x0a, 0x05, 0x05, 0x04, 0x02,
    0x00, 0x01, 0x12, 0x03, 0x2b, 0x02, 0x18, 0x0a, 0x0b, 0x0a, 0x04, 0x05, 0x04, 0x02, 0x00, 0x12,
    0x03, 0x2b, 0x02, 0x1d, 0x0a, 0x0c, 0x0a, 0x05, 0x05, 0x04, 0x02, 0x00, 0x02, 0x12, 0x03, 0x2b,
    0x1b, 0x1c, 0x0a, 0x0c, 0x0a, 0x05, 0x05, 0x04, 0x02, 0x01, 0x01, 0x12, 0x03, 0x2c, 0x02, 0x10,
    0x0a, 0x0b, 0x0a, 0x04, 0x05, 0x04, 0x02, 0x01, 0x12, 0x03, 0x2c, 0x02, 0x15, 0x0a, 0x0c, 0x0a,
    0x05, 0x05, 0x04, 0x02, 0x01, 0x02, 0x12, 0x03, 0x2c, 0x13, 0x14, 0x0a, 0x0c, 0x0a, 0x05, 0x05,
    0x04, 0x02, 0x02, 0x01, 0x12, 0x03, 0x2d, 0x02, 0x11, 0x0a, 0x0b, 0x0a, 0x04, 0x05, 0x04, 0x02,
    0x02, 0x12, 0x03, 0x2d, 0x02, 0x16, 0x0a, 0x0c, 0x0a, 0x05, 0x05, 0x04, 0x02, 0x02, 0x02, 0x12,
    0x03, 0x2d, 0x14, 0x15, 0x0a, 0x0a, 0x0a, 0x02, 0x05, 0x05, 0x12, 0x04, 0x30, 0x00, 0x3a, 0x01,
    0x0a, 0x0a, 0x0a, 0x03, 0x05, 0x05, 0x01, 0x12, 0x03, 0x30, 0x05, 0x10, 0x0a, 0x0c, 0x0a, 0x05,
    0x05, 0x05, 0x02, 0x00, 0x01, 0x12, 0x03, 0x31, 0x02, 0x1a, 0x0a, 0x0b, 0x0a, 0x04, 0x05, 0x05,
    0x02, 0x00, 0x12, 0x03, 0x31, 0x02, 0x1f, 0x0a, 0x0c, 0x0a, 0x05, 0x05, 0x05, 0x02, 0x00, 0x02,
    0x12, 0x03, 0x31, 0x1d, 0x1e, 0x0a, 0x0c, 0x0a, 0x05, 0x05, 0x05, 0x02, 0x01, 0x01, 0x12, 0x03,
    0x32, 0x02, 0x14, 0x0a, 0x0b, 0x0a, 0x04, 0x05, 0x05, 0x02, 0x01, 0x12, 0x03, 0x32, 0x02, 0x19,
    0x0a, 0x0c, 0x0a, 0x05, 0x05, 0x05, 0x02, 0x01, 0x02, 0x12, 0x03, 0x32, 0x17, 0x18, 0x0a, 0x0c,
    0x0a, 0x05, 0x05, 0x05, 0x02, 0x02, 0x01, 0x12, 0x03, 0x33, 0x02, 0x18, 0x0a, 0x0b, 0x0a, 0x04,
    0x05, 0x05, 0x02, 0x02, 0x12, 0x03, 0x33, 0x02, 0x1d, 0x0a, 0x0c, 0x0a, 0x05, 0x05, 0x05, 0x02,
    0x02, 0x02, 0x12, 0x03, 0x33, 0x1b, 0x1c, 0x0a, 0x0c, 0x0a, 0x05, 0x05, 0x05, 0x02, 0x03, 0x01,
    0x12, 0x03, 0x34, 0x02, 0x17, 0x0a, 0x0b, 0x0a, 0x04, 0x05, 0x05, 0x02, 0x03, 0x12, 0x03, 0x34,
    0x02, 0x1c, 0x0a, 0x0c, 0x0a, 0x05, 0x05, 0x05, 0x02, 0x03, 0x02, 0x12, 0x03, 0x34, 0x1a, 0x1b,
    0x0a, 0x0c, 0x0a, 0x05, 0x05, 0x05, 0x02, 0x04, 0x01, 0x12, 0x03, 0x35, 0x02, 0x17, 0x0a, 0x0b,
    0x0a, 0x04, 0x05, 0x05, 0x02, 0x04, 0x12, 0x03, 0x35, 0x02, 0x1c, 0x0a, 0x0c, 0x0a, 0x05, 0x05,
    0x05, 0x02, 0x04, 0x02, 0x12, 0x03, 0x35, 0x1a, 0x1b, 0x0a, 0x0c, 0x0a, 0x05, 0x05, 0x05, 0x02,
    0x05, 0x01, 0x12, 0x03, 0x36, 0x02, 0x1f, 0x0a, 0x0b, 0x0a, 0x04, 0x05, 0x05, 0x02, 0x05, 0x12,
    0x03, 0x36, 0x02, 0x24, 0x0a, 0x0c, 0x0a, 0x05, 0x05, 0x05, 0x02, 0x05, 0x02, 0x12, 0x03, 0x36,
    0x22, 0x23, 0x0a, 0x0c, 0x0a, 0x05, 0x05, 0x05, 0x02, 0x06, 0x01, 0x12, 0x03, 0x37, 0x02, 0x15,
    0x0a, 0x0b, 0x0a, 0x04, 0x05, 0x05, 0x02, 0x06, 0x12, 0x03, 0x37, 0x02, 0x1a, 0x0a, 0x0c, 0x0a,
    0x05, 0x05, 0x05, 0x02, 0x06, 0x02, 0x12, 0x03, 0x37, 0x18, 0x19, 0x0a, 0x0c, 0x0a, 0x05, 0x05,
    0x05, 0x02, 0x07, 0x01, 0x12, 0x03, 0x38, 0x02, 0x18, 0x0a, 0x0b, 0x0a, 0x04, 0x05, 0x05, 0x02,
    0x07, 0x12, 0x03, 0x38, 0x02, 0x1d, 0x0a, 0x0c, 0x0a, 0x05, 0x05, 0x05, 0x02, 0x07, 0x02, 0x12,
    0x03, 0x38, 0x1b, 0x1c, 0x0a, 0x0c, 0x0a, 0x05, 0x05, 0x05, 0x02, 0x08, 0x01, 0x12, 0x03, 0x39,
    0x02, 0x16, 0x0a, 0x0b, 0x0a, 0x04, 0x05, 0x05, 0x02, 0x08, 0x12, 0x03, 0x39, 0x02, 0x1b, 0x0a,
    0x0c, 0x0a, 0x05, 0x05, 0x05, 0x02, 0x08, 0x02, 0x12, 0x03, 0x39, 0x19, 0x1a, 0x0a, 0x0a, 0x0a,
    0x02, 0x05, 0x06, 0x12, 0x04, 0x3c, 0x00, 0x41, 0x01, 0x0a, 0x0a, 0x0a, 0x03, 0x05, 0x06, 0x01,
    0x12, 0x03, 0x3c, 0x05, 0x11, 0x0a, 0x0c, 0x0a, 0x05, 0x05, 0x06, 0x02, 0x00, 0x01, 0x12, 0x03,
    0x3d, 0x02, 0x1b, 0x0a, 0x0b, 0x0a, 0x04, 0x05, 0x06, 0x02, 0x00, 0x12, 0x03, 0x3d, 0x02, 0x20,
    0x0a, 0x0c, 0x0a, 0x05, 0x05, 0x06, 0x02, 0x00, 0x02, 0x12, 0x03, 0x3d, 0x1e, 0x1f, 0x0a, 0x0c,
    0x0a, 0x05, 0x05, 0x06, 0x02, 0x01, 0x01, 0x12, 0x03, 0x3e, 0x02, 0x13, 0x0a, 0x0b, 0x0a, 0x04,
    0x05, 0x06, 0x02, 0x01, 0x12, 0x03, 0x3e, 0x02, 0x18, 0x0a, 0x0c, 0x0a, 0x05, 0x05, 0x06, 0x02,
    0x01, 0x02, 0x12, 0x03, 0x3e, 0x16, 0x17, 0x0a, 0x0c, 0x0a, 0x05, 0x05, 0x06, 0x02, 0x02, 0x01,
    0x12, 0x03, 0x3f, 0x02, 0x14, 0x0a, 0x0b, 0x0a, 0x04, 0x05, 0x06, 0x02, 0x02, 0x12, 0x03, 0x3f,
    0x02, 0x19, 0x0a, 0x0c, 0x0a, 0x05, 0x05, 0x06, 0x02, 0x02, 0x02, 0x12, 0x03, 0x3f, 0x17, 0x18,
    0x0a, 0x0c, 0x0a, 0x05, 0x05, 0x06, 0x02, 0x03, 0x01, 0x12, 0x03, 0x40, 0x02, 0x15, 0x0a, 0x0b,
    0x0a, 0x04, 0x05, 0x06, 0x02, 0x03, 0x12, 0x03, 0x40, 0x02, 0x1a, 0x0a, 0x0c, 0x0a, 0x05, 0x05,
    0x06, 0x02, 0x03, 0x02, 0x12, 0x03, 0x40, 0x18, 0x19, 0x0a, 0x0a, 0x0a, 0x02, 0x04, 0x00, 0x12,
    0x04, 0x43, 0x00, 0x53, 0x01, 0x0a, 0x0a, 0x0a, 0x03, 0x04, 0x00, 0x01, 0x12, 0x03, 0x43, 0x08,
    0x15, 0x0a, 0x0c, 0x0a, 0x05, 0x04, 0x00, 0x02, 0x00, 0x06, 0x12, 0x03, 0x44, 0x02, 0x23, 0x0a,
    0x0b, 0x0a, 0x04, 0x04, 0x00, 0x02, 0x00, 0x12, 0x03, 0x44, 0x02, 0x5a, 0x0a, 0x0c, 0x0a, 0x05,
    0x04, 0x00, 0x02, 0x00, 0x01, 0x12, 0x03, 0x44, 0x24, 0x2c, 0x0a, 0x0c, 0x0a, 0x05, 0x04, 0x00,
    0x02, 0x00, 0x03, 0x12, 0x03, 0x44, 0x2f, 0x30, 0x0a, 0x0c, 0x0a, 0x05, 0x04, 0x00, 0x02, 0x00,
    0x08, 0x12, 0x03, 0x44, 0x31, 0x59, 0x0a, 0x0f, 0x0a, 0x08, 0x04, 0x00, 0x02, 0x00, 0x08, 0x9c,
    0x08, 0x00, 0x12, 0x03, 0x44, 0x32, 0x58, 0x0a, 0x0c, 0x0a, 0x05, 0x04, 0x00, 0x02, 0x01, 0x05,
    0x12, 0x03, 0x45, 0x02, 0x08, 0x0a, 0x0b, 0x0a, 0x04, 0x04, 0x00, 0x02, 0x01, 0x12, 0x03, 0x45,
    0x02, 0x42, 0x0a, 0x0c, 0x0a, 0x05, 0x04, 0x00, 0x02, 0x01, 0x01, 0x12, 0x03, 0x45, 0x09, 0x14,
    0x0a, 0x0c, 0x0a, 0x05, 0x04, 0x00, 0x02, 0x01, 0x03, 0x12, 0x03, 0x45, 0x17, 0x18, 0x0a, 0x0c,
    0x0a, 0x05, 0x04, 0x00, 0x02, 0x01, 0x08, 0x12, 0x03, 0x45, 0x19, 0x41, 0x0a, 0x0f, 0x0a, 0x08,
    0x04, 0x00, 0x02, 0x01, 0x08, 0x9c, 0x08, 0x00, 0x12, 0x03, 0x45, 0x1a, 0x40, 0x0a, 0x0c, 0x0a,
    0x05, 0x04, 0x00, 0x02, 0x02, 0x05, 0x12, 0x03, 0x46, 0x02, 0x08, 0x0a, 0x0b, 0x0a, 0x04, 0x04,
    0x00, 0x02, 0x02, 0x12, 0x03, 0x46, 0x02, 0x41, 0x0a, 0x0c, 0x0a, 0x05, 0x04, 0x00, 0x02, 0x02,
    0x01, 0x12, 0x03, 0x46, 0x09, 0x13, 0x0a, 0x0c, 0x0a, 0x05, 0x04, 0x00, 0x02, 0x02, 0x03, 0x12,
    0x03, 0x46, 0x16, 0x17, 0x0a, 0x0c, 0x0a, 0x05, 0x04, 0x00, 0x02, 0x02, 0x08, 0x12, 0x03, 0x46,
    0x18, 0x40, 0x0a, 0x0f, 0x0a, 0x08, 0x04, 0x00, 0x02, 0x02, 0x08, 0x9c, 0x08, 0x00, 0x12, 0x03,
    0x46, 0x19, 0x3f, 0x0a, 0x0c, 0x0a, 0x05, 0x04, 0x00, 0x02, 0x03, 0x05, 0x12, 0x03, 0x47, 0x02,
    0x08, 0x0a, 0x0b, 0x0a, 0x04, 0x04, 0x00, 0x02, 0x03, 0x12, 0x03, 0x47, 0x02, 0x3d, 0x0a, 0x0c,
    0x0a, 0x05, 0x04, 0x00, 0x02, 0x03, 0x01, 0x12, 0x03, 0x47, 0x09, 0x0f, 0x0a, 0x0c, 0x0a, 0x05,
    0x04, 0x00, 0x02, 0x03, 0x03, 0x12, 0x03, 0x47, 0x12, 0x13, 0x0a, 0x0c, 0x0a, 0x05, 0x04, 0x00,
    0x02, 0x03, 0x08, 0x12, 0x03, 0x47, 0x14, 0x3c, 0x0a, 0x0f, 0x0a, 0x08, 0x04, 0x00, 0x02, 0x03,
    0x08, 0x9c, 0x08, 0x00, 0x12, 0x03, 0x47, 0x15, 0x3b, 0x0a, 0x0c, 0x0a, 0x05, 0x04, 0x00, 0x02,
    0x04, 0x06, 0x12, 0x03, 0x48, 0x02, 0x10, 0x0a, 0x0b, 0x0a, 0x04, 0x04, 0x00, 0x02, 0x04, 0x12,
    0x03, 0x48, 0x02, 0x45, 0x0a, 0x0c, 0x0a, 0x05, 0x04, 0x00, 0x02, 0x04, 0x01, 0x12, 0x03, 0x48,
    0x11, 0x17, 0x0a, 0x0c, 0x0a, 0x05, 0x04, 0x00, 0x02, 0x04, 0x03, 0x12, 0x03, 0x48, 0x1a, 0x1b,
    0x0a, 0x0c, 0x0a, 0x05, 0x04, 0x00, 0x02, 0x04, 0x08, 0x12, 0x03, 0x48, 0x1c, 0x44, 0x0a, 0x0f,
    0x0a, 0x08, 0x04, 0x00, 0x02, 0x04, 0x08, 0x9c, 0x08, 0x00, 0x12, 0x03, 0x48, 0x1d, 0x43, 0x0a,
    0x0c, 0x0a, 0x05, 0x04, 0x00, 0x02, 0x05, 0x06, 0x12, 0x03, 0x49, 0x02, 0x20, 0x0a, 0x0b, 0x0a,
    0x04, 0x04, 0x00, 0x02, 0x05, 0x12, 0x03, 0x49, 0x02, 0x57, 0x0a, 0x0c, 0x0a, 0x05, 0x04, 0x00,
    0x02, 0x05, 0x01, 0x12, 0x03, 0x49, 0x21, 0x29, 0x0a, 0x0c, 0x0a, 0x05, 0x04, 0x00, 0x02, 0x05,
    0x03, 0x12, 0x03, 0x49, 0x2c, 0x2d, 0x0a, 0x0c, 0x0a, 0x05, 0x04, 0x00, 0x02, 0x05, 0x08, 0x12,
    0x03, 0x49, 0x2e, 0x56, 0x0a, 0x0f, 0x0a, 0x08, 0x04, 0x00, 0x02, 0x05, 0x08, 0x9c, 0x08, 0x00,
    0x12, 0x03, 0x49, 0x2f, 0x55, 0x0a, 0x0c, 0x0a, 0x05, 0x04, 0x00, 0x02, 0x06, 0x06, 0x12, 0x03,
    0x4a, 0x02, 0x20, 0x0a, 0x0b, 0x0a, 0x04, 0x04, 0x00, 0x02, 0x06, 0x12, 0x03, 0x4a, 0x02, 0x57,
    0x0a, 0x0c, 0x0a, 0x05, 0x04, 0x00, 0x02, 0x06, 0x01, 0x12, 0x03, 0x4a, 0x21, 0x29, 0x0a, 0x0c,
    0x0a, 0x05, 0x04, 0x00, 0x02, 0x06, 0x03, 0x12, 0x03, 0x4a, 0x2c, 0x2d, 0x0a, 0x0c, 0x0a, 0x05,
    0x04, 0x00, 0x02, 0x06, 0x08, 0x12, 0x03, 0x4a, 0x2e, 0x56, 0x0a, 0x0f, 0x0a, 0x08, 0x04, 0x00,
    0x02, 0x06, 0x08, 0x9c, 0x08, 0x00, 0x12, 0x03, 0x4a, 0x2f, 0x55, 0x0a, 0x0c, 0x0a, 0x05, 0x04,
    0x00, 0x02, 0x07, 0x06, 0x12, 0x03, 0x4b, 0x02, 0x20, 0x0a, 0x0b, 0x0a, 0x04, 0x04, 0x00, 0x02,
    0x07, 0x12, 0x03, 0x4b, 0x02, 0x31, 0x0a, 0x0c, 0x0a, 0x05, 0x04, 0x00, 0x02, 0x07, 0x01, 0x12,
    0x03, 0x4b, 0x21, 0x2c, 0x0a, 0x0c, 0x0a, 0x05, 0x04, 0x00, 0x02, 0x07, 0x03, 0x12, 0x03, 0x4b,
    0x2f, 0x30, 0x0a, 0x0c, 0x0a, 0x05, 0x04, 0x00, 0x02, 0x08, 0x06, 0x12, 0x03, 0x4c, 0x02, 0x20,
    0x0a, 0x0b, 0x0a, 0x04, 0x04, 0x00, 0x02, 0x08, 0x12, 0x03, 0x4c, 0x02, 0x30, 0x0a, 0x0c, 0x0a,
    0x05, 0x04, 0x00, 0x02, 0x08, 0x01, 0x12, 0x03, 0x4c, 0x21, 0x2b, 0x0a, 0x0c, 0x0a, 0x05, 0x04,
    0x00, 0x02, 0x08, 0x03, 0x12, 0x03, 0x4c, 0x2e, 0x2f, 0x0a, 0x0c, 0x0a, 0x05, 0x04, 0x00, 0x02,
    0x09, 0x06, 0x12, 0x03, 0x4d, 0x02, 0x1c, 0x0a, 0x0b, 0x0a, 0x04, 0x04, 0x00, 0x02, 0x09, 0x12,
    0x03, 0x4d, 0x02, 0x52, 0x0a, 0x0c, 0x0a, 0x05, 0x04, 0x00, 0x02, 0x09, 0x01, 0x12, 0x03, 0x4d,
    0x1d, 0x23, 0x0a, 0x0c, 0x0a, 0x05, 0x04, 0x00, 0x02, 0x09, 0x03, 0x12, 0x03, 0x4d, 0x26, 0x28,
    0x0a, 0x0c, 0x0a, 0x05, 0x04, 0x00, 0x02, 0x09, 0x08, 0x12, 0x03, 0x4d, 0x29, 0x51, 0x0a, 0x0f,
    0x0a, 0x08, 0x04, 0x00, 0x02, 0x09, 0x08, 0x9c, 0x08, 0x00, 0x12, 0x03, 0x4d, 0x2a, 0x50, 0x0a,
    0x0c, 0x0a, 0x05, 0x04, 0x00, 0x02, 0x0a, 0x04, 0x12, 0x03, 0x4e, 0x02, 0x0a, 0x0a, 0x0b, 0x0a,
    0x04, 0x04, 0x00, 0x02, 0x0a, 0x12, 0x03, 0x4e, 0x02, 0x3c, 0x0a, 0x0c, 0x0a, 0x05, 0x04, 0x00,
    0x02, 0x0a, 0x06, 0x12, 0x03, 0x4e, 0x0b, 0x28, 0x0a, 0x0c, 0x0a, 0x05, 0x04, 0x00, 0x02, 0x0a,
    0x01, 0x12, 0x03, 0x4e, 0x29, 0x36, 0x0a, 0x0c, 0x0a, 0x05, 0x04, 0x00, 0x02, 0x0a, 0x03, 0x12,
    0x03, 0x4e, 0x39, 0x3b, 0x0a, 0x0c, 0x0a, 0x05, 0x04, 0x00, 0x02, 0x0b, 0x05, 0x12, 0x03, 0x4f,
    0x02, 0x08, 0x0a, 0x0b, 0x0a, 0x04, 0x04, 0x00, 0x02, 0x0b, 0x12, 0x03, 0x4f, 0x02, 0x41, 0x0a,
    0x0c, 0x0a, 0x05, 0x04, 0x00, 0x02, 0x0b, 0x01, 0x12, 0x03, 0x4f, 0x09, 0x12, 0x0a, 0x0c, 0x0a,
    0x05, 0x04, 0x00, 0x02, 0x0b, 0x03, 0x12, 0x03, 0x4f, 0x15, 0x17, 0x0a, 0x0c, 0x0a, 0x05, 0x04,
    0x00, 0x02, 0x0b, 0x08, 0x12, 0x03, 0x4f, 0x18, 0x40, 0x0a, 0x0f, 0x0a, 0x08, 0x04, 0x00, 0x02,
    0x0b, 0x08, 0x9c, 0x08, 0x00, 0x12, 0x03, 0x4f, 0x19, 0x3f, 0x0a, 0x0c, 0x0a, 0x05, 0x04, 0x00,
    0x02, 0x0c, 0x06, 0x12, 0x03, 0x50, 0x02, 0x20, 0x0a, 0x0b, 0x0a, 0x04, 0x04, 0x00, 0x02, 0x0c,
    0x12, 0x03, 0x50, 0x02, 0x5a, 0x0a, 0x0c, 0x0a, 0x05, 0x04, 0x00, 0x02, 0x0c, 0x01, 0x12, 0x03,
    0x50, 0x21, 0x2b, 0x0a, 0x0c, 0x0a, 0x05, 0x04, 0x00, 0x02, 0x0c, 0x03, 0x12, 0x03, 0x50, 0x2e,
    0x30, 0x0a, 0x0c, 0x0a, 0x05, 0x04, 0x00, 0x02, 0x0c, 0x08, 0x12, 0x03, 0x50, 0x31, 0x59, 0x0a,
    0x0f, 0x0a, 0x08, 0x04, 0x00, 0x02, 0x0c, 0x08, 0x9c, 0x08, 0x00, 0x12, 0x03, 0x50, 0x32, 0x58,
    0x0a, 0x0c, 0x0a, 0x05, 0x04, 0x00, 0x02, 0x0d, 0x06, 0x12, 0x03, 0x51, 0x02, 0x1b, 0x0a, 0x0b,
    0x0a, 0x04, 0x04, 0x00, 0x02, 0x0d, 0x12, 0x03, 0x51, 0x02, 0x55, 0x0a, 0x0c, 0x0a, 0x05, 0x04,
    0x00, 0x02, 0x0d, 0x01, 0x12, 0x03, 0x51, 0x1c, 0x26, 0x0a, 0x0c, 0x0a, 0x05, 0x04, 0x00, 0x02,
    0x0d, 0x03, 0x12, 0x03, 0x51, 0x29, 0x2b, 0x0a, 0x0c, 0x0a, 0x05, 0x04, 0x00, 0x02, 0x0d, 0x08,
    0x12, 0x03, 0x51, 0x2c, 0x54, 0x0a, 0x0f, 0x0a, 0x08, 0x04, 0x00, 0x02, 0x0d, 0x08, 0x9c, 0x08,
    0x00, 0x12, 0x03, 0x51, 0x2d, 0x53, 0x0a, 0x0c, 0x0a, 0x05, 0x04, 0x00, 0x02, 0x0e, 0x05, 0x12,
    0x03, 0x52, 0x02, 0x06, 0x0a, 0x0b, 0x0a, 0x04, 0x04, 0x00, 0x02, 0x0e, 0x12, 0x03, 0x52, 0x02,
    0x40, 0x0a, 0x0c, 0x0a, 0x05, 0x04, 0x00, 0x02, 0x0e, 0x01, 0x12, 0x03, 0x52, 0x07, 0x11, 0x0a,
    0x0c, 0x0a, 0x05, 0x04, 0x00, 0x02, 0x0e, 0x03, 0x12, 0x03, 0x52, 0x14, 0x16, 0x0a, 0x0c, 0x0a,
    0x05, 0x04, 0x00, 0x02, 0x0e, 0x08, 0x12, 0x03, 0x52, 0x17, 0x3f, 0x0a, 0x0f, 0x0a, 0x08, 0x04,
    0x00, 0x02, 0x0e, 0x08, 0x9c, 0x08, 0x00, 0x12, 0x03, 0x52, 0x18, 0x3e, 0x0a, 0x0a, 0x0a, 0x02,
    0x04, 0x01, 0x12, 0x04, 0x55, 0x00, 0x5f, 0x01, 0x0a, 0x0a, 0x0a, 0x03, 0x04, 0x01, 0x01, 0x12,
    0x03, 0x55, 0x08, 0x14, 0x0a, 0x0c, 0x0a, 0x05, 0x04, 0x01, 0x02, 0x00, 0x06, 0x12, 0x03, 0x56,
    0x02, 0x23, 0x0a, 0x0b, 0x0a, 0x04, 0x04, 0x01, 0x02, 0x00, 0x12, 0x03, 0x56, 0x02, 0x5a, 0x0a,
    0x0c, 0x0a, 0x05, 0x04, 0x01, 0x02, 0x00, 0x01, 0x12, 0x03, 0x56, 0x24, 0x2c, 0x0a, 0x0c, 0x0a,
    0x05, 0x04, 0x01, 0x02, 0x00, 0x03, 0x12, 0x03, 0x56, 0x2f, 0x30, 0x0a, 0x0c, 0x0a, 0x05, 0x04,
    0x01, 0x02, 0x00, 0x08, 0x12, 0x03, 0x56, 0x31, 0x59, 0x0a, 0x0f, 0x0a, 0x08, 0x04, 0x01, 0x02,
    0x00, 0x08, 0x9c, 0x08, 0x00, 0x12, 0x03, 0x56, 0x32, 0x58, 0x0a, 0x0c, 0x0a, 0x05, 0x04, 0x01,
    0x02, 0x01, 0x05, 0x12, 0x03, 0x57, 0x02, 0x08, 0x0a, 0x0b, 0x0a, 0x04, 0x04, 0x01, 0x02, 0x01,
    0x12, 0x03, 0x57, 0x02, 0x42, 0x0a, 0x0c, 0x0a, 0x05, 0x04, 0x01, 0x02, 0x01, 0x01, 0x12, 0x03,
    0x57, 0x09, 0x14, 0x0a, 0x0c, 0x0a, 0x05, 0x04, 0x01, 0x02, 0x01, 0x03, 0x12, 0x03, 0x57, 0x17,
    0x18, 0x0a, 0x0c, 0x0a, 0x05, 0x04, 0x01, 0x02, 0x01, 0x08, 0x12, 0x03, 0x57, 0x19, 0x41, 0x0a,
    0x0f, 0x0a, 0x08, 0x04, 0x01, 0x02, 0x01, 0x08, 0x9c, 0x08, 0x00, 0x12, 0x03, 0x57, 0x1a, 0x40,
    0x0a, 0x0c, 0x0a, 0x05, 0x04, 0x01, 0x02, 0x02, 0x05, 0x12, 0x03, 0x58, 0x02, 0x08, 0x0a, 0x0b,
    0x0a, 0x04, 0x04, 0x01, 0x02, 0x02, 0x12, 0x03, 0x58, 0x02, 0x42, 0x0a, 0x0c, 0x0a, 0x05, 0x04,
    0x01, 0x02, 0x02, 0x01, 0x12, 0x03, 0x58, 0x09, 0x14, 0x0a, 0x0c, 0x0a, 0x05, 0x04, 0x01, 0x02,
    0x02, 0x03, 0x12, 0x03, 0x58, 0x17, 0x18, 0x0a, 0x0c, 0x0a, 0x05, 0x04, 0x01, 0x02, 0x02, 0x08,
    0x12, 0x03, 0x58, 0x19, 0x41, 0x0a, 0x0f, 0x0a, 0x08, 0x04, 0x01, 0x02, 0x02, 0x08, 0x9c, 0x08,
    0x00, 0x12, 0x03, 0x58, 0x1a, 0x40, 0x0a, 0x0c, 0x0a, 0x05, 0x04, 0x01, 0x02, 0x03, 0x06, 0x12,
    0x03, 0x59, 0x02, 0x0d, 0x0a, 0x0b, 0x0a, 0x04, 0x04, 0x01, 0x02, 0x03, 0x12, 0x03, 0x59, 0x02,
    0x43, 0x0a, 0x0c, 0x0a, 0x05, 0x04, 0x01, 0x02, 0x03, 0x01, 0x12, 0x03, 0x59, 0x0e, 0x15, 0x0a,
    0x0c, 0x0a, 0x05, 0x04, 0x01, 0x02, 0x03, 0x03, 0x12, 0x03, 0x59, 0x18, 0x19, 0x0a, 0x0c, 0x0a,
    0x05, 0x04, 0x01, 0x02, 0x03, 0x08, 0x12, 0x03, 0x59, 0x1a, 0x42, 0x0a, 0x0f, 0x0a, 0x08, 0x04,
    0x01, 0x02, 0x03, 0x08, 0x9c, 0x08, 0x00, 0x12, 0x03, 0x59, 0x1b, 0x41, 0x0a, 0x0c, 0x0a, 0x05,
    0x04, 0x01, 0x02, 0x04, 0x04, 0x12, 0x03, 0x5a, 0x02, 0x0a, 0x0a, 0x0b, 0x0a, 0x04, 0x04, 0x01,
    0x02, 0x04, 0x12, 0x03, 0x5a, 0x02, 0x49, 0x0a, 0x0c, 0x0a, 0x05, 0x04, 0x01, 0x02, 0x04, 0x05,
    0x12, 0x03, 0x5a, 0x0b, 0x11, 0x0a, 0x0c, 0x0a, 0x05, 0x04, 0x01, 0x02, 0x04, 0x01, 0x12, 0x03,
    0x5a, 0x12, 0x1b, 0x0a, 0x0c, 0x0a, 0x05, 0x04, 0x01, 0x02, 0x04, 0x03, 0x12, 0x03, 0x5a, 0x1e,
    0x1f, 0x0a, 0x0c, 0x0a, 0x05, 0x04, 0x01, 0x02, 0x04, 0x08, 0x12, 0x03, 0x5a, 0x20, 0x48, 0x0a,
    0x0f, 0x0a, 0x08, 0x04, 0x01, 0x02, 0x04, 0x08, 0x9c, 0x08, 0x00, 0x12, 0x03, 0x5a, 0x21, 0x47,
    0x0a, 0x0c, 0x0a, 0x05, 0x04, 0x01, 0x02, 0x05, 0x04, 0x12, 0x03, 0x5b, 0x02, 0x0a, 0x0a, 0x0b,
    0x0a, 0x04, 0x04, 0x01, 0x02, 0x05, 0x12, 0x03, 0x5b, 0x02, 0x20, 0x0a, 0x0c, 0x0a, 0x05, 0x04,
    0x01, 0x02, 0x05, 0x05, 0x12, 0x03, 0x5b, 0x0b, 0x11, 0x0a, 0x0c, 0x0a, 0x05, 0x04, 0x01, 0x02,
    0x05, 0x01, 0x12, 0x03, 0x5b, 0x12, 0x1b, 0x0a, 0x0c, 0x0a, 0x05, 0x04, 0x01, 0x02, 0x05, 0x03,
    0x12, 0x03, 0x5b, 0x1e, 0x1f, 0x0a, 0x0c, 0x0a, 0x05, 0x04, 0x01, 0x02, 0x06, 0x05, 0x12, 0x03,
    0x5c, 0x02, 0x08, 0x0a, 0x0b, 0x0a, 0x04, 0x04, 0x01, 0x02, 0x06, 0x12, 0x03, 0x5c, 0x02, 0x3d,
    0x0a, 0x0c, 0x0a, 0x05, 0x04, 0x01, 0x02, 0x06, 0x01, 0x12, 0x03, 0x5c, 0x09, 0x0f, 0x0a, 0x0c,
    0x0a, 0x05, 0x04, 0x01, 0x02, 0x06, 0x03, 0x12, 0x03, 0x5c, 0x12, 0x13, 0x0a, 0x0c, 0x0a, 0x05,
    0x04, 0x01, 0x02, 0x06, 0x08, 0x12, 0x03, 0x5c, 0x14, 0x3c, 0x0a, 0x0f, 0x0a, 0x08, 0x04, 0x01,
    0x02, 0x06, 0x08, 0x9c, 0x08, 0x00, 0x12, 0x03, 0x5c, 0x15, 0x3b, 0x0a, 0x0c, 0x0a, 0x05, 0x04,
    0x01, 0x02, 0x07, 0x05, 0x12, 0x03, 0x5d, 0x02, 0x08, 0x0a, 0x0b, 0x0a, 0x04, 0x04, 0x01, 0x02,
    0x07, 0x12, 0x03, 0x5d, 0x02, 0x3d, 0x0a, 0x0c, 0x0a, 0x05, 0x04, 0x01, 0x02, 0x07, 0x01, 0x12,
    0x03, 0x5d, 0x09, 0x0f, 0x0a, 0x0c, 0x0a, 0x05, 0x04, 0x01, 0x02, 0x07, 0x03, 0x12, 0x03, 0x5d,
    0x12, 0x13, 0x0a, 0x0c, 0x0a, 0x05, 0x04, 0x01, 0x02, 0x07, 0x08, 0x12, 0x03, 0x5d, 0x14, 0x3c,
    0x0a, 0x0f, 0x0a, 0x08, 0x04, 0x01, 0x02, 0x07, 0x08, 0x9c, 0x08, 0x00, 0x12, 0x03, 0x5d, 0x15,
    0x3b, 0x0a, 0x0c, 0x0a, 0x05, 0x04, 0x01, 0x02, 0x08, 0x06, 0x12, 0x03, 0x5e, 0x02, 0x1b, 0x0a,
    0x0b, 0x0a, 0x04, 0x04, 0x01, 0x02, 0x08, 0x12, 0x03, 0x5e, 0x02, 0x54, 0x0a, 0x0c, 0x0a, 0x05,
    0x04, 0x01, 0x02, 0x08, 0x01, 0x12, 0x03, 0x5e, 0x1c, 0x26, 0x0a, 0x0c, 0x0a, 0x05, 0x04, 0x01,
    0x02, 0x08, 0x03, 0x12, 0x03, 0x5e, 0x29, 0x2a, 0x0a, 0x0c, 0x0a, 0x05, 0x04, 0x01, 0x02, 0x08,
    0x08, 0x12, 0x03, 0x5e, 0x2b, 0x53, 0x0a, 0x0f, 0x0a, 0x08, 0x04, 0x01, 0x02, 0x08, 0x08, 0x9c,
    0x08, 0x00, 0x12, 0x03, 0x5e, 0x2c, 0x52, 0x0a, 0x0a, 0x0a, 0x02, 0x04, 0x02, 0x12, 0x04, 0x61,
    0x00, 0x71, 0x01, 0x0a, 0x0a, 0x0a, 0x03, 0x04, 0x02, 0x01, 0x12, 0x03, 0x61, 0x08, 0x14, 0x0a,
    0x0c, 0x0a, 0x05, 0x04, 0x02, 0x02, 0x00, 0x06, 0x12, 0x03, 0x62, 0x02, 0x23, 0x0a, 0x0b, 0x0a,
    0x04, 0x04, 0x02, 0x02, 0x00, 0x12, 0x03, 0x62, 0x02, 0x5a, 0x0a, 0x0c, 0x0a, 0x05, 0x04, 0x02,
    0x02, 0x00, 0x01, 0x12, 0x03, 0x62, 0x24, 0x2c, 0x0a, 0x0c, 0x0a, 0x05, 0x04, 0x02, 0x02, 0x00,
    0x03, 0x12, 0x03, 0x62, 0x2f, 0x30, 0x0a, 0x0c, 0x0a, 0x05, 0x04, 0x02, 0x02, 0x00, 0x08, 0x12,
    0x03, 0x62, 0x31, 0x59, 0x0a, 0x0f, 0x0a, 0x08, 0x04, 0x02, 0x02, 0x00, 0x08, 0x9c, 0x08, 0x00,
    0x12, 0x03, 0x62, 0x32, 0x58, 0x0a, 0x0c, 0x0a, 0x05, 0x04, 0x02, 0x02, 0x01, 0x05, 0x12, 0x03,
    0x63, 0x02, 0x08, 0x0a, 0x0b, 0x0a, 0x04, 0x04, 0x02, 0x02, 0x01, 0x12, 0x03, 0x63, 0x02, 0x41,
    0x0a, 0x0c, 0x0a, 0x05, 0x04, 0x02, 0x02, 0x01, 0x01, 0x12, 0x03, 0x63, 0x09, 0x13, 0x0a, 0x0c,
    0x0a, 0x05, 0x04, 0x02, 0x02, 0x01, 0x03, 0x12, 0x03, 0x63, 0x16, 0x17, 0x0a, 0x0c, 0x0a, 0x05,
    0x04, 0x02, 0x02, 0x01, 0x08, 0x12, 0x03, 0x63, 0x18, 0x40, 0x0a, 0x0f, 0x0a, 0x08, 0x04, 0x02,
    0x02, 0x01, 0x08, 0x9c, 0x08, 0x00, 0x12, 0x03, 0x63, 0x19, 0x3f, 0x0a, 0x0c, 0x0a, 0x05, 0x04,
    0x02, 0x02, 0x02, 0x05, 0x12, 0x03, 0x64, 0x02, 0x08, 0x0a, 0x0b, 0x0a, 0x04, 0x04, 0x02, 0x02,
    0x02, 0x12, 0x03, 0x64, 0x02, 0x42, 0x0a, 0x0c, 0x0a, 0x05, 0x04, 0x02, 0x02, 0x02, 0x01, 0x12,
    0x03, 0x64, 0x09, 0x14, 0x0a, 0x0c, 0x0a, 0x05, 0x04, 0x02, 0x02, 0x02, 0x03, 0x12, 0x03, 0x64,
    0x17, 0x18, 0x0a, 0x0c, 0x0a, 0x05, 0x04, 0x02, 0x02, 0x02, 0x08, 0x12, 0x03, 0x64, 0x19, 0x41,
    0x0a, 0x0f, 0x0a, 0x08, 0x04, 0x02, 0x02, 0x02, 0x08, 0x9c, 0x08, 0x00, 0x12, 0x03, 0x64, 0x1a,
    0x40, 0x0a, 0x0c, 0x0a, 0x05, 0x04, 0x02, 0x02, 0x03, 0x05, 0x12, 0x03, 0x65, 0x02, 0x08, 0x0a,
    0x0b, 0x0a, 0x04, 0x04, 0x02, 0x02, 0x03, 0x12, 0x03, 0x65, 0x02, 0x41, 0x0a, 0x0c, 0x0a, 0x05,
    0x04, 0x02, 0x02, 0x03, 0x01, 0x12, 0x03, 0x65, 0x09, 0x13, 0x0a, 0x0c, 0x0a, 0x05, 0x04, 0x02,
    0x02, 0x03, 0x03, 0x12, 0x03, 0x65, 0x16, 0x17, 0x0a, 0x0c, 0x0a, 0x05, 0x04, 0x02, 0x02, 0x03,
    0x08, 0x12, 0x03, 0x65, 0x18, 0x40, 0x0a, 0x0f, 0x0a, 0x08, 0x04, 0x02, 0x02, 0x03, 0x08, 0x9c,
    0x08, 0x00, 0x12, 0x03, 0x65, 0x19, 0x3f, 0x0a, 0x0c, 0x0a, 0x05, 0x04, 0x02, 0x02, 0x04, 0x05,
    0x12, 0x03, 0x66, 0x02, 0x08, 0x0a, 0x0b, 0x0a, 0x04, 0x04, 0x02, 0x02, 0x04, 0x12, 0x03, 0x66,
    0x02, 0x3c, 0x0a, 0x0c, 0x0a, 0x05, 0x04, 0x02, 0x02, 0x04, 0x01, 0x12, 0x03, 0x66, 0x09, 0x0e,
    0x0a, 0x0c, 0x0a, 0x05, 0x04, 0x02, 0x02, 0x04, 0x03, 0x12, 0x03, 0x66, 0x11, 0x12, 0x0a, 0x0c,
    0x0a, 0x05, 0x04, 0x02, 0x02, 0x04, 0x08, 0x12, 0x03, 0x66, 0x13, 0x3b, 0x0a, 0x0f, 0x0a, 0x08,
    0x04, 0x02, 0x02, 0x04, 0x08, 0x9c, 0x08, 0x00, 0x12, 0x03, 0x66, 0x14, 0x3a, 0x0a, 0x0c, 0x0a,
    0x05, 0x04, 0x02, 0x02, 0x05, 0x06, 0x12, 0x03, 0x67, 0x02, 0x0b, 0x0a, 0x0b, 0x0a, 0x04, 0x04,
    0x02, 0x02, 0x05, 0x12, 0x03, 0x67, 0x02, 0x44, 0x0a, 0x0c, 0x0a, 0x05, 0x04, 0x02, 0x02, 0x05,
    0x01, 0x12, 0x03, 0x67, 0x0c, 0x16, 0x0a, 0x0c, 0x0a, 0x05, 0x04, 0x02, 0x02, 0x05, 0x03, 0x12,
    0x03, 0x67, 0x19, 0x1a, 0x0a, 0x0c, 0x0a, 0x05, 0x04, 0x02, 0x02, 0x05, 0x08, 0x12, 0x03, 0x67,
    0x1b, 0x43, 0x0a, 0x0f, 0x0a, 0x08, 0x04, 0x02, 0x02, 0x05, 0x08, 0x9c, 0x08, 0x00, 0x12, 0x03,
    0x67, 0x1c, 0x42, 0x0a, 0x0c, 0x0a, 0x05, 0x04, 0x02, 0x02, 0x06, 0x05, 0x12, 0x03, 0x68, 0x02,
    0x08, 0x0a, 0x0b, 0x0a, 0x04, 0x04, 0x02, 0x02, 0x06, 0x12, 0x03, 0x68, 0x02, 0x3d, 0x0a, 0x0c,
    0x0a, 0x05, 0x04, 0x02, 0x02, 0x06, 0x01, 0x12, 0x03, 0x68, 0x09, 0x0f, 0x0a, 0x0c, 0x0a, 0x05,
    0x04, 0x02, 0x02, 0x06, 0x03, 0x12, 0x03, 0x68, 0x12, 0x13, 0x0a, 0x0c, 0x0a, 0x05, 0x04, 0x02,
    0x02, 0x06, 0x08, 0x12, 0x03, 0x68, 0x14, 0x3c, 0x0a, 0x0f, 0x0a, 0x08, 0x04, 0x02, 0x02, 0x06,
    0x08, 0x9c, 0x08, 0x00, 0x12, 0x03, 0x68, 0x15, 0x3b, 0x0a, 0x0c, 0x0a, 0x05, 0x04, 0x02, 0x02,
    0x07, 0x06, 0x12, 0x03, 0x69, 0x02, 0x11, 0x0a, 0x0b, 0x0a, 0x04, 0x04, 0x02, 0x02, 0x07, 0x12,
    0x03, 0x69, 0x02, 0x46, 0x0a, 0x0c, 0x0a, 0x05, 0x04, 0x02, 0x02, 0x07, 0x01, 0x12, 0x03, 0x69,
    0x12, 0x18, 0x0a, 0x0c, 0x0a, 0x05, 0x04, 0x02, 0x02, 0x07, 0x03, 0x12, 0x03, 0x69, 0x1b, 0x1c,
    0x0a, 0x0c, 0x0a, 0x05, 0x04, 0x02, 0x02, 0x07, 0x08, 0x12, 0x03, 0x69, 0x1d, 0x45, 0x0a, 0x0f,
    0x0a, 0x08, 0x04, 0x02, 0x02, 0x07, 0x08, 0x9c, 0x08, 0x00, 0x12, 0x03, 0x69, 0x1e, 0x44, 0x0a,
    0x0c, 0x0a, 0x05, 0x04, 0x02, 0x02, 0x08, 0x06, 0x12, 0x03, 0x6a, 0x02, 0x0b, 0x0a, 0x0b, 0x0a,
    0x04, 0x04, 0x02, 0x02, 0x08, 0x12, 0x03, 0x6a, 0x02, 0x3e, 0x0a, 0x0c, 0x0a, 0x05, 0x04, 0x02,
    0x02, 0x08, 0x01, 0x12, 0x03, 0x6a, 0x0c, 0x10, 0x0a, 0x0c, 0x0a, 0x05, 0x04, 0x02, 0x02, 0x08,
    0x03, 0x12, 0x03, 0x6a, 0x13, 0x14, 0x0a, 0x0c, 0x0a, 0x05, 0x04, 0x02, 0x02, 0x08, 0x08, 0x12,
    0x03, 0x6a, 0x15, 0x3d, 0x0a, 0x0f, 0x0a, 0x08, 0x04, 0x02, 0x02, 0x08, 0x08, 0x9c, 0x08, 0x00,
    0x12, 0x03, 0x6a, 0x16, 0x3c, 0x0a, 0x0c, 0x0a, 0x05, 0x04, 0x02, 0x02, 0x09, 0x06, 0x12, 0x03,
    0x6b, 0x02, 0x20, 0x0a, 0x0b, 0x0a, 0x04, 0x04, 0x02, 0x02, 0x09, 0x12, 0x03, 0x6b, 0x02, 0x58,
    0x0a, 0x0c, 0x0a, 0x05, 0x04, 0x02, 0x02, 0x09, 0x01, 0x12, 0x03, 0x6b, 0x21, 0x29, 0x0a, 0x0c,
    0x0a, 0x05, 0x04, 0x02, 0x02, 0x09, 0x03, 0x12, 0x03, 0x6b, 0x2c, 0x2e, 0x0a, 0x0c, 0x0a, 0x05,
    0x04, 0x02, 0x02, 0x09, 0x08, 0x12, 0x03, 0x6b, 0x2f, 0x57, 0x0a, 0x0f, 0x0a, 0x08, 0x04, 0x02,
    0x02, 0x09, 0x08, 0x9c, 0x08, 0x00, 0x12, 0x03, 0x6b, 0x30, 0x56, 0x0a, 0x0c, 0x0a, 0x05, 0x04,
    0x02, 0x02, 0x0a, 0x06, 0x12, 0x03, 0x6c, 0x02, 0x20, 0x0a, 0x0b, 0x0a, 0x04, 0x04, 0x02, 0x02,
    0x0a, 0x12, 0x03, 0x6c, 0x02, 0x32, 0x0a, 0x0c, 0x0a, 0x05, 0x04, 0x02, 0x02, 0x0a, 0x01, 0x12,
    0x03, 0x6c, 0x21, 0x2c, 0x0a, 0x0c, 0x0a, 0x05, 0x04, 0x02, 0x02, 0x0a, 0x03, 0x12, 0x03, 0x6c,
    0x2f, 0x31, 0x0a, 0x0c, 0x0a, 0x05, 0x04, 0x02, 0x02, 0x0b, 0x06, 0x12, 0x03, 0x6d, 0x02, 0x20,
    0x0a, 0x0b, 0x0a, 0x04, 0x04, 0x02, 0x02, 0x0b, 0x12, 0x03, 0x6d, 0x02, 0x31, 0x0a, 0x0c, 0x0a,
    0x05, 0x04, 0x02, 0x02, 0x0b, 0x01, 0x12, 0x03, 0x6d, 0x21, 0x2b, 0x0a, 0x0c, 0x0a, 0x05, 0x04,
    0x02, 0x02, 0x0b, 0x03, 0x12, 0x03, 0x6d, 0x2e, 0x30, 0x0a, 0x0c, 0x0a, 0x05, 0x04, 0x02, 0x02,
    0x0c, 0x05, 0x12, 0x03, 0x6e, 0x02, 0x08, 0x0a, 0x0b, 0x0a, 0x04, 0x04, 0x02, 0x02, 0x0c, 0x12,
    0x03, 0x6e, 0x02, 0x47, 0x0a, 0x0c, 0x0a, 0x05, 0x04, 0x02, 0x02, 0x0c, 0x01, 0x12, 0x03, 0x6e,
    0x09, 0x18, 0x0a, 0x0c, 0x0a, 0x05, 0x04, 0x02, 0x02, 0x0c, 0x03, 0x12, 0x03, 0x6e, 0x1b, 0x1d,
    0x0a, 0x0c, 0x0a, 0x05, 0x04, 0x02, 0x02, 0x0c, 0x08, 0x12, 0x03, 0x6e, 0x1e, 0x46, 0x0a, 0x0f,
    0x0a, 0x08, 0x04, 0x02, 0x02, 0x0c, 0x08, 0x9c, 0x08, 0x00, 0x12, 0x03, 0x6e, 0x1f, 0x45, 0x0a,
    0x0c, 0x0a, 0x05, 0x04, 0x02, 0x02, 0x0d, 0x05, 0x12, 0x03, 0x6f, 0x02, 0x08, 0x0a, 0x0b, 0x0a,
    0x04, 0x04, 0x02, 0x02, 0x0d, 0x12, 0x03, 0x6f, 0x02, 0x21, 0x0a, 0x0c, 0x0a, 0x05, 0x04, 0x02,
    0x02, 0x0d, 0x01, 0x12, 0x03, 0x6f, 0x09, 0x1b, 0x0a, 0x0c, 0x0a, 0x05, 0x04, 0x02, 0x02, 0x0d,
    0x03, 0x12, 0x03, 0x6f, 0x1e, 0x20, 0x0a, 0x0c, 0x0a, 0x05, 0x04, 0x02, 0x02, 0x0e, 0x06, 0x12,
    0x03, 0x70, 0x02, 0x1b, 0x0a, 0x0b, 0x0a, 0x04, 0x04, 0x02, 0x02, 0x0e, 0x12, 0x03, 0x70, 0x02,
    0x55, 0x0a, 0x0c, 0x0a, 0x05, 0x04, 0x02, 0x02, 0x0e, 0x01, 0x12, 0x03, 0x70, 0x1c, 0x26, 0x0a,
    0x0c, 0x0a, 0x05, 0x04, 0x02, 0x02, 0x0e, 0x03, 0x12, 0x03, 0x70, 0x29, 0x2b, 0x0a, 0x0c, 0x0a,
    0x05, 0x04, 0x02, 0x02, 0x0e, 0x08, 0x12, 0x03, 0x70, 0x2c, 0x54, 0x0a, 0x0f, 0x0a, 0x08, 0x04,
    0x02, 0x02, 0x0e, 0x08, 0x9c, 0x08, 0x00, 0x12, 0x03, 0x70, 0x2d, 0x53, 0x0a, 0x0b, 0x0a, 0x02,
    0x04, 0x03, 0x12, 0x05, 0x73, 0x00, 0x82, 0x01, 0x01, 0x0a, 0x0a, 0x0a, 0x03, 0x04, 0x03, 0x01,
    0x12, 0x03, 0x73, 0x08, 0x0d, 0x0a, 0x0c, 0x0a, 0x05, 0x04, 0x03, 0x02, 0x00, 0x06, 0x12, 0x03,
    0x74, 0x02, 0x23, 0x0a, 0x0b, 0x0a, 0x04, 0x04, 0x03, 0x02, 0x00, 0x12, 0x03, 0x74, 0x02, 0x5a,
    0x0a, 0x0c, 0x0a, 0x05, 0x04, 0x03, 0x02, 0x00, 0x01, 0x12, 0x03, 0x74, 0x24, 0x2c, 0x0a, 0x0c,
    0x0a, 0x05, 0x04, 0x03, 0x02, 0x00, 0x03, 0x12, 0x03, 0x74, 0x2f, 0x30, 0x0a, 0x0c, 0x0a, 0x05,
    0x04, 0x03, 0x02, 0x00, 0x08, 0x12, 0x03, 0x74, 0x31, 0x59, 0x0a, 0x0f, 0x0a, 0x08, 0x04, 0x03,
    0x02, 0x00, 0x08, 0x9c, 0x08, 0x00, 0x12, 0x03, 0x74, 0x32, 0x58, 0x0a, 0x0c, 0x0a, 0x05, 0x04,
    0x03, 0x02, 0x01, 0x05, 0x12, 0x03, 0x75, 0x02, 0x08, 0x0a, 0x0b, 0x0a, 0x04, 0x04, 0x03, 0x02,
    0x01, 0x12, 0x03, 0x75, 0x02, 0x3f, 0x0a, 0x0c, 0x0a, 0x05, 0x04, 0x03, 0x02, 0x01, 0x01, 0x12,
    0x03, 0x75, 0x09, 0x11, 0x0a, 0x0c, 0x0a, 0x05, 0x04, 0x03, 0x02, 0x01, 0x03, 0x12, 0x03, 0x75,
    0x14, 0x15, 0x0a, 0x0c, 0x0a, 0x05, 0x04, 0x03, 0x02, 0x01, 0x08, 0x12, 0x03, 0x75, 0x16, 0x3e,
    0x0a, 0x0f, 0x0a, 0x08, 0x04, 0x03, 0x02, 0x01, 0x08, 0x9c, 0x08, 0x00, 0x12, 0x03, 0x75, 0x17,
    0x3d, 0x0a, 0x0c, 0x0a, 0x05, 0x04, 0x03, 0x02, 0x02, 0x05, 0x12, 0x03, 0x76, 0x02, 0x08, 0x0a,
    0x0b, 0x0a, 0x04, 0x04, 0x03, 0x02, 0x02, 0x12, 0x03, 0x76, 0x02, 0x41, 0x0a, 0x0c, 0x0a, 0x05,
    0x04, 0x03, 0x02, 0x02, 0x01, 0x12, 0x03, 0x76, 0x09, 0x13, 0x0a, 0x0c, 0x0a, 0x05, 0x04, 0x03,
    0x02, 0x02, 0x03, 0x12, 0x03, 0x76, 0x16, 0x17, 0x0a, 0x0c, 0x0a, 0x05, 0x04, 0x03, 0x02, 0x02,
    0x08, 0x12, 0x03, 0x76, 0x18, 0x40, 0x0a, 0x0f, 0x0a, 0x08, 0x04, 0x03, 0x02, 0x02, 0x08, 0x9c,
    0x08, 0x00, 0x12, 0x03, 0x76, 0x19, 0x3f, 0x0a, 0x0c, 0x0a, 0x05, 0x04, 0x03, 0x02, 0x03, 0x05,
    0x12, 0x03, 0x77, 0x02, 0x08, 0x0a, 0x0b, 0x0a, 0x04, 0x04, 0x03, 0x02, 0x03, 0x12, 0x03, 0x77,
    0x02, 0x1c, 0x0a, 0x0c, 0x0a, 0x05, 0x04, 0x03, 0x02, 0x03, 0x01, 0x12, 0x03, 0x77, 0x09, 0x17,
    0x0a, 0x0c, 0x0a, 0x05, 0x04, 0x03, 0x02, 0x03, 0x03, 0x12, 0x03, 0x77, 0x1a, 0x1b, 0x0a, 0x0c,
    0x0a, 0x05, 0x04, 0x03, 0x02, 0x04, 0x05, 0x12, 0x03, 0x78, 0x02, 0x08, 0x0a, 0x0b, 0x0a, 0x04,
    0x04, 0x03, 0x02, 0x04, 0x12, 0x03, 0x78, 0x02, 0x41, 0x0a, 0x0c, 0x0a, 0x05, 0x04, 0x03, 0x02,
    0x04, 0x01, 0x12, 0x03, 0x78, 0x09, 0x13, 0x0a, 0x0c, 0x0a, 0x05, 0x04, 0x03, 0x02, 0x04, 0x03,
    0x12, 0x03, 0x78, 0x16, 0x17, 0x0a, 0x0c, 0x0a, 0x05, 0x04, 0x03, 0x02, 0x04, 0x08, 0x12, 0x03,
    0x78, 0x18, 0x40, 0x0a, 0x0f, 0x0a, 0x08, 0x04, 0x03, 0x02, 0x04, 0x08, 0x9c, 0x08, 0x00, 0x12,
    0x03, 0x78, 0x19, 0x3f, 0x0a, 0x0c, 0x0a, 0x05, 0x04, 0x03, 0x02, 0x05, 0x05, 0x12, 0x03, 0x79,
    0x02, 0x08, 0x0a, 0x0b, 0x0a, 0x04, 0x04, 0x03, 0x02, 0x05, 0x12, 0x03, 0x79, 0x02, 0x3d, 0x0a,
    0x0c, 0x0a, 0x05, 0x04, 0x03, 0x02, 0x05, 0x01, 0x12, 0x03, 0x79, 0x09, 0x0f, 0x0a, 0x0c, 0x0a,
    0x05, 0x04, 0x03, 0x02, 0x05, 0x03, 0x12, 0x03, 0x79, 0x12, 0x13, 0x0a, 0x0c, 0x0a, 0x05, 0x04,
    0x03, 0x02, 0x05, 0x08, 0x12, 0x03, 0x79, 0x14, 0x3c, 0x0a, 0x0f, 0x0a, 0x08, 0x04, 0x03, 0x02,
    0x05, 0x08, 0x9c, 0x08, 0x00, 0x12, 0x03, 0x79, 0x15, 0x3b, 0x0a, 0x0c, 0x0a, 0x05, 0x04, 0x03,
    0x02, 0x06, 0x06, 0x12, 0x03, 0x7a, 0x02, 0x0b, 0x0a, 0x0b, 0x0a, 0x04, 0x04, 0x03, 0x02, 0x06,
    0x12, 0x03, 0x7a, 0x02, 0x3e, 0x0a, 0x0c, 0x0a, 0x05, 0x04, 0x03, 0x02, 0x06, 0x01, 0x12, 0x03,
    0x7a, 0x0c, 0x10, 0x0a, 0x0c, 0x0a, 0x05, 0x04, 0x03, 0x02, 0x06, 0x03, 0x12, 0x03, 0x7a, 0x13,
    0x14, 0x0a, 0x0c, 0x0a, 0x05, 0x04, 0x03, 0x02, 0x06, 0x08, 0x12, 0x03, 0x7a, 0x15, 0x3d, 0x0a,
    0x0f, 0x0a, 0x08, 0x04, 0x03, 0x02, 0x06, 0x08, 0x9c, 0x08, 0x00, 0x12, 0x03, 0x7a, 0x16, 0x3c,
    0x0a, 0x0c, 0x0a, 0x05, 0x04, 0x03, 0x02, 0x07, 0x06, 0x12, 0x03, 0x7b, 0x02, 0x11, 0x0a, 0x0b,
    0x0a, 0x04, 0x04, 0x03, 0x02, 0x07, 0x12, 0x03, 0x7b, 0x02, 0x46, 0x0a, 0x0c, 0x0a, 0x05, 0x04,
    0x03, 0x02, 0x07, 0x01, 0x12, 0x03, 0x7b, 0x12, 0x18, 0x0a, 0x0c, 0x0a, 0x05, 0x04, 0x03, 0x02,
    0x07, 0x03, 0x12, 0x03, 0x7b, 0x1b, 0x1c, 0x0a, 0x0c, 0x0a, 0x05, 0x04, 0x03, 0x02, 0x07, 0x08,
    0x12, 0x03, 0x7b, 0x1d, 0x45, 0x0a, 0x0f, 0x0a, 0x08, 0x04, 0x03, 0x02, 0x07, 0x08, 0x9c, 0x08,
    0x00, 0x12, 0x03, 0x7b, 0x1e, 0x44, 0x0a, 0x0c, 0x0a, 0x05, 0x04, 0x03, 0x02, 0x08, 0x06, 0x12,
    0x03, 0x7c, 0x02, 0x20, 0x0a, 0x0b, 0x0a, 0x04, 0x04, 0x03, 0x02, 0x08, 0x12, 0x03, 0x7c, 0x02,
    0x57, 0x0a, 0x0c, 0x0a, 0x05, 0x04, 0x03, 0x02, 0x08, 0x01, 0x12, 0x03, 0x7c, 0x21, 0x29, 0x0a,
    0x0c, 0x0a, 0x05, 0x04, 0x03, 0x02, 0x08, 0x03, 0x12, 0x03, 0x7c, 0x2c, 0x2d, 0x0a, 0x0c, 0x0a,
    0x05, 0x04, 0x03, 0x02, 0x08, 0x08, 0x12, 0x03, 0x7c, 0x2e, 0x56, 0x0a, 0x0f, 0x0a, 0x08, 0x04,
    0x03, 0x02, 0x08, 0x08, 0x9c, 0x08, 0x00, 0x12, 0x03, 0x7c, 0x2f, 0x55, 0x0a, 0x0c, 0x0a, 0x05,
    0x04, 0x03, 0x02, 0x09, 0x06, 0x12, 0x03, 0x7d, 0x02, 0x20, 0x0a, 0x0b, 0x0a, 0x04, 0x04, 0x03,
    0x02, 0x09, 0x12, 0x03, 0x7d, 0x02, 0x5f, 0x0a, 0x0c, 0x0a, 0x05, 0x04, 0x03, 0x02, 0x09, 0x01,
    0x12, 0x03, 0x7d, 0x21, 0x30, 0x0a, 0x0c, 0x0a, 0x05, 0x04, 0x03, 0x02, 0x09, 0x03, 0x12, 0x03,
    0x7d, 0x33, 0x35, 0x0a, 0x0c, 0x0a, 0x05, 0x04, 0x03, 0x02, 0x09, 0x08, 0x12, 0x03, 0x7d, 0x36,
    0x5e, 0x0a, 0x0f, 0x0a, 0x08, 0x04, 0x03, 0x02, 0x09, 0x08, 0x9c, 0x08, 0x00, 0x12, 0x03, 0x7d,
    0x37, 0x5d, 0x0a, 0x0c, 0x0a, 0x05, 0x04, 0x03, 0x02, 0x0a, 0x06, 0x12, 0x03, 0x7e, 0x02, 0x20,
    0x0a, 0x0b, 0x0a, 0x04, 0x04, 0x03, 0x02, 0x0a, 0x12, 0x03, 0x7e, 0x02, 0x39, 0x0a, 0x0c, 0x0a,
    0x05, 0x04, 0x03, 0x02, 0x0a, 0x01, 0x12, 0x03, 0x7e, 0x21, 0x33, 0x0a, 0x0c, 0x0a, 0x05, 0x04,
    0x03, 0x02, 0x0a, 0x03, 0x12, 0x03, 0x7e, 0x36, 0x38, 0x0a, 0x0c, 0x0a, 0x05, 0x04, 0x03, 0x02,
    0x0b, 0x06, 0x12, 0x03, 0x7f, 0x02, 0x0d, 0x0a, 0x0b, 0x0a, 0x04, 0x04, 0x03, 0x02, 0x0b, 0x12,
    0x03, 0x7f, 0x02, 0x43, 0x0a, 0x0c, 0x0a, 0x05, 0x04, 0x03, 0x02, 0x0b, 0x01, 0x12, 0x03, 0x7f,
    0x0e, 0x14, 0x0a, 0x0c, 0x0a, 0x05, 0x04, 0x03, 0x02, 0x0b, 0x03, 0x12, 0x03, 0x7f, 0x17, 0x19,
    0x0a, 0x0c, 0x0a, 0x05, 0x04, 0x03, 0x02, 0x0b, 0x08, 0x12, 0x03, 0x7f, 0x1a, 0x42, 0x0a, 0x0f,
    0x0a, 0x08, 0x04, 0x03, 0x02, 0x0b, 0x08, 0x9c, 0x08, 0x00, 0x12, 0x03, 0x7f, 0x1b, 0x41, 0x0a,
    0x0d, 0x0a, 0x05, 0x04, 0x03, 0x02, 0x0c, 0x06, 0x12, 0x04, 0x80, 0x01, 0x02, 0x1b, 0x0a, 0x0c,
    0x0a, 0x04, 0x04, 0x03, 0x02, 0x0c, 0x12, 0x04, 0x80, 0x01, 0x02, 0x2e, 0x0a, 0x0d, 0x0a, 0x05,
    0x04, 0x03, 0x02, 0x0c, 0x01, 0x12, 0x04, 0x80, 0x01, 0x1c, 0x28, 0x0a, 0x0d, 0x0a, 0x05, 0x04,
    0x03, 0x02, 0x0c, 0x03, 0x12, 0x04, 0x80, 0x01, 0x2b, 0x2d, 0x0a, 0x0d, 0x0a, 0x05, 0x04, 0x03,
    0x02, 0x0d, 0x06, 0x12, 0x04, 0x81, 0x01, 0x02, 0x1b, 0x0a, 0x0c, 0x0a, 0x04, 0x04, 0x03, 0x02,
    0x0d, 0x12, 0x04, 0x81, 0x01, 0x02, 0x55, 0x0a, 0x0d, 0x0a, 0x05, 0x04, 0x03, 0x02, 0x0d, 0x01,
    0x12, 0x04, 0x81, 0x01, 0x1c, 0x26, 0x0a, 0x0d, 0x0a, 0x05, 0x04, 0x03, 0x02, 0x0d, 0x03, 0x12,
    0x04, 0x81, 0x01, 0x29, 0x2b, 0x0a, 0x0d, 0x0a, 0x05, 0x04, 0x03, 0x02, 0x0d, 0x08, 0x12, 0x04,
    0x81, 0x01, 0x2c, 0x54, 0x0a, 0x10, 0x0a, 0x08, 0x04, 0x03, 0x02, 0x0d, 0x08, 0x9c, 0x08, 0x00,
    0x12, 0x04, 0x81, 0x01, 0x2d, 0x53, 0x0a, 0x0c, 0x0a, 0x02, 0x04, 0x04, 0x12, 0x06, 0x84, 0x01,
    0x00, 0x8e, 0x01, 0x01, 0x0a, 0x0b, 0x0a, 0x03, 0x04, 0x04, 0x01, 0x12, 0x04, 0x84, 0x01, 0x08,
    0x0c, 0x0a, 0x0d, 0x0a, 0x05, 0x04, 0x04, 0x02, 0x00, 0x06, 0x12, 0x04, 0x85, 0x01, 0x02, 0x23,
    0x0a, 0x0c, 0x0a, 0x04, 0x04, 0x04, 0x02, 0x00, 0x12, 0x04, 0x85, 0x01, 0x02, 0x5a, 0x0a, 0x0d,
    0x0a, 0x05, 0x04, 0x04, 0x02, 0x00, 0x01, 0x12, 0x04, 0x85, 0x01, 0x24, 0x2c, 0x0a, 0x0d, 0x0a,
    0x05, 0x04, 0x04, 0x02, 0x00, 0x03, 0x12, 0x04, 0x85, 0x01, 0x2f, 0x30, 0x0a, 0x0d, 0x0a, 0x05,
    0x04, 0x04, 0x02, 0x00, 0x08, 0x12, 0x04, 0x85, 0x01, 0x31, 0x59, 0x0a, 0x10, 0x0a, 0x08, 0x04,
    0x04, 0x02, 0x00, 0x08, 0x9c, 0x08, 0x00, 0x12, 0x04, 0x85, 0x01, 0x32, 0x58, 0x0a, 0x0d, 0x0a,
    0x05, 0x04, 0x04, 0x02, 0x01, 0x05, 0x12, 0x04, 0x86, 0x01, 0x02, 0x08, 0x0a, 0x0c, 0x0a, 0x04,
    0x04, 0x04, 0x02, 0x01, 0x12, 0x04, 0x86, 0x01, 0x02, 0x3e, 0x0a, 0x0d, 0x0a, 0x05, 0x04, 0x04,
    0x02, 0x01, 0x01, 0x12, 0x04, 0x86, 0x01, 0x09, 0x10, 0x0a, 0x0d, 0x0a, 0x05, 0x04, 0x04, 0x02,
    0x01, 0x03, 0x12, 0x04, 0x86, 0x01, 0x13, 0x14, 0x0a, 0x0d, 0x0a, 0x05, 0x04, 0x04, 0x02, 0x01,
    0x08, 0x12, 0x04, 0x86, 0x01, 0x15, 0x3d, 0x0a, 0x10, 0x0a, 0x08, 0x04, 0x04, 0x02, 0x01, 0x08,
    0x9c, 0x08, 0x00, 0x12, 0x04, 0x86, 0x01, 0x16, 0x3c, 0x0a, 0x0d, 0x0a, 0x05, 0x04, 0x04, 0x02,
    0x02, 0x05, 0x12, 0x04, 0x87, 0x01, 0x02, 0x08, 0x0a, 0x0c, 0x0a, 0x04, 0x04, 0x04, 0x02, 0x02,
    0x12, 0x04, 0x87, 0x01, 0x02, 0x3f, 0x0a, 0x0d, 0x0a, 0x05, 0x04, 0x04, 0x02, 0x02, 0x01, 0x12,
    0x04, 0x87, 0x01, 0x09, 0x11, 0x0a, 0x0d, 0x0a, 0x05, 0x04, 0x04, 0x02, 0x02, 0x03, 0x12, 0x04,
    0x87, 0x01, 0x14, 0x15, 0x0a, 0x0d, 0x0a, 0x05, 0x04, 0x04, 0x02, 0x02, 0x08, 0x12, 0x04, 0x87,
    0x01, 0x16, 0x3e, 0x0a, 0x10, 0x0a, 0x08, 0x04, 0x04, 0x02, 0x02, 0x08, 0x9c, 0x08, 0x00, 0x12,
    0x04, 0x87, 0x01, 0x17, 0x3d, 0x0a, 0x0d, 0x0a, 0x05, 0x04, 0x04, 0x02, 0x03, 0x05, 0x12, 0x04,
    0x88, 0x01, 0x02, 0x08, 0x0a, 0x0c, 0x0a, 0x04, 0x04, 0x04, 0x02, 0x03, 0x12, 0x04, 0x88, 0x01,
    0x02, 0x1b, 0x0a, 0x0d, 0x0a, 0x05, 0x04, 0x04, 0x02, 0x03, 0x01, 0x12, 0x04, 0x88, 0x01, 0x09,
    0x16, 0x0a, 0x0d, 0x0a, 0x05, 0x04, 0x04, 0x02, 0x03, 0x03, 0x12, 0x04, 0x88, 0x01, 0x19, 0x1a,
    0x0a, 0x0d, 0x0a, 0x05, 0x04, 0x04, 0x02, 0x04, 0x05, 0x12, 0x04, 0x89, 0x01, 0x02, 0x08, 0x0a,
    0x0c, 0x0a, 0x04, 0x04, 0x04, 0x02, 0x04, 0x12, 0x04, 0x89, 0x01, 0x02, 0x3d, 0x0a, 0x0d, 0x0a,
    0x05, 0x04, 0x04, 0x02, 0x04, 0x01, 0x12, 0x04, 0x89, 0x01, 0x09, 0x0f, 0x0a, 0x0d, 0x0a, 0x05,
    0x04, 0x04, 0x02, 0x04, 0x03, 0x12, 0x04, 0x89, 0x01, 0x12, 0x13, 0x0a, 0x0d, 0x0a, 0x05, 0x04,
    0x04, 0x02, 0x04, 0x08, 0x12, 0x04, 0x89, 0x01, 0x14, 0x3c, 0x0a, 0x10, 0x0a, 0x08, 0x04, 0x04,
    0x02, 0x04, 0x08, 0x9c, 0x08, 0x00, 0x12, 0x04, 0x89, 0x01, 0x15, 0x3b, 0x0a, 0x0d, 0x0a, 0x05,
    0x04, 0x04, 0x02, 0x05, 0x06, 0x12, 0x04, 0x8a, 0x01, 0x02, 0x20, 0x0a, 0x0c, 0x0a, 0x04, 0x04,
    0x04, 0x02, 0x05, 0x12, 0x04, 0x8a, 0x01, 0x02, 0x57, 0x0a, 0x0d, 0x0a, 0x05, 0x04, 0x04, 0x02,
    0x05, 0x01, 0x12, 0x04, 0x8a, 0x01, 0x21, 0x29, 0x0a, 0x0d, 0x0a, 0x05, 0x04, 0x04, 0x02, 0x05,
    0x03, 0x12, 0x04, 0x8a, 0x01, 0x2c, 0x2d, 0x0a, 0x0d, 0x0a, 0x05, 0x04, 0x04, 0x02, 0x05, 0x08,
    0x12, 0x04, 0x8a, 0x01, 0x2e, 0x56, 0x0a, 0x10, 0x0a, 0x08, 0x04, 0x04, 0x02, 0x05, 0x08, 0x9c,
    0x08, 0x00, 0x12, 0x04, 0x8a, 0x01, 0x2f, 0x55, 0x0a, 0x0d, 0x0a, 0x05, 0x04, 0x04, 0x02, 0x06,
    0x06, 0x12, 0x04, 0x8b, 0x01, 0x02, 0x20, 0x0a, 0x0c, 0x0a, 0x04, 0x04, 0x04, 0x02, 0x06, 0x12,
    0x04, 0x8b, 0x01, 0x02, 0x54, 0x0a, 0x0d, 0x0a, 0x05, 0x04, 0x04, 0x02, 0x06, 0x01, 0x12, 0x04,
    0x8b, 0x01, 0x21, 0x26, 0x0a, 0x0d, 0x0a, 0x05, 0x04, 0x04, 0x02, 0x06, 0x03, 0x12, 0x04, 0x8b,
    0x01, 0x29, 0x2a, 0x0a, 0x0d, 0x0a, 0x05, 0x04, 0x04, 0x02, 0x06, 0x08, 0x12, 0x04, 0x8b, 0x01,
    0x2b, 0x53, 0x0a, 0x10, 0x0a, 0x08, 0x04, 0x04, 0x02, 0x06, 0x08, 0x9c, 0x08, 0x00, 0x12, 0x04,
    0x8b, 0x01, 0x2c, 0x52, 0x0a, 0x0d, 0x0a, 0x05, 0x04, 0x04, 0x02, 0x07, 0x06, 0x12, 0x04, 0x8c,
    0x01, 0x02, 0x1e, 0x0a, 0x0c, 0x0a, 0x04, 0x04, 0x04, 0x02, 0x07, 0x12, 0x04, 0x8c, 0x01, 0x02,
    0x27, 0x0a, 0x0d, 0x0a, 0x05, 0x04, 0x04, 0x02, 0x07, 0x01, 0x12, 0x04, 0x8c, 0x01, 0x1f, 0x22,
    0x0a, 0x0d, 0x0a, 0x05, 0x04, 0x04, 0x02, 0x07, 0x03, 0x12, 0x04, 0x8c, 0x01, 0x25, 0x26, 0x0a,
    0x0d, 0x0a, 0x05, 0x04, 0x04, 0x02, 0x08, 0x06, 0x12, 0x04, 0x8d, 0x01, 0x02, 0x1b, 0x0a, 0x0c,
    0x0a, 0x04, 0x04, 0x04, 0x02, 0x08, 0x12, 0x04, 0x8d, 0x01, 0x02, 0x53, 0x0a, 0x0d, 0x0a, 0x05,
    0x04, 0x04, 0x02, 0x08, 0x01, 0x12, 0x04, 0x8d, 0x01, 0x1c, 0x25, 0x0a, 0x0d, 0x0a, 0x05, 0x04,
    0x04, 0x02, 0x08, 0x03, 0x12, 0x04, 0x8d, 0x01, 0x28, 0x29, 0x0a, 0x0d, 0x0a, 0x05, 0x04, 0x04,
    0x02, 0x08, 0x08, 0x12, 0x04, 0x8d, 0x01, 0x2a, 0x52, 0x0a, 0x10, 0x0a, 0x08, 0x04, 0x04, 0x02,
    0x08, 0x08, 0x9c, 0x08, 0x00, 0x12, 0x04, 0x8d, 0x01, 0x2b, 0x51, 0x0a, 0x0c, 0x0a, 0x02, 0x04,
    0x05, 0x12, 0x06, 0x90, 0x01, 0x00, 0x9b, 0x01, 0x01, 0x0a, 0x0b, 0x0a, 0x03, 0x04, 0x05, 0x01,
    0x12, 0x04, 0x90, 0x01, 0x08, 0x10, 0x0a, 0x0d, 0x0a, 0x05, 0x04, 0x05, 0x02, 0x00, 0x06, 0x12,
    0x04, 0x91, 0x01, 0x02, 0x23, 0x0a, 0x0c, 0x0a, 0x04, 0x04, 0x05, 0x02, 0x00, 0x12, 0x04, 0x91,
    0x01, 0x02, 0x5a, 0x0a, 0x0d, 0x0a, 0x05, 0x04, 0x05, 0x02, 0x00, 0x01, 0x12, 0x04, 0x91, 0x01,
    0x24, 0x2c, 0x0a, 0x0d, 0x0a, 0x05, 0x04, 0x05, 0x02, 0x00, 0x03, 0x12, 0x04, 0x91, 0x01, 0x2f,
    0x30, 0x0a, 0x0d, 0x0a, 0x05, 0x04, 0x05, 0x02, 0x00, 0x08, 0x12, 0x04, 0x91, 0x01, 0x31, 0x59,
    0x0a, 0x10, 0x0a, 0x08, 0x04, 0x05, 0x02, 0x00, 0x08, 0x9c, 0x08, 0x00, 0x12, 0x04, 0x91, 0x01,
    0x32, 0x58, 0x0a, 0x0d, 0x0a, 0x05, 0x04, 0x05, 0x02, 0x01, 0x05, 0x12, 0x04, 0x92, 0x01, 0x02,
    0x08, 0x0a, 0x0c, 0x0a, 0x04, 0x04, 0x05, 0x02, 0x01, 0x12, 0x04, 0x92, 0x01, 0x02, 0x42, 0x0a,
    0x0d, 0x0a, 0x05, 0x04, 0x05, 0x02, 0x01, 0x01, 0x12, 0x04, 0x92, 0x01, 0x09, 0x14, 0x0a, 0x0d,
    0x0a, 0x05, 0x04, 0x05, 0x02, 0x01, 0x03, 0x12, 0x04, 0x92, 0x01, 0x17, 0x18, 0x0a, 0x0d, 0x0a,
    0x05, 0x04, 0x05, 0x02, 0x01, 0x08, 0x12, 0x04, 0x92, 0x01, 0x19, 0x41, 0x0a, 0x10, 0x0a, 0x08,
    0x04, 0x05, 0x02, 0x01, 0x08, 0x9c, 0x08, 0x00, 0x12, 0x04, 0x92, 0x01, 0x1a, 0x40, 0x0a, 0x0d,
    0x0a, 0x05, 0x04, 0x05, 0x02, 0x02, 0x05, 0x12, 0x04, 0x93, 0x01, 0x02, 0x08, 0x0a, 0x0c, 0x0a,
    0x04, 0x04, 0x05, 0x02, 0x02, 0x12, 0x04, 0x93, 0x01, 0x02, 0x41, 0x0a, 0x0d, 0x0a, 0x05, 0x04,
    0x05, 0x02, 0x02, 0x01, 0x12, 0x04, 0x93, 0x01, 0x09, 0x13, 0x0a, 0x0d, 0x0a, 0x05, 0x04, 0x05,
    0x02, 0x02, 0x03, 0x12, 0x04, 0x93, 0x01, 0x16, 0x17, 0x0a, 0x0d, 0x0a, 0x05, 0x04, 0x05, 0x02,
    0x02, 0x08, 0x12, 0x04, 0x93, 0x01, 0x18, 0x40, 0x0a, 0x10, 0x0a, 0x08, 0x04, 0x05, 0x02, 0x02,
    0x08, 0x9c, 0x08, 0x00, 0x12, 0x04, 0x93, 0x01, 0x19, 0x3f, 0x0a, 0x0d, 0x0a, 0x05, 0x04, 0x05,
    0x02, 0x03, 0x05, 0x12, 0x04, 0x94, 0x01, 0x02, 0x08, 0x0a, 0x0c, 0x0a, 0x04, 0x04, 0x05, 0x02,
    0x03, 0x12, 0x04, 0x94, 0x01, 0x02, 0x3d, 0x0a, 0x0d, 0x0a, 0x05, 0x04, 0x05, 0x02, 0x03, 0x01,
    0x12, 0x04, 0x94, 0x01, 0x09, 0x0f, 0x0a, 0x0d, 0x0a, 0x05, 0x04, 0x05, 0x02, 0x03, 0x03, 0x12,
    0x04, 0x94, 0x01, 0x12, 0x13, 0x0a, 0x0d, 0x0a, 0x05, 0x04, 0x05, 0x02, 0x03, 0x08, 0x12, 0x04,
    0x94, 0x01, 0x14, 0x3c, 0x0a, 0x10, 0x0a, 0x08, 0x04, 0x05, 0x02, 0x03, 0x08, 0x9c, 0x08, 0x00,
    0x12, 0x04, 0x94, 0x01, 0x15, 0x3b, 0x0a, 0x0d, 0x0a, 0x05, 0x04, 0x05, 0x02, 0x04, 0x06, 0x12,
    0x04, 0x95, 0x01, 0x02, 0x0e, 0x0a, 0x0c, 0x0a, 0x04, 0x04, 0x05, 0x02, 0x04, 0x12, 0x04, 0x95,
    0x01, 0x02, 0x41, 0x0a, 0x0d, 0x0a, 0x05, 0x04, 0x05, 0x02, 0x04, 0x01, 0x12, 0x04, 0x95, 0x01,
    0x0f, 0x13, 0x0a, 0x0d, 0x0a, 0x05, 0x04, 0x05, 0x02, 0x04, 0x03, 0x12, 0x04, 0x95, 0x01, 0x16,
    0x17, 0x0a, 0x0d, 0x0a, 0x05, 0x04, 0x05, 0x02, 0x04, 0x08, 0x12, 0x04, 0x95, 0x01, 0x18, 0x40,
    0x0a, 0x10, 0x0a, 0x08, 0x04, 0x05, 0x02, 0x04, 0x08, 0x9c, 0x08, 0x00, 0x12, 0x04, 0x95, 0x01,
    0x19, 0x3f, 0x0a, 0x0d, 0x0a, 0x05, 0x04, 0x05, 0x02, 0x05, 0x06, 0x12, 0x04, 0x96, 0x01, 0x02,
    0x20, 0x0a, 0x0c, 0x0a, 0x04, 0x04, 0x05, 0x02, 0x05, 0x12, 0x04, 0x96, 0x01, 0x02, 0x57, 0x0a,
    0x0d, 0x0a, 0x05, 0x04, 0x05, 0x02, 0x05, 0x01, 0x12, 0x04, 0x96, 0x01, 0x21, 0x29, 0x0a, 0x0d,
    0x0a, 0x05, 0x04, 0x05, 0x02, 0x05, 0x03, 0x12, 0x04, 0x96, 0x01, 0x2c, 0x2d, 0x0a, 0x0d, 0x0a,
    0x05, 0x04, 0x05, 0x02, 0x05, 0x08, 0x12, 0x04, 0x96, 0x01, 0x2e, 0x56, 0x0a, 0x10, 0x0a, 0x08,
    0x04, 0x05, 0x02, 0x05, 0x08, 0x9c, 0x08, 0x00, 0x12, 0x04, 0x96, 0x01, 0x2f, 0x55, 0x0a, 0x0d,
    0x0a, 0x05, 0x04, 0x05, 0x02, 0x06, 0x06, 0x12, 0x04, 0x97, 0x01, 0x02, 0x20, 0x0a, 0x0c, 0x0a,
    0x04, 0x04, 0x05, 0x02, 0x06, 0x12, 0x04, 0x97, 0x01, 0x02, 0x62, 0x0a, 0x0d, 0x0a, 0x05, 0x04,
    0x05, 0x02, 0x06, 0x01, 0x12, 0x04, 0x97, 0x01, 0x21, 0x34, 0x0a, 0x0d, 0x0a, 0x05, 0x04, 0x05,
    0x02, 0x06, 0x03, 0x12, 0x04, 0x97, 0x01, 0x37, 0x38, 0x0a, 0x0d, 0x0a, 0x05, 0x04, 0x05, 0x02,
    0x06, 0x08, 0x12, 0x04, 0x97, 0x01, 0x39, 0x61, 0x0a, 0x10, 0x0a, 0x08, 0x04, 0x05, 0x02, 0x06,
    0x08, 0x9c, 0x08, 0x00, 0x12, 0x04, 0x97, 0x01, 0x3a, 0x60, 0x0a, 0x0d, 0x0a, 0x05, 0x04, 0x05,
    0x02, 0x07, 0x06, 0x12, 0x04, 0x98, 0x01, 0x02, 0x1e, 0x0a, 0x0c, 0x0a, 0x04, 0x04, 0x05, 0x02,
    0x07, 0x12, 0x04, 0x98, 0x01, 0x02, 0x2e, 0x0a, 0x0d, 0x0a, 0x05, 0x04, 0x05, 0x02, 0x07, 0x01,
    0x12, 0x04, 0x98, 0x01, 0x1f, 0x29, 0x0a, 0x0d, 0x0a, 0x05, 0x04, 0x05, 0x02, 0x07, 0x03, 0x12,
    0x04, 0x98, 0x01, 0x2c, 0x2d, 0x0a, 0x0d, 0x0a, 0x05, 0x04, 0x05, 0x02, 0x08, 0x06, 0x12, 0x04,
    0x99, 0x01, 0x02, 0x1e, 0x0a, 0x0c, 0x0a, 0x04, 0x04, 0x05, 0x02, 0x08, 0x12, 0x04, 0x99, 0x01,
    0x02, 0x32, 0x0a, 0x0d, 0x0a, 0x05, 0x04, 0x05, 0x02, 0x08, 0x01, 0x12, 0x04, 0x99, 0x01, 0x1f,
    0x2d, 0x0a, 0x0d, 0x0a, 0x05, 0x04, 0x05, 0x02, 0x08, 0x03, 0x12, 0x04, 0x99, 0x01, 0x30, 0x31,
    0x0a, 0x0d, 0x0a, 0x05, 0x04, 0x05, 0x02, 0x09, 0x06, 0x12, 0x04, 0x9a, 0x01, 0x02, 0x1b, 0x0a,
    0x0c, 0x0a, 0x04, 0x04, 0x05, 0x02, 0x09, 0x12, 0x04, 0x9a, 0x01, 0x02, 0x50, 0x0a, 0x0d, 0x0a,
    0x05, 0x04, 0x05, 0x02, 0x09, 0x01, 0x12, 0x04, 0x9a, 0x01, 0x1c, 0x21, 0x0a, 0x0d, 0x0a, 0x05,
    0x04, 0x05, 0x02, 0x09, 0x03, 0x12, 0x04, 0x9a, 0x01, 0x24, 0x26, 0x0a, 0x0d, 0x0a, 0x05, 0x04,
    0x05, 0x02, 0x09, 0x08, 0x12, 0x04, 0x9a, 0x01, 0x27, 0x4f, 0x0a, 0x10, 0x0a, 0x08, 0x04, 0x05,
    0x02, 0x09, 0x08, 0x9c, 0x08, 0x00, 0x12, 0x04, 0x9a, 0x01, 0x28, 0x4e, 0x62, 0x06, 0x70, 0x72,
    0x6f, 0x74, 0x6f, 0x33,
];
// @@protoc_insertion_point(module)