tp01-vibe-sync-simulations (license-change)	Set up job	﻿2026-10-08T12:28:55.1465822Z Current runner version: '2.337.0'
tp01-vibe-sync-simulations (license-change)	Set up job	2026-10-08T12:28:55.1503745Z ##[group]Runner Image Provisioner
tp01-vibe-sync-simulations (license-change)	Set up job	2026-10-08T12:28:55.1505157Z Hosted Compute Agent
tp01-vibe-sync-simulations (license-change)	Set up job	2026-10-08T12:28:55.1506268Z Version: 20261002.596
tp01-vibe-sync-simulations (license-change)	Set up job	2026-10-08T12:28:55.1507472Z Commit: c3d12f3313a95f25162a1503be624f3b0617f8c0
tp01-vibe-sync-simulations (license-change)	Set up job	2026-10-08T12:28:55.1508827Z Build Date: 2026-10-02T22:28:27Z
tp01-vibe-sync-simulations (license-change)	Set up job	2026-10-08T12:28:55.1510373Z Worker ID: {861c2c41-5504-45c1-a159-3f5cc561d688}
tp01-vibe-sync-simulations (license-change)	Set up job	2026-10-08T12:28:55.1511594Z Region: eastus
tp01-vibe-sync-simulations (license-change)	Set up job	2026-10-08T12:28:55.1512587Z Cloud: Azure
tp01-vibe-sync-simulations (license-change)	Set up job	2026-10-08T12:28:55.1513480Z ##[endgroup]
tp01-vibe-sync-simulations (license-change)	Set up job	2026-10-08T12:28:55.1515919Z ##[group]Operating System
tp01-vibe-sync-simulations (license-change)	Set up job	2026-10-08T12:28:55.1517066Z Ubuntu
tp01-vibe-sync-simulations (license-change)	Set up job	2026-10-08T12:28:55.1518007Z 24.04.5
tp01-vibe-sync-simulations (license-change)	Set up job	2026-10-08T12:28:55.1519073Z LTS
tp01-vibe-sync-simulations (license-change)	Set up job	2026-10-08T12:28:55.1520316Z ##[endgroup]
tp01-vibe-sync-simulations (license-change)	Set up job	2026-10-08T12:28:55.1521547Z ##[group]Runner Image
tp01-vibe-sync-simulations (license-change)	Set up job	2026-10-08T12:28:55.1522589Z Image: ubuntu-24.04
tp01-vibe-sync-simulations (license-change)	Set up job	2026-10-08T12:28:55.1523571Z Version: 20261004.327.1
tp01-vibe-sync-simulations (license-change)	Set up job	2026-10-08T12:28:55.1525578Z Included Software: https://github.com/actions/runner-images/blob/ubuntu24/20261004.327/images/ubuntu/Ubuntu2404-Readme.md
tp01-vibe-sync-simulations (license-change)	Set up job	2026-10-08T12:28:55.1529406Z Image Release: https://github.com/actions/runner-images/releases/tag/ubuntu24%2F20261004.327
tp01-vibe-sync-simulations (license-change)	Set up job	2026-10-08T12:28:55.1531574Z ##[endgroup]
tp01-vibe-sync-simulations (license-change)	Set up job	2026-10-08T12:28:55.1533714Z ##[group]GITHUB_TOKEN Permissions
tp01-vibe-sync-simulations (license-change)	Set up job	2026-10-08T12:28:55.1536714Z Contents: read
tp01-vibe-sync-simulations (license-change)	Set up job	2026-10-08T12:28:55.1537845Z Metadata: read
tp01-vibe-sync-simulations (license-change)	Set up job	2026-10-08T12:28:55.1538762Z ##[endgroup]
tp01-vibe-sync-simulations (license-change)	Set up job	2026-10-08T12:28:55.1542156Z Secret source: Actions
tp01-vibe-sync-simulations (license-change)	Set up job	2026-10-08T12:28:55.1543708Z Cache mode: write
tp01-vibe-sync-simulations (license-change)	Set up job	2026-10-08T12:28:55.1545289Z Prepare workflow directory
tp01-vibe-sync-simulations (license-change)	Set up job	2026-10-08T12:28:55.2050172Z Prepare all required actions
tp01-vibe-sync-simulations (license-change)	Set up job	2026-10-08T12:28:55.2125615Z Getting action download info
tp01-vibe-sync-simulations (license-change)	Set up job	2026-10-08T12:28:55.4203934Z Download action repository 'actions/checkout@v4' (SHA:11d5960a326750d5838078e36cf38b85af677262)
tp01-vibe-sync-simulations (license-change)	Set up job	2026-10-08T12:28:55.5246164Z Download action repository 'actions/setup-node@v4' (SHA:49933ea5288caeca8642d1e84afbd3f7d6820020)
tp01-vibe-sync-simulations (license-change)	Set up job	2026-10-08T12:28:55.6171038Z Download action repository 'actions/upload-artifact@v4' (SHA:ea165f8d65b6e75b540449e92b4886f43607fa02)
tp01-vibe-sync-simulations (license-change)	Set up job	2026-10-08T12:28:55.8472625Z Complete job name: tp01-vibe-sync-simulations (license-change)
tp01-vibe-sync-simulations (license-change)	Checkout repository	﻿2026-10-08T12:28:55.9292549Z ##[group]Run actions/checkout@v4
tp01-vibe-sync-simulations (license-change)	Checkout repository	2026-10-08T12:28:55.9293451Z with:
tp01-vibe-sync-simulations (license-change)	Checkout repository	2026-10-08T12:28:55.9293916Z   repository: SumAlphaAI/QuantOS
tp01-vibe-sync-simulations (license-change)	Checkout repository	2026-10-08T12:28:55.9297631Z   token: ***
tp01-vibe-sync-simulations (license-change)	Checkout repository	2026-10-08T12:28:55.9298061Z   ssh-strict: true
tp01-vibe-sync-simulations (license-change)	Checkout repository	2026-10-08T12:28:55.9298493Z   ssh-user: git
tp01-vibe-sync-simulations (license-change)	Checkout repository	2026-10-08T12:28:55.9298929Z   persist-credentials: true
tp01-vibe-sync-simulations (license-change)	Checkout repository	2026-10-08T12:28:55.9299418Z   clean: true
tp01-vibe-sync-simulations (license-change)	Checkout repository	2026-10-08T12:28:55.9300054Z   sparse-checkout-cone-mode: true
tp01-vibe-sync-simulations (license-change)	Checkout repository	2026-10-08T12:28:55.9300593Z   fetch-depth: 1
tp01-vibe-sync-simulations (license-change)	Checkout repository	2026-10-08T12:28:55.9301018Z   fetch-tags: false
tp01-vibe-sync-simulations (license-change)	Checkout repository	2026-10-08T12:28:55.9301459Z   show-progress: true
tp01-vibe-sync-simulations (license-change)	Checkout repository	2026-10-08T12:28:55.9301900Z   lfs: false
tp01-vibe-sync-simulations (license-change)	Checkout repository	2026-10-08T12:28:55.9302309Z   submodules: false
tp01-vibe-sync-simulations (license-change)	Checkout repository	2026-10-08T12:28:55.9302762Z   set-safe-directory: true
tp01-vibe-sync-simulations (license-change)	Checkout repository	2026-10-08T12:28:55.9303266Z   allow-unsafe-pr-checkout: false
tp01-vibe-sync-simulations (license-change)	Checkout repository	2026-10-08T12:28:55.9304377Z ##[endgroup]
tp01-vibe-sync-simulations (license-change)	Checkout repository	2026-10-08T12:28:56.0421314Z Syncing repository: SumAlphaAI/QuantOS
tp01-vibe-sync-simulations (license-change)	Checkout repository	2026-10-08T12:28:56.0424185Z ##[group]Getting Git version info
tp01-vibe-sync-simulations (license-change)	Checkout repository	2026-10-08T12:28:56.0425339Z Working directory is '/home/runner/work/QuantOS/QuantOS'
tp01-vibe-sync-simulations (license-change)	Checkout repository	2026-10-08T12:28:56.0427126Z [command]/usr/bin/git version
tp01-vibe-sync-simulations (license-change)	Checkout repository	2026-10-08T12:28:56.0490179Z git version 2.55.0
tp01-vibe-sync-simulations (license-change)	Checkout repository	2026-10-08T12:28:56.0512807Z ##[endgroup]
tp01-vibe-sync-simulations (license-change)	Checkout repository	2026-10-08T12:28:56.0527961Z Temporarily overriding HOME='/home/runner/work/_temp/4eedf050-3c4e-4211-8b91-1fdd14b7bd09' before making global git config changes
tp01-vibe-sync-simulations (license-change)	Checkout repository	2026-10-08T12:28:56.0530525Z Adding repository directory to the temporary git global config as a safe directory
tp01-vibe-sync-simulations (license-change)	Checkout repository	2026-10-08T12:28:56.0534949Z [command]/usr/bin/git config --global --add safe.directory /home/runner/work/QuantOS/QuantOS
tp01-vibe-sync-simulations (license-change)	Checkout repository	2026-10-08T12:28:56.0604124Z Deleting the contents of '/home/runner/work/QuantOS/QuantOS'
tp01-vibe-sync-simulations (license-change)	Checkout repository	2026-10-08T12:28:56.0609237Z ##[group]Initializing the repository
tp01-vibe-sync-simulations (license-change)	Checkout repository	2026-10-08T12:28:56.0614539Z [command]/usr/bin/git init /home/runner/work/QuantOS/QuantOS
tp01-vibe-sync-simulations (license-change)	Checkout repository	2026-10-08T12:28:56.0743712Z hint: Using 'master' as the name for the initial branch. This default branch name
tp01-vibe-sync-simulations (license-change)	Checkout repository	2026-10-08T12:28:56.0745951Z hint: will change to "main" in Git 3.0. To configure the initial branch name
tp01-vibe-sync-simulations (license-change)	Checkout repository	2026-10-08T12:28:56.0747722Z hint: to use in all of your new repositories, which will suppress this warning,
tp01-vibe-sync-simulations (license-change)	Checkout repository	2026-10-08T12:28:56.0749096Z hint: call:
tp01-vibe-sync-simulations (license-change)	Checkout repository	2026-10-08T12:28:56.0750280Z hint:
tp01-vibe-sync-simulations (license-change)	Checkout repository	2026-10-08T12:28:56.0751105Z hint: 	git config --global init.defaultBranch <name>
tp01-vibe-sync-simulations (license-change)	Checkout repository	2026-10-08T12:28:56.0752114Z hint:
tp01-vibe-sync-simulations (license-change)	Checkout repository	2026-10-08T12:28:56.0753080Z hint: Names commonly chosen instead of 'master' are 'main', 'trunk' and
tp01-vibe-sync-simulations (license-change)	Checkout repository	2026-10-08T12:28:56.0754648Z hint: 'development'. The just-created branch can be renamed via this command:
tp01-vibe-sync-simulations (license-change)	Checkout repository	2026-10-08T12:28:56.0755860Z hint:
tp01-vibe-sync-simulations (license-change)	Checkout repository	2026-10-08T12:28:56.0756575Z hint: 	git branch -m <name>
tp01-vibe-sync-simulations (license-change)	Checkout repository	2026-10-08T12:28:56.0757384Z hint:
tp01-vibe-sync-simulations (license-change)	Checkout repository	2026-10-08T12:28:56.0758420Z hint: Disable this message with "git config set advice.defaultBranchName false"
tp01-vibe-sync-simulations (license-change)	Checkout repository	2026-10-08T12:28:56.0760274Z Initialized empty Git repository in /home/runner/work/QuantOS/QuantOS/.git/
tp01-vibe-sync-simulations (license-change)	Checkout repository	2026-10-08T12:28:56.0763091Z [command]/usr/bin/git remote add origin https://github.com/SumAlphaAI/QuantOS
tp01-vibe-sync-simulations (license-change)	Checkout repository	2026-10-08T12:28:56.0817443Z ##[endgroup]
tp01-vibe-sync-simulations (license-change)	Checkout repository	2026-10-08T12:28:56.0818865Z ##[group]Disabling automatic garbage collection
tp01-vibe-sync-simulations (license-change)	Checkout repository	2026-10-08T12:28:56.0822024Z [command]/usr/bin/git config --local gc.auto 0
tp01-vibe-sync-simulations (license-change)	Checkout repository	2026-10-08T12:28:56.0863958Z ##[endgroup]
tp01-vibe-sync-simulations (license-change)	Checkout repository	2026-10-08T12:28:56.0865236Z ##[group]Setting up auth
tp01-vibe-sync-simulations (license-change)	Checkout repository	2026-10-08T12:28:56.0866467Z [command]/usr/bin/git config --local --name-only --get-regexp core\.sshCommand
tp01-vibe-sync-simulations (license-change)	Checkout repository	2026-10-08T12:28:56.0902168Z [command]/usr/bin/git submodule foreach --recursive sh -c "git config --local --name-only --get-regexp 'core\.sshCommand' && git config --local --unset-all 'core.sshCommand' || :"
tp01-vibe-sync-simulations (license-change)	Checkout repository	2026-10-08T12:28:56.1391523Z [command]/usr/bin/git config --local --name-only --get-regexp http\.https\:\/\/github\.com\/\.extraheader
tp01-vibe-sync-simulations (license-change)	Checkout repository	2026-10-08T12:28:56.1417483Z [command]/usr/bin/git submodule foreach --recursive sh -c "git config --local --name-only --get-regexp 'http\.https\:\/\/github\.com\/\.extraheader' && git config --local --unset-all 'http.https://github.com/.extraheader' || :"
tp01-vibe-sync-simulations (license-change)	Checkout repository	2026-10-08T12:28:56.1675872Z [command]/usr/bin/git config --local --name-only --get-regexp ^includeIf\.gitdir:
tp01-vibe-sync-simulations (license-change)	Checkout repository	2026-10-08T12:28:56.1719287Z [command]/usr/bin/git submodule foreach --recursive git config --local --show-origin --name-only --get-regexp remote.origin.url
tp01-vibe-sync-simulations (license-change)	Checkout repository	2026-10-08T12:28:56.1987190Z [command]/usr/bin/git config --local http.https://github.com/.extraheader AUTHORIZATION: basic ***
tp01-vibe-sync-simulations (license-change)	Checkout repository	2026-10-08T12:28:56.2030512Z ##[endgroup]
tp01-vibe-sync-simulations (license-change)	Checkout repository	2026-10-08T12:28:56.2031384Z ##[group]Fetching the repository
tp01-vibe-sync-simulations (license-change)	Checkout repository	2026-10-08T12:28:56.2040663Z [command]/usr/bin/git -c protocol.version=2 fetch --no-tags --prune --no-recurse-submodules --depth=1 origin +8408122e2bcd75bdb09ff44fd04ef5dedfa3ef2f:refs/remotes/origin/main
tp01-vibe-sync-simulations (license-change)	Checkout repository	2026-10-08T12:28:59.1313216Z From https://github.com/SumAlphaAI/QuantOS
tp01-vibe-sync-simulations (license-change)	Checkout repository	2026-10-08T12:28:59.1315374Z  * [new ref]         8408122e2bcd75bdb09ff44fd04ef5dedfa3ef2f -> origin/main
tp01-vibe-sync-simulations (license-change)	Checkout repository	2026-10-08T12:28:59.1320061Z ##[endgroup]
tp01-vibe-sync-simulations (license-change)	Checkout repository	2026-10-08T12:28:59.1322271Z ##[group]Determining the checkout info
tp01-vibe-sync-simulations (license-change)	Checkout repository	2026-10-08T12:28:59.1324489Z ##[endgroup]
tp01-vibe-sync-simulations (license-change)	Checkout repository	2026-10-08T12:28:59.1330652Z [command]/usr/bin/git sparse-checkout disable
tp01-vibe-sync-simulations (license-change)	Checkout repository	2026-10-08T12:28:59.1400044Z [command]/usr/bin/git config --local --unset-all extensions.worktreeConfig
tp01-vibe-sync-simulations (license-change)	Checkout repository	2026-10-08T12:28:59.1440626Z ##[group]Checking out the ref
tp01-vibe-sync-simulations (license-change)	Checkout repository	2026-10-08T12:28:59.1445009Z [command]/usr/bin/git checkout --progress --force -B main refs/remotes/origin/main
tp01-vibe-sync-simulations (license-change)	Checkout repository	2026-10-08T12:29:00.0394874Z Switched to a new branch 'main'
tp01-vibe-sync-simulations (license-change)	Checkout repository	2026-10-08T12:29:00.0411119Z branch 'main' set up to track 'origin/main'.
tp01-vibe-sync-simulations (license-change)	Checkout repository	2026-10-08T12:29:00.0459516Z ##[endgroup]
tp01-vibe-sync-simulations (license-change)	Checkout repository	2026-10-08T12:29:00.0518962Z [command]/usr/bin/git log -1 --format=%H
tp01-vibe-sync-simulations (license-change)	Checkout repository	2026-10-08T12:29:00.0548140Z 8408122e2bcd75bdb09ff44fd04ef5dedfa3ef2f
tp01-vibe-sync-simulations (license-change)	Setup Node	﻿2026-10-08T12:29:00.0832923Z ##[group]Run actions/setup-node@v4
tp01-vibe-sync-simulations (license-change)	Setup Node	2026-10-08T12:29:00.0833364Z with:
tp01-vibe-sync-simulations (license-change)	Setup Node	2026-10-08T12:29:00.0833623Z   node-version: 24.12.0
tp01-vibe-sync-simulations (license-change)	Setup Node	2026-10-08T12:29:00.0833918Z   always-auth: false
tp01-vibe-sync-simulations (license-change)	Setup Node	2026-10-08T12:29:00.0834191Z   check-latest: false
tp01-vibe-sync-simulations (license-change)	Setup Node	2026-10-08T12:29:00.0836759Z   token: ***
tp01-vibe-sync-simulations (license-change)	Setup Node	2026-10-08T12:29:00.0837235Z ##[endgroup]
tp01-vibe-sync-simulations (license-change)	Setup Node	2026-10-08T12:29:00.2357986Z Attempting to download 24.12.0...
tp01-vibe-sync-simulations (license-change)	Setup Node	2026-10-08T12:29:00.2518030Z (node:2307) [DEP0040] DeprecationWarning: The `punycode` module is deprecated. Please use a userland alternative instead.
tp01-vibe-sync-simulations (license-change)	Setup Node	2026-10-08T12:29:00.2519648Z (Use `node --trace-deprecation ...` to show where the warning was created)
tp01-vibe-sync-simulations (license-change)	Setup Node	2026-10-08T12:29:00.7227777Z Acquiring 24.12.0 - x64 from https://github.com/actions/node-versions/releases/download/24.12.0-20140960970/node-24.12.0-linux-x64.tar.gz
tp01-vibe-sync-simulations (license-change)	Setup Node	2026-10-08T12:29:01.4215691Z Extracting ...
tp01-vibe-sync-simulations (license-change)	Setup Node	2026-10-08T12:29:01.4334663Z [command]/usr/bin/tar xz --strip 1 --warning=no-unknown-keyword --overwrite -C /home/runner/work/_temp/c541b0f5-8e8b-4389-95da-03634f33c33d -f /home/runner/work/_temp/702312f1-244a-4bc1-b770-e27ef9806369
tp01-vibe-sync-simulations (license-change)	Setup Node	2026-10-08T12:29:02.6316457Z Adding to the cache ...
tp01-vibe-sync-simulations (license-change)	Setup Node	2026-10-08T12:29:04.7336100Z ##[group]Environment details
tp01-vibe-sync-simulations (license-change)	Setup Node	2026-10-08T12:29:04.9727178Z node: v24.12.0
tp01-vibe-sync-simulations (license-change)	Setup Node	2026-10-08T12:29:04.9727806Z npm: 11.6.2
tp01-vibe-sync-simulations (license-change)	Setup Node	2026-10-08T12:29:04.9728245Z yarn: 1.22.22
tp01-vibe-sync-simulations (license-change)	Setup Node	2026-10-08T12:29:04.9729096Z ##[endgroup]
tp01-vibe-sync-simulations (license-change)	Evaluate simulation scenario	﻿2026-10-08T12:29:04.9945965Z ##[group]Run node ./scripts/sync-vibe.mjs --baseline ./third_party/vibe-trading/baseline.lock.json --patch-queue ./forks/vibe-trading/patch-queue/queue.json --scenario ./scripts/fixtures/tp01-vibe-sync/license-change.json --json-output ./artifacts/third_party/vibe-trading/sync-vibe/license-change/summary.json --markdown-output ./artifacts/third_party/vibe-trading/sync-vibe/license-change/summary.md --decision-dir ./artifacts/third_party/vibe-trading/sync-vibe/license-change/decisions --issue-dir ./artifacts/third_party/vibe-trading/sync-vibe/license-change/issues --verify-expected
tp01-vibe-sync-simulations (license-change)	Evaluate simulation scenario	2026-10-08T12:29:04.9950629Z ^[[36;1mnode ./scripts/sync-vibe.mjs --baseline ./third_party/vibe-trading/baseline.lock.json --patch-queue ./forks/vibe-trading/patch-queue/queue.json --scenario ./scripts/fixtures/tp01-vibe-sync/license-change.json --json-output ./artifacts/third_party/vibe-trading/sync-vibe/license-change/summary.json --markdown-output ./artifacts/third_party/vibe-trading/sync-vibe/license-change/summary.md --decision-dir ./artifacts/third_party/vibe-trading/sync-vibe/license-change/decisions --issue-dir ./artifacts/third_party/vibe-trading/sync-vibe/license-change/issues --verify-expected^[[0m
tp01-vibe-sync-simulations (license-change)	Evaluate simulation scenario	2026-10-08T12:29:05.0240835Z shell: /usr/bin/bash -e {0}
tp01-vibe-sync-simulations (license-change)	Evaluate simulation scenario	2026-10-08T12:29:05.0241245Z ##[endgroup]
tp01-vibe-sync-simulations (license-change)	Evaluate simulation scenario	2026-10-08T12:29:05.0726317Z Wrote artifacts/third_party/vibe-trading/sync-vibe/license-change/summary.json
tp01-vibe-sync-simulations (license-change)	Evaluate simulation scenario	2026-10-08T12:29:05.0727481Z Wrote artifacts/third_party/vibe-trading/sync-vibe/license-change/summary.md
tp01-vibe-sync-simulations (license-change)	Evaluate simulation scenario	2026-10-08T12:29:05.0728133Z Generated 1 decision record(s).
tp01-vibe-sync-simulations (license-change)	Evaluate simulation scenario	2026-10-08T12:29:05.0728732Z Sync gate: BLOCKED; blocked candidates: 1; sync approved: false.
tp01-vibe-sync-simulations (license-change)	Upload simulation artifacts	﻿2026-10-08T12:29:05.0826898Z ##[group]Run actions/upload-artifact@v4
tp01-vibe-sync-simulations (license-change)	Upload simulation artifacts	2026-10-08T12:29:05.0827251Z with:
tp01-vibe-sync-simulations (license-change)	Upload simulation artifacts	2026-10-08T12:29:05.0827477Z   name: tp01-vibe-sync-license-change
tp01-vibe-sync-simulations (license-change)	Upload simulation artifacts	2026-10-08T12:29:05.0827851Z   path: artifacts/third_party/vibe-trading/sync-vibe/license-change/
tp01-vibe-sync-simulations (license-change)	Upload simulation artifacts	2026-10-08T12:29:05.0828269Z   if-no-files-found: error
tp01-vibe-sync-simulations (license-change)	Upload simulation artifacts	2026-10-08T12:29:05.0828511Z   compression-level: 6
tp01-vibe-sync-simulations (license-change)	Upload simulation artifacts	2026-10-08T12:29:05.0828743Z   overwrite: false
tp01-vibe-sync-simulations (license-change)	Upload simulation artifacts	2026-10-08T12:29:05.0828962Z   include-hidden-files: false
tp01-vibe-sync-simulations (license-change)	Upload simulation artifacts	2026-10-08T12:29:05.0829201Z ##[endgroup]
tp01-vibe-sync-simulations (license-change)	Upload simulation artifacts	2026-10-08T12:29:05.2500077Z (node:2354) [DEP0040] DeprecationWarning: The `punycode` module is deprecated. Please use a userland alternative instead.
tp01-vibe-sync-simulations (license-change)	Upload simulation artifacts	2026-10-08T12:29:05.2501723Z (Use `node --trace-deprecation ...` to show where the warning was created)
tp01-vibe-sync-simulations (license-change)	Upload simulation artifacts	2026-10-08T12:29:05.2612057Z With the provided path, there will be 4 files uploaded
tp01-vibe-sync-simulations (license-change)	Upload simulation artifacts	2026-10-08T12:29:05.2619201Z Artifact name is valid!
tp01-vibe-sync-simulations (license-change)	Upload simulation artifacts	2026-10-08T12:29:05.2620643Z Root directory input is valid!
tp01-vibe-sync-simulations (license-change)	Upload simulation artifacts	2026-10-08T12:29:05.4835816Z Beginning upload of artifact content to blob storage
tp01-vibe-sync-simulations (license-change)	Upload simulation artifacts	2026-10-08T12:29:05.5120165Z (node:2354) [DEP0169] DeprecationWarning: `url.parse()` behavior is not standardized and prone to errors that have security implications. Use the WHATWG URL API instead. CVEs are not issued for `url.parse()` vulnerabilities.
tp01-vibe-sync-simulations (license-change)	Upload simulation artifacts	2026-10-08T12:29:05.5395155Z Uploaded bytes 3272
tp01-vibe-sync-simulations (license-change)	Upload simulation artifacts	2026-10-08T12:29:05.5595427Z Finished uploading artifact content to blob storage!
tp01-vibe-sync-simulations (license-change)	Upload simulation artifacts	2026-10-08T12:29:05.5596943Z SHA256 digest of uploaded artifact zip is 645af343a9701d0248c7de54822f7abb16f06062e985c04535e0d03832238ff3
tp01-vibe-sync-simulations (license-change)	Upload simulation artifacts	2026-10-08T12:29:05.5597961Z Finalizing artifact upload
tp01-vibe-sync-simulations (license-change)	Upload simulation artifacts	2026-10-08T12:29:05.7756428Z Artifact tp01-vibe-sync-license-change.zip successfully finalized. Artifact ID 11549854932
tp01-vibe-sync-simulations (license-change)	Upload simulation artifacts	2026-10-08T12:29:05.7758443Z Artifact tp01-vibe-sync-license-change has been successfully uploaded! Final size is 3272 bytes. Artifact ID is 11549854932
tp01-vibe-sync-simulations (license-change)	Upload simulation artifacts	2026-10-08T12:29:05.7764847Z Artifact download URL: https://github.com/SumAlphaAI/QuantOS/actions/runs/37777148460/artifacts/11549854932
tp01-vibe-sync-simulations (license-change)	Post Setup Node	﻿2026-10-08T12:29:05.7966008Z Post job cleanup.
tp01-vibe-sync-simulations (license-change)	Post Setup Node	2026-10-08T12:29:05.9257993Z (node:2366) [DEP0040] DeprecationWarning: The `punycode` module is deprecated. Please use a userland alternative instead.
tp01-vibe-sync-simulations (license-change)	Post Setup Node	2026-10-08T12:29:05.9259197Z (Use `node --trace-deprecation ...` to show where the warning was created)
tp01-vibe-sync-simulations (license-change)	Post Checkout repository	﻿2026-10-08T12:29:05.9464225Z Post job cleanup.
tp01-vibe-sync-simulations (license-change)	Post Checkout repository	2026-10-08T12:29:06.0479096Z [command]/usr/bin/git version
tp01-vibe-sync-simulations (license-change)	Post Checkout repository	2026-10-08T12:29:06.0511161Z git version 2.55.0
tp01-vibe-sync-simulations (license-change)	Post Checkout repository	2026-10-08T12:29:06.0574656Z Temporarily overriding HOME='/home/runner/work/_temp/d461de2a-0f25-423b-9c51-c878712e1927' before making global git config changes
tp01-vibe-sync-simulations (license-change)	Post Checkout repository	2026-10-08T12:29:06.0576709Z Adding repository directory to the temporary git global config as a safe directory
tp01-vibe-sync-simulations (license-change)	Post Checkout repository	2026-10-08T12:29:06.0578236Z [command]/usr/bin/git config --global --add safe.directory /home/runner/work/QuantOS/QuantOS
tp01-vibe-sync-simulations (license-change)	Post Checkout repository	2026-10-08T12:29:06.0628756Z [command]/usr/bin/git config --local --name-only --get-regexp core\.sshCommand
tp01-vibe-sync-simulations (license-change)	Post Checkout repository	2026-10-08T12:29:06.0677041Z [command]/usr/bin/git submodule foreach --recursive sh -c "git config --local --name-only --get-regexp 'core\.sshCommand' && git config --local --unset-all 'core.sshCommand' || :"
tp01-vibe-sync-simulations (license-change)	Post Checkout repository	2026-10-08T12:29:06.1047017Z [command]/usr/bin/git config --local --name-only --get-regexp http\.https\:\/\/github\.com\/\.extraheader
tp01-vibe-sync-simulations (license-change)	Post Checkout repository	2026-10-08T12:29:06.1074803Z http.https://github.com/.extraheader
tp01-vibe-sync-simulations (license-change)	Post Checkout repository	2026-10-08T12:29:06.1096069Z [command]/usr/bin/git config --local --unset-all http.https://github.com/.extraheader
tp01-vibe-sync-simulations (license-change)	Post Checkout repository	2026-10-08T12:29:06.1146607Z [command]/usr/bin/git submodule foreach --recursive sh -c "git config --local --name-only --get-regexp 'http\.https\:\/\/github\.com\/\.extraheader' && git config --local --unset-all 'http.https://github.com/.extraheader' || :"
tp01-vibe-sync-simulations (license-change)	Post Checkout repository	2026-10-08T12:29:06.1572005Z [command]/usr/bin/git config --local --name-only --get-regexp ^includeIf\.gitdir:
tp01-vibe-sync-simulations (license-change)	Post Checkout repository	2026-10-08T12:29:06.1620779Z [command]/usr/bin/git submodule foreach --recursive git config --local --show-origin --name-only --get-regexp remote.origin.url
tp01-vibe-sync-simulations (license-change)	Complete job	﻿2026-10-08T12:29:06.2113702Z Cleaning up orphan processes
tp01-vibe-sync-simulations (license-change)	Complete job	2026-10-08T12:29:06.2438349Z ##[warning]Node.js 20 is deprecated. The following actions target Node.js 20 but are being forced to run on Node.js 24: actions/checkout@v4, actions/setup-node@v4, actions/upload-artifact@v4. For more information see: https://github.blog/changelog/2025-09-19-deprecation-of-node-20-on-github-actions-runners/
tp01-vibe-sync-simulations (planned-sync)	Set up job	﻿2026-10-08T12:28:55.6421725Z Current runner version: '2.337.0'
tp01-vibe-sync-simulations (planned-sync)	Set up job	2026-10-08T12:28:55.6446284Z ##[group]Runner Image Provisioner
tp01-vibe-sync-simulations (planned-sync)	Set up job	2026-10-08T12:28:55.6447563Z Hosted Compute Agent
tp01-vibe-sync-simulations (planned-sync)	Set up job	2026-10-08T12:28:55.6448134Z Version: 20260901.588
tp01-vibe-sync-simulations (planned-sync)	Set up job	2026-10-08T12:28:55.6448766Z Commit: f88ec8081b781fac6c440065ac7ff9e710ce3d0b
tp01-vibe-sync-simulations (planned-sync)	Set up job	2026-10-08T12:28:55.6449436Z Build Date: 2026-09-01T19:56:44Z
tp01-vibe-sync-simulations (planned-sync)	Set up job	2026-10-08T12:28:55.6450086Z Worker ID: {3440d8eb-52be-49d6-983c-ae71ee4e7711}
tp01-vibe-sync-simulations (planned-sync)	Set up job	2026-10-08T12:28:55.6450745Z Azure Region: westus3
tp01-vibe-sync-simulations (planned-sync)	Set up job	2026-10-08T12:28:55.6451270Z ##[endgroup]
tp01-vibe-sync-simulations (planned-sync)	Set up job	2026-10-08T12:28:55.6452796Z ##[group]Operating System
tp01-vibe-sync-simulations (planned-sync)	Set up job	2026-10-08T12:28:55.6453364Z Ubuntu
tp01-vibe-sync-simulations (planned-sync)	Set up job	2026-10-08T12:28:55.6453862Z 24.04.5
tp01-vibe-sync-simulations (planned-sync)	Set up job	2026-10-08T12:28:55.6454390Z LTS
tp01-vibe-sync-simulations (planned-sync)	Set up job	2026-10-08T12:28:55.6454892Z ##[endgroup]
tp01-vibe-sync-simulations (planned-sync)	Set up job	2026-10-08T12:28:55.6455413Z ##[group]Runner Image
tp01-vibe-sync-simulations (planned-sync)	Set up job	2026-10-08T12:28:55.6455957Z Image: ubuntu-24.04
tp01-vibe-sync-simulations (planned-sync)	Set up job	2026-10-08T12:28:55.6456752Z Version: 20260927.320.1
tp01-vibe-sync-simulations (planned-sync)	Set up job	2026-10-08T12:28:55.6457808Z Included Software: https://github.com/actions/runner-images/blob/ubuntu24/20260927.320/images/ubuntu/Ubuntu2404-Readme.md
tp01-vibe-sync-simulations (planned-sync)	Set up job	2026-10-08T12:28:55.6459398Z Image Release: https://github.com/actions/runner-images/releases/tag/ubuntu24%2F20260927.320
tp01-vibe-sync-simulations (planned-sync)	Set up job	2026-10-08T12:28:55.6460336Z ##[endgroup]
tp01-vibe-sync-simulations (planned-sync)	Set up job	2026-10-08T12:28:55.6461354Z ##[group]GITHUB_TOKEN Permissions
tp01-vibe-sync-simulations (planned-sync)	Set up job	2026-10-08T12:28:55.6463533Z Contents: read
tp01-vibe-sync-simulations (planned-sync)	Set up job	2026-10-08T12:28:55.6464088Z Metadata: read
tp01-vibe-sync-simulations (planned-sync)	Set up job	2026-10-08T12:28:55.6464663Z ##[endgroup]
tp01-vibe-sync-simulations (planned-sync)	Set up job	2026-10-08T12:28:55.6466837Z Secret source: Actions
tp01-vibe-sync-simulations (planned-sync)	Set up job	2026-10-08T12:28:55.6467781Z Cache mode: write
tp01-vibe-sync-simulations (planned-sync)	Set up job	2026-10-08T12:28:55.6468444Z Prepare workflow directory
tp01-vibe-sync-simulations (planned-sync)	Set up job	2026-10-08T12:28:55.6789741Z Prepare all required actions
tp01-vibe-sync-simulations (planned-sync)	Set up job	2026-10-08T12:28:55.6838013Z Getting action download info
tp01-vibe-sync-simulations (planned-sync)	Set up job	2026-10-08T12:28:56.0004056Z Download action repository 'actions/checkout@v4' (SHA:11d5960a326750d5838078e36cf38b85af677262)
tp01-vibe-sync-simulations (planned-sync)	Set up job	2026-10-08T12:28:56.0841749Z Download action repository 'actions/setup-node@v4' (SHA:49933ea5288caeca8642d1e84afbd3f7d6820020)
tp01-vibe-sync-simulations (planned-sync)	Set up job	2026-10-08T12:28:56.1520632Z Download action repository 'actions/upload-artifact@v4' (SHA:ea165f8d65b6e75b540449e92b4886f43607fa02)
tp01-vibe-sync-simulations (planned-sync)	Set up job	2026-10-08T12:28:56.3302801Z Complete job name: tp01-vibe-sync-simulations (planned-sync)
tp01-vibe-sync-simulations (planned-sync)	Checkout repository	﻿2026-10-08T12:28:56.4063717Z ##[group]Run actions/checkout@v4
tp01-vibe-sync-simulations (planned-sync)	Checkout repository	2026-10-08T12:28:56.4064484Z with:
tp01-vibe-sync-simulations (planned-sync)	Checkout repository	2026-10-08T12:28:56.4064877Z   repository: SumAlphaAI/QuantOS
tp01-vibe-sync-simulations (planned-sync)	Checkout repository	2026-10-08T12:28:56.4068537Z   token: ***
tp01-vibe-sync-simulations (planned-sync)	Checkout repository	2026-10-08T12:28:56.4068917Z   ssh-strict: true
tp01-vibe-sync-simulations (planned-sync)	Checkout repository	2026-10-08T12:28:56.4069289Z   ssh-user: git
tp01-vibe-sync-simulations (planned-sync)	Checkout repository	2026-10-08T12:28:56.4069681Z   persist-credentials: true
tp01-vibe-sync-simulations (planned-sync)	Checkout repository	2026-10-08T12:28:56.4070102Z   clean: true
tp01-vibe-sync-simulations (planned-sync)	Checkout repository	2026-10-08T12:28:56.4070500Z   sparse-checkout-cone-mode: true
tp01-vibe-sync-simulations (planned-sync)	Checkout repository	2026-10-08T12:28:56.4070957Z   fetch-depth: 1
tp01-vibe-sync-simulations (planned-sync)	Checkout repository	2026-10-08T12:28:56.4071336Z   fetch-tags: false
tp01-vibe-sync-simulations (planned-sync)	Checkout repository	2026-10-08T12:28:56.4071717Z   show-progress: true
tp01-vibe-sync-simulations (planned-sync)	Checkout repository	2026-10-08T12:28:56.4072109Z   lfs: false
tp01-vibe-sync-simulations (planned-sync)	Checkout repository	2026-10-08T12:28:56.4072472Z   submodules: false
tp01-vibe-sync-simulations (planned-sync)	Checkout repository	2026-10-08T12:28:56.4072873Z   set-safe-directory: true
tp01-vibe-sync-simulations (planned-sync)	Checkout repository	2026-10-08T12:28:56.4073329Z   allow-unsafe-pr-checkout: false
tp01-vibe-sync-simulations (planned-sync)	Checkout repository	2026-10-08T12:28:56.4074048Z ##[endgroup]
tp01-vibe-sync-simulations (planned-sync)	Checkout repository	2026-10-08T12:28:56.5056569Z Syncing repository: SumAlphaAI/QuantOS
tp01-vibe-sync-simulations (planned-sync)	Checkout repository	2026-10-08T12:28:56.5059546Z ##[group]Getting Git version info
tp01-vibe-sync-simulations (planned-sync)	Checkout repository	2026-10-08T12:28:56.5060873Z Working directory is '/home/runner/work/QuantOS/QuantOS'
tp01-vibe-sync-simulations (planned-sync)	Checkout repository	2026-10-08T12:28:56.5062576Z [command]/usr/bin/git version
tp01-vibe-sync-simulations (planned-sync)	Checkout repository	2026-10-08T12:28:56.5082351Z git version 2.55.0
tp01-vibe-sync-simulations (planned-sync)	Checkout repository	2026-10-08T12:28:56.5102235Z ##[endgroup]
tp01-vibe-sync-simulations (planned-sync)	Checkout repository	2026-10-08T12:28:56.5113793Z Temporarily overriding HOME='/home/runner/work/_temp/d79e309e-cbe7-4954-8977-e60a385326ce' before making global git config changes
tp01-vibe-sync-simulations (planned-sync)	Checkout repository	2026-10-08T12:28:56.5116194Z Adding repository directory to the temporary git global config as a safe directory
tp01-vibe-sync-simulations (planned-sync)	Checkout repository	2026-10-08T12:28:56.5120897Z [command]/usr/bin/git config --global --add safe.directory /home/runner/work/QuantOS/QuantOS
tp01-vibe-sync-simulations (planned-sync)	Checkout repository	2026-10-08T12:28:56.5160258Z Deleting the contents of '/home/runner/work/QuantOS/QuantOS'
tp01-vibe-sync-simulations (planned-sync)	Checkout repository	2026-10-08T12:28:56.5166016Z ##[group]Initializing the repository
tp01-vibe-sync-simulations (planned-sync)	Checkout repository	2026-10-08T12:28:56.5170371Z [command]/usr/bin/git init /home/runner/work/QuantOS/QuantOS
tp01-vibe-sync-simulations (planned-sync)	Checkout repository	2026-10-08T12:28:56.5266088Z hint: Using 'master' as the name for the initial branch. This default branch name
tp01-vibe-sync-simulations (planned-sync)	Checkout repository	2026-10-08T12:28:56.5268411Z hint: will change to "main" in Git 3.0. To configure the initial branch name
tp01-vibe-sync-simulations (planned-sync)	Checkout repository	2026-10-08T12:28:56.5269928Z hint: to use in all of your new repositories, which will suppress this warning,
tp01-vibe-sync-simulations (planned-sync)	Checkout repository	2026-10-08T12:28:56.5270801Z hint: call:
tp01-vibe-sync-simulations (planned-sync)	Checkout repository	2026-10-08T12:28:56.5271337Z hint:
tp01-vibe-sync-simulations (planned-sync)	Checkout repository	2026-10-08T12:28:56.5272252Z hint: 	git config --global init.defaultBranch <name>
tp01-vibe-sync-simulations (planned-sync)	Checkout repository	2026-10-08T12:28:56.5272945Z hint:
tp01-vibe-sync-simulations (planned-sync)	Checkout repository	2026-10-08T12:28:56.5274064Z hint: Names commonly chosen instead of 'master' are 'main', 'trunk' and
tp01-vibe-sync-simulations (planned-sync)	Checkout repository	2026-10-08T12:28:56.5275368Z hint: 'development'. The just-created branch can be renamed via this command:
tp01-vibe-sync-simulations (planned-sync)	Checkout repository	2026-10-08T12:28:56.5276143Z hint:
tp01-vibe-sync-simulations (planned-sync)	Checkout repository	2026-10-08T12:28:56.5277023Z hint: 	git branch -m <name>
tp01-vibe-sync-simulations (planned-sync)	Checkout repository	2026-10-08T12:28:56.5277575Z hint:
tp01-vibe-sync-simulations (planned-sync)	Checkout repository	2026-10-08T12:28:56.5278250Z hint: Disable this message with "git config set advice.defaultBranchName false"
tp01-vibe-sync-simulations (planned-sync)	Checkout repository	2026-10-08T12:28:56.5279336Z Initialized empty Git repository in /home/runner/work/QuantOS/QuantOS/.git/
tp01-vibe-sync-simulations (planned-sync)	Checkout repository	2026-10-08T12:28:56.5282456Z [command]/usr/bin/git remote add origin https://github.com/SumAlphaAI/QuantOS
tp01-vibe-sync-simulations (planned-sync)	Checkout repository	2026-10-08T12:28:56.5326316Z ##[endgroup]
tp01-vibe-sync-simulations (planned-sync)	Checkout repository	2026-10-08T12:28:56.5327534Z ##[group]Disabling automatic garbage collection
tp01-vibe-sync-simulations (planned-sync)	Checkout repository	2026-10-08T12:28:56.5331012Z [command]/usr/bin/git config --local gc.auto 0
tp01-vibe-sync-simulations (planned-sync)	Checkout repository	2026-10-08T12:28:56.5357353Z ##[endgroup]
tp01-vibe-sync-simulations (planned-sync)	Checkout repository	2026-10-08T12:28:56.5358019Z ##[group]Setting up auth
tp01-vibe-sync-simulations (planned-sync)	Checkout repository	2026-10-08T12:28:56.5365904Z [command]/usr/bin/git config --local --name-only --get-regexp core\.sshCommand
tp01-vibe-sync-simulations (planned-sync)	Checkout repository	2026-10-08T12:28:56.5393166Z [command]/usr/bin/git submodule foreach --recursive sh -c "git config --local --name-only --get-regexp 'core\.sshCommand' && git config --local --unset-all 'core.sshCommand' || :"
tp01-vibe-sync-simulations (planned-sync)	Checkout repository	2026-10-08T12:28:56.5701108Z [command]/usr/bin/git config --local --name-only --get-regexp http\.https\:\/\/github\.com\/\.extraheader
tp01-vibe-sync-simulations (planned-sync)	Checkout repository	2026-10-08T12:28:56.5731540Z [command]/usr/bin/git submodule foreach --recursive sh -c "git config --local --name-only --get-regexp 'http\.https\:\/\/github\.com\/\.extraheader' && git config --local --unset-all 'http.https://github.com/.extraheader' || :"
tp01-vibe-sync-simulations (planned-sync)	Checkout repository	2026-10-08T12:28:56.5927120Z [command]/usr/bin/git config --local --name-only --get-regexp ^includeIf\.gitdir:
tp01-vibe-sync-simulations (planned-sync)	Checkout repository	2026-10-08T12:28:56.5963583Z [command]/usr/bin/git submodule foreach --recursive git config --local --show-origin --name-only --get-regexp remote.origin.url
tp01-vibe-sync-simulations (planned-sync)	Checkout repository	2026-10-08T12:28:56.6141366Z [command]/usr/bin/git config --local http.https://github.com/.extraheader AUTHORIZATION: basic ***
tp01-vibe-sync-simulations (planned-sync)	Checkout repository	2026-10-08T12:28:56.6172954Z ##[endgroup]
tp01-vibe-sync-simulations (planned-sync)	Checkout repository	2026-10-08T12:28:56.6174658Z ##[group]Fetching the repository
tp01-vibe-sync-simulations (planned-sync)	Checkout repository	2026-10-08T12:28:56.6182840Z [command]/usr/bin/git -c protocol.version=2 fetch --no-tags --prune --no-recurse-submodules --depth=1 origin +8408122e2bcd75bdb09ff44fd04ef5dedfa3ef2f:refs/remotes/origin/main
tp01-vibe-sync-simulations (planned-sync)	Checkout repository	2026-10-08T12:29:00.3806125Z From https://github.com/SumAlphaAI/QuantOS
tp01-vibe-sync-simulations (planned-sync)	Checkout repository	2026-10-08T12:29:00.3808816Z  * [new ref]         8408122e2bcd75bdb09ff44fd04ef5dedfa3ef2f -> origin/main
tp01-vibe-sync-simulations (planned-sync)	Checkout repository	2026-10-08T12:29:00.3813001Z ##[endgroup]
tp01-vibe-sync-simulations (planned-sync)	Checkout repository	2026-10-08T12:29:00.3814889Z ##[group]Determining the checkout info
tp01-vibe-sync-simulations (planned-sync)	Checkout repository	2026-10-08T12:29:00.3816810Z ##[endgroup]
tp01-vibe-sync-simulations (planned-sync)	Checkout repository	2026-10-08T12:29:00.3818824Z [command]/usr/bin/git sparse-checkout disable
tp01-vibe-sync-simulations (planned-sync)	Checkout repository	2026-10-08T12:29:00.3860206Z [command]/usr/bin/git config --local --unset-all extensions.worktreeConfig
tp01-vibe-sync-simulations (planned-sync)	Checkout repository	2026-10-08T12:29:00.3889095Z ##[group]Checking out the ref
tp01-vibe-sync-simulations (planned-sync)	Checkout repository	2026-10-08T12:29:00.3890025Z [command]/usr/bin/git checkout --progress --force -B main refs/remotes/origin/main
tp01-vibe-sync-simulations (planned-sync)	Checkout repository	2026-10-08T12:29:01.0634742Z Switched to a new branch 'main'
tp01-vibe-sync-simulations (planned-sync)	Checkout repository	2026-10-08T12:29:01.0637396Z branch 'main' set up to track 'origin/main'.
tp01-vibe-sync-simulations (planned-sync)	Checkout repository	2026-10-08T12:29:01.0670341Z ##[endgroup]
tp01-vibe-sync-simulations (planned-sync)	Checkout repository	2026-10-08T12:29:01.0706328Z [command]/usr/bin/git log -1 --format=%H
tp01-vibe-sync-simulations (planned-sync)	Checkout repository	2026-10-08T12:29:01.0727342Z 8408122e2bcd75bdb09ff44fd04ef5dedfa3ef2f
tp01-vibe-sync-simulations (planned-sync)	Setup Node	﻿2026-10-08T12:29:01.1083228Z ##[group]Run actions/setup-node@v4
tp01-vibe-sync-simulations (planned-sync)	Setup Node	2026-10-08T12:29:01.1084568Z with:
tp01-vibe-sync-simulations (planned-sync)	Setup Node	2026-10-08T12:29:01.1085545Z   node-version: 24.12.0
tp01-vibe-sync-simulations (planned-sync)	Setup Node	2026-10-08T12:29:01.1086756Z   always-auth: false
tp01-vibe-sync-simulations (planned-sync)	Setup Node	2026-10-08T12:29:01.1087836Z   check-latest: false
tp01-vibe-sync-simulations (planned-sync)	Setup Node	2026-10-08T12:29:01.1097501Z   token: ***
tp01-vibe-sync-simulations (planned-sync)	Setup Node	2026-10-08T12:29:01.1098487Z ##[endgroup]
tp01-vibe-sync-simulations (planned-sync)	Setup Node	2026-10-08T12:29:01.2443686Z Attempting to download 24.12.0...
tp01-vibe-sync-simulations (planned-sync)	Setup Node	2026-10-08T12:29:01.2546368Z (node:2353) [DEP0040] DeprecationWarning: The `punycode` module is deprecated. Please use a userland alternative instead.
tp01-vibe-sync-simulations (planned-sync)	Setup Node	2026-10-08T12:29:01.2551364Z (Use `node --trace-deprecation ...` to show where the warning was created)
tp01-vibe-sync-simulations (planned-sync)	Setup Node	2026-10-08T12:29:02.2855264Z Acquiring 24.12.0 - x64 from https://github.com/actions/node-versions/releases/download/24.12.0-20140960970/node-24.12.0-linux-x64.tar.gz
tp01-vibe-sync-simulations (planned-sync)	Setup Node	2026-10-08T12:29:02.8629684Z Extracting ...
tp01-vibe-sync-simulations (planned-sync)	Setup Node	2026-10-08T12:29:02.8751653Z [command]/usr/bin/tar xz --strip 1 --warning=no-unknown-keyword --overwrite -C /home/runner/work/_temp/567d1927-c0d9-4049-8314-d100727dd997 -f /home/runner/work/_temp/abebdc6d-3371-4d85-8c1a-d171d9b7f33d
tp01-vibe-sync-simulations (planned-sync)	Setup Node	2026-10-08T12:29:04.0101189Z Adding to the cache ...
tp01-vibe-sync-simulations (planned-sync)	Setup Node	2026-10-08T12:29:05.3963678Z ##[group]Environment details
tp01-vibe-sync-simulations (planned-sync)	Setup Node	2026-10-08T12:29:05.6138401Z node: v24.12.0
tp01-vibe-sync-simulations (planned-sync)	Setup Node	2026-10-08T12:29:05.6139250Z npm: 11.6.2
tp01-vibe-sync-simulations (planned-sync)	Setup Node	2026-10-08T12:29:05.6139596Z yarn: 1.22.22
tp01-vibe-sync-simulations (planned-sync)	Setup Node	2026-10-08T12:29:05.6140480Z ##[endgroup]
tp01-vibe-sync-simulations (planned-sync)	Evaluate simulation scenario	﻿2026-10-08T12:29:05.6299117Z ##[group]Run node ./scripts/sync-vibe.mjs --baseline ./third_party/vibe-trading/baseline.lock.json --patch-queue ./forks/vibe-trading/patch-queue/queue.json --scenario ./scripts/fixtures/tp01-vibe-sync/planned-sync.json --json-output ./artifacts/third_party/vibe-trading/sync-vibe/planned-sync/summary.json --markdown-output ./artifacts/third_party/vibe-trading/sync-vibe/planned-sync/summary.md --decision-dir ./artifacts/third_party/vibe-trading/sync-vibe/planned-sync/decisions --issue-dir ./artifacts/third_party/vibe-trading/sync-vibe/planned-sync/issues --verify-expected
tp01-vibe-sync-simulations (planned-sync)	Evaluate simulation scenario	2026-10-08T12:29:05.6303741Z ^[[36;1mnode ./scripts/sync-vibe.mjs --baseline ./third_party/vibe-trading/baseline.lock.json --patch-queue ./forks/vibe-trading/patch-queue/queue.json --scenario ./scripts/fixtures/tp01-vibe-sync/planned-sync.json --json-output ./artifacts/third_party/vibe-trading/sync-vibe/planned-sync/summary.json --markdown-output ./artifacts/third_party/vibe-trading/sync-vibe/planned-sync/summary.md --decision-dir ./artifacts/third_party/vibe-trading/sync-vibe/planned-sync/decisions --issue-dir ./artifacts/third_party/vibe-trading/sync-vibe/planned-sync/issues --verify-expected^[[0m
tp01-vibe-sync-simulations (planned-sync)	Evaluate simulation scenario	2026-10-08T12:29:05.6475162Z shell: /usr/bin/bash -e {0}
tp01-vibe-sync-simulations (planned-sync)	Evaluate simulation scenario	2026-10-08T12:29:05.6475491Z ##[endgroup]
tp01-vibe-sync-simulations (planned-sync)	Evaluate simulation scenario	2026-10-08T12:29:05.6891487Z Wrote artifacts/third_party/vibe-trading/sync-vibe/planned-sync/summary.json
tp01-vibe-sync-simulations (planned-sync)	Evaluate simulation scenario	2026-10-08T12:29:05.6893052Z Wrote artifacts/third_party/vibe-trading/sync-vibe/planned-sync/summary.md
tp01-vibe-sync-simulations (planned-sync)	Evaluate simulation scenario	2026-10-08T12:29:05.6894029Z Generated 1 decision record(s).
tp01-vibe-sync-simulations (planned-sync)	Evaluate simulation scenario	2026-10-08T12:29:05.6894879Z Sync gate: CLEAR; blocked candidates: 0; sync approved: false.
tp01-vibe-sync-simulations (planned-sync)	Upload simulation artifacts	﻿2026-10-08T12:29:05.6979501Z ##[group]Run actions/upload-artifact@v4
tp01-vibe-sync-simulations (planned-sync)	Upload simulation artifacts	2026-10-08T12:29:05.6979818Z with:
tp01-vibe-sync-simulations (planned-sync)	Upload simulation artifacts	2026-10-08T12:29:05.6980092Z   name: tp01-vibe-sync-planned-sync
tp01-vibe-sync-simulations (planned-sync)	Upload simulation artifacts	2026-10-08T12:29:05.6980522Z   path: artifacts/third_party/vibe-trading/sync-vibe/planned-sync/
tp01-vibe-sync-simulations (planned-sync)	Upload simulation artifacts	2026-10-08T12:29:05.6980895Z   if-no-files-found: error
tp01-vibe-sync-simulations (planned-sync)	Upload simulation artifacts	2026-10-08T12:29:05.6981135Z   compression-level: 6
tp01-vibe-sync-simulations (planned-sync)	Upload simulation artifacts	2026-10-08T12:29:05.6981375Z   overwrite: false
tp01-vibe-sync-simulations (planned-sync)	Upload simulation artifacts	2026-10-08T12:29:05.6981593Z   include-hidden-files: false
tp01-vibe-sync-simulations (planned-sync)	Upload simulation artifacts	2026-10-08T12:29:05.6981841Z ##[endgroup]
tp01-vibe-sync-simulations (planned-sync)	Upload simulation artifacts	2026-10-08T12:29:05.8737105Z (node:2397) [DEP0040] DeprecationWarning: The `punycode` module is deprecated. Please use a userland alternative instead.
tp01-vibe-sync-simulations (planned-sync)	Upload simulation artifacts	2026-10-08T12:29:05.8738790Z (Use `node --trace-deprecation ...` to show where the warning was created)
tp01-vibe-sync-simulations (planned-sync)	Upload simulation artifacts	2026-10-08T12:29:05.8898468Z With the provided path, there will be 4 files uploaded
tp01-vibe-sync-simulations (planned-sync)	Upload simulation artifacts	2026-10-08T12:29:05.8900244Z Artifact name is valid!
tp01-vibe-sync-simulations (planned-sync)	Upload simulation artifacts	2026-10-08T12:29:05.8901003Z Root directory input is valid!
tp01-vibe-sync-simulations (planned-sync)	Upload simulation artifacts	2026-10-08T12:29:06.2252069Z Beginning upload of artifact content to blob storage
tp01-vibe-sync-simulations (planned-sync)	Upload simulation artifacts	2026-10-08T12:29:06.2458115Z (node:2397) [DEP0169] DeprecationWarning: `url.parse()` behavior is not standardized and prone to errors that have security implications. Use the WHATWG URL API instead. CVEs are not issued for `url.parse()` vulnerabilities.
tp01-vibe-sync-simulations (planned-sync)	Upload simulation artifacts	2026-10-08T12:29:06.4667775Z Uploaded bytes 2910
tp01-vibe-sync-simulations (planned-sync)	Upload simulation artifacts	2026-10-08T12:29:06.5332752Z Finished uploading artifact content to blob storage!
tp01-vibe-sync-simulations (planned-sync)	Upload simulation artifacts	2026-10-08T12:29:06.5334365Z SHA256 digest of uploaded artifact zip is bbbc2effbf36b4a2e935b2da21c9f4d1f113f79f85f16c41f704ea0b28248273
tp01-vibe-sync-simulations (planned-sync)	Upload simulation artifacts	2026-10-08T12:29:06.5336154Z Finalizing artifact upload
tp01-vibe-sync-simulations (planned-sync)	Upload simulation artifacts	2026-10-08T12:29:06.7836287Z Artifact tp01-vibe-sync-planned-sync.zip successfully finalized. Artifact ID 11550705347
tp01-vibe-sync-simulations (planned-sync)	Upload simulation artifacts	2026-10-08T12:29:06.7838409Z Artifact tp01-vibe-sync-planned-sync has been successfully uploaded! Final size is 2910 bytes. Artifact ID is 11550705347
tp01-vibe-sync-simulations (planned-sync)	Upload simulation artifacts	2026-10-08T12:29:06.7842385Z Artifact download URL: https://github.com/SumAlphaAI/QuantOS/actions/runs/37777148460/artifacts/11550705347
tp01-vibe-sync-simulations (planned-sync)	Post Setup Node	﻿2026-10-08T12:29:06.7981025Z Post job cleanup.
tp01-vibe-sync-simulations (planned-sync)	Post Setup Node	2026-10-08T12:29:06.9145143Z (node:2410) [DEP0040] DeprecationWarning: The `punycode` module is deprecated. Please use a userland alternative instead.
tp01-vibe-sync-simulations (planned-sync)	Post Setup Node	2026-10-08T12:29:06.9145964Z (Use `node --trace-deprecation ...` to show where the warning was created)
tp01-vibe-sync-simulations (planned-sync)	Post Checkout repository	﻿2026-10-08T12:29:06.9328207Z Post job cleanup.
tp01-vibe-sync-simulations (planned-sync)	Post Checkout repository	2026-10-08T12:29:07.0227647Z [command]/usr/bin/git version
tp01-vibe-sync-simulations (planned-sync)	Post Checkout repository	2026-10-08T12:29:07.0267344Z git version 2.55.0
tp01-vibe-sync-simulations (planned-sync)	Post Checkout repository	2026-10-08T12:29:07.0309371Z Temporarily overriding HOME='/home/runner/work/_temp/9468a719-46cd-4bab-b49a-fb57452eda5c' before making global git config changes
tp01-vibe-sync-simulations (planned-sync)	Post Checkout repository	2026-10-08T12:29:07.0311284Z Adding repository directory to the temporary git global config as a safe directory
tp01-vibe-sync-simulations (planned-sync)	Post Checkout repository	2026-10-08T12:29:07.0315734Z [command]/usr/bin/git config --global --add safe.directory /home/runner/work/QuantOS/QuantOS
tp01-vibe-sync-simulations (planned-sync)	Post Checkout repository	2026-10-08T12:29:07.0361171Z [command]/usr/bin/git config --local --name-only --get-regexp core\.sshCommand
tp01-vibe-sync-simulations (planned-sync)	Post Checkout repository	2026-10-08T12:29:07.0406870Z [command]/usr/bin/git submodule foreach --recursive sh -c "git config --local --name-only --get-regexp 'core\.sshCommand' && git config --local --unset-all 'core.sshCommand' || :"
tp01-vibe-sync-simulations (planned-sync)	Post Checkout repository	2026-10-08T12:29:07.0722098Z [command]/usr/bin/git config --local --name-only --get-regexp http\.https\:\/\/github\.com\/\.extraheader
tp01-vibe-sync-simulations (planned-sync)	Post Checkout repository	2026-10-08T12:29:07.0757569Z http.https://github.com/.extraheader
tp01-vibe-sync-simulations (planned-sync)	Post Checkout repository	2026-10-08T12:29:07.0760104Z [command]/usr/bin/git config --local --unset-all http.https://github.com/.extraheader
tp01-vibe-sync-simulations (planned-sync)	Post Checkout repository	2026-10-08T12:29:07.0791349Z [command]/usr/bin/git submodule foreach --recursive sh -c "git config --local --name-only --get-regexp 'http\.https\:\/\/github\.com\/\.extraheader' && git config --local --unset-all 'http.https://github.com/.extraheader' || :"
tp01-vibe-sync-simulations (planned-sync)	Post Checkout repository	2026-10-08T12:29:07.1091262Z [command]/usr/bin/git config --local --name-only --get-regexp ^includeIf\.gitdir:
tp01-vibe-sync-simulations (planned-sync)	Post Checkout repository	2026-10-08T12:29:07.1138224Z [command]/usr/bin/git submodule foreach --recursive git config --local --show-origin --name-only --get-regexp remote.origin.url
tp01-vibe-sync-simulations (planned-sync)	Complete job	﻿2026-10-08T12:29:07.1473328Z Cleaning up orphan processes
tp01-vibe-sync-simulations (planned-sync)	Complete job	2026-10-08T12:29:07.1768087Z ##[warning]Node.js 20 is deprecated. The following actions target Node.js 20 but are being forced to run on Node.js 24: actions/checkout@v4, actions/setup-node@v4, actions/upload-artifact@v4. For more information see: https://github.blog/changelog/2025-09-19-deprecation-of-node-20-on-github-actions-runners/
tp01-vibe-sync-simulations (api-break)	Set up job	﻿2026-10-08T12:28:55.5309516Z Current runner version: '2.337.0'
tp01-vibe-sync-simulations (api-break)	Set up job	2026-10-08T12:28:55.5332040Z ##[group]Runner Image Provisioner
tp01-vibe-sync-simulations (api-break)	Set up job	2026-10-08T12:28:55.5332836Z Hosted Compute Agent
tp01-vibe-sync-simulations (api-break)	Set up job	2026-10-08T12:28:55.5333339Z Version: 20260901.588
tp01-vibe-sync-simulations (api-break)	Set up job	2026-10-08T12:28:55.5333931Z Commit: f88ec8081b781fac6c440065ac7ff9e710ce3d0b
tp01-vibe-sync-simulations (api-break)	Set up job	2026-10-08T12:28:55.5334530Z Build Date: 2026-09-01T19:56:44Z
tp01-vibe-sync-simulations (api-break)	Set up job	2026-10-08T12:28:55.5335165Z Worker ID: {7936641a-37c1-4fc0-808f-b17ee4b7e5b8}
tp01-vibe-sync-simulations (api-break)	Set up job	2026-10-08T12:28:55.5335762Z Azure Region: westus3
tp01-vibe-sync-simulations (api-break)	Set up job	2026-10-08T12:28:55.5336259Z ##[endgroup]
tp01-vibe-sync-simulations (api-break)	Set up job	2026-10-08T12:28:55.5337693Z ##[group]Operating System
tp01-vibe-sync-simulations (api-break)	Set up job	2026-10-08T12:28:55.5338221Z Ubuntu
tp01-vibe-sync-simulations (api-break)	Set up job	2026-10-08T12:28:55.5338645Z 24.04.5
tp01-vibe-sync-simulations (api-break)	Set up job	2026-10-08T12:28:55.5339191Z LTS
tp01-vibe-sync-simulations (api-break)	Set up job	2026-10-08T12:28:55.5339646Z ##[endgroup]
tp01-vibe-sync-simulations (api-break)	Set up job	2026-10-08T12:28:55.5340137Z ##[group]Runner Image
tp01-vibe-sync-simulations (api-break)	Set up job	2026-10-08T12:28:55.5340631Z Image: ubuntu-24.04
tp01-vibe-sync-simulations (api-break)	Set up job	2026-10-08T12:28:55.5341088Z Version: 20260927.320.1
tp01-vibe-sync-simulations (api-break)	Set up job	2026-10-08T12:28:55.5342003Z Included Software: https://github.com/actions/runner-images/blob/ubuntu24/20260927.320/images/ubuntu/Ubuntu2404-Readme.md
tp01-vibe-sync-simulations (api-break)	Set up job	2026-10-08T12:28:55.5343478Z Image Release: https://github.com/actions/runner-images/releases/tag/ubuntu24%2F20260927.320
tp01-vibe-sync-simulations (api-break)	Set up job	2026-10-08T12:28:55.5344279Z ##[endgroup]
tp01-vibe-sync-simulations (api-break)	Set up job	2026-10-08T12:28:55.5345232Z ##[group]GITHUB_TOKEN Permissions
tp01-vibe-sync-simulations (api-break)	Set up job	2026-10-08T12:28:55.5347116Z Contents: read
tp01-vibe-sync-simulations (api-break)	Set up job	2026-10-08T12:28:55.5347606Z Metadata: read
tp01-vibe-sync-simulations (api-break)	Set up job	2026-10-08T12:28:55.5348158Z ##[endgroup]
tp01-vibe-sync-simulations (api-break)	Set up job	2026-10-08T12:28:55.5349905Z Secret source: Actions
tp01-vibe-sync-simulations (api-break)	Set up job	2026-10-08T12:28:55.5350767Z Cache mode: write
tp01-vibe-sync-simulations (api-break)	Set up job	2026-10-08T12:28:55.5351403Z Prepare workflow directory
tp01-vibe-sync-simulations (api-break)	Set up job	2026-10-08T12:28:55.5615127Z Prepare all required actions
tp01-vibe-sync-simulations (api-break)	Set up job	2026-10-08T12:28:55.5655270Z Getting action download info
tp01-vibe-sync-simulations (api-break)	Set up job	2026-10-08T12:28:55.8794787Z Download action repository 'actions/checkout@v4' (SHA:11d5960a326750d5838078e36cf38b85af677262)
tp01-vibe-sync-simulations (api-break)	Set up job	2026-10-08T12:28:56.1409956Z Download action repository 'actions/setup-node@v4' (SHA:49933ea5288caeca8642d1e84afbd3f7d6820020)
tp01-vibe-sync-simulations (api-break)	Set up job	2026-10-08T12:28:56.2701196Z Download action repository 'actions/upload-artifact@v4' (SHA:ea165f8d65b6e75b540449e92b4886f43607fa02)
tp01-vibe-sync-simulations (api-break)	Set up job	2026-10-08T12:28:56.5551290Z Complete job name: tp01-vibe-sync-simulations (api-break)
tp01-vibe-sync-simulations (api-break)	Checkout repository	﻿2026-10-08T12:28:56.6205825Z ##[group]Run actions/checkout@v4
tp01-vibe-sync-simulations (api-break)	Checkout repository	2026-10-08T12:28:56.6206512Z with:
tp01-vibe-sync-simulations (api-break)	Checkout repository	2026-10-08T12:28:56.6207426Z   repository: SumAlphaAI/QuantOS
tp01-vibe-sync-simulations (api-break)	Checkout repository	2026-10-08T12:28:56.6210472Z   token: ***
tp01-vibe-sync-simulations (api-break)	Checkout repository	2026-10-08T12:28:56.6210832Z   ssh-strict: true
tp01-vibe-sync-simulations (api-break)	Checkout repository	2026-10-08T12:28:56.6211189Z   ssh-user: git
tp01-vibe-sync-simulations (api-break)	Checkout repository	2026-10-08T12:28:56.6211542Z   persist-credentials: true
tp01-vibe-sync-simulations (api-break)	Checkout repository	2026-10-08T12:28:56.6211929Z   clean: true
tp01-vibe-sync-simulations (api-break)	Checkout repository	2026-10-08T12:28:56.6212285Z   sparse-checkout-cone-mode: true
tp01-vibe-sync-simulations (api-break)	Checkout repository	2026-10-08T12:28:56.6212696Z   fetch-depth: 1
tp01-vibe-sync-simulations (api-break)	Checkout repository	2026-10-08T12:28:56.6213035Z   fetch-tags: false
tp01-vibe-sync-simulations (api-break)	Checkout repository	2026-10-08T12:28:56.6213386Z   show-progress: true
tp01-vibe-sync-simulations (api-break)	Checkout repository	2026-10-08T12:28:56.6213738Z   lfs: false
tp01-vibe-sync-simulations (api-break)	Checkout repository	2026-10-08T12:28:56.6214065Z   submodules: false
tp01-vibe-sync-simulations (api-break)	Checkout repository	2026-10-08T12:28:56.6214416Z   set-safe-directory: true
tp01-vibe-sync-simulations (api-break)	Checkout repository	2026-10-08T12:28:56.6214824Z   allow-unsafe-pr-checkout: false
tp01-vibe-sync-simulations (api-break)	Checkout repository	2026-10-08T12:28:56.6215496Z ##[endgroup]
tp01-vibe-sync-simulations (api-break)	Checkout repository	2026-10-08T12:28:56.7041776Z Syncing repository: SumAlphaAI/QuantOS
tp01-vibe-sync-simulations (api-break)	Checkout repository	2026-10-08T12:28:56.7043401Z ##[group]Getting Git version info
tp01-vibe-sync-simulations (api-break)	Checkout repository	2026-10-08T12:28:56.7044006Z Working directory is '/home/runner/work/QuantOS/QuantOS'
tp01-vibe-sync-simulations (api-break)	Checkout repository	2026-10-08T12:28:56.7044881Z [command]/usr/bin/git version
tp01-vibe-sync-simulations (api-break)	Checkout repository	2026-10-08T12:28:56.7093427Z git version 2.55.0
tp01-vibe-sync-simulations (api-break)	Checkout repository	2026-10-08T12:28:56.7109894Z ##[endgroup]
tp01-vibe-sync-simulations (api-break)	Checkout repository	2026-10-08T12:28:56.7137598Z Temporarily overriding HOME='/home/runner/work/_temp/37d31bb0-7a4b-41db-b399-344c56dabde4' before making global git config changes
tp01-vibe-sync-simulations (api-break)	Checkout repository	2026-10-08T12:28:56.7140010Z Adding repository directory to the temporary git global config as a safe directory
tp01-vibe-sync-simulations (api-break)	Checkout repository	2026-10-08T12:28:56.7141218Z [command]/usr/bin/git config --global --add safe.directory /home/runner/work/QuantOS/QuantOS
tp01-vibe-sync-simulations (api-break)	Checkout repository	2026-10-08T12:28:56.7201624Z Deleting the contents of '/home/runner/work/QuantOS/QuantOS'
tp01-vibe-sync-simulations (api-break)	Checkout repository	2026-10-08T12:28:56.7206031Z ##[group]Initializing the repository
tp01-vibe-sync-simulations (api-break)	Checkout repository	2026-10-08T12:28:56.7210139Z [command]/usr/bin/git init /home/runner/work/QuantOS/QuantOS
tp01-vibe-sync-simulations (api-break)	Checkout repository	2026-10-08T12:28:56.7309212Z hint: Using 'master' as the name for the initial branch. This default branch name
tp01-vibe-sync-simulations (api-break)	Checkout repository	2026-10-08T12:28:56.7311136Z hint: will change to "main" in Git 3.0. To configure the initial branch name
tp01-vibe-sync-simulations (api-break)	Checkout repository	2026-10-08T12:28:56.7312473Z hint: to use in all of your new repositories, which will suppress this warning,
tp01-vibe-sync-simulations (api-break)	Checkout repository	2026-10-08T12:28:56.7314158Z hint: call:
tp01-vibe-sync-simulations (api-break)	Checkout repository	2026-10-08T12:28:56.7315080Z hint:
tp01-vibe-sync-simulations (api-break)	Checkout repository	2026-10-08T12:28:56.7316004Z hint: 	git config --global init.defaultBranch <name>
tp01-vibe-sync-simulations (api-break)	Checkout repository	2026-10-08T12:28:56.7317198Z hint:
tp01-vibe-sync-simulations (api-break)	Checkout repository	2026-10-08T12:28:56.7318247Z hint: Names commonly chosen instead of 'master' are 'main', 'trunk' and
tp01-vibe-sync-simulations (api-break)	Checkout repository	2026-10-08T12:28:56.7319718Z hint: 'development'. The just-created branch can be renamed via this command:
tp01-vibe-sync-simulations (api-break)	Checkout repository	2026-10-08T12:28:56.7320928Z hint:
tp01-vibe-sync-simulations (api-break)	Checkout repository	2026-10-08T12:28:56.7322622Z hint: 	git branch -m <name>
tp01-vibe-sync-simulations (api-break)	Checkout repository	2026-10-08T12:28:56.7323536Z hint:
tp01-vibe-sync-simulations (api-break)	Checkout repository	2026-10-08T12:28:56.7324613Z hint: Disable this message with "git config set advice.defaultBranchName false"
tp01-vibe-sync-simulations (api-break)	Checkout repository	2026-10-08T12:28:56.7326256Z Initialized empty Git repository in /home/runner/work/QuantOS/QuantOS/.git/
tp01-vibe-sync-simulations (api-break)	Checkout repository	2026-10-08T12:28:56.7328640Z [command]/usr/bin/git remote add origin https://github.com/SumAlphaAI/QuantOS
tp01-vibe-sync-simulations (api-break)	Checkout repository	2026-10-08T12:28:56.7368661Z ##[endgroup]
tp01-vibe-sync-simulations (api-break)	Checkout repository	2026-10-08T12:28:56.7369613Z ##[group]Disabling automatic garbage collection
tp01-vibe-sync-simulations (api-break)	Checkout repository	2026-10-08T12:28:56.7373224Z [command]/usr/bin/git config --local gc.auto 0
tp01-vibe-sync-simulations (api-break)	Checkout repository	2026-10-08T12:28:56.7414782Z ##[endgroup]
tp01-vibe-sync-simulations (api-break)	Checkout repository	2026-10-08T12:28:56.7416027Z ##[group]Setting up auth
tp01-vibe-sync-simulations (api-break)	Checkout repository	2026-10-08T12:28:56.7417133Z [command]/usr/bin/git config --local --name-only --get-regexp core\.sshCommand
tp01-vibe-sync-simulations (api-break)	Checkout repository	2026-10-08T12:28:56.7438149Z [command]/usr/bin/git submodule foreach --recursive sh -c "git config --local --name-only --get-regexp 'core\.sshCommand' && git config --local --unset-all 'core.sshCommand' || :"
tp01-vibe-sync-simulations (api-break)	Checkout repository	2026-10-08T12:28:56.8857767Z [command]/usr/bin/git config --local --name-only --get-regexp http\.https\:\/\/github\.com\/\.extraheader
tp01-vibe-sync-simulations (api-break)	Checkout repository	2026-10-08T12:28:56.8891011Z [command]/usr/bin/git submodule foreach --recursive sh -c "git config --local --name-only --get-regexp 'http\.https\:\/\/github\.com\/\.extraheader' && git config --local --unset-all 'http.https://github.com/.extraheader' || :"
tp01-vibe-sync-simulations (api-break)	Checkout repository	2026-10-08T12:28:56.9098225Z [command]/usr/bin/git config --local --name-only --get-regexp ^includeIf\.gitdir:
tp01-vibe-sync-simulations (api-break)	Checkout repository	2026-10-08T12:28:56.9130124Z [command]/usr/bin/git submodule foreach --recursive git config --local --show-origin --name-only --get-regexp remote.origin.url
tp01-vibe-sync-simulations (api-break)	Checkout repository	2026-10-08T12:28:56.9343431Z [command]/usr/bin/git config --local http.https://github.com/.extraheader AUTHORIZATION: basic ***
tp01-vibe-sync-simulations (api-break)	Checkout repository	2026-10-08T12:28:56.9379003Z ##[endgroup]
tp01-vibe-sync-simulations (api-break)	Checkout repository	2026-10-08T12:28:56.9380429Z ##[group]Fetching the repository
tp01-vibe-sync-simulations (api-break)	Checkout repository	2026-10-08T12:28:56.9388138Z [command]/usr/bin/git -c protocol.version=2 fetch --no-tags --prune --no-recurse-submodules --depth=1 origin +8408122e2bcd75bdb09ff44fd04ef5dedfa3ef2f:refs/remotes/origin/main
tp01-vibe-sync-simulations (api-break)	Checkout repository	2026-10-08T12:29:01.3025924Z From https://github.com/SumAlphaAI/QuantOS
tp01-vibe-sync-simulations (api-break)	Checkout repository	2026-10-08T12:29:01.3027016Z  * [new ref]         8408122e2bcd75bdb09ff44fd04ef5dedfa3ef2f -> origin/main
tp01-vibe-sync-simulations (api-break)	Checkout repository	2026-10-08T12:29:01.3029833Z ##[endgroup]
tp01-vibe-sync-simulations (api-break)	Checkout repository	2026-10-08T12:29:01.3030634Z ##[group]Determining the checkout info
tp01-vibe-sync-simulations (api-break)	Checkout repository	2026-10-08T12:29:01.3032498Z ##[endgroup]
tp01-vibe-sync-simulations (api-break)	Checkout repository	2026-10-08T12:29:01.3038873Z [command]/usr/bin/git sparse-checkout disable
tp01-vibe-sync-simulations (api-break)	Checkout repository	2026-10-08T12:29:01.3082582Z [command]/usr/bin/git config --local --unset-all extensions.worktreeConfig
tp01-vibe-sync-simulations (api-break)	Checkout repository	2026-10-08T12:29:01.3109882Z ##[group]Checking out the ref
tp01-vibe-sync-simulations (api-break)	Checkout repository	2026-10-08T12:29:01.3113231Z [command]/usr/bin/git checkout --progress --force -B main refs/remotes/origin/main
tp01-vibe-sync-simulations (api-break)	Checkout repository	2026-10-08T12:29:02.0074281Z Switched to a new branch 'main'
tp01-vibe-sync-simulations (api-break)	Checkout repository	2026-10-08T12:29:02.0096215Z branch 'main' set up to track 'origin/main'.
tp01-vibe-sync-simulations (api-break)	Checkout repository	2026-10-08T12:29:02.0146310Z ##[endgroup]
tp01-vibe-sync-simulations (api-break)	Checkout repository	2026-10-08T12:29:02.0189552Z [command]/usr/bin/git log -1 --format=%H
tp01-vibe-sync-simulations (api-break)	Checkout repository	2026-10-08T12:29:02.0214852Z 8408122e2bcd75bdb09ff44fd04ef5dedfa3ef2f
tp01-vibe-sync-simulations (api-break)	Setup Node	﻿2026-10-08T12:29:02.0442489Z ##[group]Run actions/setup-node@v4
tp01-vibe-sync-simulations (api-break)	Setup Node	2026-10-08T12:29:02.0442744Z with:
tp01-vibe-sync-simulations (api-break)	Setup Node	2026-10-08T12:29:02.0442924Z   node-version: 24.12.0
tp01-vibe-sync-simulations (api-break)	Setup Node	2026-10-08T12:29:02.0443118Z   always-auth: false
tp01-vibe-sync-simulations (api-break)	Setup Node	2026-10-08T12:29:02.0443302Z   check-latest: false
tp01-vibe-sync-simulations (api-break)	Setup Node	2026-10-08T12:29:02.0445197Z   token: ***
tp01-vibe-sync-simulations (api-break)	Setup Node	2026-10-08T12:29:02.0445446Z ##[endgroup]
tp01-vibe-sync-simulations (api-break)	Setup Node	2026-10-08T12:29:02.1567403Z Attempting to download 24.12.0...
tp01-vibe-sync-simulations (api-break)	Setup Node	2026-10-08T12:29:02.1647554Z (node:2091) [DEP0040] DeprecationWarning: The `punycode` module is deprecated. Please use a userland alternative instead.
tp01-vibe-sync-simulations (api-break)	Setup Node	2026-10-08T12:29:02.1648179Z (Use `node --trace-deprecation ...` to show where the warning was created)
tp01-vibe-sync-simulations (api-break)	Setup Node	2026-10-08T12:29:03.1727595Z Acquiring 24.12.0 - x64 from https://github.com/actions/node-versions/releases/download/24.12.0-20140960970/node-24.12.0-linux-x64.tar.gz
tp01-vibe-sync-simulations (api-break)	Setup Node	2026-10-08T12:29:03.7083301Z Extracting ...
tp01-vibe-sync-simulations (api-break)	Setup Node	2026-10-08T12:29:03.7182789Z [command]/usr/bin/tar xz --strip 1 --warning=no-unknown-keyword --overwrite -C /home/runner/work/_temp/d3e8c4d8-318d-4d32-804b-7b5da9d6c1e2 -f /home/runner/work/_temp/3a59ef1e-4394-4a82-8353-3d8c7955014b
tp01-vibe-sync-simulations (api-break)	Setup Node	2026-10-08T12:29:04.7459462Z Adding to the cache ...
tp01-vibe-sync-simulations (api-break)	Setup Node	2026-10-08T12:29:06.9303325Z ##[group]Environment details
tp01-vibe-sync-simulations (api-break)	Setup Node	2026-10-08T12:29:07.1073281Z node: v24.12.0
tp01-vibe-sync-simulations (api-break)	Setup Node	2026-10-08T12:29:07.1073680Z npm: 11.6.2
tp01-vibe-sync-simulations (api-break)	Setup Node	2026-10-08T12:29:07.1073918Z yarn: 1.22.22
tp01-vibe-sync-simulations (api-break)	Setup Node	2026-10-08T12:29:07.1074576Z ##[endgroup]
tp01-vibe-sync-simulations (api-break)	Verify sync-vibe unit tests	﻿2026-10-08T12:29:07.1216068Z ##[group]Run node --test ./scripts/tests/sync-vibe.test.mjs ./scripts/tests/sync-vibe-cli.test.mjs
tp01-vibe-sync-simulations (api-break)	Verify sync-vibe unit tests	2026-10-08T12:29:07.1216705Z ^[[36;1mnode --test ./scripts/tests/sync-vibe.test.mjs ./scripts/tests/sync-vibe-cli.test.mjs^[[0m
tp01-vibe-sync-simulations (api-break)	Verify sync-vibe unit tests	2026-10-08T12:29:07.1420159Z shell: /usr/bin/bash -e {0}
tp01-vibe-sync-simulations (api-break)	Verify sync-vibe unit tests	2026-10-08T12:29:07.1420421Z ##[endgroup]
tp01-vibe-sync-simulations (api-break)	Verify sync-vibe unit tests	2026-10-08T12:29:07.6193489Z ✔ monitor succeeds with visible BLOCKED decisions and no sync approval (30.588261ms)
tp01-vibe-sync-simulations (api-break)	Verify sync-vibe unit tests	2026-10-08T12:29:07.6194980Z ✔ strict sync gate still exits 2 and writes all blocked evidence (25.178371ms)
tp01-vibe-sync-simulations (api-break)	Verify sync-vibe unit tests	2026-10-08T12:29:07.6199710Z ✔ empty valid monitor report is CLEAR without approving adoption (24.84738ms)
tp01-vibe-sync-simulations (api-break)	Verify sync-vibe unit tests	2026-10-08T12:29:07.6200937Z ✔ upstream S0 is retained even without detailed scenario advisories (24.48122ms)
tp01-vibe-sync-simulations (api-break)	Verify sync-vibe unit tests	2026-10-08T12:29:07.6202092Z ✔ monitor rejects missing candidates as execution failure (23.04205ms)
tp01-vibe-sync-simulations (api-break)	Verify sync-vibe unit tests	2026-10-08T12:29:07.6203297Z ✔ monitor rejects unsupported schema as execution failure (23.816017ms)
tp01-vibe-sync-simulations (api-break)	Verify sync-vibe unit tests	2026-10-08T12:29:07.6204203Z ✔ monitor rejects stale baseline as execution failure (23.538712ms)
tp01-vibe-sync-simulations (api-break)	Verify sync-vibe unit tests	2026-10-08T12:29:07.6205067Z ✔ monitor rejects unknown severity as execution failure (23.715034ms)
tp01-vibe-sync-simulations (api-break)	Verify sync-vibe unit tests	2026-10-08T12:29:07.6205818Z ✔ monitor rejects mutable candidate ref as execution failure (23.701514ms)
tp01-vibe-sync-simulations (api-break)	Verify sync-vibe unit tests	2026-10-08T12:29:07.6206462Z ✔ monitor rejects missing release digests as execution failure (23.872563ms)
tp01-vibe-sync-simulations (api-break)	Verify sync-vibe unit tests	2026-10-08T12:29:07.6207209Z ✔ monitor rejects unreadable JSON instead of reporting success (23.729948ms)
tp01-vibe-sync-simulations (api-break)	Verify sync-vibe unit tests	2026-10-08T12:29:07.6207754Z ✔ monitor cannot bypass gate/simulation flags --fail-on-block (23.675715ms)
tp01-vibe-sync-simulations (api-break)	Verify sync-vibe unit tests	2026-10-08T12:29:07.6208273Z ✔ monitor cannot bypass gate/simulation flags --verify-expected (23.566329ms)
tp01-vibe-sync-simulations (api-break)	Verify sync-vibe unit tests	2026-10-08T12:29:07.6208981Z ✔ monitor cannot bypass gate/simulation flags --scenario (23.707664ms)
tp01-vibe-sync-simulations (api-break)	Verify sync-vibe unit tests	2026-10-08T12:29:07.6209933Z ✔ actual workflow shell keeps schedule semantics and publishes failure evidence (32.133472ms)
tp01-vibe-sync-simulations (api-break)	Verify sync-vibe unit tests	2026-10-08T12:29:07.6211064Z ✔ actual workflow shell keeps workflow_dispatch semantics and publishes failure evidence (31.331532ms)
tp01-vibe-sync-simulations (api-break)	Verify sync-vibe unit tests	2026-10-08T12:29:07.6212245Z ✔ simulation workflow retains all six scenarios and expected-result assertions (0.185651ms)
tp01-vibe-sync-simulations (api-break)	Verify sync-vibe unit tests	2026-10-08T12:29:07.6274846Z ✔ classify api break as blocked S1 (6.947314ms)
tp01-vibe-sync-simulations (api-break)	Verify sync-vibe unit tests	2026-10-08T12:29:07.6275269Z ✔ classify license drift as blocked S1 (0.961006ms)
tp01-vibe-sync-simulations (api-break)	Verify sync-vibe unit tests	2026-10-08T12:29:07.6275638Z ✔ classify high CVE as blocked S0 (0.288968ms)
tp01-vibe-sync-simulations (api-break)	Verify sync-vibe unit tests	2026-10-08T12:29:07.6276082Z ✔ classify patch conflict as blocked S1 with overlap summary (0.209457ms)
tp01-vibe-sync-simulations (api-break)	Verify sync-vibe unit tests	2026-10-08T12:29:07.6276531Z ✔ classify planned sync as non-blocking S2 (0.282728ms)
tp01-vibe-sync-simulations (api-break)	Verify sync-vibe unit tests	2026-10-08T12:29:07.6277842Z ✔ classify research drift as non-blocking S3 (0.188856ms)
tp01-vibe-sync-simulations (api-break)	Verify sync-vibe unit tests	2026-10-08T12:29:07.6278288Z ℹ tests 23
tp01-vibe-sync-simulations (api-break)	Verify sync-vibe unit tests	2026-10-08T12:29:07.6278527Z ℹ suites 0
tp01-vibe-sync-simulations (api-break)	Verify sync-vibe unit tests	2026-10-08T12:29:07.6278697Z ℹ pass 23
tp01-vibe-sync-simulations (api-break)	Verify sync-vibe unit tests	2026-10-08T12:29:07.6278907Z ℹ fail 0
tp01-vibe-sync-simulations (api-break)	Verify sync-vibe unit tests	2026-10-08T12:29:07.6279088Z ℹ cancelled 0
tp01-vibe-sync-simulations (api-break)	Verify sync-vibe unit tests	2026-10-08T12:29:07.6279267Z ℹ skipped 0
tp01-vibe-sync-simulations (api-break)	Verify sync-vibe unit tests	2026-10-08T12:29:07.6279437Z ℹ todo 0
tp01-vibe-sync-simulations (api-break)	Verify sync-vibe unit tests	2026-10-08T12:29:07.6279632Z ℹ duration_ms 456.050829
tp01-vibe-sync-simulations (api-break)	Evaluate simulation scenario	﻿2026-10-08T12:29:07.6357063Z ##[group]Run node ./scripts/sync-vibe.mjs --baseline ./third_party/vibe-trading/baseline.lock.json --patch-queue ./forks/vibe-trading/patch-queue/queue.json --scenario ./scripts/fixtures/tp01-vibe-sync/api-break.json --json-output ./artifacts/third_party/vibe-trading/sync-vibe/api-break/summary.json --markdown-output ./artifacts/third_party/vibe-trading/sync-vibe/api-break/summary.md --decision-dir ./artifacts/third_party/vibe-trading/sync-vibe/api-break/decisions --issue-dir ./artifacts/third_party/vibe-trading/sync-vibe/api-break/issues --verify-expected
tp01-vibe-sync-simulations (api-break)	Evaluate simulation scenario	2026-10-08T12:29:07.6360043Z ^[[36;1mnode ./scripts/sync-vibe.mjs --baseline ./third_party/vibe-trading/baseline.lock.json --patch-queue ./forks/vibe-trading/patch-queue/queue.json --scenario ./scripts/fixtures/tp01-vibe-sync/api-break.json --json-output ./artifacts/third_party/vibe-trading/sync-vibe/api-break/summary.json --markdown-output ./artifacts/third_party/vibe-trading/sync-vibe/api-break/summary.md --decision-dir ./artifacts/third_party/vibe-trading/sync-vibe/api-break/decisions --issue-dir ./artifacts/third_party/vibe-trading/sync-vibe/api-break/issues --verify-expected^[[0m
tp01-vibe-sync-simulations (api-break)	Evaluate simulation scenario	2026-10-08T12:29:07.6419749Z shell: /usr/bin/bash -e {0}
tp01-vibe-sync-simulations (api-break)	Evaluate simulation scenario	2026-10-08T12:29:07.6419973Z ##[endgroup]
tp01-vibe-sync-simulations (api-break)	Evaluate simulation scenario	2026-10-08T12:29:07.6767599Z Wrote artifacts/third_party/vibe-trading/sync-vibe/api-break/summary.json
tp01-vibe-sync-simulations (api-break)	Evaluate simulation scenario	2026-10-08T12:29:07.6769034Z Wrote artifacts/third_party/vibe-trading/sync-vibe/api-break/summary.md
tp01-vibe-sync-simulations (api-break)	Evaluate simulation scenario	2026-10-08T12:29:07.6769621Z Generated 1 decision record(s).
tp01-vibe-sync-simulations (api-break)	Evaluate simulation scenario	2026-10-08T12:29:07.6777746Z Sync gate: BLOCKED; blocked candidates: 1; sync approved: false.
tp01-vibe-sync-simulations (api-break)	Upload simulation artifacts	﻿2026-10-08T12:29:07.6846339Z ##[group]Run actions/upload-artifact@v4
tp01-vibe-sync-simulations (api-break)	Upload simulation artifacts	2026-10-08T12:29:07.6846581Z with:
tp01-vibe-sync-simulations (api-break)	Upload simulation artifacts	2026-10-08T12:29:07.6846944Z   name: tp01-vibe-sync-api-break
tp01-vibe-sync-simulations (api-break)	Upload simulation artifacts	2026-10-08T12:29:07.6847218Z   path: artifacts/third_party/vibe-trading/sync-vibe/api-break/
tp01-vibe-sync-simulations (api-break)	Upload simulation artifacts	2026-10-08T12:29:07.6847508Z   if-no-files-found: error
tp01-vibe-sync-simulations (api-break)	Upload simulation artifacts	2026-10-08T12:29:07.6847701Z   compression-level: 6
tp01-vibe-sync-simulations (api-break)	Upload simulation artifacts	2026-10-08T12:29:07.6847879Z   overwrite: false
tp01-vibe-sync-simulations (api-break)	Upload simulation artifacts	2026-10-08T12:29:07.6848071Z   include-hidden-files: false
tp01-vibe-sync-simulations (api-break)	Upload simulation artifacts	2026-10-08T12:29:07.6848273Z ##[endgroup]
tp01-vibe-sync-simulations (api-break)	Upload simulation artifacts	2026-10-08T12:29:07.8102589Z (node:2271) [DEP0040] DeprecationWarning: The `punycode` module is deprecated. Please use a userland alternative instead.
tp01-vibe-sync-simulations (api-break)	Upload simulation artifacts	2026-10-08T12:29:07.8103275Z (Use `node --trace-deprecation ...` to show where the warning was created)
tp01-vibe-sync-simulations (api-break)	Upload simulation artifacts	2026-10-08T12:29:07.8197372Z With the provided path, there will be 4 files uploaded
tp01-vibe-sync-simulations (api-break)	Upload simulation artifacts	2026-10-08T12:29:07.8202666Z Artifact name is valid!
tp01-vibe-sync-simulations (api-break)	Upload simulation artifacts	2026-10-08T12:29:07.8203169Z Root directory input is valid!
tp01-vibe-sync-simulations (api-break)	Upload simulation artifacts	2026-10-08T12:29:08.1541620Z Beginning upload of artifact content to blob storage
tp01-vibe-sync-simulations (api-break)	Upload simulation artifacts	2026-10-08T12:29:08.1793550Z (node:2271) [DEP0169] DeprecationWarning: `url.parse()` behavior is not standardized and prone to errors that have security implications. Use the WHATWG URL API instead. CVEs are not issued for `url.parse()` vulnerabilities.
tp01-vibe-sync-simulations (api-break)	Upload simulation artifacts	2026-10-08T12:29:08.4213770Z Uploaded bytes 3213
tp01-vibe-sync-simulations (api-break)	Upload simulation artifacts	2026-10-08T12:29:08.4860115Z Finished uploading artifact content to blob storage!
tp01-vibe-sync-simulations (api-break)	Upload simulation artifacts	2026-10-08T12:29:08.4860789Z SHA256 digest of uploaded artifact zip is e60e321196485ab62c6c25cd924a98445ef611cdd214357fed3fc1edcd93b8d5
tp01-vibe-sync-simulations (api-break)	Upload simulation artifacts	2026-10-08T12:29:08.4861431Z Finalizing artifact upload
tp01-vibe-sync-simulations (api-break)	Upload simulation artifacts	2026-10-08T12:29:08.7942768Z Artifact tp01-vibe-sync-api-break.zip successfully finalized. Artifact ID 11550526208
tp01-vibe-sync-simulations (api-break)	Upload simulation artifacts	2026-10-08T12:29:08.7943815Z Artifact tp01-vibe-sync-api-break has been successfully uploaded! Final size is 3213 bytes. Artifact ID is 11550526208
tp01-vibe-sync-simulations (api-break)	Upload simulation artifacts	2026-10-08T12:29:08.7948168Z Artifact download URL: https://github.com/SumAlphaAI/QuantOS/actions/runs/37777148460/artifacts/11550526208
tp01-vibe-sync-simulations (api-break)	Post Setup Node	﻿2026-10-08T12:29:08.8088983Z Post job cleanup.
tp01-vibe-sync-simulations (api-break)	Post Setup Node	2026-10-08T12:29:08.9050701Z (node:2284) [DEP0040] DeprecationWarning: The `punycode` module is deprecated. Please use a userland alternative instead.
tp01-vibe-sync-simulations (api-break)	Post Setup Node	2026-10-08T12:29:08.9051385Z (Use `node --trace-deprecation ...` to show where the warning was created)
tp01-vibe-sync-simulations (api-break)	Post Checkout repository	﻿2026-10-08T12:29:08.9208754Z Post job cleanup.
tp01-vibe-sync-simulations (api-break)	Post Checkout repository	2026-10-08T12:29:09.0017551Z [command]/usr/bin/git version
tp01-vibe-sync-simulations (api-break)	Post Checkout repository	2026-10-08T12:29:09.0018310Z git version 2.55.0
tp01-vibe-sync-simulations (api-break)	Post Checkout repository	2026-10-08T12:29:09.0067817Z Temporarily overriding HOME='/home/runner/work/_temp/953db539-e1bc-4e69-9b78-875de81f3040' before making global git config changes
tp01-vibe-sync-simulations (api-break)	Post Checkout repository	2026-10-08T12:29:09.0068544Z Adding repository directory to the temporary git global config as a safe directory
tp01-vibe-sync-simulations (api-break)	Post Checkout repository	2026-10-08T12:29:09.0069103Z [command]/usr/bin/git config --global --add safe.directory /home/runner/work/QuantOS/QuantOS
tp01-vibe-sync-simulations (api-break)	Post Checkout repository	2026-10-08T12:29:09.0098308Z [command]/usr/bin/git config --local --name-only --get-regexp core\.sshCommand
tp01-vibe-sync-simulations (api-break)	Post Checkout repository	2026-10-08T12:29:09.0123144Z [command]/usr/bin/git submodule foreach --recursive sh -c "git config --local --name-only --get-regexp 'core\.sshCommand' && git config --local --unset-all 'core.sshCommand' || :"
tp01-vibe-sync-simulations (api-break)	Post Checkout repository	2026-10-08T12:29:09.0341709Z [command]/usr/bin/git config --local --name-only --get-regexp http\.https\:\/\/github\.com\/\.extraheader
tp01-vibe-sync-simulations (api-break)	Post Checkout repository	2026-10-08T12:29:09.0365071Z http.https://github.com/.extraheader
tp01-vibe-sync-simulations (api-break)	Post Checkout repository	2026-10-08T12:29:09.0373826Z [command]/usr/bin/git config --local --unset-all http.https://github.com/.extraheader
tp01-vibe-sync-simulations (api-break)	Post Checkout repository	2026-10-08T12:29:09.0412405Z [command]/usr/bin/git submodule foreach --recursive sh -c "git config --local --name-only --get-regexp 'http\.https\:\/\/github\.com\/\.extraheader' && git config --local --unset-all 'http.https://github.com/.extraheader' || :"
tp01-vibe-sync-simulations (api-break)	Post Checkout repository	2026-10-08T12:29:09.0636197Z [command]/usr/bin/git config --local --name-only --get-regexp ^includeIf\.gitdir:
tp01-vibe-sync-simulations (api-break)	Post Checkout repository	2026-10-08T12:29:09.0681916Z [command]/usr/bin/git submodule foreach --recursive git config --local --show-origin --name-only --get-regexp remote.origin.url
tp01-vibe-sync-simulations (api-break)	Complete job	﻿2026-10-08T12:29:09.1024334Z Cleaning up orphan processes
tp01-vibe-sync-simulations (api-break)	Complete job	2026-10-08T12:29:09.1309935Z ##[warning]Node.js 20 is deprecated. The following actions target Node.js 20 but are being forced to run on Node.js 24: actions/checkout@v4, actions/setup-node@v4, actions/upload-artifact@v4. For more information see: https://github.blog/changelog/2025-09-19-deprecation-of-node-20-on-github-actions-runners/
tp01-vibe-sync-simulations (cve-high)	Set up job	﻿2026-10-08T12:28:55.4886505Z Current runner version: '2.337.0'
tp01-vibe-sync-simulations (cve-high)	Set up job	2026-10-08T12:28:55.4909638Z ##[group]Runner Image Provisioner
tp01-vibe-sync-simulations (cve-high)	Set up job	2026-10-08T12:28:55.4910734Z Hosted Compute Agent
tp01-vibe-sync-simulations (cve-high)	Set up job	2026-10-08T12:28:55.4911404Z Version: 20261002.596
tp01-vibe-sync-simulations (cve-high)	Set up job	2026-10-08T12:28:55.4911992Z Commit: c3d12f3313a95f25162a1503be624f3b0617f8c0
tp01-vibe-sync-simulations (cve-high)	Set up job	2026-10-08T12:28:55.4912665Z Build Date: 2026-10-02T22:28:27Z
tp01-vibe-sync-simulations (cve-high)	Set up job	2026-10-08T12:28:55.4913305Z Worker ID: {a26ea773-c166-40c3-a42b-c152e132fd0f}
tp01-vibe-sync-simulations (cve-high)	Set up job	2026-10-08T12:28:55.4913950Z Region: westus3
tp01-vibe-sync-simulations (cve-high)	Set up job	2026-10-08T12:28:55.4914461Z Cloud: Azure
tp01-vibe-sync-simulations (cve-high)	Set up job	2026-10-08T12:28:55.4915024Z ##[endgroup]
tp01-vibe-sync-simulations (cve-high)	Set up job	2026-10-08T12:28:55.4916398Z ##[group]Operating System
tp01-vibe-sync-simulations (cve-high)	Set up job	2026-10-08T12:28:55.4917002Z Ubuntu
tp01-vibe-sync-simulations (cve-high)	Set up job	2026-10-08T12:28:55.4917490Z 24.04.5
tp01-vibe-sync-simulations (cve-high)	Set up job	2026-10-08T12:28:55.4917977Z LTS
tp01-vibe-sync-simulations (cve-high)	Set up job	2026-10-08T12:28:55.4918482Z ##[endgroup]
tp01-vibe-sync-simulations (cve-high)	Set up job	2026-10-08T12:28:55.4919045Z ##[group]Runner Image
tp01-vibe-sync-simulations (cve-high)	Set up job	2026-10-08T12:28:55.4919622Z Image: ubuntu-24.04
tp01-vibe-sync-simulations (cve-high)	Set up job	2026-10-08T12:28:55.4920158Z Version: 20261004.327.1
tp01-vibe-sync-simulations (cve-high)	Set up job	2026-10-08T12:28:55.4921296Z Included Software: https://github.com/actions/runner-images/blob/ubuntu24/20261004.327/images/ubuntu/Ubuntu2404-Readme.md
tp01-vibe-sync-simulations (cve-high)	Set up job	2026-10-08T12:28:55.4922909Z Image Release: https://github.com/actions/runner-images/releases/tag/ubuntu24%2F20261004.327
tp01-vibe-sync-simulations (cve-high)	Set up job	2026-10-08T12:28:55.4923796Z ##[endgroup]
tp01-vibe-sync-simulations (cve-high)	Set up job	2026-10-08T12:28:55.4924858Z ##[group]GITHUB_TOKEN Permissions
tp01-vibe-sync-simulations (cve-high)	Set up job	2026-10-08T12:28:55.4927008Z Contents: read
tp01-vibe-sync-simulations (cve-high)	Set up job	2026-10-08T12:28:55.4927617Z Metadata: read
tp01-vibe-sync-simulations (cve-high)	Set up job	2026-10-08T12:28:55.4928128Z ##[endgroup]
tp01-vibe-sync-simulations (cve-high)	Set up job	2026-10-08T12:28:55.4930063Z Secret source: Actions
tp01-vibe-sync-simulations (cve-high)	Set up job	2026-10-08T12:28:55.4931123Z Cache mode: write
tp01-vibe-sync-simulations (cve-high)	Set up job	2026-10-08T12:28:55.4932123Z Prepare workflow directory
tp01-vibe-sync-simulations (cve-high)	Set up job	2026-10-08T12:28:55.5212570Z Prepare all required actions
tp01-vibe-sync-simulations (cve-high)	Set up job	2026-10-08T12:28:55.5257927Z Getting action download info
tp01-vibe-sync-simulations (cve-high)	Set up job	2026-10-08T12:28:55.8378498Z Download action repository 'actions/checkout@v4' (SHA:11d5960a326750d5838078e36cf38b85af677262)
tp01-vibe-sync-simulations (cve-high)	Set up job	2026-10-08T12:28:55.9207893Z Download action repository 'actions/setup-node@v4' (SHA:49933ea5288caeca8642d1e84afbd3f7d6820020)
tp01-vibe-sync-simulations (cve-high)	Set up job	2026-10-08T12:28:56.1292677Z Download action repository 'actions/upload-artifact@v4' (SHA:ea165f8d65b6e75b540449e92b4886f43607fa02)
tp01-vibe-sync-simulations (cve-high)	Set up job	2026-10-08T12:28:56.3576325Z Complete job name: tp01-vibe-sync-simulations (cve-high)
tp01-vibe-sync-simulations (cve-high)	Checkout repository	﻿2026-10-08T12:28:56.4211562Z ##[group]Run actions/checkout@v4
tp01-vibe-sync-simulations (cve-high)	Checkout repository	2026-10-08T12:28:56.4212501Z with:
tp01-vibe-sync-simulations (cve-high)	Checkout repository	2026-10-08T12:28:56.4213008Z   repository: SumAlphaAI/QuantOS
tp01-vibe-sync-simulations (cve-high)	Checkout repository	2026-10-08T12:28:56.4216522Z   token: ***
tp01-vibe-sync-simulations (cve-high)	Checkout repository	2026-10-08T12:28:56.4217028Z   ssh-strict: true
tp01-vibe-sync-simulations (cve-high)	Checkout repository	2026-10-08T12:28:56.4217507Z   ssh-user: git
tp01-vibe-sync-simulations (cve-high)	Checkout repository	2026-10-08T12:28:56.4217998Z   persist-credentials: true
tp01-vibe-sync-simulations (cve-high)	Checkout repository	2026-10-08T12:28:56.4218535Z   clean: true
tp01-vibe-sync-simulations (cve-high)	Checkout repository	2026-10-08T12:28:56.4219050Z   sparse-checkout-cone-mode: true
tp01-vibe-sync-simulations (cve-high)	Checkout repository	2026-10-08T12:28:56.4219647Z   fetch-depth: 1
tp01-vibe-sync-simulations (cve-high)	Checkout repository	2026-10-08T12:28:56.4220122Z   fetch-tags: false
tp01-vibe-sync-simulations (cve-high)	Checkout repository	2026-10-08T12:28:56.4220723Z   show-progress: true
tp01-vibe-sync-simulations (cve-high)	Checkout repository	2026-10-08T12:28:56.4221262Z   lfs: false
tp01-vibe-sync-simulations (cve-high)	Checkout repository	2026-10-08T12:28:56.4221750Z   submodules: false
tp01-vibe-sync-simulations (cve-high)	Checkout repository	2026-10-08T12:28:56.4222248Z   set-safe-directory: true
tp01-vibe-sync-simulations (cve-high)	Checkout repository	2026-10-08T12:28:56.4222786Z   allow-unsafe-pr-checkout: false
tp01-vibe-sync-simulations (cve-high)	Checkout repository	2026-10-08T12:28:56.4223502Z ##[endgroup]
tp01-vibe-sync-simulations (cve-high)	Checkout repository	2026-10-08T12:28:56.5177007Z Syncing repository: SumAlphaAI/QuantOS
tp01-vibe-sync-simulations (cve-high)	Checkout repository	2026-10-08T12:28:56.5180110Z ##[group]Getting Git version info
tp01-vibe-sync-simulations (cve-high)	Checkout repository	2026-10-08T12:28:56.5181556Z Working directory is '/home/runner/work/QuantOS/QuantOS'
tp01-vibe-sync-simulations (cve-high)	Checkout repository	2026-10-08T12:28:56.5183350Z [command]/usr/bin/git version
tp01-vibe-sync-simulations (cve-high)	Checkout repository	2026-10-08T12:28:56.5250822Z git version 2.55.0
tp01-vibe-sync-simulations (cve-high)	Checkout repository	2026-10-08T12:28:56.5268492Z ##[endgroup]
tp01-vibe-sync-simulations (cve-high)	Checkout repository	2026-10-08T12:28:56.5280861Z Temporarily overriding HOME='/home/runner/work/_temp/eaf446a4-8111-4ac7-b103-9e97253184c5' before making global git config changes
tp01-vibe-sync-simulations (cve-high)	Checkout repository	2026-10-08T12:28:56.5283290Z Adding repository directory to the temporary git global config as a safe directory
tp01-vibe-sync-simulations (cve-high)	Checkout repository	2026-10-08T12:28:56.5285212Z [command]/usr/bin/git config --global --add safe.directory /home/runner/work/QuantOS/QuantOS
tp01-vibe-sync-simulations (cve-high)	Checkout repository	2026-10-08T12:28:56.5331064Z Deleting the contents of '/home/runner/work/QuantOS/QuantOS'
tp01-vibe-sync-simulations (cve-high)	Checkout repository	2026-10-08T12:28:56.5337303Z ##[group]Initializing the repository
tp01-vibe-sync-simulations (cve-high)	Checkout repository	2026-10-08T12:28:56.5341187Z [command]/usr/bin/git init /home/runner/work/QuantOS/QuantOS
tp01-vibe-sync-simulations (cve-high)	Checkout repository	2026-10-08T12:28:56.5451254Z hint: Using 'master' as the name for the initial branch. This default branch name
tp01-vibe-sync-simulations (cve-high)	Checkout repository	2026-10-08T12:28:56.5453120Z hint: will change to "main" in Git 3.0. To configure the initial branch name
tp01-vibe-sync-simulations (cve-high)	Checkout repository	2026-10-08T12:28:56.5457834Z hint: to use in all of your new repositories, which will suppress this warning,
tp01-vibe-sync-simulations (cve-high)	Checkout repository	2026-10-08T12:28:56.5459281Z hint: call:
tp01-vibe-sync-simulations (cve-high)	Checkout repository	2026-10-08T12:28:56.5460109Z hint:
tp01-vibe-sync-simulations (cve-high)	Checkout repository	2026-10-08T12:28:56.5461308Z hint: 	git config --global init.defaultBranch <name>
tp01-vibe-sync-simulations (cve-high)	Checkout repository	2026-10-08T12:28:56.5462346Z hint:
tp01-vibe-sync-simulations (cve-high)	Checkout repository	2026-10-08T12:28:56.5463443Z hint: Names commonly chosen instead of 'master' are 'main', 'trunk' and
tp01-vibe-sync-simulations (cve-high)	Checkout repository	2026-10-08T12:28:56.5465196Z hint: 'development'. The just-created branch can be renamed via this command:
tp01-vibe-sync-simulations (cve-high)	Checkout repository	2026-10-08T12:28:56.5466699Z hint:
tp01-vibe-sync-simulations (cve-high)	Checkout repository	2026-10-08T12:28:56.5467556Z hint: 	git branch -m <name>
tp01-vibe-sync-simulations (cve-high)	Checkout repository	2026-10-08T12:28:56.5468410Z hint:
tp01-vibe-sync-simulations (cve-high)	Checkout repository	2026-10-08T12:28:56.5469561Z hint: Disable this message with "git config set advice.defaultBranchName false"
tp01-vibe-sync-simulations (cve-high)	Checkout repository	2026-10-08T12:28:56.5471536Z Initialized empty Git repository in /home/runner/work/QuantOS/QuantOS/.git/
tp01-vibe-sync-simulations (cve-high)	Checkout repository	2026-10-08T12:28:56.5474361Z [command]/usr/bin/git remote add origin https://github.com/SumAlphaAI/QuantOS
tp01-vibe-sync-simulations (cve-high)	Checkout repository	2026-10-08T12:28:56.5564420Z ##[endgroup]
tp01-vibe-sync-simulations (cve-high)	Checkout repository	2026-10-08T12:28:56.5565764Z ##[group]Disabling automatic garbage collection
tp01-vibe-sync-simulations (cve-high)	Checkout repository	2026-10-08T12:28:56.5568174Z [command]/usr/bin/git config --local gc.auto 0
tp01-vibe-sync-simulations (cve-high)	Checkout repository	2026-10-08T12:28:56.5597074Z ##[endgroup]
tp01-vibe-sync-simulations (cve-high)	Checkout repository	2026-10-08T12:28:56.5598307Z ##[group]Setting up auth
tp01-vibe-sync-simulations (cve-high)	Checkout repository	2026-10-08T12:28:56.5603350Z [command]/usr/bin/git config --local --name-only --get-regexp core\.sshCommand
tp01-vibe-sync-simulations (cve-high)	Checkout repository	2026-10-08T12:28:56.5630176Z [command]/usr/bin/git submodule foreach --recursive sh -c "git config --local --name-only --get-regexp 'core\.sshCommand' && git config --local --unset-all 'core.sshCommand' || :"
tp01-vibe-sync-simulations (cve-high)	Checkout repository	2026-10-08T12:28:56.6047383Z [command]/usr/bin/git config --local --name-only --get-regexp http\.https\:\/\/github\.com\/\.extraheader
tp01-vibe-sync-simulations (cve-high)	Checkout repository	2026-10-08T12:28:56.6079038Z [command]/usr/bin/git submodule foreach --recursive sh -c "git config --local --name-only --get-regexp 'http\.https\:\/\/github\.com\/\.extraheader' && git config --local --unset-all 'http.https://github.com/.extraheader' || :"
tp01-vibe-sync-simulations (cve-high)	Checkout repository	2026-10-08T12:28:56.6290958Z [command]/usr/bin/git config --local --name-only --get-regexp ^includeIf\.gitdir:
tp01-vibe-sync-simulations (cve-high)	Checkout repository	2026-10-08T12:28:56.6321864Z [command]/usr/bin/git submodule foreach --recursive git config --local --show-origin --name-only --get-regexp remote.origin.url
tp01-vibe-sync-simulations (cve-high)	Checkout repository	2026-10-08T12:28:56.6511539Z [command]/usr/bin/git config --local http.https://github.com/.extraheader AUTHORIZATION: basic ***
tp01-vibe-sync-simulations (cve-high)	Checkout repository	2026-10-08T12:28:56.6544599Z ##[endgroup]
tp01-vibe-sync-simulations (cve-high)	Checkout repository	2026-10-08T12:28:56.6545941Z ##[group]Fetching the repository
tp01-vibe-sync-simulations (cve-high)	Checkout repository	2026-10-08T12:28:56.6556514Z [command]/usr/bin/git -c protocol.version=2 fetch --no-tags --prune --no-recurse-submodules --depth=1 origin +8408122e2bcd75bdb09ff44fd04ef5dedfa3ef2f:refs/remotes/origin/main
tp01-vibe-sync-simulations (cve-high)	Checkout repository	2026-10-08T12:29:01.6023081Z From https://github.com/SumAlphaAI/QuantOS
tp01-vibe-sync-simulations (cve-high)	Checkout repository	2026-10-08T12:29:01.6024644Z  * [new ref]         8408122e2bcd75bdb09ff44fd04ef5dedfa3ef2f -> origin/main
tp01-vibe-sync-simulations (cve-high)	Checkout repository	2026-10-08T12:29:01.6027438Z ##[endgroup]
tp01-vibe-sync-simulations (cve-high)	Checkout repository	2026-10-08T12:29:01.6028482Z ##[group]Determining the checkout info
tp01-vibe-sync-simulations (cve-high)	Checkout repository	2026-10-08T12:29:01.6029785Z ##[endgroup]
tp01-vibe-sync-simulations (cve-high)	Checkout repository	2026-10-08T12:29:01.6037208Z [command]/usr/bin/git sparse-checkout disable
tp01-vibe-sync-simulations (cve-high)	Checkout repository	2026-10-08T12:29:01.6091394Z [command]/usr/bin/git config --local --unset-all extensions.worktreeConfig
tp01-vibe-sync-simulations (cve-high)	Checkout repository	2026-10-08T12:29:01.6123246Z ##[group]Checking out the ref
tp01-vibe-sync-simulations (cve-high)	Checkout repository	2026-10-08T12:29:01.6127129Z [command]/usr/bin/git checkout --progress --force -B main refs/remotes/origin/main
tp01-vibe-sync-simulations (cve-high)	Checkout repository	2026-10-08T12:29:02.3127508Z Switched to a new branch 'main'
tp01-vibe-sync-simulations (cve-high)	Checkout repository	2026-10-08T12:29:02.3129572Z branch 'main' set up to track 'origin/main'.
tp01-vibe-sync-simulations (cve-high)	Checkout repository	2026-10-08T12:29:02.3161616Z ##[endgroup]
tp01-vibe-sync-simulations (cve-high)	Checkout repository	2026-10-08T12:29:02.3201810Z [command]/usr/bin/git log -1 --format=%H
tp01-vibe-sync-simulations (cve-high)	Checkout repository	2026-10-08T12:29:02.3225515Z 8408122e2bcd75bdb09ff44fd04ef5dedfa3ef2f
tp01-vibe-sync-simulations (cve-high)	Setup Node	﻿2026-10-08T12:29:02.3585201Z ##[group]Run actions/setup-node@v4
tp01-vibe-sync-simulations (cve-high)	Setup Node	2026-10-08T12:29:02.3586507Z with:
tp01-vibe-sync-simulations (cve-high)	Setup Node	2026-10-08T12:29:02.3587440Z   node-version: 24.12.0
tp01-vibe-sync-simulations (cve-high)	Setup Node	2026-10-08T12:29:02.3588476Z   always-auth: false
tp01-vibe-sync-simulations (cve-high)	Setup Node	2026-10-08T12:29:02.3589503Z   check-latest: false
tp01-vibe-sync-simulations (cve-high)	Setup Node	2026-10-08T12:29:02.3598899Z   token: ***
tp01-vibe-sync-simulations (cve-high)	Setup Node	2026-10-08T12:29:02.3600026Z ##[endgroup]
tp01-vibe-sync-simulations (cve-high)	Setup Node	2026-10-08T12:29:02.4951847Z Attempting to download 24.12.0...
tp01-vibe-sync-simulations (cve-high)	Setup Node	2026-10-08T12:29:02.5055069Z (node:2077) [DEP0040] DeprecationWarning: The `punycode` module is deprecated. Please use a userland alternative instead.
tp01-vibe-sync-simulations (cve-high)	Setup Node	2026-10-08T12:29:02.5058427Z (Use `node --trace-deprecation ...` to show where the warning was created)
tp01-vibe-sync-simulations (cve-high)	Setup Node	2026-10-08T12:29:03.5579050Z Acquiring 24.12.0 - x64 from https://github.com/actions/node-versions/releases/download/24.12.0-20140960970/node-24.12.0-linux-x64.tar.gz
tp01-vibe-sync-simulations (cve-high)	Setup Node	2026-10-08T12:29:04.1363392Z Extracting ...
tp01-vibe-sync-simulations (cve-high)	Setup Node	2026-10-08T12:29:04.1461649Z [command]/usr/bin/tar xz --strip 1 --warning=no-unknown-keyword --overwrite -C /home/runner/work/_temp/26b2eddf-0a48-49d6-8c9f-a4700a6335f0 -f /home/runner/work/_temp/e5104785-44f4-4170-abdb-ecd6c40234c6
tp01-vibe-sync-simulations (cve-high)	Setup Node	2026-10-08T12:29:05.3982120Z Adding to the cache ...
tp01-vibe-sync-simulations (cve-high)	Setup Node	2026-10-08T12:29:08.7387007Z ##[group]Environment details
tp01-vibe-sync-simulations (cve-high)	Setup Node	2026-10-08T12:29:09.1646765Z node: v24.12.0
tp01-vibe-sync-simulations (cve-high)	Setup Node	2026-10-08T12:29:09.1649073Z npm: 11.6.2
tp01-vibe-sync-simulations (cve-high)	Setup Node	2026-10-08T12:29:09.1649522Z yarn: 1.22.22
tp01-vibe-sync-simulations (cve-high)	Setup Node	2026-10-08T12:29:09.1650646Z ##[endgroup]
tp01-vibe-sync-simulations (cve-high)	Evaluate simulation scenario	﻿2026-10-08T12:29:09.1814474Z ##[group]Run node ./scripts/sync-vibe.mjs --baseline ./third_party/vibe-trading/baseline.lock.json --patch-queue ./forks/vibe-trading/patch-queue/queue.json --scenario ./scripts/fixtures/tp01-vibe-sync/cve-high.json --json-output ./artifacts/third_party/vibe-trading/sync-vibe/cve-high/summary.json --markdown-output ./artifacts/third_party/vibe-trading/sync-vibe/cve-high/summary.md --decision-dir ./artifacts/third_party/vibe-trading/sync-vibe/cve-high/decisions --issue-dir ./artifacts/third_party/vibe-trading/sync-vibe/cve-high/issues --verify-expected
tp01-vibe-sync-simulations (cve-high)	Evaluate simulation scenario	2026-10-08T12:29:09.1817686Z ^[[36;1mnode ./scripts/sync-vibe.mjs --baseline ./third_party/vibe-trading/baseline.lock.json --patch-queue ./forks/vibe-trading/patch-queue/queue.json --scenario ./scripts/fixtures/tp01-vibe-sync/cve-high.json --json-output ./artifacts/third_party/vibe-trading/sync-vibe/cve-high/summary.json --markdown-output ./artifacts/third_party/vibe-trading/sync-vibe/cve-high/summary.md --decision-dir ./artifacts/third_party/vibe-trading/sync-vibe/cve-high/decisions --issue-dir ./artifacts/third_party/vibe-trading/sync-vibe/cve-high/issues --verify-expected^[[0m
tp01-vibe-sync-simulations (cve-high)	Evaluate simulation scenario	2026-10-08T12:29:09.2027165Z shell: /usr/bin/bash -e {0}
tp01-vibe-sync-simulations (cve-high)	Evaluate simulation scenario	2026-10-08T12:29:09.2027618Z ##[endgroup]
tp01-vibe-sync-simulations (cve-high)	Evaluate simulation scenario	2026-10-08T12:29:09.2376149Z Wrote artifacts/third_party/vibe-trading/sync-vibe/cve-high/summary.json
tp01-vibe-sync-simulations (cve-high)	Evaluate simulation scenario	2026-10-08T12:29:09.2377281Z Wrote artifacts/third_party/vibe-trading/sync-vibe/cve-high/summary.md
tp01-vibe-sync-simulations (cve-high)	Evaluate simulation scenario	2026-10-08T12:29:09.2378140Z Generated 1 decision record(s).
tp01-vibe-sync-simulations (cve-high)	Evaluate simulation scenario	2026-10-08T12:29:09.2378759Z Sync gate: BLOCKED; blocked candidates: 1; sync approved: false.
tp01-vibe-sync-simulations (cve-high)	Upload simulation artifacts	﻿2026-10-08T12:29:09.2504407Z ##[group]Run actions/upload-artifact@v4
tp01-vibe-sync-simulations (cve-high)	Upload simulation artifacts	2026-10-08T12:29:09.2504800Z with:
tp01-vibe-sync-simulations (cve-high)	Upload simulation artifacts	2026-10-08T12:29:09.2505102Z   name: tp01-vibe-sync-cve-high
tp01-vibe-sync-simulations (cve-high)	Upload simulation artifacts	2026-10-08T12:29:09.2505522Z   path: artifacts/third_party/vibe-trading/sync-vibe/cve-high/
tp01-vibe-sync-simulations (cve-high)	Upload simulation artifacts	2026-10-08T12:29:09.2505966Z   if-no-files-found: error
tp01-vibe-sync-simulations (cve-high)	Upload simulation artifacts	2026-10-08T12:29:09.2506304Z   compression-level: 6
tp01-vibe-sync-simulations (cve-high)	Upload simulation artifacts	2026-10-08T12:29:09.2506902Z   overwrite: false
tp01-vibe-sync-simulations (cve-high)	Upload simulation artifacts	2026-10-08T12:29:09.2507183Z   include-hidden-files: false
tp01-vibe-sync-simulations (cve-high)	Upload simulation artifacts	2026-10-08T12:29:09.2507525Z ##[endgroup]
tp01-vibe-sync-simulations (cve-high)	Upload simulation artifacts	2026-10-08T12:29:09.4014953Z (node:2126) [DEP0040] DeprecationWarning: The `punycode` module is deprecated. Please use a userland alternative instead.
tp01-vibe-sync-simulations (cve-high)	Upload simulation artifacts	2026-10-08T12:29:09.4016611Z (Use `node --trace-deprecation ...` to show where the warning was created)
tp01-vibe-sync-simulations (cve-high)	Upload simulation artifacts	2026-10-08T12:29:09.4143264Z With the provided path, there will be 4 files uploaded
tp01-vibe-sync-simulations (cve-high)	Upload simulation artifacts	2026-10-08T12:29:09.4144475Z Artifact name is valid!
tp01-vibe-sync-simulations (cve-high)	Upload simulation artifacts	2026-10-08T12:29:09.4145091Z Root directory input is valid!
tp01-vibe-sync-simulations (cve-high)	Upload simulation artifacts	2026-10-08T12:29:09.7593838Z Beginning upload of artifact content to blob storage
tp01-vibe-sync-simulations (cve-high)	Upload simulation artifacts	2026-10-08T12:29:09.7817013Z (node:2126) [DEP0169] DeprecationWarning: `url.parse()` behavior is not standardized and prone to errors that have security implications. Use the WHATWG URL API instead. CVEs are not issued for `url.parse()` vulnerabilities.
tp01-vibe-sync-simulations (cve-high)	Upload simulation artifacts	2026-10-08T12:29:10.0070075Z Uploaded bytes 3325
tp01-vibe-sync-simulations (cve-high)	Upload simulation artifacts	2026-10-08T12:29:10.0715879Z Finished uploading artifact content to blob storage!
tp01-vibe-sync-simulations (cve-high)	Upload simulation artifacts	2026-10-08T12:29:10.0717626Z SHA256 digest of uploaded artifact zip is 9a7f0d51baa87ce6890523bfbe3dd8aa2e04300ce3d3c3848b5fbf82911358c4
tp01-vibe-sync-simulations (cve-high)	Upload simulation artifacts	2026-10-08T12:29:10.0718571Z Finalizing artifact upload
tp01-vibe-sync-simulations (cve-high)	Upload simulation artifacts	2026-10-08T12:29:10.3181423Z Artifact tp01-vibe-sync-cve-high.zip successfully finalized. Artifact ID 11550685332
tp01-vibe-sync-simulations (cve-high)	Upload simulation artifacts	2026-10-08T12:29:10.3182650Z Artifact tp01-vibe-sync-cve-high has been successfully uploaded! Final size is 3325 bytes. Artifact ID is 11550685332
tp01-vibe-sync-simulations (cve-high)	Upload simulation artifacts	2026-10-08T12:29:10.3187230Z Artifact download URL: https://github.com/SumAlphaAI/QuantOS/actions/runs/37777148460/artifacts/11550685332
tp01-vibe-sync-simulations (cve-high)	Post Setup Node	﻿2026-10-08T12:29:10.3340244Z Post job cleanup.
tp01-vibe-sync-simulations (cve-high)	Post Setup Node	2026-10-08T12:29:10.4468913Z (node:2139) [DEP0040] DeprecationWarning: The `punycode` module is deprecated. Please use a userland alternative instead.
tp01-vibe-sync-simulations (cve-high)	Post Setup Node	2026-10-08T12:29:10.4469797Z (Use `node --trace-deprecation ...` to show where the warning was created)
tp01-vibe-sync-simulations (cve-high)	Post Checkout repository	﻿2026-10-08T12:29:10.4608618Z Post job cleanup.
tp01-vibe-sync-simulations (cve-high)	Post Checkout repository	2026-10-08T12:29:10.5424000Z [command]/usr/bin/git version
tp01-vibe-sync-simulations (cve-high)	Post Checkout repository	2026-10-08T12:29:10.5466528Z git version 2.55.0
tp01-vibe-sync-simulations (cve-high)	Post Checkout repository	2026-10-08T12:29:10.5506219Z Temporarily overriding HOME='/home/runner/work/_temp/c595dd19-6ec5-4314-9b68-3cab1051f852' before making global git config changes
tp01-vibe-sync-simulations (cve-high)	Post Checkout repository	2026-10-08T12:29:10.5507712Z Adding repository directory to the temporary git global config as a safe directory
tp01-vibe-sync-simulations (cve-high)	Post Checkout repository	2026-10-08T12:29:10.5512516Z [command]/usr/bin/git config --global --add safe.directory /home/runner/work/QuantOS/QuantOS
tp01-vibe-sync-simulations (cve-high)	Post Checkout repository	2026-10-08T12:29:10.5547921Z [command]/usr/bin/git config --local --name-only --get-regexp core\.sshCommand
tp01-vibe-sync-simulations (cve-high)	Post Checkout repository	2026-10-08T12:29:10.5581775Z [command]/usr/bin/git submodule foreach --recursive sh -c "git config --local --name-only --get-regexp 'core\.sshCommand' && git config --local --unset-all 'core.sshCommand' || :"
tp01-vibe-sync-simulations (cve-high)	Post Checkout repository	2026-10-08T12:29:10.5797465Z [command]/usr/bin/git config --local --name-only --get-regexp http\.https\:\/\/github\.com\/\.extraheader
tp01-vibe-sync-simulations (cve-high)	Post Checkout repository	2026-10-08T12:29:10.5821702Z http.https://github.com/.extraheader
tp01-vibe-sync-simulations (cve-high)	Post Checkout repository	2026-10-08T12:29:10.5832091Z [command]/usr/bin/git config --local --unset-all http.https://github.com/.extraheader
tp01-vibe-sync-simulations (cve-high)	Post Checkout repository	2026-10-08T12:29:10.5863413Z [command]/usr/bin/git submodule foreach --recursive sh -c "git config --local --name-only --get-regexp 'http\.https\:\/\/github\.com\/\.extraheader' && git config --local --unset-all 'http.https://github.com/.extraheader' || :"
tp01-vibe-sync-simulations (cve-high)	Post Checkout repository	2026-10-08T12:29:10.6094503Z [command]/usr/bin/git config --local --name-only --get-regexp ^includeIf\.gitdir:
tp01-vibe-sync-simulations (cve-high)	Post Checkout repository	2026-10-08T12:29:10.6124214Z [command]/usr/bin/git submodule foreach --recursive git config --local --show-origin --name-only --get-regexp remote.origin.url
tp01-vibe-sync-simulations (cve-high)	Complete job	﻿2026-10-08T12:29:10.6471324Z Cleaning up orphan processes
tp01-vibe-sync-simulations (cve-high)	Complete job	2026-10-08T12:29:10.6697587Z ##[warning]Node.js 20 is deprecated. The following actions target Node.js 20 but are being forced to run on Node.js 24: actions/checkout@v4, actions/setup-node@v4, actions/upload-artifact@v4. For more information see: https://github.blog/changelog/2025-09-19-deprecation-of-node-20-on-github-actions-runners/
tp01-vibe-sync-simulations (research-drift)	Set up job	﻿2026-10-08T12:28:55.4794762Z Current runner version: '2.337.0'
tp01-vibe-sync-simulations (research-drift)	Set up job	2026-10-08T12:28:55.4823192Z ##[group]Runner Image Provisioner
tp01-vibe-sync-simulations (research-drift)	Set up job	2026-10-08T12:28:55.4824136Z Hosted Compute Agent
tp01-vibe-sync-simulations (research-drift)	Set up job	2026-10-08T12:28:55.4825271Z Version: 20260901.588
tp01-vibe-sync-simulations (research-drift)	Set up job	2026-10-08T12:28:55.4825983Z Commit: f88ec8081b781fac6c440065ac7ff9e710ce3d0b
tp01-vibe-sync-simulations (research-drift)	Set up job	2026-10-08T12:28:55.4826695Z Build Date: 2026-09-01T19:56:44Z
tp01-vibe-sync-simulations (research-drift)	Set up job	2026-10-08T12:28:55.4827431Z Worker ID: {80bd0db0-7654-4748-9d55-d6918e812eb0}
tp01-vibe-sync-simulations (research-drift)	Set up job	2026-10-08T12:28:55.4828167Z Azure Region: centralus
tp01-vibe-sync-simulations (research-drift)	Set up job	2026-10-08T12:28:55.4828770Z ##[endgroup]
tp01-vibe-sync-simulations (research-drift)	Set up job	2026-10-08T12:28:55.4830462Z ##[group]Operating System
tp01-vibe-sync-simulations (research-drift)	Set up job	2026-10-08T12:28:55.4831104Z Ubuntu
tp01-vibe-sync-simulations (research-drift)	Set up job	2026-10-08T12:28:55.4831819Z 24.04.5
tp01-vibe-sync-simulations (research-drift)	Set up job	2026-10-08T12:28:55.4832335Z LTS
tp01-vibe-sync-simulations (research-drift)	Set up job	2026-10-08T12:28:55.4832874Z ##[endgroup]
tp01-vibe-sync-simulations (research-drift)	Set up job	2026-10-08T12:28:55.4833460Z ##[group]Runner Image
tp01-vibe-sync-simulations (research-drift)	Set up job	2026-10-08T12:28:55.4834054Z Image: ubuntu-24.04
tp01-vibe-sync-simulations (research-drift)	Set up job	2026-10-08T12:28:55.4834866Z Version: 20260927.320.1
tp01-vibe-sync-simulations (research-drift)	Set up job	2026-10-08T12:28:55.4835966Z Included Software: https://github.com/actions/runner-images/blob/ubuntu24/20260927.320/images/ubuntu/Ubuntu2404-Readme.md
tp01-vibe-sync-simulations (research-drift)	Set up job	2026-10-08T12:28:55.4837817Z Image Release: https://github.com/actions/runner-images/releases/tag/ubuntu24%2F20260927.320
tp01-vibe-sync-simulations (research-drift)	Set up job	2026-10-08T12:28:55.4838778Z ##[endgroup]
tp01-vibe-sync-simulations (research-drift)	Set up job	2026-10-08T12:28:55.4839997Z ##[group]GITHUB_TOKEN Permissions
tp01-vibe-sync-simulations (research-drift)	Set up job	2026-10-08T12:28:55.4842279Z Contents: read
tp01-vibe-sync-simulations (research-drift)	Set up job	2026-10-08T12:28:55.4843130Z Metadata: read
tp01-vibe-sync-simulations (research-drift)	Set up job	2026-10-08T12:28:55.4843775Z ##[endgroup]
tp01-vibe-sync-simulations (research-drift)	Set up job	2026-10-08T12:28:55.4846604Z Secret source: Actions
tp01-vibe-sync-simulations (research-drift)	Set up job	2026-10-08T12:28:55.4847712Z Cache mode: write
tp01-vibe-sync-simulations (research-drift)	Set up job	2026-10-08T12:28:55.4849025Z Prepare workflow directory
tp01-vibe-sync-simulations (research-drift)	Set up job	2026-10-08T12:28:55.5212997Z Prepare all required actions
tp01-vibe-sync-simulations (research-drift)	Set up job	2026-10-08T12:28:55.5267055Z Getting action download info
tp01-vibe-sync-simulations (research-drift)	Set up job	2026-10-08T12:28:55.7917043Z Download action repository 'actions/checkout@v4' (SHA:11d5960a326750d5838078e36cf38b85af677262)
tp01-vibe-sync-simulations (research-drift)	Set up job	2026-10-08T12:28:55.9081884Z Download action repository 'actions/setup-node@v4' (SHA:49933ea5288caeca8642d1e84afbd3f7d6820020)
tp01-vibe-sync-simulations (research-drift)	Set up job	2026-10-08T12:28:56.0504833Z Download action repository 'actions/upload-artifact@v4' (SHA:ea165f8d65b6e75b540449e92b4886f43607fa02)
tp01-vibe-sync-simulations (research-drift)	Set up job	2026-10-08T12:28:56.2681728Z Complete job name: tp01-vibe-sync-simulations (research-drift)
tp01-vibe-sync-simulations (research-drift)	Checkout repository	﻿2026-10-08T12:28:56.3528497Z ##[group]Run actions/checkout@v4
tp01-vibe-sync-simulations (research-drift)	Checkout repository	2026-10-08T12:28:56.3529409Z with:
tp01-vibe-sync-simulations (research-drift)	Checkout repository	2026-10-08T12:28:56.3529874Z   repository: SumAlphaAI/QuantOS
tp01-vibe-sync-simulations (research-drift)	Checkout repository	2026-10-08T12:28:56.3533931Z   token: ***
tp01-vibe-sync-simulations (research-drift)	Checkout repository	2026-10-08T12:28:56.3534407Z   ssh-strict: true
tp01-vibe-sync-simulations (research-drift)	Checkout repository	2026-10-08T12:28:56.3535054Z   ssh-user: git
tp01-vibe-sync-simulations (research-drift)	Checkout repository	2026-10-08T12:28:56.3535501Z   persist-credentials: true
tp01-vibe-sync-simulations (research-drift)	Checkout repository	2026-10-08T12:28:56.3535978Z   clean: true
tp01-vibe-sync-simulations (research-drift)	Checkout repository	2026-10-08T12:28:56.3536416Z   sparse-checkout-cone-mode: true
tp01-vibe-sync-simulations (research-drift)	Checkout repository	2026-10-08T12:28:56.3536927Z   fetch-depth: 1
tp01-vibe-sync-simulations (research-drift)	Checkout repository	2026-10-08T12:28:56.3537361Z   fetch-tags: false
tp01-vibe-sync-simulations (research-drift)	Checkout repository	2026-10-08T12:28:56.3537799Z   show-progress: true
tp01-vibe-sync-simulations (research-drift)	Checkout repository	2026-10-08T12:28:56.3538257Z   lfs: false
tp01-vibe-sync-simulations (research-drift)	Checkout repository	2026-10-08T12:28:56.3538664Z   submodules: false
tp01-vibe-sync-simulations (research-drift)	Checkout repository	2026-10-08T12:28:56.3539115Z   set-safe-directory: true
tp01-vibe-sync-simulations (research-drift)	Checkout repository	2026-10-08T12:28:56.3539624Z   allow-unsafe-pr-checkout: false
tp01-vibe-sync-simulations (research-drift)	Checkout repository	2026-10-08T12:28:56.3540417Z ##[endgroup]
tp01-vibe-sync-simulations (research-drift)	Checkout repository	2026-10-08T12:28:56.4611834Z Syncing repository: SumAlphaAI/QuantOS
tp01-vibe-sync-simulations (research-drift)	Checkout repository	2026-10-08T12:28:56.4615284Z ##[group]Getting Git version info
tp01-vibe-sync-simulations (research-drift)	Checkout repository	2026-10-08T12:28:56.4616576Z Working directory is '/home/runner/work/QuantOS/QuantOS'
tp01-vibe-sync-simulations (research-drift)	Checkout repository	2026-10-08T12:28:56.4618394Z [command]/usr/bin/git version
tp01-vibe-sync-simulations (research-drift)	Checkout repository	2026-10-08T12:28:56.4712685Z git version 2.55.0
tp01-vibe-sync-simulations (research-drift)	Checkout repository	2026-10-08T12:28:56.4736892Z ##[endgroup]
tp01-vibe-sync-simulations (research-drift)	Checkout repository	2026-10-08T12:28:56.4756026Z Temporarily overriding HOME='/home/runner/work/_temp/d4f368de-5073-4dc4-b589-15bd77af7737' before making global git config changes
tp01-vibe-sync-simulations (research-drift)	Checkout repository	2026-10-08T12:28:56.4758491Z Adding repository directory to the temporary git global config as a safe directory
tp01-vibe-sync-simulations (research-drift)	Checkout repository	2026-10-08T12:28:56.4763329Z [command]/usr/bin/git config --global --add safe.directory /home/runner/work/QuantOS/QuantOS
tp01-vibe-sync-simulations (research-drift)	Checkout repository	2026-10-08T12:28:56.4820871Z Deleting the contents of '/home/runner/work/QuantOS/QuantOS'
tp01-vibe-sync-simulations (research-drift)	Checkout repository	2026-10-08T12:28:56.4831852Z ##[group]Initializing the repository
tp01-vibe-sync-simulations (research-drift)	Checkout repository	2026-10-08T12:28:56.4833122Z [command]/usr/bin/git init /home/runner/work/QuantOS/QuantOS
tp01-vibe-sync-simulations (research-drift)	Checkout repository	2026-10-08T12:28:56.4931627Z hint: Using 'master' as the name for the initial branch. This default branch name
tp01-vibe-sync-simulations (research-drift)	Checkout repository	2026-10-08T12:28:56.4934290Z hint: will change to "main" in Git 3.0. To configure the initial branch name
tp01-vibe-sync-simulations (research-drift)	Checkout repository	2026-10-08T12:28:56.4936573Z hint: to use in all of your new repositories, which will suppress this warning,
tp01-vibe-sync-simulations (research-drift)	Checkout repository	2026-10-08T12:28:56.4937997Z hint: call:
tp01-vibe-sync-simulations (research-drift)	Checkout repository	2026-10-08T12:28:56.4938835Z hint:
tp01-vibe-sync-simulations (research-drift)	Checkout repository	2026-10-08T12:28:56.4940053Z hint: 	git config --global init.defaultBranch <name>
tp01-vibe-sync-simulations (research-drift)	Checkout repository	2026-10-08T12:28:56.4941293Z hint:
tp01-vibe-sync-simulations (research-drift)	Checkout repository	2026-10-08T12:28:56.4942392Z hint: Names commonly chosen instead of 'master' are 'main', 'trunk' and
tp01-vibe-sync-simulations (research-drift)	Checkout repository	2026-10-08T12:28:56.4944094Z hint: 'development'. The just-created branch can be renamed via this command:
tp01-vibe-sync-simulations (research-drift)	Checkout repository	2026-10-08T12:28:56.4945873Z hint:
tp01-vibe-sync-simulations (research-drift)	Checkout repository	2026-10-08T12:28:56.4947000Z hint: 	git branch -m <name>
tp01-vibe-sync-simulations (research-drift)	Checkout repository	2026-10-08T12:28:56.4947948Z hint:
tp01-vibe-sync-simulations (research-drift)	Checkout repository	2026-10-08T12:28:56.4949126Z hint: Disable this message with "git config set advice.defaultBranchName false"
tp01-vibe-sync-simulations (research-drift)	Checkout repository	2026-10-08T12:28:56.4950799Z Initialized empty Git repository in /home/runner/work/QuantOS/QuantOS/.git/
tp01-vibe-sync-simulations (research-drift)	Checkout repository	2026-10-08T12:28:56.4953810Z [command]/usr/bin/git remote add origin https://github.com/SumAlphaAI/QuantOS
tp01-vibe-sync-simulations (research-drift)	Checkout repository	2026-10-08T12:28:56.4998864Z ##[endgroup]
tp01-vibe-sync-simulations (research-drift)	Checkout repository	2026-10-08T12:28:56.5000299Z ##[group]Disabling automatic garbage collection
tp01-vibe-sync-simulations (research-drift)	Checkout repository	2026-10-08T12:28:56.5004095Z [command]/usr/bin/git config --local gc.auto 0
tp01-vibe-sync-simulations (research-drift)	Checkout repository	2026-10-08T12:28:56.5042763Z ##[endgroup]
tp01-vibe-sync-simulations (research-drift)	Checkout repository	2026-10-08T12:28:56.5044792Z ##[group]Setting up auth
tp01-vibe-sync-simulations (research-drift)	Checkout repository	2026-10-08T12:28:56.5065926Z [command]/usr/bin/git config --local --name-only --get-regexp core\.sshCommand
tp01-vibe-sync-simulations (research-drift)	Checkout repository	2026-10-08T12:28:56.5121898Z [command]/usr/bin/git submodule foreach --recursive sh -c "git config --local --name-only --get-regexp 'core\.sshCommand' && git config --local --unset-all 'core.sshCommand' || :"
tp01-vibe-sync-simulations (research-drift)	Checkout repository	2026-10-08T12:28:56.5610047Z [command]/usr/bin/git config --local --name-only --get-regexp http\.https\:\/\/github\.com\/\.extraheader
tp01-vibe-sync-simulations (research-drift)	Checkout repository	2026-10-08T12:28:56.5659820Z [command]/usr/bin/git submodule foreach --recursive sh -c "git config --local --name-only --get-regexp 'http\.https\:\/\/github\.com\/\.extraheader' && git config --local --unset-all 'http.https://github.com/.extraheader' || :"
tp01-vibe-sync-simulations (research-drift)	Checkout repository	2026-10-08T12:28:56.5928928Z [command]/usr/bin/git config --local --name-only --get-regexp ^includeIf\.gitdir:
tp01-vibe-sync-simulations (research-drift)	Checkout repository	2026-10-08T12:28:56.5969626Z [command]/usr/bin/git submodule foreach --recursive git config --local --show-origin --name-only --get-regexp remote.origin.url
tp01-vibe-sync-simulations (research-drift)	Checkout repository	2026-10-08T12:28:56.6211673Z [command]/usr/bin/git config --local http.https://github.com/.extraheader AUTHORIZATION: basic ***
tp01-vibe-sync-simulations (research-drift)	Checkout repository	2026-10-08T12:28:56.6258594Z ##[endgroup]
tp01-vibe-sync-simulations (research-drift)	Checkout repository	2026-10-08T12:28:56.6259559Z ##[group]Fetching the repository
tp01-vibe-sync-simulations (research-drift)	Checkout repository	2026-10-08T12:28:56.6269539Z [command]/usr/bin/git -c protocol.version=2 fetch --no-tags --prune --no-recurse-submodules --depth=1 origin +8408122e2bcd75bdb09ff44fd04ef5dedfa3ef2f:refs/remotes/origin/main
tp01-vibe-sync-simulations (research-drift)	Checkout repository	2026-10-08T12:29:00.5808025Z From https://github.com/SumAlphaAI/QuantOS
tp01-vibe-sync-simulations (research-drift)	Checkout repository	2026-10-08T12:29:00.5810105Z  * [new ref]         8408122e2bcd75bdb09ff44fd04ef5dedfa3ef2f -> origin/main
tp01-vibe-sync-simulations (research-drift)	Checkout repository	2026-10-08T12:29:00.5813810Z ##[endgroup]
tp01-vibe-sync-simulations (research-drift)	Checkout repository	2026-10-08T12:29:00.5815881Z ##[group]Determining the checkout info
tp01-vibe-sync-simulations (research-drift)	Checkout repository	2026-10-08T12:29:00.5817906Z ##[endgroup]
tp01-vibe-sync-simulations (research-drift)	Checkout repository	2026-10-08T12:29:00.5825192Z [command]/usr/bin/git sparse-checkout disable
tp01-vibe-sync-simulations (research-drift)	Checkout repository	2026-10-08T12:29:00.5891384Z [command]/usr/bin/git config --local --unset-all extensions.worktreeConfig
tp01-vibe-sync-simulations (research-drift)	Checkout repository	2026-10-08T12:29:00.5938187Z ##[group]Checking out the ref
tp01-vibe-sync-simulations (research-drift)	Checkout repository	2026-10-08T12:29:00.5944615Z [command]/usr/bin/git checkout --progress --force -B main refs/remotes/origin/main
tp01-vibe-sync-simulations (research-drift)	Checkout repository	2026-10-08T12:29:01.4876364Z Switched to a new branch 'main'
tp01-vibe-sync-simulations (research-drift)	Checkout repository	2026-10-08T12:29:01.4881843Z branch 'main' set up to track 'origin/main'.
tp01-vibe-sync-simulations (research-drift)	Checkout repository	2026-10-08T12:29:01.4967191Z ##[endgroup]
tp01-vibe-sync-simulations (research-drift)	Checkout repository	2026-10-08T12:29:01.5017618Z [command]/usr/bin/git log -1 --format=%H
tp01-vibe-sync-simulations (research-drift)	Checkout repository	2026-10-08T12:29:01.5047388Z 8408122e2bcd75bdb09ff44fd04ef5dedfa3ef2f
tp01-vibe-sync-simulations (research-drift)	Setup Node	﻿2026-10-08T12:29:01.5340388Z ##[group]Run actions/setup-node@v4
tp01-vibe-sync-simulations (research-drift)	Setup Node	2026-10-08T12:29:01.5340818Z with:
tp01-vibe-sync-simulations (research-drift)	Setup Node	2026-10-08T12:29:01.5341073Z   node-version: 24.12.0
tp01-vibe-sync-simulations (research-drift)	Setup Node	2026-10-08T12:29:01.5341351Z   always-auth: false
tp01-vibe-sync-simulations (research-drift)	Setup Node	2026-10-08T12:29:01.5341615Z   check-latest: false
tp01-vibe-sync-simulations (research-drift)	Setup Node	2026-10-08T12:29:01.5344424Z   token: ***
tp01-vibe-sync-simulations (research-drift)	Setup Node	2026-10-08T12:29:01.5345123Z ##[endgroup]
tp01-vibe-sync-simulations (research-drift)	Setup Node	2026-10-08T12:29:01.6944231Z Attempting to download 24.12.0...
tp01-vibe-sync-simulations (research-drift)	Setup Node	2026-10-08T12:29:01.7066079Z (node:2306) [DEP0040] DeprecationWarning: The `punycode` module is deprecated. Please use a userland alternative instead.
tp01-vibe-sync-simulations (research-drift)	Setup Node	2026-10-08T12:29:01.7068002Z (Use `node --trace-deprecation ...` to show where the warning was created)
tp01-vibe-sync-simulations (research-drift)	Setup Node	2026-10-08T12:29:02.4708482Z Acquiring 24.12.0 - x64 from https://github.com/actions/node-versions/releases/download/24.12.0-20140960970/node-24.12.0-linux-x64.tar.gz
tp01-vibe-sync-simulations (research-drift)	Setup Node	2026-10-08T12:29:02.9835081Z Extracting ...
tp01-vibe-sync-simulations (research-drift)	Setup Node	2026-10-08T12:29:02.9965149Z [command]/usr/bin/tar xz --strip 1 --warning=no-unknown-keyword --overwrite -C /home/runner/work/_temp/4734f4d3-8491-4ed3-9585-9fb49b1c85e1 -f /home/runner/work/_temp/560b67db-e93f-4b4b-b4a1-273046aa2625
tp01-vibe-sync-simulations (research-drift)	Setup Node	2026-10-08T12:29:04.2661182Z Adding to the cache ...
tp01-vibe-sync-simulations (research-drift)	Setup Node	2026-10-08T12:29:06.4657611Z ##[group]Environment details
tp01-vibe-sync-simulations (research-drift)	Setup Node	2026-10-08T12:29:06.8285926Z node: v24.12.0
tp01-vibe-sync-simulations (research-drift)	Setup Node	2026-10-08T12:29:06.8286410Z npm: 11.6.2
tp01-vibe-sync-simulations (research-drift)	Setup Node	2026-10-08T12:29:06.8286830Z yarn: 1.22.22
tp01-vibe-sync-simulations (research-drift)	Setup Node	2026-10-08T12:29:06.8287511Z ##[endgroup]
tp01-vibe-sync-simulations (research-drift)	Evaluate simulation scenario	﻿2026-10-08T12:29:06.8499856Z ##[group]Run node ./scripts/sync-vibe.mjs --baseline ./third_party/vibe-trading/baseline.lock.json --patch-queue ./forks/vibe-trading/patch-queue/queue.json --scenario ./scripts/fixtures/tp01-vibe-sync/research-drift.json --json-output ./artifacts/third_party/vibe-trading/sync-vibe/research-drift/summary.json --markdown-output ./artifacts/third_party/vibe-trading/sync-vibe/research-drift/summary.md --decision-dir ./artifacts/third_party/vibe-trading/sync-vibe/research-drift/decisions --issue-dir ./artifacts/third_party/vibe-trading/sync-vibe/research-drift/issues --verify-expected
tp01-vibe-sync-simulations (research-drift)	Evaluate simulation scenario	2026-10-08T12:29:06.8504084Z ^[[36;1mnode ./scripts/sync-vibe.mjs --baseline ./third_party/vibe-trading/baseline.lock.json --patch-queue ./forks/vibe-trading/patch-queue/queue.json --scenario ./scripts/fixtures/tp01-vibe-sync/research-drift.json --json-output ./artifacts/third_party/vibe-trading/sync-vibe/research-drift/summary.json --markdown-output ./artifacts/third_party/vibe-trading/sync-vibe/research-drift/summary.md --decision-dir ./artifacts/third_party/vibe-trading/sync-vibe/research-drift/decisions --issue-dir ./artifacts/third_party/vibe-trading/sync-vibe/research-drift/issues --verify-expected^[[0m
tp01-vibe-sync-simulations (research-drift)	Evaluate simulation scenario	2026-10-08T12:29:06.8762571Z shell: /usr/bin/bash -e {0}
tp01-vibe-sync-simulations (research-drift)	Evaluate simulation scenario	2026-10-08T12:29:06.8762976Z ##[endgroup]
tp01-vibe-sync-simulations (research-drift)	Evaluate simulation scenario	2026-10-08T12:29:06.9242906Z Wrote artifacts/third_party/vibe-trading/sync-vibe/research-drift/summary.json
tp01-vibe-sync-simulations (research-drift)	Evaluate simulation scenario	2026-10-08T12:29:06.9244045Z Wrote artifacts/third_party/vibe-trading/sync-vibe/research-drift/summary.md
tp01-vibe-sync-simulations (research-drift)	Evaluate simulation scenario	2026-10-08T12:29:06.9245149Z Generated 1 decision record(s).
tp01-vibe-sync-simulations (research-drift)	Evaluate simulation scenario	2026-10-08T12:29:06.9245766Z Sync gate: CLEAR; blocked candidates: 0; sync approved: false.
tp01-vibe-sync-simulations (research-drift)	Upload simulation artifacts	﻿2026-10-08T12:29:06.9347285Z ##[group]Run actions/upload-artifact@v4
tp01-vibe-sync-simulations (research-drift)	Upload simulation artifacts	2026-10-08T12:29:06.9347623Z with:
tp01-vibe-sync-simulations (research-drift)	Upload simulation artifacts	2026-10-08T12:29:06.9347849Z   name: tp01-vibe-sync-research-drift
tp01-vibe-sync-simulations (research-drift)	Upload simulation artifacts	2026-10-08T12:29:06.9348238Z   path: artifacts/third_party/vibe-trading/sync-vibe/research-drift/
tp01-vibe-sync-simulations (research-drift)	Upload simulation artifacts	2026-10-08T12:29:06.9348648Z   if-no-files-found: error
tp01-vibe-sync-simulations (research-drift)	Upload simulation artifacts	2026-10-08T12:29:06.9348921Z   compression-level: 6
tp01-vibe-sync-simulations (research-drift)	Upload simulation artifacts	2026-10-08T12:29:06.9349153Z   overwrite: false
tp01-vibe-sync-simulations (research-drift)	Upload simulation artifacts	2026-10-08T12:29:06.9349372Z   include-hidden-files: false
tp01-vibe-sync-simulations (research-drift)	Upload simulation artifacts	2026-10-08T12:29:06.9349612Z ##[endgroup]
tp01-vibe-sync-simulations (research-drift)	Upload simulation artifacts	2026-10-08T12:29:07.1112671Z (node:2353) [DEP0040] DeprecationWarning: The `punycode` module is deprecated. Please use a userland alternative instead.
tp01-vibe-sync-simulations (research-drift)	Upload simulation artifacts	2026-10-08T12:29:07.1113681Z (Use `node --trace-deprecation ...` to show where the warning was created)
tp01-vibe-sync-simulations (research-drift)	Upload simulation artifacts	2026-10-08T12:29:07.1191531Z With the provided path, there will be 4 files uploaded
tp01-vibe-sync-simulations (research-drift)	Upload simulation artifacts	2026-10-08T12:29:07.1198800Z Artifact name is valid!
tp01-vibe-sync-simulations (research-drift)	Upload simulation artifacts	2026-10-08T12:29:07.1200009Z Root directory input is valid!
tp01-vibe-sync-simulations (research-drift)	Upload simulation artifacts	2026-10-08T12:29:07.4133788Z Beginning upload of artifact content to blob storage
tp01-vibe-sync-simulations (research-drift)	Upload simulation artifacts	2026-10-08T12:29:07.4388379Z (node:2353) [DEP0169] DeprecationWarning: `url.parse()` behavior is not standardized and prone to errors that have security implications. Use the WHATWG URL API instead. CVEs are not issued for `url.parse()` vulnerabilities.
tp01-vibe-sync-simulations (research-drift)	Upload simulation artifacts	2026-10-08T12:29:07.5911210Z Uploaded bytes 3057
tp01-vibe-sync-simulations (research-drift)	Upload simulation artifacts	2026-10-08T12:29:07.6386973Z Finished uploading artifact content to blob storage!
tp01-vibe-sync-simulations (research-drift)	Upload simulation artifacts	2026-10-08T12:29:07.6388220Z SHA256 digest of uploaded artifact zip is fd7ae0824f621fc309d825d43c08ebef8d47e601b5ad3adef6f3ca063302330e
tp01-vibe-sync-simulations (research-drift)	Upload simulation artifacts	2026-10-08T12:29:07.6389554Z Finalizing artifact upload
tp01-vibe-sync-simulations (research-drift)	Upload simulation artifacts	2026-10-08T12:29:07.8658632Z Artifact tp01-vibe-sync-research-drift.zip successfully finalized. Artifact ID 11550301707
tp01-vibe-sync-simulations (research-drift)	Upload simulation artifacts	2026-10-08T12:29:07.8660597Z Artifact tp01-vibe-sync-research-drift has been successfully uploaded! Final size is 3057 bytes. Artifact ID is 11550301707
tp01-vibe-sync-simulations (research-drift)	Upload simulation artifacts	2026-10-08T12:29:07.8666442Z Artifact download URL: https://github.com/SumAlphaAI/QuantOS/actions/runs/37777148460/artifacts/11550301707
tp01-vibe-sync-simulations (research-drift)	Post Setup Node	﻿2026-10-08T12:29:07.9030553Z Post job cleanup.
tp01-vibe-sync-simulations (research-drift)	Post Setup Node	2026-10-08T12:29:08.0321791Z (node:2365) [DEP0040] DeprecationWarning: The `punycode` module is deprecated. Please use a userland alternative instead.
tp01-vibe-sync-simulations (research-drift)	Post Setup Node	2026-10-08T12:29:08.0323302Z (Use `node --trace-deprecation ...` to show where the warning was created)
tp01-vibe-sync-simulations (research-drift)	Post Checkout repository	﻿2026-10-08T12:29:08.0919648Z Post job cleanup.
tp01-vibe-sync-simulations (research-drift)	Post Checkout repository	2026-10-08T12:29:08.1909401Z [command]/usr/bin/git version
tp01-vibe-sync-simulations (research-drift)	Post Checkout repository	2026-10-08T12:29:08.1953975Z git version 2.55.0
tp01-vibe-sync-simulations (research-drift)	Post Checkout repository	2026-10-08T12:29:08.2004011Z Temporarily overriding HOME='/home/runner/work/_temp/d7f2d615-be28-4a76-bc53-60f42d3ca6da' before making global git config changes
tp01-vibe-sync-simulations (research-drift)	Post Checkout repository	2026-10-08T12:29:08.2006252Z Adding repository directory to the temporary git global config as a safe directory
tp01-vibe-sync-simulations (research-drift)	Post Checkout repository	2026-10-08T12:29:08.2016558Z [command]/usr/bin/git config --global --add safe.directory /home/runner/work/QuantOS/QuantOS
tp01-vibe-sync-simulations (research-drift)	Post Checkout repository	2026-10-08T12:29:08.2070307Z [command]/usr/bin/git config --local --name-only --get-regexp core\.sshCommand
tp01-vibe-sync-simulations (research-drift)	Post Checkout repository	2026-10-08T12:29:08.2131403Z [command]/usr/bin/git submodule foreach --recursive sh -c "git config --local --name-only --get-regexp 'core\.sshCommand' && git config --local --unset-all 'core.sshCommand' || :"
tp01-vibe-sync-simulations (research-drift)	Post Checkout repository	2026-10-08T12:29:08.2931385Z [command]/usr/bin/git config --local --name-only --get-regexp http\.https\:\/\/github\.com\/\.extraheader
tp01-vibe-sync-simulations (research-drift)	Post Checkout repository	2026-10-08T12:29:08.4489558Z http.https://github.com/.extraheader
tp01-vibe-sync-simulations (research-drift)	Post Checkout repository	2026-10-08T12:29:08.4504747Z [command]/usr/bin/git config --local --unset-all http.https://github.com/.extraheader
tp01-vibe-sync-simulations (research-drift)	Post Checkout repository	2026-10-08T12:29:08.5459033Z [command]/usr/bin/git submodule foreach --recursive sh -c "git config --local --name-only --get-regexp 'http\.https\:\/\/github\.com\/\.extraheader' && git config --local --unset-all 'http.https://github.com/.extraheader' || :"
tp01-vibe-sync-simulations (research-drift)	Post Checkout repository	2026-10-08T12:29:08.5721530Z [command]/usr/bin/git config --local --name-only --get-regexp ^includeIf\.gitdir:
tp01-vibe-sync-simulations (research-drift)	Post Checkout repository	2026-10-08T12:29:08.5762384Z [command]/usr/bin/git submodule foreach --recursive git config --local --show-origin --name-only --get-regexp remote.origin.url
tp01-vibe-sync-simulations (research-drift)	Complete job	﻿2026-10-08T12:29:08.6166023Z Cleaning up orphan processes
tp01-vibe-sync-simulations (research-drift)	Complete job	2026-10-08T12:29:08.6501221Z ##[warning]Node.js 20 is deprecated. The following actions target Node.js 20 but are being forced to run on Node.js 24: actions/checkout@v4, actions/setup-node@v4, actions/upload-artifact@v4. For more information see: https://github.blog/changelog/2025-09-19-deprecation-of-node-20-on-github-actions-runners/
tp01-vibe-sync-simulations (patch-conflict)	Set up job	﻿2026-10-08T12:28:55.2187490Z Current runner version: '2.337.0'
tp01-vibe-sync-simulations (patch-conflict)	Set up job	2026-10-08T12:28:55.2219839Z ##[group]Runner Image Provisioner
tp01-vibe-sync-simulations (patch-conflict)	Set up job	2026-10-08T12:28:55.2220795Z Hosted Compute Agent
tp01-vibe-sync-simulations (patch-conflict)	Set up job	2026-10-08T12:28:55.2221526Z Version: 20260901.588
tp01-vibe-sync-simulations (patch-conflict)	Set up job	2026-10-08T12:28:55.2222221Z Commit: f88ec8081b781fac6c440065ac7ff9e710ce3d0b
tp01-vibe-sync-simulations (patch-conflict)	Set up job	2026-10-08T12:28:55.2223027Z Build Date: 2026-09-01T19:56:44Z
tp01-vibe-sync-simulations (patch-conflict)	Set up job	2026-10-08T12:28:55.2224069Z Worker ID: {0c0cb4ce-6310-407b-9d53-a3515efa9147}
tp01-vibe-sync-simulations (patch-conflict)	Set up job	2026-10-08T12:28:55.2224948Z Azure Region: northcentralus
tp01-vibe-sync-simulations (patch-conflict)	Set up job	2026-10-08T12:28:55.2225647Z ##[endgroup]
tp01-vibe-sync-simulations (patch-conflict)	Set up job	2026-10-08T12:28:55.2227651Z ##[group]Operating System
tp01-vibe-sync-simulations (patch-conflict)	Set up job	2026-10-08T12:28:55.2228323Z Ubuntu
tp01-vibe-sync-simulations (patch-conflict)	Set up job	2026-10-08T12:28:55.2228983Z 24.04.5
tp01-vibe-sync-simulations (patch-conflict)	Set up job	2026-10-08T12:28:55.2229534Z LTS
tp01-vibe-sync-simulations (patch-conflict)	Set up job	2026-10-08T12:28:55.2230120Z ##[endgroup]
tp01-vibe-sync-simulations (patch-conflict)	Set up job	2026-10-08T12:28:55.2230729Z ##[group]Runner Image
tp01-vibe-sync-simulations (patch-conflict)	Set up job	2026-10-08T12:28:55.2231414Z Image: ubuntu-24.04
tp01-vibe-sync-simulations (patch-conflict)	Set up job	2026-10-08T12:28:55.2232069Z Version: 20260927.320.1
tp01-vibe-sync-simulations (patch-conflict)	Set up job	2026-10-08T12:28:55.2233201Z Included Software: https://github.com/actions/runner-images/blob/ubuntu24/20260927.320/images/ubuntu/Ubuntu2404-Readme.md
tp01-vibe-sync-simulations (patch-conflict)	Set up job	2026-10-08T12:28:55.2235294Z Image Release: https://github.com/actions/runner-images/releases/tag/ubuntu24%2F20260927.320
tp01-vibe-sync-simulations (patch-conflict)	Set up job	2026-10-08T12:28:55.2236286Z ##[endgroup]
tp01-vibe-sync-simulations (patch-conflict)	Set up job	2026-10-08T12:28:55.2237528Z ##[group]GITHUB_TOKEN Permissions
tp01-vibe-sync-simulations (patch-conflict)	Set up job	2026-10-08T12:28:55.2239965Z Contents: read
tp01-vibe-sync-simulations (patch-conflict)	Set up job	2026-10-08T12:28:55.2240714Z Metadata: read
tp01-vibe-sync-simulations (patch-conflict)	Set up job	2026-10-08T12:28:55.2241365Z ##[endgroup]
tp01-vibe-sync-simulations (patch-conflict)	Set up job	2026-10-08T12:28:55.2243798Z Secret source: Actions
tp01-vibe-sync-simulations (patch-conflict)	Set up job	2026-10-08T12:28:55.2244984Z Cache mode: write
tp01-vibe-sync-simulations (patch-conflict)	Set up job	2026-10-08T12:28:55.2246175Z Prepare workflow directory
tp01-vibe-sync-simulations (patch-conflict)	Set up job	2026-10-08T12:28:55.2629094Z Prepare all required actions
tp01-vibe-sync-simulations (patch-conflict)	Set up job	2026-10-08T12:28:55.2700772Z Getting action download info
tp01-vibe-sync-simulations (patch-conflict)	Set up job	2026-10-08T12:28:55.5269042Z Download action repository 'actions/checkout@v4' (SHA:11d5960a326750d5838078e36cf38b85af677262)
tp01-vibe-sync-simulations (patch-conflict)	Set up job	2026-10-08T12:28:55.6386382Z Download action repository 'actions/setup-node@v4' (SHA:49933ea5288caeca8642d1e84afbd3f7d6820020)
tp01-vibe-sync-simulations (patch-conflict)	Set up job	2026-10-08T12:28:55.7880247Z Download action repository 'actions/upload-artifact@v4' (SHA:ea165f8d65b6e75b540449e92b4886f43607fa02)
tp01-vibe-sync-simulations (patch-conflict)	Set up job	2026-10-08T12:28:56.0141862Z Complete job name: tp01-vibe-sync-simulations (patch-conflict)
tp01-vibe-sync-simulations (patch-conflict)	Checkout repository	﻿2026-10-08T12:28:56.0942933Z ##[group]Run actions/checkout@v4
tp01-vibe-sync-simulations (patch-conflict)	Checkout repository	2026-10-08T12:28:56.0943801Z with:
tp01-vibe-sync-simulations (patch-conflict)	Checkout repository	2026-10-08T12:28:56.0944509Z   repository: SumAlphaAI/QuantOS
tp01-vibe-sync-simulations (patch-conflict)	Checkout repository	2026-10-08T12:28:56.0950541Z   token: ***
tp01-vibe-sync-simulations (patch-conflict)	Checkout repository	2026-10-08T12:28:56.0951140Z   ssh-strict: true
tp01-vibe-sync-simulations (patch-conflict)	Checkout repository	2026-10-08T12:28:56.0951635Z   ssh-user: git
tp01-vibe-sync-simulations (patch-conflict)	Checkout repository	2026-10-08T12:28:56.0952085Z   persist-credentials: true
tp01-vibe-sync-simulations (patch-conflict)	Checkout repository	2026-10-08T12:28:56.0952581Z   clean: true
tp01-vibe-sync-simulations (patch-conflict)	Checkout repository	2026-10-08T12:28:56.0953041Z   sparse-checkout-cone-mode: true
tp01-vibe-sync-simulations (patch-conflict)	Checkout repository	2026-10-08T12:28:56.0953582Z   fetch-depth: 1
tp01-vibe-sync-simulations (patch-conflict)	Checkout repository	2026-10-08T12:28:56.0954165Z   fetch-tags: false
tp01-vibe-sync-simulations (patch-conflict)	Checkout repository	2026-10-08T12:28:56.0954621Z   show-progress: true
tp01-vibe-sync-simulations (patch-conflict)	Checkout repository	2026-10-08T12:28:56.0955074Z   lfs: false
tp01-vibe-sync-simulations (patch-conflict)	Checkout repository	2026-10-08T12:28:56.0955497Z   submodules: false
tp01-vibe-sync-simulations (patch-conflict)	Checkout repository	2026-10-08T12:28:56.0955953Z   set-safe-directory: true
tp01-vibe-sync-simulations (patch-conflict)	Checkout repository	2026-10-08T12:28:56.0956457Z   allow-unsafe-pr-checkout: false
tp01-vibe-sync-simulations (patch-conflict)	Checkout repository	2026-10-08T12:28:56.0957410Z ##[endgroup]
tp01-vibe-sync-simulations (patch-conflict)	Checkout repository	2026-10-08T12:28:56.2094311Z Syncing repository: SumAlphaAI/QuantOS
tp01-vibe-sync-simulations (patch-conflict)	Checkout repository	2026-10-08T12:28:56.2097148Z ##[group]Getting Git version info
tp01-vibe-sync-simulations (patch-conflict)	Checkout repository	2026-10-08T12:28:56.2097904Z Working directory is '/home/runner/work/QuantOS/QuantOS'
tp01-vibe-sync-simulations (patch-conflict)	Checkout repository	2026-10-08T12:28:56.2098985Z [command]/usr/bin/git version
tp01-vibe-sync-simulations (patch-conflict)	Checkout repository	2026-10-08T12:28:56.2157718Z git version 2.55.0
tp01-vibe-sync-simulations (patch-conflict)	Checkout repository	2026-10-08T12:28:56.2187296Z ##[endgroup]
tp01-vibe-sync-simulations (patch-conflict)	Checkout repository	2026-10-08T12:28:56.2199118Z Temporarily overriding HOME='/home/runner/work/_temp/ff3c216f-ab68-4d25-86da-9529c78bed19' before making global git config changes
tp01-vibe-sync-simulations (patch-conflict)	Checkout repository	2026-10-08T12:28:56.2201783Z Adding repository directory to the temporary git global config as a safe directory
tp01-vibe-sync-simulations (patch-conflict)	Checkout repository	2026-10-08T12:28:56.2207615Z [command]/usr/bin/git config --global --add safe.directory /home/runner/work/QuantOS/QuantOS
tp01-vibe-sync-simulations (patch-conflict)	Checkout repository	2026-10-08T12:28:56.2275707Z Deleting the contents of '/home/runner/work/QuantOS/QuantOS'
tp01-vibe-sync-simulations (patch-conflict)	Checkout repository	2026-10-08T12:28:56.2277598Z ##[group]Initializing the repository
tp01-vibe-sync-simulations (patch-conflict)	Checkout repository	2026-10-08T12:28:56.2288167Z [command]/usr/bin/git init /home/runner/work/QuantOS/QuantOS
tp01-vibe-sync-simulations (patch-conflict)	Checkout repository	2026-10-08T12:28:56.2382545Z hint: Using 'master' as the name for the initial branch. This default branch name
tp01-vibe-sync-simulations (patch-conflict)	Checkout repository	2026-10-08T12:28:56.2396241Z hint: will change to "main" in Git 3.0. To configure the initial branch name
tp01-vibe-sync-simulations (patch-conflict)	Checkout repository	2026-10-08T12:28:56.2398214Z hint: to use in all of your new repositories, which will suppress this warning,
tp01-vibe-sync-simulations (patch-conflict)	Checkout repository	2026-10-08T12:28:56.2399745Z hint: call:
tp01-vibe-sync-simulations (patch-conflict)	Checkout repository	2026-10-08T12:28:56.2400542Z hint:
tp01-vibe-sync-simulations (patch-conflict)	Checkout repository	2026-10-08T12:28:56.2401443Z hint: 	git config --global init.defaultBranch <name>
tp01-vibe-sync-simulations (patch-conflict)	Checkout repository	2026-10-08T12:28:56.2402509Z hint:
tp01-vibe-sync-simulations (patch-conflict)	Checkout repository	2026-10-08T12:28:56.2403510Z hint: Names commonly chosen instead of 'master' are 'main', 'trunk' and
tp01-vibe-sync-simulations (patch-conflict)	Checkout repository	2026-10-08T12:28:56.2405262Z hint: 'development'. The just-created branch can be renamed via this command:
tp01-vibe-sync-simulations (patch-conflict)	Checkout repository	2026-10-08T12:28:56.2406591Z hint:
tp01-vibe-sync-simulations (patch-conflict)	Checkout repository	2026-10-08T12:28:56.2410012Z hint: 	git branch -m <name>
tp01-vibe-sync-simulations (patch-conflict)	Checkout repository	2026-10-08T12:28:56.2410801Z hint:
tp01-vibe-sync-simulations (patch-conflict)	Checkout repository	2026-10-08T12:28:56.2411904Z hint: Disable this message with "git config set advice.defaultBranchName false"
tp01-vibe-sync-simulations (patch-conflict)	Checkout repository	2026-10-08T12:28:56.2413791Z Initialized empty Git repository in /home/runner/work/QuantOS/QuantOS/.git/
tp01-vibe-sync-simulations (patch-conflict)	Checkout repository	2026-10-08T12:28:56.2417569Z [command]/usr/bin/git remote add origin https://github.com/SumAlphaAI/QuantOS
tp01-vibe-sync-simulations (patch-conflict)	Checkout repository	2026-10-08T12:28:56.2462946Z ##[endgroup]
tp01-vibe-sync-simulations (patch-conflict)	Checkout repository	2026-10-08T12:28:56.2464593Z ##[group]Disabling automatic garbage collection
tp01-vibe-sync-simulations (patch-conflict)	Checkout repository	2026-10-08T12:28:56.2465810Z [command]/usr/bin/git config --local gc.auto 0
tp01-vibe-sync-simulations (patch-conflict)	Checkout repository	2026-10-08T12:28:56.2501027Z ##[endgroup]
tp01-vibe-sync-simulations (patch-conflict)	Checkout repository	2026-10-08T12:28:56.2502416Z ##[group]Setting up auth
tp01-vibe-sync-simulations (patch-conflict)	Checkout repository	2026-10-08T12:28:56.2511171Z [command]/usr/bin/git config --local --name-only --get-regexp core\.sshCommand
tp01-vibe-sync-simulations (patch-conflict)	Checkout repository	2026-10-08T12:28:56.2552581Z [command]/usr/bin/git submodule foreach --recursive sh -c "git config --local --name-only --get-regexp 'core\.sshCommand' && git config --local --unset-all 'core.sshCommand' || :"
tp01-vibe-sync-simulations (patch-conflict)	Checkout repository	2026-10-08T12:28:56.2916426Z [command]/usr/bin/git config --local --name-only --get-regexp http\.https\:\/\/github\.com\/\.extraheader
tp01-vibe-sync-simulations (patch-conflict)	Checkout repository	2026-10-08T12:28:56.2960006Z [command]/usr/bin/git submodule foreach --recursive sh -c "git config --local --name-only --get-regexp 'http\.https\:\/\/github\.com\/\.extraheader' && git config --local --unset-all 'http.https://github.com/.extraheader' || :"
tp01-vibe-sync-simulations (patch-conflict)	Checkout repository	2026-10-08T12:28:56.3264548Z [command]/usr/bin/git config --local --name-only --get-regexp ^includeIf\.gitdir:
tp01-vibe-sync-simulations (patch-conflict)	Checkout repository	2026-10-08T12:28:56.3312017Z [command]/usr/bin/git submodule foreach --recursive git config --local --show-origin --name-only --get-regexp remote.origin.url
tp01-vibe-sync-simulations (patch-conflict)	Checkout repository	2026-10-08T12:28:56.3574554Z [command]/usr/bin/git config --local http.https://github.com/.extraheader AUTHORIZATION: basic ***
tp01-vibe-sync-simulations (patch-conflict)	Checkout repository	2026-10-08T12:28:56.3625569Z ##[endgroup]
tp01-vibe-sync-simulations (patch-conflict)	Checkout repository	2026-10-08T12:28:56.3626939Z ##[group]Fetching the repository
tp01-vibe-sync-simulations (patch-conflict)	Checkout repository	2026-10-08T12:28:56.3637804Z [command]/usr/bin/git -c protocol.version=2 fetch --no-tags --prune --no-recurse-submodules --depth=1 origin +8408122e2bcd75bdb09ff44fd04ef5dedfa3ef2f:refs/remotes/origin/main
tp01-vibe-sync-simulations (patch-conflict)	Checkout repository	2026-10-08T12:28:59.6827166Z From https://github.com/SumAlphaAI/QuantOS
tp01-vibe-sync-simulations (patch-conflict)	Checkout repository	2026-10-08T12:28:59.6829042Z  * [new ref]         8408122e2bcd75bdb09ff44fd04ef5dedfa3ef2f -> origin/main
tp01-vibe-sync-simulations (patch-conflict)	Checkout repository	2026-10-08T12:28:59.6833011Z ##[endgroup]
tp01-vibe-sync-simulations (patch-conflict)	Checkout repository	2026-10-08T12:28:59.6834814Z ##[group]Determining the checkout info
tp01-vibe-sync-simulations (patch-conflict)	Checkout repository	2026-10-08T12:28:59.6836956Z ##[endgroup]
tp01-vibe-sync-simulations (patch-conflict)	Checkout repository	2026-10-08T12:28:59.6841117Z [command]/usr/bin/git sparse-checkout disable
tp01-vibe-sync-simulations (patch-conflict)	Checkout repository	2026-10-08T12:28:59.6899861Z [command]/usr/bin/git config --local --unset-all extensions.worktreeConfig
tp01-vibe-sync-simulations (patch-conflict)	Checkout repository	2026-10-08T12:28:59.6941642Z ##[group]Checking out the ref
tp01-vibe-sync-simulations (patch-conflict)	Checkout repository	2026-10-08T12:28:59.6949629Z [command]/usr/bin/git checkout --progress --force -B main refs/remotes/origin/main
tp01-vibe-sync-simulations (patch-conflict)	Checkout repository	2026-10-08T12:29:00.5989827Z Switched to a new branch 'main'
tp01-vibe-sync-simulations (patch-conflict)	Checkout repository	2026-10-08T12:29:00.5992851Z branch 'main' set up to track 'origin/main'.
tp01-vibe-sync-simulations (patch-conflict)	Checkout repository	2026-10-08T12:29:00.6052037Z ##[endgroup]
tp01-vibe-sync-simulations (patch-conflict)	Checkout repository	2026-10-08T12:29:00.6104037Z [command]/usr/bin/git log -1 --format=%H
tp01-vibe-sync-simulations (patch-conflict)	Checkout repository	2026-10-08T12:29:00.6136739Z 8408122e2bcd75bdb09ff44fd04ef5dedfa3ef2f
tp01-vibe-sync-simulations (patch-conflict)	Setup Node	﻿2026-10-08T12:29:00.6446810Z ##[group]Run actions/setup-node@v4
tp01-vibe-sync-simulations (patch-conflict)	Setup Node	2026-10-08T12:29:00.6447440Z with:
tp01-vibe-sync-simulations (patch-conflict)	Setup Node	2026-10-08T12:29:00.6447877Z   node-version: 24.12.0
tp01-vibe-sync-simulations (patch-conflict)	Setup Node	2026-10-08T12:29:00.6448351Z   always-auth: false
tp01-vibe-sync-simulations (patch-conflict)	Setup Node	2026-10-08T12:29:00.6448812Z   check-latest: false
tp01-vibe-sync-simulations (patch-conflict)	Setup Node	2026-10-08T12:29:00.6452326Z   token: ***
tp01-vibe-sync-simulations (patch-conflict)	Setup Node	2026-10-08T12:29:00.6452762Z ##[endgroup]
tp01-vibe-sync-simulations (patch-conflict)	Setup Node	2026-10-08T12:29:00.7908851Z Attempting to download 24.12.0...
tp01-vibe-sync-simulations (patch-conflict)	Setup Node	2026-10-08T12:29:00.8027764Z (node:2292) [DEP0040] DeprecationWarning: The `punycode` module is deprecated. Please use a userland alternative instead.
tp01-vibe-sync-simulations (patch-conflict)	Setup Node	2026-10-08T12:29:00.8029541Z (Use `node --trace-deprecation ...` to show where the warning was created)
tp01-vibe-sync-simulations (patch-conflict)	Setup Node	2026-10-08T12:29:01.4839223Z Acquiring 24.12.0 - x64 from https://github.com/actions/node-versions/releases/download/24.12.0-20140960970/node-24.12.0-linux-x64.tar.gz
tp01-vibe-sync-simulations (patch-conflict)	Setup Node	2026-10-08T12:29:01.9812207Z Extracting ...
tp01-vibe-sync-simulations (patch-conflict)	Setup Node	2026-10-08T12:29:01.9925638Z [command]/usr/bin/tar xz --strip 1 --warning=no-unknown-keyword --overwrite -C /home/runner/work/_temp/13eb722b-bb56-4439-b442-4c9cbbf1599b -f /home/runner/work/_temp/acaa9e46-61f9-40fb-bcca-54295deef311
tp01-vibe-sync-simulations (patch-conflict)	Setup Node	2026-10-08T12:29:03.3145488Z Adding to the cache ...
tp01-vibe-sync-simulations (patch-conflict)	Setup Node	2026-10-08T12:29:06.1659355Z ##[group]Environment details
tp01-vibe-sync-simulations (patch-conflict)	Setup Node	2026-10-08T12:29:06.4043491Z node: v24.12.0
tp01-vibe-sync-simulations (patch-conflict)	Setup Node	2026-10-08T12:29:06.4044442Z npm: 11.6.2
tp01-vibe-sync-simulations (patch-conflict)	Setup Node	2026-10-08T12:29:06.4044753Z yarn: 1.22.22
tp01-vibe-sync-simulations (patch-conflict)	Setup Node	2026-10-08T12:29:06.4045515Z ##[endgroup]
tp01-vibe-sync-simulations (patch-conflict)	Evaluate simulation scenario	﻿2026-10-08T12:29:06.4256657Z ##[group]Run node ./scripts/sync-vibe.mjs --baseline ./third_party/vibe-trading/baseline.lock.json --patch-queue ./forks/vibe-trading/patch-queue/queue.json --scenario ./scripts/fixtures/tp01-vibe-sync/patch-conflict.json --json-output ./artifacts/third_party/vibe-trading/sync-vibe/patch-conflict/summary.json --markdown-output ./artifacts/third_party/vibe-trading/sync-vibe/patch-conflict/summary.md --decision-dir ./artifacts/third_party/vibe-trading/sync-vibe/patch-conflict/decisions --issue-dir ./artifacts/third_party/vibe-trading/sync-vibe/patch-conflict/issues --verify-expected
tp01-vibe-sync-simulations (patch-conflict)	Evaluate simulation scenario	2026-10-08T12:29:06.4260737Z ^[[36;1mnode ./scripts/sync-vibe.mjs --baseline ./third_party/vibe-trading/baseline.lock.json --patch-queue ./forks/vibe-trading/patch-queue/queue.json --scenario ./scripts/fixtures/tp01-vibe-sync/patch-conflict.json --json-output ./artifacts/third_party/vibe-trading/sync-vibe/patch-conflict/summary.json --markdown-output ./artifacts/third_party/vibe-trading/sync-vibe/patch-conflict/summary.md --decision-dir ./artifacts/third_party/vibe-trading/sync-vibe/patch-conflict/decisions --issue-dir ./artifacts/third_party/vibe-trading/sync-vibe/patch-conflict/issues --verify-expected^[[0m
tp01-vibe-sync-simulations (patch-conflict)	Evaluate simulation scenario	2026-10-08T12:29:06.4508033Z shell: /usr/bin/bash -e {0}
tp01-vibe-sync-simulations (patch-conflict)	Evaluate simulation scenario	2026-10-08T12:29:06.4508417Z ##[endgroup]
tp01-vibe-sync-simulations (patch-conflict)	Evaluate simulation scenario	2026-10-08T12:29:06.5017713Z Wrote artifacts/third_party/vibe-trading/sync-vibe/patch-conflict/summary.json
tp01-vibe-sync-simulations (patch-conflict)	Evaluate simulation scenario	2026-10-08T12:29:06.5019051Z Wrote artifacts/third_party/vibe-trading/sync-vibe/patch-conflict/summary.md
tp01-vibe-sync-simulations (patch-conflict)	Evaluate simulation scenario	2026-10-08T12:29:06.5019759Z Generated 1 decision record(s).
tp01-vibe-sync-simulations (patch-conflict)	Evaluate simulation scenario	2026-10-08T12:29:06.5020230Z Sync gate: BLOCKED; blocked candidates: 1; sync approved: false.
tp01-vibe-sync-simulations (patch-conflict)	Upload simulation artifacts	﻿2026-10-08T12:29:06.5121306Z ##[group]Run actions/upload-artifact@v4
tp01-vibe-sync-simulations (patch-conflict)	Upload simulation artifacts	2026-10-08T12:29:06.5121637Z with:
tp01-vibe-sync-simulations (patch-conflict)	Upload simulation artifacts	2026-10-08T12:29:06.5121870Z   name: tp01-vibe-sync-patch-conflict
tp01-vibe-sync-simulations (patch-conflict)	Upload simulation artifacts	2026-10-08T12:29:06.5122243Z   path: artifacts/third_party/vibe-trading/sync-vibe/patch-conflict/
tp01-vibe-sync-simulations (patch-conflict)	Upload simulation artifacts	2026-10-08T12:29:06.5122634Z   if-no-files-found: error
tp01-vibe-sync-simulations (patch-conflict)	Upload simulation artifacts	2026-10-08T12:29:06.5122906Z   compression-level: 6
tp01-vibe-sync-simulations (patch-conflict)	Upload simulation artifacts	2026-10-08T12:29:06.5123134Z   overwrite: false
tp01-vibe-sync-simulations (patch-conflict)	Upload simulation artifacts	2026-10-08T12:29:06.5123361Z   include-hidden-files: false
tp01-vibe-sync-simulations (patch-conflict)	Upload simulation artifacts	2026-10-08T12:29:06.5123611Z ##[endgroup]
tp01-vibe-sync-simulations (patch-conflict)	Upload simulation artifacts	2026-10-08T12:29:06.6826567Z (node:2337) [DEP0040] DeprecationWarning: The `punycode` module is deprecated. Please use a userland alternative instead.
tp01-vibe-sync-simulations (patch-conflict)	Upload simulation artifacts	2026-10-08T12:29:06.6827515Z (Use `node --trace-deprecation ...` to show where the warning was created)
tp01-vibe-sync-simulations (patch-conflict)	Upload simulation artifacts	2026-10-08T12:29:06.6908790Z With the provided path, there will be 4 files uploaded
tp01-vibe-sync-simulations (patch-conflict)	Upload simulation artifacts	2026-10-08T12:29:06.6925361Z Artifact name is valid!
tp01-vibe-sync-simulations (patch-conflict)	Upload simulation artifacts	2026-10-08T12:29:06.6945072Z Root directory input is valid!
tp01-vibe-sync-simulations (patch-conflict)	Upload simulation artifacts	2026-10-08T12:29:06.9340328Z Beginning upload of artifact content to blob storage
tp01-vibe-sync-simulations (patch-conflict)	Upload simulation artifacts	2026-10-08T12:29:06.9569384Z (node:2337) [DEP0169] DeprecationWarning: `url.parse()` behavior is not standardized and prone to errors that have security implications. Use the WHATWG URL API instead. CVEs are not issued for `url.parse()` vulnerabilities.
tp01-vibe-sync-simulations (patch-conflict)	Upload simulation artifacts	2026-10-08T12:29:07.0541432Z Uploaded bytes 3402
tp01-vibe-sync-simulations (patch-conflict)	Upload simulation artifacts	2026-10-08T12:29:07.0874501Z Finished uploading artifact content to blob storage!
tp01-vibe-sync-simulations (patch-conflict)	Upload simulation artifacts	2026-10-08T12:29:07.0875937Z SHA256 digest of uploaded artifact zip is 267c5833d8f19f950c18ca4a96687050c95f5243cb0094085035a481269c58d7
tp01-vibe-sync-simulations (patch-conflict)	Upload simulation artifacts	2026-10-08T12:29:07.0876875Z Finalizing artifact upload
tp01-vibe-sync-simulations (patch-conflict)	Upload simulation artifacts	2026-10-08T12:29:07.3182376Z Artifact tp01-vibe-sync-patch-conflict.zip successfully finalized. Artifact ID 11549444977
tp01-vibe-sync-simulations (patch-conflict)	Upload simulation artifacts	2026-10-08T12:29:07.3184433Z Artifact tp01-vibe-sync-patch-conflict has been successfully uploaded! Final size is 3402 bytes. Artifact ID is 11549444977
tp01-vibe-sync-simulations (patch-conflict)	Upload simulation artifacts	2026-10-08T12:29:07.3190820Z Artifact download URL: https://github.com/SumAlphaAI/QuantOS/actions/runs/37777148460/artifacts/11549444977
tp01-vibe-sync-simulations (patch-conflict)	Post Setup Node	﻿2026-10-08T12:29:07.3407018Z Post job cleanup.
tp01-vibe-sync-simulations (patch-conflict)	Post Setup Node	2026-10-08T12:29:07.4667890Z (node:2352) [DEP0040] DeprecationWarning: The `punycode` module is deprecated. Please use a userland alternative instead.
tp01-vibe-sync-simulations (patch-conflict)	Post Setup Node	2026-10-08T12:29:07.4668869Z (Use `node --trace-deprecation ...` to show where the warning was created)
tp01-vibe-sync-simulations (patch-conflict)	Post Checkout repository	﻿2026-10-08T12:29:07.4893537Z Post job cleanup.
tp01-vibe-sync-simulations (patch-conflict)	Post Checkout repository	2026-10-08T12:29:07.5887529Z [command]/usr/bin/git version
tp01-vibe-sync-simulations (patch-conflict)	Post Checkout repository	2026-10-08T12:29:07.5934837Z git version 2.55.0
tp01-vibe-sync-simulations (patch-conflict)	Post Checkout repository	2026-10-08T12:29:07.5975397Z Temporarily overriding HOME='/home/runner/work/_temp/c51f5cd5-73d1-44c9-8b81-13942256e38d' before making global git config changes
tp01-vibe-sync-simulations (patch-conflict)	Post Checkout repository	2026-10-08T12:29:07.5977238Z Adding repository directory to the temporary git global config as a safe directory
tp01-vibe-sync-simulations (patch-conflict)	Post Checkout repository	2026-10-08T12:29:07.5981572Z [command]/usr/bin/git config --global --add safe.directory /home/runner/work/QuantOS/QuantOS
tp01-vibe-sync-simulations (patch-conflict)	Post Checkout repository	2026-10-08T12:29:07.6030405Z [command]/usr/bin/git config --local --name-only --get-regexp core\.sshCommand
tp01-vibe-sync-simulations (patch-conflict)	Post Checkout repository	2026-10-08T12:29:07.6075470Z [command]/usr/bin/git submodule foreach --recursive sh -c "git config --local --name-only --get-regexp 'core\.sshCommand' && git config --local --unset-all 'core.sshCommand' || :"
tp01-vibe-sync-simulations (patch-conflict)	Post Checkout repository	2026-10-08T12:29:07.6379630Z [command]/usr/bin/git config --local --name-only --get-regexp http\.https\:\/\/github\.com\/\.extraheader
tp01-vibe-sync-simulations (patch-conflict)	Post Checkout repository	2026-10-08T12:29:07.6419659Z http.https://github.com/.extraheader
tp01-vibe-sync-simulations (patch-conflict)	Post Checkout repository	2026-10-08T12:29:07.6432165Z [command]/usr/bin/git config --local --unset-all http.https://github.com/.extraheader
tp01-vibe-sync-simulations (patch-conflict)	Post Checkout repository	2026-10-08T12:29:07.6475494Z [command]/usr/bin/git submodule foreach --recursive sh -c "git config --local --name-only --get-regexp 'http\.https\:\/\/github\.com\/\.extraheader' && git config --local --unset-all 'http.https://github.com/.extraheader' || :"
tp01-vibe-sync-simulations (patch-conflict)	Post Checkout repository	2026-10-08T12:29:07.6775656Z [command]/usr/bin/git config --local --name-only --get-regexp ^includeIf\.gitdir:
tp01-vibe-sync-simulations (patch-conflict)	Post Checkout repository	2026-10-08T12:29:07.6832913Z [command]/usr/bin/git submodule foreach --recursive git config --local --show-origin --name-only --get-regexp remote.origin.url
tp01-vibe-sync-simulations (patch-conflict)	Complete job	﻿2026-10-08T12:29:07.7349582Z Cleaning up orphan processes
tp01-vibe-sync-simulations (patch-conflict)	Complete job	2026-10-08T12:29:07.7687648Z ##[warning]Node.js 20 is deprecated. The following actions target Node.js 20 but are being forced to run on Node.js 24: actions/checkout@v4, actions/setup-node@v4, actions/upload-artifact@v4. For more information see: https://github.blog/changelog/2025-09-19-deprecation-of-node-20-on-github-actions-runners/
tp01-vibe-sync-live	Set up job	﻿2026-10-08T12:29:16.1504283Z Current runner version: '2.337.0'
tp01-vibe-sync-live	Set up job	2026-10-08T12:29:16.1524483Z ##[group]Runner Image Provisioner
tp01-vibe-sync-live	Set up job	2026-10-08T12:29:16.1525279Z Hosted Compute Agent
tp01-vibe-sync-live	Set up job	2026-10-08T12:29:16.1525676Z Version: 20261002.596
tp01-vibe-sync-live	Set up job	2026-10-08T12:29:16.1526130Z Commit: c3d12f3313a95f25162a1503be624f3b0617f8c0
tp01-vibe-sync-live	Set up job	2026-10-08T12:29:16.1526629Z Build Date: 2026-10-02T22:28:27Z
tp01-vibe-sync-live	Set up job	2026-10-08T12:29:16.1527094Z Worker ID: {597bcda1-6a60-48bd-b737-05a075bed0af}
tp01-vibe-sync-live	Set up job	2026-10-08T12:29:16.1527630Z Region: centralus
tp01-vibe-sync-live	Set up job	2026-10-08T12:29:16.1527990Z Cloud: Azure
tp01-vibe-sync-live	Set up job	2026-10-08T12:29:16.1528374Z ##[endgroup]
tp01-vibe-sync-live	Set up job	2026-10-08T12:29:16.1529358Z ##[group]Operating System
tp01-vibe-sync-live	Set up job	2026-10-08T12:29:16.1529771Z Ubuntu
tp01-vibe-sync-live	Set up job	2026-10-08T12:29:16.1530359Z 24.04.5
tp01-vibe-sync-live	Set up job	2026-10-08T12:29:16.1530723Z LTS
tp01-vibe-sync-live	Set up job	2026-10-08T12:29:16.1531091Z ##[endgroup]
tp01-vibe-sync-live	Set up job	2026-10-08T12:29:16.1531470Z ##[group]Runner Image
tp01-vibe-sync-live	Set up job	2026-10-08T12:29:16.1531919Z Image: ubuntu-24.04
tp01-vibe-sync-live	Set up job	2026-10-08T12:29:16.1532373Z Version: 20261004.327.1
tp01-vibe-sync-live	Set up job	2026-10-08T12:29:16.1533093Z Included Software: https://github.com/actions/runner-images/blob/ubuntu24/20261004.327/images/ubuntu/Ubuntu2404-Readme.md
tp01-vibe-sync-live	Set up job	2026-10-08T12:29:16.1534282Z Image Release: https://github.com/actions/runner-images/releases/tag/ubuntu24%2F20261004.327
tp01-vibe-sync-live	Set up job	2026-10-08T12:29:16.1534952Z ##[endgroup]
tp01-vibe-sync-live	Set up job	2026-10-08T12:29:16.1535710Z ##[group]GITHUB_TOKEN Permissions
tp01-vibe-sync-live	Set up job	2026-10-08T12:29:16.1537460Z Contents: read
tp01-vibe-sync-live	Set up job	2026-10-08T12:29:16.1537881Z Metadata: read
tp01-vibe-sync-live	Set up job	2026-10-08T12:29:16.1538265Z ##[endgroup]
tp01-vibe-sync-live	Set up job	2026-10-08T12:29:16.1539964Z Secret source: Actions
tp01-vibe-sync-live	Set up job	2026-10-08T12:29:16.1540882Z Cache mode: write
tp01-vibe-sync-live	Set up job	2026-10-08T12:29:16.1541393Z Prepare workflow directory
tp01-vibe-sync-live	Set up job	2026-10-08T12:29:16.2290488Z Prepare all required actions
tp01-vibe-sync-live	Set up job	2026-10-08T12:29:16.2326723Z Getting action download info
tp01-vibe-sync-live	Set up job	2026-10-08T12:29:16.4422634Z Download action repository 'actions/checkout@v4' (SHA:11d5960a326750d5838078e36cf38b85af677262)
tp01-vibe-sync-live	Set up job	2026-10-08T12:29:16.9369270Z Download action repository 'actions/setup-node@v4' (SHA:49933ea5288caeca8642d1e84afbd3f7d6820020)
tp01-vibe-sync-live	Set up job	2026-10-08T12:29:17.7529493Z Download action repository 'actions/upload-artifact@v4' (SHA:ea165f8d65b6e75b540449e92b4886f43607fa02)
tp01-vibe-sync-live	Set up job	2026-10-08T12:29:18.7616126Z Complete job name: tp01-vibe-sync-live
tp01-vibe-sync-live	Checkout repository	﻿2026-10-08T12:29:18.8112650Z ##[group]Run actions/checkout@v4
tp01-vibe-sync-live	Checkout repository	2026-10-08T12:29:18.8113253Z with:
tp01-vibe-sync-live	Checkout repository	2026-10-08T12:29:18.8113579Z   repository: SumAlphaAI/QuantOS
tp01-vibe-sync-live	Checkout repository	2026-10-08T12:29:18.8115643Z   token: ***
tp01-vibe-sync-live	Checkout repository	2026-10-08T12:29:18.8115966Z   ssh-strict: true
tp01-vibe-sync-live	Checkout repository	2026-10-08T12:29:18.8116337Z   ssh-user: git
tp01-vibe-sync-live	Checkout repository	2026-10-08T12:29:18.8116673Z   persist-credentials: true
tp01-vibe-sync-live	Checkout repository	2026-10-08T12:29:18.8117190Z   clean: true
tp01-vibe-sync-live	Checkout repository	2026-10-08T12:29:18.8117517Z   sparse-checkout-cone-mode: true
tp01-vibe-sync-live	Checkout repository	2026-10-08T12:29:18.8117911Z   fetch-depth: 1
tp01-vibe-sync-live	Checkout repository	2026-10-08T12:29:18.8118217Z   fetch-tags: false
tp01-vibe-sync-live	Checkout repository	2026-10-08T12:29:18.8118538Z   show-progress: true
tp01-vibe-sync-live	Checkout repository	2026-10-08T12:29:18.8118850Z   lfs: false
tp01-vibe-sync-live	Checkout repository	2026-10-08T12:29:18.8119164Z   submodules: false
tp01-vibe-sync-live	Checkout repository	2026-10-08T12:29:18.8119504Z   set-safe-directory: true
tp01-vibe-sync-live	Checkout repository	2026-10-08T12:29:18.8119845Z   allow-unsafe-pr-checkout: false
tp01-vibe-sync-live	Checkout repository	2026-10-08T12:29:18.8120509Z ##[endgroup]
tp01-vibe-sync-live	Checkout repository	2026-10-08T12:29:18.8847825Z Syncing repository: SumAlphaAI/QuantOS
tp01-vibe-sync-live	Checkout repository	2026-10-08T12:29:18.8849450Z ##[group]Getting Git version info
tp01-vibe-sync-live	Checkout repository	2026-10-08T12:29:18.8849902Z Working directory is '/home/runner/work/QuantOS/QuantOS'
tp01-vibe-sync-live	Checkout repository	2026-10-08T12:29:18.8851028Z [command]/usr/bin/git version
tp01-vibe-sync-live	Checkout repository	2026-10-08T12:29:18.8909924Z git version 2.55.0
tp01-vibe-sync-live	Checkout repository	2026-10-08T12:29:18.8924122Z ##[endgroup]
tp01-vibe-sync-live	Checkout repository	2026-10-08T12:29:18.8935274Z Temporarily overriding HOME='/home/runner/work/_temp/c4e32fc9-b28c-4aa5-9aa0-e3168851f7ec' before making global git config changes
tp01-vibe-sync-live	Checkout repository	2026-10-08T12:29:18.8936638Z Adding repository directory to the temporary git global config as a safe directory
tp01-vibe-sync-live	Checkout repository	2026-10-08T12:29:18.8941032Z [command]/usr/bin/git config --global --add safe.directory /home/runner/work/QuantOS/QuantOS
tp01-vibe-sync-live	Checkout repository	2026-10-08T12:29:18.8982323Z Deleting the contents of '/home/runner/work/QuantOS/QuantOS'
tp01-vibe-sync-live	Checkout repository	2026-10-08T12:29:18.8987287Z ##[group]Initializing the repository
tp01-vibe-sync-live	Checkout repository	2026-10-08T12:29:18.8991444Z [command]/usr/bin/git init /home/runner/work/QuantOS/QuantOS
tp01-vibe-sync-live	Checkout repository	2026-10-08T12:29:18.9088702Z hint: Using 'master' as the name for the initial branch. This default branch name
tp01-vibe-sync-live	Checkout repository	2026-10-08T12:29:18.9090181Z hint: will change to "main" in Git 3.0. To configure the initial branch name
tp01-vibe-sync-live	Checkout repository	2026-10-08T12:29:18.9091205Z hint: to use in all of your new repositories, which will suppress this warning,
tp01-vibe-sync-live	Checkout repository	2026-10-08T12:29:18.9091918Z hint: call:
tp01-vibe-sync-live	Checkout repository	2026-10-08T12:29:18.9092292Z hint:
tp01-vibe-sync-live	Checkout repository	2026-10-08T12:29:18.9092898Z hint: 	git config --global init.defaultBranch <name>
tp01-vibe-sync-live	Checkout repository	2026-10-08T12:29:18.9093463Z hint:
tp01-vibe-sync-live	Checkout repository	2026-10-08T12:29:18.9094042Z hint: Names commonly chosen instead of 'master' are 'main', 'trunk' and
tp01-vibe-sync-live	Checkout repository	2026-10-08T12:29:18.9094948Z hint: 'development'. The just-created branch can be renamed via this command:
tp01-vibe-sync-live	Checkout repository	2026-10-08T12:29:18.9095596Z hint:
tp01-vibe-sync-live	Checkout repository	2026-10-08T12:29:18.9096110Z hint: 	git branch -m <name>
tp01-vibe-sync-live	Checkout repository	2026-10-08T12:29:18.9096625Z hint:
tp01-vibe-sync-live	Checkout repository	2026-10-08T12:29:18.9097288Z hint: Disable this message with "git config set advice.defaultBranchName false"
tp01-vibe-sync-live	Checkout repository	2026-10-08T12:29:18.9103115Z Initialized empty Git repository in /home/runner/work/QuantOS/QuantOS/.git/
tp01-vibe-sync-live	Checkout repository	2026-10-08T12:29:18.9106269Z [command]/usr/bin/git remote add origin https://github.com/SumAlphaAI/QuantOS
tp01-vibe-sync-live	Checkout repository	2026-10-08T12:29:18.9145820Z ##[endgroup]
tp01-vibe-sync-live	Checkout repository	2026-10-08T12:29:18.9147054Z ##[group]Disabling automatic garbage collection
tp01-vibe-sync-live	Checkout repository	2026-10-08T12:29:18.9147985Z [command]/usr/bin/git config --local gc.auto 0
tp01-vibe-sync-live	Checkout repository	2026-10-08T12:29:18.9171796Z ##[endgroup]
tp01-vibe-sync-live	Checkout repository	2026-10-08T12:29:18.9172804Z ##[group]Setting up auth
tp01-vibe-sync-live	Checkout repository	2026-10-08T12:29:18.9175435Z [command]/usr/bin/git config --local --name-only --get-regexp core\.sshCommand
tp01-vibe-sync-live	Checkout repository	2026-10-08T12:29:18.9198435Z [command]/usr/bin/git submodule foreach --recursive sh -c "git config --local --name-only --get-regexp 'core\.sshCommand' && git config --local --unset-all 'core.sshCommand' || :"
tp01-vibe-sync-live	Checkout repository	2026-10-08T12:29:18.9467042Z [command]/usr/bin/git config --local --name-only --get-regexp http\.https\:\/\/github\.com\/\.extraheader
tp01-vibe-sync-live	Checkout repository	2026-10-08T12:29:18.9490868Z [command]/usr/bin/git submodule foreach --recursive sh -c "git config --local --name-only --get-regexp 'http\.https\:\/\/github\.com\/\.extraheader' && git config --local --unset-all 'http.https://github.com/.extraheader' || :"
tp01-vibe-sync-live	Checkout repository	2026-10-08T12:29:18.9630373Z [command]/usr/bin/git config --local --name-only --get-regexp ^includeIf\.gitdir:
tp01-vibe-sync-live	Checkout repository	2026-10-08T12:29:18.9652882Z [command]/usr/bin/git submodule foreach --recursive git config --local --show-origin --name-only --get-regexp remote.origin.url
tp01-vibe-sync-live	Checkout repository	2026-10-08T12:29:18.9790814Z [command]/usr/bin/git config --local http.https://github.com/.extraheader AUTHORIZATION: basic ***
tp01-vibe-sync-live	Checkout repository	2026-10-08T12:29:18.9821033Z ##[endgroup]
tp01-vibe-sync-live	Checkout repository	2026-10-08T12:29:18.9821735Z ##[group]Fetching the repository
tp01-vibe-sync-live	Checkout repository	2026-10-08T12:29:18.9828181Z [command]/usr/bin/git -c protocol.version=2 fetch --no-tags --prune --no-recurse-submodules --depth=1 origin +8408122e2bcd75bdb09ff44fd04ef5dedfa3ef2f:refs/remotes/origin/main
tp01-vibe-sync-live	Checkout repository	2026-10-08T12:29:20.9807853Z From https://github.com/SumAlphaAI/QuantOS
tp01-vibe-sync-live	Checkout repository	2026-10-08T12:29:20.9808674Z  * [new ref]         8408122e2bcd75bdb09ff44fd04ef5dedfa3ef2f -> origin/main
tp01-vibe-sync-live	Checkout repository	2026-10-08T12:29:20.9810955Z ##[endgroup]
tp01-vibe-sync-live	Checkout repository	2026-10-08T12:29:20.9811545Z ##[group]Determining the checkout info
tp01-vibe-sync-live	Checkout repository	2026-10-08T12:29:20.9813531Z ##[endgroup]
tp01-vibe-sync-live	Checkout repository	2026-10-08T12:29:20.9819574Z [command]/usr/bin/git sparse-checkout disable
tp01-vibe-sync-live	Checkout repository	2026-10-08T12:29:20.9868735Z [command]/usr/bin/git config --local --unset-all extensions.worktreeConfig
tp01-vibe-sync-live	Checkout repository	2026-10-08T12:29:20.9894970Z ##[group]Checking out the ref
tp01-vibe-sync-live	Checkout repository	2026-10-08T12:29:20.9898450Z [command]/usr/bin/git checkout --progress --force -B main refs/remotes/origin/main
tp01-vibe-sync-live	Checkout repository	2026-10-08T12:29:21.5725630Z Switched to a new branch 'main'
tp01-vibe-sync-live	Checkout repository	2026-10-08T12:29:21.5726466Z branch 'main' set up to track 'origin/main'.
tp01-vibe-sync-live	Checkout repository	2026-10-08T12:29:21.5754493Z ##[endgroup]
tp01-vibe-sync-live	Checkout repository	2026-10-08T12:29:21.5790641Z [command]/usr/bin/git log -1 --format=%H
tp01-vibe-sync-live	Checkout repository	2026-10-08T12:29:21.5808834Z 8408122e2bcd75bdb09ff44fd04ef5dedfa3ef2f
tp01-vibe-sync-live	Setup Node	﻿2026-10-08T12:29:21.6011066Z ##[group]Run actions/setup-node@v4
tp01-vibe-sync-live	Setup Node	2026-10-08T12:29:21.6011389Z with:
tp01-vibe-sync-live	Setup Node	2026-10-08T12:29:21.6011646Z   node-version: 24.12.0
tp01-vibe-sync-live	Setup Node	2026-10-08T12:29:21.6011888Z   always-auth: false
tp01-vibe-sync-live	Setup Node	2026-10-08T12:29:21.6012177Z   check-latest: false
tp01-vibe-sync-live	Setup Node	2026-10-08T12:29:21.6013979Z   token: ***
tp01-vibe-sync-live	Setup Node	2026-10-08T12:29:21.6014300Z ##[endgroup]
tp01-vibe-sync-live	Setup Node	2026-10-08T12:29:21.7013994Z Attempting to download 24.12.0...
tp01-vibe-sync-live	Setup Node	2026-10-08T12:29:21.7088677Z (node:2081) [DEP0040] DeprecationWarning: The `punycode` module is deprecated. Please use a userland alternative instead.
tp01-vibe-sync-live	Setup Node	2026-10-08T12:29:21.7089542Z (Use `node --trace-deprecation ...` to show where the warning was created)
tp01-vibe-sync-live	Setup Node	2026-10-08T12:29:22.4563127Z Acquiring 24.12.0 - x64 from https://github.com/actions/node-versions/releases/download/24.12.0-20140960970/node-24.12.0-linux-x64.tar.gz
tp01-vibe-sync-live	Setup Node	2026-10-08T12:29:22.9454926Z Extracting ...
tp01-vibe-sync-live	Setup Node	2026-10-08T12:29:22.9577372Z [command]/usr/bin/tar xz --strip 1 --warning=no-unknown-keyword --overwrite -C /home/runner/work/_temp/22735099-79b9-4365-a658-db4e7edfe30b -f /home/runner/work/_temp/eeead4a4-083a-4bc7-8e7d-a539a0469054
tp01-vibe-sync-live	Setup Node	2026-10-08T12:29:23.9324161Z Adding to the cache ...
tp01-vibe-sync-live	Setup Node	2026-10-08T12:29:25.9236000Z ##[group]Environment details
tp01-vibe-sync-live	Setup Node	2026-10-08T12:29:26.0917200Z node: v24.12.0
tp01-vibe-sync-live	Setup Node	2026-10-08T12:29:26.0917722Z npm: 11.6.2
tp01-vibe-sync-live	Setup Node	2026-10-08T12:29:26.0917951Z yarn: 1.22.22
tp01-vibe-sync-live	Setup Node	2026-10-08T12:29:26.0918802Z ##[endgroup]
tp01-vibe-sync-live	Generate upstream candidate report	﻿2026-10-08T12:29:26.1042061Z ##[group]Run node ./scripts/check-vibe-upstream.mjs --baseline ./third_party/vibe-trading/baseline.lock.json --json-output ./artifacts/third_party/vibe-trading/upstream-candidates.json --markdown-output ./artifacts/third_party/vibe-trading/upstream-candidates.md
tp01-vibe-sync-live	Generate upstream candidate report	2026-10-08T12:29:26.1043478Z ^[[36;1mnode ./scripts/check-vibe-upstream.mjs --baseline ./third_party/vibe-trading/baseline.lock.json --json-output ./artifacts/third_party/vibe-trading/upstream-candidates.json --markdown-output ./artifacts/third_party/vibe-trading/upstream-candidates.md^[[0m
tp01-vibe-sync-live	Generate upstream candidate report	2026-10-08T12:29:26.1202021Z shell: /usr/bin/bash -e {0}
tp01-vibe-sync-live	Generate upstream candidate report	2026-10-08T12:29:26.1202353Z ##[endgroup]
tp01-vibe-sync-live	Generate upstream candidate report	2026-10-08T12:29:26.6153562Z Wrote artifacts/third_party/vibe-trading/upstream-candidates.json
tp01-vibe-sync-live	Generate upstream candidate report	2026-10-08T12:29:26.6154471Z Wrote artifacts/third_party/vibe-trading/upstream-candidates.md
tp01-vibe-sync-live	Generate upstream candidate report	2026-10-08T12:29:26.6154948Z Detected 2 candidate(s).
tp01-vibe-sync-live	Evaluate live sync candidates	﻿2026-10-08T12:29:26.6229707Z ##[group]Run # Schedules observe candidates; manual dispatch retains the strict adoption gate.
tp01-vibe-sync-live	Evaluate live sync candidates	2026-10-08T12:29:26.6230671Z ^[[36;1m# Schedules observe candidates; manual dispatch retains the strict adoption gate.^[[0m
tp01-vibe-sync-live	Evaluate live sync candidates	2026-10-08T12:29:26.6231040Z ^[[36;1mmode_flag=--fail-on-block^[[0m
tp01-vibe-sync-live	Evaluate live sync candidates	2026-10-08T12:29:26.6231370Z ^[[36;1mif [ "$SYNC_EVENT" = schedule ]; then^[[0m
tp01-vibe-sync-live	Evaluate live sync candidates	2026-10-08T12:29:26.6231650Z ^[[36;1m  mode_flag=--monitor-only^[[0m
tp01-vibe-sync-live	Evaluate live sync candidates	2026-10-08T12:29:26.6231896Z ^[[36;1mfi^[[0m
tp01-vibe-sync-live	Evaluate live sync candidates	2026-10-08T12:29:26.6232131Z ^[[36;1mnode ./scripts/sync-vibe.mjs \^[[0m
tp01-vibe-sync-live	Evaluate live sync candidates	2026-10-08T12:29:26.6232482Z ^[[36;1m  --baseline ./third_party/vibe-trading/baseline.lock.json \^[[0m
tp01-vibe-sync-live	Evaluate live sync candidates	2026-10-08T12:29:26.6232899Z ^[[36;1m  --patch-queue ./forks/vibe-trading/patch-queue/queue.json \^[[0m
tp01-vibe-sync-live	Evaluate live sync candidates	2026-10-08T12:29:26.6233402Z ^[[36;1m  --candidate-report ./artifacts/third_party/vibe-trading/upstream-candidates.json \^[[0m
tp01-vibe-sync-live	Evaluate live sync candidates	2026-10-08T12:29:26.6233897Z ^[[36;1m  --json-output ./artifacts/third_party/vibe-trading/sync-vibe/live-summary.json \^[[0m
tp01-vibe-sync-live	Evaluate live sync candidates	2026-10-08T12:29:26.6234385Z ^[[36;1m  --markdown-output ./artifacts/third_party/vibe-trading/sync-vibe/live-summary.md \^[[0m
tp01-vibe-sync-live	Evaluate live sync candidates	2026-10-08T12:29:26.6234977Z ^[[36;1m  --decision-dir ./artifacts/third_party/vibe-trading/sync-vibe/live-decisions \^[[0m
tp01-vibe-sync-live	Evaluate live sync candidates	2026-10-08T12:29:26.6235435Z ^[[36;1m  --issue-dir ./artifacts/third_party/vibe-trading/sync-vibe/live-issues \^[[0m
tp01-vibe-sync-live	Evaluate live sync candidates	2026-10-08T12:29:26.6235791Z ^[[36;1m  "$mode_flag"^[[0m
tp01-vibe-sync-live	Evaluate live sync candidates	2026-10-08T12:29:26.6269591Z shell: /usr/bin/bash -e {0}
tp01-vibe-sync-live	Evaluate live sync candidates	2026-10-08T12:29:26.6269912Z env:
tp01-vibe-sync-live	Evaluate live sync candidates	2026-10-08T12:29:26.6270261Z   SYNC_EVENT: workflow_dispatch
tp01-vibe-sync-live	Evaluate live sync candidates	2026-10-08T12:29:26.6270500Z ##[endgroup]
tp01-vibe-sync-live	Evaluate live sync candidates	2026-10-08T12:29:26.6530877Z Wrote artifacts/third_party/vibe-trading/sync-vibe/live-summary.json
tp01-vibe-sync-live	Evaluate live sync candidates	2026-10-08T12:29:26.6531878Z Wrote artifacts/third_party/vibe-trading/sync-vibe/live-summary.md
tp01-vibe-sync-live	Evaluate live sync candidates	2026-10-08T12:29:26.6532633Z TP01-E blocked: one or more sync decisions require manual action.
tp01-vibe-sync-live	Evaluate live sync candidates	2026-10-08T12:29:26.6533184Z Generated 2 decision record(s).
tp01-vibe-sync-live	Evaluate live sync candidates	2026-10-08T12:29:26.6533683Z Sync gate: BLOCKED; blocked candidates: 1; sync approved: false.
tp01-vibe-sync-live	Evaluate live sync candidates	2026-10-08T12:29:26.6556100Z ##[error]Process completed with exit code 2.
tp01-vibe-sync-live	Publish workflow summary	﻿2026-10-08T12:29:26.6598063Z ##[group]Run cat ./artifacts/third_party/vibe-trading/sync-vibe/live-summary.md >> "$GITHUB_STEP_SUMMARY"
tp01-vibe-sync-live	Publish workflow summary	2026-10-08T12:29:26.6598624Z ^[[36;1mcat ./artifacts/third_party/vibe-trading/sync-vibe/live-summary.md >> "$GITHUB_STEP_SUMMARY"^[[0m
tp01-vibe-sync-live	Publish workflow summary	2026-10-08T12:29:26.6626052Z shell: /usr/bin/bash -e {0}
tp01-vibe-sync-live	Publish workflow summary	2026-10-08T12:29:26.6626360Z ##[endgroup]
tp01-vibe-sync-live	Upload live sync artifacts	﻿2026-10-08T12:29:26.6740164Z ##[group]Run actions/upload-artifact@v4
tp01-vibe-sync-live	Upload live sync artifacts	2026-10-08T12:29:26.6740493Z with:
tp01-vibe-sync-live	Upload live sync artifacts	2026-10-08T12:29:26.6740765Z   name: tp01-vibe-sync-live
tp01-vibe-sync-live	Upload live sync artifacts	2026-10-08T12:29:26.6741353Z   path: artifacts/third_party/vibe-trading/sync-vibe/
tp01-vibe-sync-live	Upload live sync artifacts	artifacts/third_party/vibe-trading/upstream-candidates.json
tp01-vibe-sync-live	Upload live sync artifacts	artifacts/third_party/vibe-trading/upstream-candidates.md
tp01-vibe-sync-live	Upload live sync artifacts	
tp01-vibe-sync-live	Upload live sync artifacts	2026-10-08T12:29:26.6741963Z   if-no-files-found: error
tp01-vibe-sync-live	Upload live sync artifacts	2026-10-08T12:29:26.6742292Z   compression-level: 6
tp01-vibe-sync-live	Upload live sync artifacts	2026-10-08T12:29:26.6742542Z   overwrite: false
tp01-vibe-sync-live	Upload live sync artifacts	2026-10-08T12:29:26.6742823Z   include-hidden-files: false
tp01-vibe-sync-live	Upload live sync artifacts	2026-10-08T12:29:26.6743081Z ##[endgroup]
tp01-vibe-sync-live	Upload live sync artifacts	2026-10-08T12:29:26.7941004Z (node:2139) [DEP0040] DeprecationWarning: The `punycode` module is deprecated. Please use a userland alternative instead.
tp01-vibe-sync-live	Upload live sync artifacts	2026-10-08T12:29:26.7941898Z (Use `node --trace-deprecation ...` to show where the warning was created)
tp01-vibe-sync-live	Upload live sync artifacts	2026-10-08T12:29:26.8003103Z Multiple search paths detected. Calculating the least common ancestor of all paths
tp01-vibe-sync-live	Upload live sync artifacts	2026-10-08T12:29:26.8005372Z The least common ancestor is /home/runner/work/QuantOS/QuantOS/artifacts/third_party/vibe-trading. This will be the root directory of the artifact
tp01-vibe-sync-live	Upload live sync artifacts	2026-10-08T12:29:26.8006543Z With the provided path, there will be 8 files uploaded
tp01-vibe-sync-live	Upload live sync artifacts	2026-10-08T12:29:26.8008431Z Artifact name is valid!
tp01-vibe-sync-live	Upload live sync artifacts	2026-10-08T12:29:26.8009012Z Root directory input is valid!
tp01-vibe-sync-live	Upload live sync artifacts	2026-10-08T12:29:27.0677024Z Beginning upload of artifact content to blob storage
tp01-vibe-sync-live	Upload live sync artifacts	2026-10-08T12:29:27.0883330Z (node:2139) [DEP0169] DeprecationWarning: `url.parse()` behavior is not standardized and prone to errors that have security implications. Use the WHATWG URL API instead. CVEs are not issued for `url.parse()` vulnerabilities.
tp01-vibe-sync-live	Upload live sync artifacts	2026-10-08T12:29:27.2316120Z Uploaded bytes 7790
tp01-vibe-sync-live	Upload live sync artifacts	2026-10-08T12:29:27.2775906Z Finished uploading artifact content to blob storage!
tp01-vibe-sync-live	Upload live sync artifacts	2026-10-08T12:29:27.2776683Z SHA256 digest of uploaded artifact zip is 264947bd89b87eca9a2b7134a5583a6844fab993f37b12d0210cb1627f1642cb
tp01-vibe-sync-live	Upload live sync artifacts	2026-10-08T12:29:27.2777904Z Finalizing artifact upload
tp01-vibe-sync-live	Upload live sync artifacts	2026-10-08T12:29:27.5134792Z Artifact tp01-vibe-sync-live.zip successfully finalized. Artifact ID 11550720377
tp01-vibe-sync-live	Upload live sync artifacts	2026-10-08T12:29:27.5135738Z Artifact tp01-vibe-sync-live has been successfully uploaded! Final size is 7790 bytes. Artifact ID is 11550720377
tp01-vibe-sync-live	Upload live sync artifacts	2026-10-08T12:29:27.5140617Z Artifact download URL: https://github.com/SumAlphaAI/QuantOS/actions/runs/37777148460/artifacts/11550720377
tp01-vibe-sync-live	Post Checkout repository	﻿2026-10-08T12:29:27.5278506Z Post job cleanup.
tp01-vibe-sync-live	Post Checkout repository	2026-10-08T12:29:27.5899916Z [command]/usr/bin/git version
tp01-vibe-sync-live	Post Checkout repository	2026-10-08T12:29:27.5929233Z git version 2.55.0
tp01-vibe-sync-live	Post Checkout repository	2026-10-08T12:29:27.5955797Z Temporarily overriding HOME='/home/runner/work/_temp/0e97763c-c741-4776-ae41-19a446acd919' before making global git config changes
tp01-vibe-sync-live	Post Checkout repository	2026-10-08T12:29:27.5956946Z Adding repository directory to the temporary git global config as a safe directory
tp01-vibe-sync-live	Post Checkout repository	2026-10-08T12:29:27.5959822Z [command]/usr/bin/git config --global --add safe.directory /home/runner/work/QuantOS/QuantOS
tp01-vibe-sync-live	Post Checkout repository	2026-10-08T12:29:27.5988382Z [command]/usr/bin/git config --local --name-only --get-regexp core\.sshCommand
tp01-vibe-sync-live	Post Checkout repository	2026-10-08T12:29:27.6011548Z [command]/usr/bin/git submodule foreach --recursive sh -c "git config --local --name-only --get-regexp 'core\.sshCommand' && git config --local --unset-all 'core.sshCommand' || :"
tp01-vibe-sync-live	Post Checkout repository	2026-10-08T12:29:27.6200240Z [command]/usr/bin/git config --local --name-only --get-regexp http\.https\:\/\/github\.com\/\.extraheader
tp01-vibe-sync-live	Post Checkout repository	2026-10-08T12:29:27.6218358Z http.https://github.com/.extraheader
tp01-vibe-sync-live	Post Checkout repository	2026-10-08T12:29:27.6229879Z [command]/usr/bin/git config --local --unset-all http.https://github.com/.extraheader
tp01-vibe-sync-live	Post Checkout repository	2026-10-08T12:29:27.6253050Z [command]/usr/bin/git submodule foreach --recursive sh -c "git config --local --name-only --get-regexp 'http\.https\:\/\/github\.com\/\.extraheader' && git config --local --unset-all 'http.https://github.com/.extraheader' || :"
tp01-vibe-sync-live	Post Checkout repository	2026-10-08T12:29:27.6417885Z [command]/usr/bin/git config --local --name-only --get-regexp ^includeIf\.gitdir:
tp01-vibe-sync-live	Post Checkout repository	2026-10-08T12:29:27.6443234Z [command]/usr/bin/git submodule foreach --recursive git config --local --show-origin --name-only --get-regexp remote.origin.url
tp01-vibe-sync-live	Complete job	﻿2026-10-08T12:29:27.6702916Z Cleaning up orphan processes
tp01-vibe-sync-live	Complete job	2026-10-08T12:29:27.6867085Z ##[warning]Node.js 20 is deprecated. The following actions target Node.js 20 but are being forced to run on Node.js 24: actions/checkout@v4, actions/setup-node@v4, actions/upload-artifact@v4. For more information see: https://github.blog/changelog/2025-09-19-deprecation-of-node-20-on-github-actions-runners/
