cargo deny --locked check licenses bans sources
warning[duplicate]: found 2 duplicate entries for crate 'base64'
   ┌─ /Users/anray/Documents/project/SumAlpha/QuantOS/Cargo.lock:18:1
   │
18 │ ╭ base64 0.21.7 registry+https://github.com/rust-lang/crates.io-index
19 │ │ base64 0.22.1 registry+https://github.com/rust-lang/crates.io-index
   │ ╰───────────────────────────────────────────────────────────────────┘ lock entries
   │
   ├ base64 v0.21.7
     └── pbjson v0.7.0
         └── pbjson-types v0.7.0
             ├── (dev) quantos-engine-manager v0.1.0
             │   └── quantos-runtime v0.1.0
             │       ├── quantos-evidence v0.1.0
             │       ├── quantos-execution v0.1.0
             │       │   ├── execution-gateway v0.1.0
             │       │   ├── quantos-evidence v0.1.0 (*)
             │       │   └── quantos-reconcile v0.1.0
             │       ├── quantos-observability v0.1.0
             │       │   ├── capacity-monitor v0.1.0
             │       │   ├── execution-gateway v0.1.0 (*)
             │       │   ├── market-ingestor v0.1.0
             │       │   ├── portfolio-rebuild v0.1.0
             │       │   ├── replay-cli v0.1.0
             │       │   └── runtime-gateway v0.1.0
             │       └── runtime-gateway v0.1.0 (*)
             ├── quantos-proto v0.1.0
             │   ├── quantos-engine-manager v0.1.0 (*)
             │   └── quantos-runtime v0.1.0 (*)
             └── quantos-runtime v0.1.0 (*)
   ├ base64 v0.22.1
     ├── hyper-util v0.1.20
     │   ├── axum v0.7.9
     │   │   ├── bff-gateway v0.1.0
     │   │   └── tonic v0.12.3
     │   │       ├── quantos-engine-manager v0.1.0
     │   │       │   └── quantos-runtime v0.1.0
     │   │       │       ├── quantos-evidence v0.1.0
     │   │       │       ├── quantos-execution v0.1.0
     │   │       │       │   ├── execution-gateway v0.1.0
     │   │       │       │   ├── quantos-evidence v0.1.0 (*)
     │   │       │       │   └── quantos-reconcile v0.1.0
     │   │       │       ├── quantos-observability v0.1.0
     │   │       │       │   ├── capacity-monitor v0.1.0
     │   │       │       │   ├── execution-gateway v0.1.0 (*)
     │   │       │       │   ├── market-ingestor v0.1.0
     │   │       │       │   ├── portfolio-rebuild v0.1.0
     │   │       │       │   ├── replay-cli v0.1.0
     │   │       │       │   └── runtime-gateway v0.1.0
     │   │       │       └── runtime-gateway v0.1.0 (*)
     │   │       └── quantos-proto v0.1.0
     │   │           ├── quantos-engine-manager v0.1.0 (*)
     │   │           └── quantos-runtime v0.1.0 (*)
     │   ├── hyper-rustls v0.27.9
     │   │   └── reqwest v0.13.4
     │   │       └── quantos-storage v0.1.0
     │   │           ├── (dev) quantos-evidence v0.1.0 (*)
     │   │           ├── (dev) quantos-execution v0.1.0 (*)
     │   │           ├── quantos-observability v0.1.0 (*)
     │   │           ├── quantos-runtime v0.1.0 (*)
     │   │           └── quantos-strategy v0.1.0
     │   │               └── quantos-risk v0.1.0
     │   │                   ├── quantos-evidence v0.1.0 (*)
     │   │                   └── quantos-execution v0.1.0 (*)
     │   ├── hyper-timeout v0.5.2
     │   │   └── tonic v0.12.3 (*)
     │   ├── quantos-engine-manager v0.1.0 (*)
     │   ├── reqwest v0.13.4 (*)
     │   └── tonic v0.12.3 (*)
     ├── postgres-protocol v0.6.12
     │   ├── postgres-types v0.2.14
     │   │   └── tokio-postgres v0.7.18
     │   │       ├── postgres v0.19.14
     │   │       │   ├── quantos-auth v0.1.0
     │   │       │   │   ├── quantos-observability v0.1.0 (*)
     │   │       │   │   ├── quantos-runtime v0.1.0 (*)
     │   │       │   │   ├── quantos-strategy v0.1.0 (*)
     │   │       │   │   └── runtime-gateway v0.1.0 (*)
     │   │       │   ├── quantos-event v0.1.0
     │   │       │   │   ├── market-ingestor v0.1.0 (*)
     │   │       │   │   ├── quantos-market v0.1.0
     │   │       │   │   │   └── market-ingestor v0.1.0 (*)
     │   │       │   │   ├── quantos-observability v0.1.0 (*)
     │   │       │   │   └── replay-cli v0.1.0 (*)
     │   │       │   ├── quantos-observability v0.1.0 (*)
     │   │       │   ├── quantos-portfolio v0.1.0
     │   │       │   │   ├── portfolio-rebuild v0.1.0 (*)
     │   │       │   │   ├── quantos-evidence v0.1.0 (*)
     │   │       │   │   ├── quantos-reconcile v0.1.0 (*)
     │   │       │   │   └── quantos-risk v0.1.0 (*)
     │   │       │   ├── quantos-runtime v0.1.0 (*)
     │   │       │   ├── quantos-storage v0.1.0 (*)
     │   │       │   ├── quantos-strategy v0.1.0 (*)
     │   │       │   └── replay-cli v0.1.0 (*)
     │   │       └── postgres-native-tls v0.5.3
     │   │           ├── quantos-auth v0.1.0 (*)
     │   │           ├── quantos-event v0.1.0 (*)
     │   │           ├── quantos-observability v0.1.0 (*)
     │   │           ├── quantos-portfolio v0.1.0 (*)
     │   │           ├── quantos-runtime v0.1.0 (*)
     │   │           ├── quantos-storage v0.1.0 (*)
     │   │           └── quantos-strategy v0.1.0 (*)
     │   └── tokio-postgres v0.7.18 (*)
     ├── reqwest v0.13.4 (*)
     └── tonic v0.12.3 (*)

warning[duplicate]: found 2 duplicate entries for crate 'block-buffer'
   ┌─ /Users/anray/Documents/project/SumAlpha/QuantOS/Cargo.lock:22:1
   │
22 │ ╭ block-buffer 0.10.4 registry+https://github.com/rust-lang/crates.io-index
23 │ │ block-buffer 0.12.1 registry+https://github.com/rust-lang/crates.io-index
   │ ╰─────────────────────────────────────────────────────────────────────────┘ lock entries
   │
   ├ block-buffer v0.10.4
     └── digest v0.10.7
         └── sha2 v0.10.9
             └── quantos-core v0.1.0
                 ├── execution-gateway v0.1.0
                 ├── market-ingestor v0.1.0
                 ├── portfolio-rebuild v0.1.0
                 ├── quantos-auth v0.1.0
                 │   ├── quantos-observability v0.1.0
                 │   │   ├── capacity-monitor v0.1.0
                 │   │   ├── execution-gateway v0.1.0 (*)
                 │   │   ├── market-ingestor v0.1.0 (*)
                 │   │   ├── portfolio-rebuild v0.1.0 (*)
                 │   │   ├── replay-cli v0.1.0
                 │   │   └── runtime-gateway v0.1.0
                 │   ├── quantos-runtime v0.1.0
                 │   │   ├── quantos-evidence v0.1.0
                 │   │   ├── quantos-execution v0.1.0
                 │   │   │   ├── execution-gateway v0.1.0 (*)
                 │   │   │   ├── quantos-evidence v0.1.0 (*)
                 │   │   │   └── quantos-reconcile v0.1.0
                 │   │   ├── quantos-observability v0.1.0 (*)
                 │   │   └── runtime-gateway v0.1.0 (*)
                 │   ├── quantos-strategy v0.1.0
                 │   │   └── quantos-risk v0.1.0
                 │   │       ├── quantos-evidence v0.1.0 (*)
                 │   │       └── quantos-execution v0.1.0 (*)
                 │   └── runtime-gateway v0.1.0 (*)
                 ├── quantos-event v0.1.0
                 │   ├── market-ingestor v0.1.0 (*)
                 │   ├── quantos-market v0.1.0
                 │   │   └── market-ingestor v0.1.0 (*)
                 │   ├── quantos-observability v0.1.0 (*)
                 │   └── replay-cli v0.1.0 (*)
                 ├── quantos-evidence v0.1.0 (*)
                 ├── quantos-execution v0.1.0 (*)
                 ├── quantos-market v0.1.0 (*)
                 ├── quantos-observability v0.1.0 (*)
                 ├── quantos-policy v0.1.0
                 │   ├── quantos-auth v0.1.0 (*)
                 │   ├── quantos-observability v0.1.0 (*)
                 │   ├── quantos-runtime v0.1.0 (*)
                 │   ├── quantos-strategy v0.1.0 (*)
                 │   └── runtime-gateway v0.1.0 (*)
                 ├── quantos-portfolio v0.1.0
                 │   ├── portfolio-rebuild v0.1.0 (*)
                 │   ├── quantos-evidence v0.1.0 (*)
                 │   ├── quantos-reconcile v0.1.0 (*)
                 │   └── quantos-risk v0.1.0 (*)
                 ├── quantos-reconcile v0.1.0 (*)
                 ├── quantos-risk v0.1.0 (*)
                 ├── quantos-runtime v0.1.0 (*)
                 ├── quantos-storage v0.1.0
                 │   ├── (dev) quantos-evidence v0.1.0 (*)
                 │   ├── (dev) quantos-execution v0.1.0 (*)
                 │   ├── quantos-observability v0.1.0 (*)
                 │   ├── quantos-runtime v0.1.0 (*)
                 │   └── quantos-strategy v0.1.0 (*)
                 ├── quantos-strategy v0.1.0 (*)
                 ├── replay-cli v0.1.0 (*)
                 └── runtime-gateway v0.1.0 (*)
   ├ block-buffer v0.12.1
     └── digest v0.11.3
         ├── hmac v0.13.0
         │   └── postgres-protocol v0.6.12
         │       ├── postgres-types v0.2.14
         │       │   └── tokio-postgres v0.7.18
         │       │       ├── postgres v0.19.14
         │       │       │   ├── quantos-auth v0.1.0
         │       │       │   │   ├── quantos-observability v0.1.0
         │       │       │   │   │   ├── capacity-monitor v0.1.0
         │       │       │   │   │   ├── execution-gateway v0.1.0
         │       │       │   │   │   ├── market-ingestor v0.1.0
         │       │       │   │   │   ├── portfolio-rebuild v0.1.0
         │       │       │   │   │   ├── replay-cli v0.1.0
         │       │       │   │   │   └── runtime-gateway v0.1.0
         │       │       │   │   ├── quantos-runtime v0.1.0
         │       │       │   │   │   ├── quantos-evidence v0.1.0
         │       │       │   │   │   ├── quantos-execution v0.1.0
         │       │       │   │   │   │   ├── execution-gateway v0.1.0 (*)
         │       │       │   │   │   │   ├── quantos-evidence v0.1.0 (*)
         │       │       │   │   │   │   └── quantos-reconcile v0.1.0
         │       │       │   │   │   ├── quantos-observability v0.1.0 (*)
         │       │       │   │   │   └── runtime-gateway v0.1.0 (*)
         │       │       │   │   ├── quantos-strategy v0.1.0
         │       │       │   │   │   └── quantos-risk v0.1.0
         │       │       │   │   │       ├── quantos-evidence v0.1.0 (*)
         │       │       │   │   │       └── quantos-execution v0.1.0 (*)
         │       │       │   │   └── runtime-gateway v0.1.0 (*)
         │       │       │   ├── quantos-event v0.1.0
         │       │       │   │   ├── market-ingestor v0.1.0 (*)
         │       │       │   │   ├── quantos-market v0.1.0
         │       │       │   │   │   └── market-ingestor v0.1.0 (*)
         │       │       │   │   ├── quantos-observability v0.1.0 (*)
         │       │       │   │   └── replay-cli v0.1.0 (*)
         │       │       │   ├── quantos-observability v0.1.0 (*)
         │       │       │   ├── quantos-portfolio v0.1.0
         │       │       │   │   ├── portfolio-rebuild v0.1.0 (*)
         │       │       │   │   ├── quantos-evidence v0.1.0 (*)
         │       │       │   │   ├── quantos-reconcile v0.1.0 (*)
         │       │       │   │   └── quantos-risk v0.1.0 (*)
         │       │       │   ├── quantos-runtime v0.1.0 (*)
         │       │       │   ├── quantos-storage v0.1.0
         │       │       │   │   ├── (dev) quantos-evidence v0.1.0 (*)
         │       │       │   │   ├── (dev) quantos-execution v0.1.0 (*)
         │       │       │   │   ├── quantos-observability v0.1.0 (*)
         │       │       │   │   ├── quantos-runtime v0.1.0 (*)
         │       │       │   │   └── quantos-strategy v0.1.0 (*)
         │       │       │   ├── quantos-strategy v0.1.0 (*)
         │       │       │   └── replay-cli v0.1.0 (*)
         │       │       └── postgres-native-tls v0.5.3
         │       │           ├── quantos-auth v0.1.0 (*)
         │       │           ├── quantos-event v0.1.0 (*)
         │       │           ├── quantos-observability v0.1.0 (*)
         │       │           ├── quantos-portfolio v0.1.0 (*)
         │       │           ├── quantos-runtime v0.1.0 (*)
         │       │           ├── quantos-storage v0.1.0 (*)
         │       │           └── quantos-strategy v0.1.0 (*)
         │       └── tokio-postgres v0.7.18 (*)
         ├── md-5 v0.11.0
         │   └── postgres-protocol v0.6.12 (*)
         └── sha2 v0.11.0
             └── postgres-protocol v0.6.12 (*)

warning[duplicate]: found 2 duplicate entries for crate 'cpufeatures'
   ┌─ /Users/anray/Documents/project/SumAlpha/QuantOS/Cargo.lock:43:1
   │
43 │ ╭ cpufeatures 0.2.17 registry+https://github.com/rust-lang/crates.io-index
44 │ │ cpufeatures 0.3.0 registry+https://github.com/rust-lang/crates.io-index
   │ ╰───────────────────────────────────────────────────────────────────────┘ lock entries
   │
   ├ cpufeatures v0.2.17
     └── sha2 v0.10.9
         └── quantos-core v0.1.0
             ├── execution-gateway v0.1.0
             ├── market-ingestor v0.1.0
             ├── portfolio-rebuild v0.1.0
             ├── quantos-auth v0.1.0
             │   ├── quantos-observability v0.1.0
             │   │   ├── capacity-monitor v0.1.0
             │   │   ├── execution-gateway v0.1.0 (*)
             │   │   ├── market-ingestor v0.1.0 (*)
             │   │   ├── portfolio-rebuild v0.1.0 (*)
             │   │   ├── replay-cli v0.1.0
             │   │   └── runtime-gateway v0.1.0
             │   ├── quantos-runtime v0.1.0
             │   │   ├── quantos-evidence v0.1.0
             │   │   ├── quantos-execution v0.1.0
             │   │   │   ├── execution-gateway v0.1.0 (*)
             │   │   │   ├── quantos-evidence v0.1.0 (*)
             │   │   │   └── quantos-reconcile v0.1.0
             │   │   ├── quantos-observability v0.1.0 (*)
             │   │   └── runtime-gateway v0.1.0 (*)
             │   ├── quantos-strategy v0.1.0
             │   │   └── quantos-risk v0.1.0
             │   │       ├── quantos-evidence v0.1.0 (*)
             │   │       └── quantos-execution v0.1.0 (*)
             │   └── runtime-gateway v0.1.0 (*)
             ├── quantos-event v0.1.0
             │   ├── market-ingestor v0.1.0 (*)
             │   ├── quantos-market v0.1.0
             │   │   └── market-ingestor v0.1.0 (*)
             │   ├── quantos-observability v0.1.0 (*)
             │   └── replay-cli v0.1.0 (*)
             ├── quantos-evidence v0.1.0 (*)
             ├── quantos-execution v0.1.0 (*)
             ├── quantos-market v0.1.0 (*)
             ├── quantos-observability v0.1.0 (*)
             ├── quantos-policy v0.1.0
             │   ├── quantos-auth v0.1.0 (*)
             │   ├── quantos-observability v0.1.0 (*)
             │   ├── quantos-runtime v0.1.0 (*)
             │   ├── quantos-strategy v0.1.0 (*)
             │   └── runtime-gateway v0.1.0 (*)
             ├── quantos-portfolio v0.1.0
             │   ├── portfolio-rebuild v0.1.0 (*)
             │   ├── quantos-evidence v0.1.0 (*)
             │   ├── quantos-reconcile v0.1.0 (*)
             │   └── quantos-risk v0.1.0 (*)
             ├── quantos-reconcile v0.1.0 (*)
             ├── quantos-risk v0.1.0 (*)
             ├── quantos-runtime v0.1.0 (*)
             ├── quantos-storage v0.1.0
             │   ├── (dev) quantos-evidence v0.1.0 (*)
             │   ├── (dev) quantos-execution v0.1.0 (*)
             │   ├── quantos-observability v0.1.0 (*)
             │   ├── quantos-runtime v0.1.0 (*)
             │   └── quantos-strategy v0.1.0 (*)
             ├── quantos-strategy v0.1.0 (*)
             ├── replay-cli v0.1.0 (*)
             └── runtime-gateway v0.1.0 (*)
   ├ cpufeatures v0.3.0
     ├── chacha20 v0.10.1
     │   └── rand v0.10.2
     │       ├── postgres-protocol v0.6.12
     │       │   ├── postgres-types v0.2.14
     │       │   │   └── tokio-postgres v0.7.18
     │       │   │       ├── postgres v0.19.14
     │       │   │       │   ├── quantos-auth v0.1.0
     │       │   │       │   │   ├── quantos-observability v0.1.0
     │       │   │       │   │   │   ├── capacity-monitor v0.1.0
     │       │   │       │   │   │   ├── execution-gateway v0.1.0
     │       │   │       │   │   │   ├── market-ingestor v0.1.0
     │       │   │       │   │   │   ├── portfolio-rebuild v0.1.0
     │       │   │       │   │   │   ├── replay-cli v0.1.0
     │       │   │       │   │   │   └── runtime-gateway v0.1.0
     │       │   │       │   │   ├── quantos-runtime v0.1.0
     │       │   │       │   │   │   ├── quantos-evidence v0.1.0
     │       │   │       │   │   │   ├── quantos-execution v0.1.0
     │       │   │       │   │   │   │   ├── execution-gateway v0.1.0 (*)
     │       │   │       │   │   │   │   ├── quantos-evidence v0.1.0 (*)
     │       │   │       │   │   │   │   └── quantos-reconcile v0.1.0
     │       │   │       │   │   │   ├── quantos-observability v0.1.0 (*)
     │       │   │       │   │   │   └── runtime-gateway v0.1.0 (*)
     │       │   │       │   │   ├── quantos-strategy v0.1.0
     │       │   │       │   │   │   └── quantos-risk v0.1.0
     │       │   │       │   │   │       ├── quantos-evidence v0.1.0 (*)
     │       │   │       │   │   │       └── quantos-execution v0.1.0 (*)
     │       │   │       │   │   └── runtime-gateway v0.1.0 (*)
     │       │   │       │   ├── quantos-event v0.1.0
     │       │   │       │   │   ├── market-ingestor v0.1.0 (*)
     │       │   │       │   │   ├── quantos-market v0.1.0
     │       │   │       │   │   │   └── market-ingestor v0.1.0 (*)
     │       │   │       │   │   ├── quantos-observability v0.1.0 (*)
     │       │   │       │   │   └── replay-cli v0.1.0 (*)
     │       │   │       │   ├── quantos-observability v0.1.0 (*)
     │       │   │       │   ├── quantos-portfolio v0.1.0
     │       │   │       │   │   ├── portfolio-rebuild v0.1.0 (*)
     │       │   │       │   │   ├── quantos-evidence v0.1.0 (*)
     │       │   │       │   │   ├── quantos-reconcile v0.1.0 (*)
     │       │   │       │   │   └── quantos-risk v0.1.0 (*)
     │       │   │       │   ├── quantos-runtime v0.1.0 (*)
     │       │   │       │   ├── quantos-storage v0.1.0
     │       │   │       │   │   ├── (dev) quantos-evidence v0.1.0 (*)
     │       │   │       │   │   ├── (dev) quantos-execution v0.1.0 (*)
     │       │   │       │   │   ├── quantos-observability v0.1.0 (*)
     │       │   │       │   │   ├── quantos-runtime v0.1.0 (*)
     │       │   │       │   │   └── quantos-strategy v0.1.0 (*)
     │       │   │       │   ├── quantos-strategy v0.1.0 (*)
     │       │   │       │   └── replay-cli v0.1.0 (*)
     │       │   │       └── postgres-native-tls v0.5.3
     │       │   │           ├── quantos-auth v0.1.0 (*)
     │       │   │           ├── quantos-event v0.1.0 (*)
     │       │   │           ├── quantos-observability v0.1.0 (*)
     │       │   │           ├── quantos-portfolio v0.1.0 (*)
     │       │   │           ├── quantos-runtime v0.1.0 (*)
     │       │   │           ├── quantos-storage v0.1.0 (*)
     │       │   │           └── quantos-strategy v0.1.0 (*)
     │       │   └── tokio-postgres v0.7.18 (*)
     │       └── tokio-postgres v0.7.18 (*)
     └── sha2 v0.11.0
         └── postgres-protocol v0.6.12 (*)

warning[duplicate]: found 2 duplicate entries for crate 'crypto-common'
   ┌─ /Users/anray/Documents/project/SumAlpha/QuantOS/Cargo.lock:45:1
   │
45 │ ╭ crypto-common 0.1.7 registry+https://github.com/rust-lang/crates.io-index
46 │ │ crypto-common 0.2.2 registry+https://github.com/rust-lang/crates.io-index
   │ ╰─────────────────────────────────────────────────────────────────────────┘ lock entries
   │
   ├ crypto-common v0.1.7
     └── digest v0.10.7
         └── sha2 v0.10.9
             └── quantos-core v0.1.0
                 ├── execution-gateway v0.1.0
                 ├── market-ingestor v0.1.0
                 ├── portfolio-rebuild v0.1.0
                 ├── quantos-auth v0.1.0
                 │   ├── quantos-observability v0.1.0
                 │   │   ├── capacity-monitor v0.1.0
                 │   │   ├── execution-gateway v0.1.0 (*)
                 │   │   ├── market-ingestor v0.1.0 (*)
                 │   │   ├── portfolio-rebuild v0.1.0 (*)
                 │   │   ├── replay-cli v0.1.0
                 │   │   └── runtime-gateway v0.1.0
                 │   ├── quantos-runtime v0.1.0
                 │   │   ├── quantos-evidence v0.1.0
                 │   │   ├── quantos-execution v0.1.0
                 │   │   │   ├── execution-gateway v0.1.0 (*)
                 │   │   │   ├── quantos-evidence v0.1.0 (*)
                 │   │   │   └── quantos-reconcile v0.1.0
                 │   │   ├── quantos-observability v0.1.0 (*)
                 │   │   └── runtime-gateway v0.1.0 (*)
                 │   ├── quantos-strategy v0.1.0
                 │   │   └── quantos-risk v0.1.0
                 │   │       ├── quantos-evidence v0.1.0 (*)
                 │   │       └── quantos-execution v0.1.0 (*)
                 │   └── runtime-gateway v0.1.0 (*)
                 ├── quantos-event v0.1.0
                 │   ├── market-ingestor v0.1.0 (*)
                 │   ├── quantos-market v0.1.0
                 │   │   └── market-ingestor v0.1.0 (*)
                 │   ├── quantos-observability v0.1.0 (*)
                 │   └── replay-cli v0.1.0 (*)
                 ├── quantos-evidence v0.1.0 (*)
                 ├── quantos-execution v0.1.0 (*)
                 ├── quantos-market v0.1.0 (*)
                 ├── quantos-observability v0.1.0 (*)
                 ├── quantos-policy v0.1.0
                 │   ├── quantos-auth v0.1.0 (*)
                 │   ├── quantos-observability v0.1.0 (*)
                 │   ├── quantos-runtime v0.1.0 (*)
                 │   ├── quantos-strategy v0.1.0 (*)
                 │   └── runtime-gateway v0.1.0 (*)
                 ├── quantos-portfolio v0.1.0
                 │   ├── portfolio-rebuild v0.1.0 (*)
                 │   ├── quantos-evidence v0.1.0 (*)
                 │   ├── quantos-reconcile v0.1.0 (*)
                 │   └── quantos-risk v0.1.0 (*)
                 ├── quantos-reconcile v0.1.0 (*)
                 ├── quantos-risk v0.1.0 (*)
                 ├── quantos-runtime v0.1.0 (*)
                 ├── quantos-storage v0.1.0
                 │   ├── (dev) quantos-evidence v0.1.0 (*)
                 │   ├── (dev) quantos-execution v0.1.0 (*)
                 │   ├── quantos-observability v0.1.0 (*)
                 │   ├── quantos-runtime v0.1.0 (*)
                 │   └── quantos-strategy v0.1.0 (*)
                 ├── quantos-strategy v0.1.0 (*)
                 ├── replay-cli v0.1.0 (*)
                 └── runtime-gateway v0.1.0 (*)
   ├ crypto-common v0.2.2
     └── digest v0.11.3
         ├── hmac v0.13.0
         │   └── postgres-protocol v0.6.12
         │       ├── postgres-types v0.2.14
         │       │   └── tokio-postgres v0.7.18
         │       │       ├── postgres v0.19.14
         │       │       │   ├── quantos-auth v0.1.0
         │       │       │   │   ├── quantos-observability v0.1.0
         │       │       │   │   │   ├── capacity-monitor v0.1.0
         │       │       │   │   │   ├── execution-gateway v0.1.0
         │       │       │   │   │   ├── market-ingestor v0.1.0
         │       │       │   │   │   ├── portfolio-rebuild v0.1.0
         │       │       │   │   │   ├── replay-cli v0.1.0
         │       │       │   │   │   └── runtime-gateway v0.1.0
         │       │       │   │   ├── quantos-runtime v0.1.0
         │       │       │   │   │   ├── quantos-evidence v0.1.0
         │       │       │   │   │   ├── quantos-execution v0.1.0
         │       │       │   │   │   │   ├── execution-gateway v0.1.0 (*)
         │       │       │   │   │   │   ├── quantos-evidence v0.1.0 (*)
         │       │       │   │   │   │   └── quantos-reconcile v0.1.0
         │       │       │   │   │   ├── quantos-observability v0.1.0 (*)
         │       │       │   │   │   └── runtime-gateway v0.1.0 (*)
         │       │       │   │   ├── quantos-strategy v0.1.0
         │       │       │   │   │   └── quantos-risk v0.1.0
         │       │       │   │   │       ├── quantos-evidence v0.1.0 (*)
         │       │       │   │   │       └── quantos-execution v0.1.0 (*)
         │       │       │   │   └── runtime-gateway v0.1.0 (*)
         │       │       │   ├── quantos-event v0.1.0
         │       │       │   │   ├── market-ingestor v0.1.0 (*)
         │       │       │   │   ├── quantos-market v0.1.0
         │       │       │   │   │   └── market-ingestor v0.1.0 (*)
         │       │       │   │   ├── quantos-observability v0.1.0 (*)
         │       │       │   │   └── replay-cli v0.1.0 (*)
         │       │       │   ├── quantos-observability v0.1.0 (*)
         │       │       │   ├── quantos-portfolio v0.1.0
         │       │       │   │   ├── portfolio-rebuild v0.1.0 (*)
         │       │       │   │   ├── quantos-evidence v0.1.0 (*)
         │       │       │   │   ├── quantos-reconcile v0.1.0 (*)
         │       │       │   │   └── quantos-risk v0.1.0 (*)
         │       │       │   ├── quantos-runtime v0.1.0 (*)
         │       │       │   ├── quantos-storage v0.1.0
         │       │       │   │   ├── (dev) quantos-evidence v0.1.0 (*)
         │       │       │   │   ├── (dev) quantos-execution v0.1.0 (*)
         │       │       │   │   ├── quantos-observability v0.1.0 (*)
         │       │       │   │   ├── quantos-runtime v0.1.0 (*)
         │       │       │   │   └── quantos-strategy v0.1.0 (*)
         │       │       │   ├── quantos-strategy v0.1.0 (*)
         │       │       │   └── replay-cli v0.1.0 (*)
         │       │       └── postgres-native-tls v0.5.3
         │       │           ├── quantos-auth v0.1.0 (*)
         │       │           ├── quantos-event v0.1.0 (*)
         │       │           ├── quantos-observability v0.1.0 (*)
         │       │           ├── quantos-portfolio v0.1.0 (*)
         │       │           ├── quantos-runtime v0.1.0 (*)
         │       │           ├── quantos-storage v0.1.0 (*)
         │       │           └── quantos-strategy v0.1.0 (*)
         │       └── tokio-postgres v0.7.18 (*)
         ├── md-5 v0.11.0
         │   └── postgres-protocol v0.6.12 (*)
         └── sha2 v0.11.0
             └── postgres-protocol v0.6.12 (*)

warning[duplicate]: found 2 duplicate entries for crate 'digest'
   ┌─ /Users/anray/Documents/project/SumAlpha/QuantOS/Cargo.lock:48:1
   │
48 │ ╭ digest 0.10.7 registry+https://github.com/rust-lang/crates.io-index
49 │ │ digest 0.11.3 registry+https://github.com/rust-lang/crates.io-index
   │ ╰───────────────────────────────────────────────────────────────────┘ lock entries
   │
   ├ digest v0.10.7
     └── sha2 v0.10.9
         └── quantos-core v0.1.0
             ├── execution-gateway v0.1.0
             ├── market-ingestor v0.1.0
             ├── portfolio-rebuild v0.1.0
             ├── quantos-auth v0.1.0
             │   ├── quantos-observability v0.1.0
             │   │   ├── capacity-monitor v0.1.0
             │   │   ├── execution-gateway v0.1.0 (*)
             │   │   ├── market-ingestor v0.1.0 (*)
             │   │   ├── portfolio-rebuild v0.1.0 (*)
             │   │   ├── replay-cli v0.1.0
             │   │   └── runtime-gateway v0.1.0
             │   ├── quantos-runtime v0.1.0
             │   │   ├── quantos-evidence v0.1.0
             │   │   ├── quantos-execution v0.1.0
             │   │   │   ├── execution-gateway v0.1.0 (*)
             │   │   │   ├── quantos-evidence v0.1.0 (*)
             │   │   │   └── quantos-reconcile v0.1.0
             │   │   ├── quantos-observability v0.1.0 (*)
             │   │   └── runtime-gateway v0.1.0 (*)
             │   ├── quantos-strategy v0.1.0
             │   │   └── quantos-risk v0.1.0
             │   │       ├── quantos-evidence v0.1.0 (*)
             │   │       └── quantos-execution v0.1.0 (*)
             │   └── runtime-gateway v0.1.0 (*)
             ├── quantos-event v0.1.0
             │   ├── market-ingestor v0.1.0 (*)
             │   ├── quantos-market v0.1.0
             │   │   └── market-ingestor v0.1.0 (*)
             │   ├── quantos-observability v0.1.0 (*)
             │   └── replay-cli v0.1.0 (*)
             ├── quantos-evidence v0.1.0 (*)
             ├── quantos-execution v0.1.0 (*)
             ├── quantos-market v0.1.0 (*)
             ├── quantos-observability v0.1.0 (*)
             ├── quantos-policy v0.1.0
             │   ├── quantos-auth v0.1.0 (*)
             │   ├── quantos-observability v0.1.0 (*)
             │   ├── quantos-runtime v0.1.0 (*)
             │   ├── quantos-strategy v0.1.0 (*)
             │   └── runtime-gateway v0.1.0 (*)
             ├── quantos-portfolio v0.1.0
             │   ├── portfolio-rebuild v0.1.0 (*)
             │   ├── quantos-evidence v0.1.0 (*)
             │   ├── quantos-reconcile v0.1.0 (*)
             │   └── quantos-risk v0.1.0 (*)
             ├── quantos-reconcile v0.1.0 (*)
             ├── quantos-risk v0.1.0 (*)
             ├── quantos-runtime v0.1.0 (*)
             ├── quantos-storage v0.1.0
             │   ├── (dev) quantos-evidence v0.1.0 (*)
             │   ├── (dev) quantos-execution v0.1.0 (*)
             │   ├── quantos-observability v0.1.0 (*)
             │   ├── quantos-runtime v0.1.0 (*)
             │   └── quantos-strategy v0.1.0 (*)
             ├── quantos-strategy v0.1.0 (*)
             ├── replay-cli v0.1.0 (*)
             └── runtime-gateway v0.1.0 (*)
   ├ digest v0.11.3
     ├── hmac v0.13.0
     │   └── postgres-protocol v0.6.12
     │       ├── postgres-types v0.2.14
     │       │   └── tokio-postgres v0.7.18
     │       │       ├── postgres v0.19.14
     │       │       │   ├── quantos-auth v0.1.0
     │       │       │   │   ├── quantos-observability v0.1.0
     │       │       │   │   │   ├── capacity-monitor v0.1.0
     │       │       │   │   │   ├── execution-gateway v0.1.0
     │       │       │   │   │   ├── market-ingestor v0.1.0
     │       │       │   │   │   ├── portfolio-rebuild v0.1.0
     │       │       │   │   │   ├── replay-cli v0.1.0
     │       │       │   │   │   └── runtime-gateway v0.1.0
     │       │       │   │   ├── quantos-runtime v0.1.0
     │       │       │   │   │   ├── quantos-evidence v0.1.0
     │       │       │   │   │   ├── quantos-execution v0.1.0
     │       │       │   │   │   │   ├── execution-gateway v0.1.0 (*)
     │       │       │   │   │   │   ├── quantos-evidence v0.1.0 (*)
     │       │       │   │   │   │   └── quantos-reconcile v0.1.0
     │       │       │   │   │   ├── quantos-observability v0.1.0 (*)
     │       │       │   │   │   └── runtime-gateway v0.1.0 (*)
     │       │       │   │   ├── quantos-strategy v0.1.0
     │       │       │   │   │   └── quantos-risk v0.1.0
     │       │       │   │   │       ├── quantos-evidence v0.1.0 (*)
     │       │       │   │   │       └── quantos-execution v0.1.0 (*)
     │       │       │   │   └── runtime-gateway v0.1.0 (*)
     │       │       │   ├── quantos-event v0.1.0
     │       │       │   │   ├── market-ingestor v0.1.0 (*)
     │       │       │   │   ├── quantos-market v0.1.0
     │       │       │   │   │   └── market-ingestor v0.1.0 (*)
     │       │       │   │   ├── quantos-observability v0.1.0 (*)
     │       │       │   │   └── replay-cli v0.1.0 (*)
     │       │       │   ├── quantos-observability v0.1.0 (*)
     │       │       │   ├── quantos-portfolio v0.1.0
     │       │       │   │   ├── portfolio-rebuild v0.1.0 (*)
     │       │       │   │   ├── quantos-evidence v0.1.0 (*)
     │       │       │   │   ├── quantos-reconcile v0.1.0 (*)
     │       │       │   │   └── quantos-risk v0.1.0 (*)
     │       │       │   ├── quantos-runtime v0.1.0 (*)
     │       │       │   ├── quantos-storage v0.1.0
     │       │       │   │   ├── (dev) quantos-evidence v0.1.0 (*)
     │       │       │   │   ├── (dev) quantos-execution v0.1.0 (*)
     │       │       │   │   ├── quantos-observability v0.1.0 (*)
     │       │       │   │   ├── quantos-runtime v0.1.0 (*)
     │       │       │   │   └── quantos-strategy v0.1.0 (*)
     │       │       │   ├── quantos-strategy v0.1.0 (*)
     │       │       │   └── replay-cli v0.1.0 (*)
     │       │       └── postgres-native-tls v0.5.3
     │       │           ├── quantos-auth v0.1.0 (*)
     │       │           ├── quantos-event v0.1.0 (*)
     │       │           ├── quantos-observability v0.1.0 (*)
     │       │           ├── quantos-portfolio v0.1.0 (*)
     │       │           ├── quantos-runtime v0.1.0 (*)
     │       │           ├── quantos-storage v0.1.0 (*)
     │       │           └── quantos-strategy v0.1.0 (*)
     │       └── tokio-postgres v0.7.18 (*)
     ├── md-5 v0.11.0
     │   └── postgres-protocol v0.6.12 (*)
     └── sha2 v0.11.0
         └── postgres-protocol v0.6.12 (*)

warning[duplicate]: found 2 duplicate entries for crate 'getrandom'
   ┌─ /Users/anray/Documents/project/SumAlpha/QuantOS/Cargo.lock:73:1
   │
73 │ ╭ getrandom 0.2.17 registry+https://github.com/rust-lang/crates.io-index
74 │ │ getrandom 0.4.3 registry+https://github.com/rust-lang/crates.io-index
   │ ╰─────────────────────────────────────────────────────────────────────┘ lock entries
   │
   ├ getrandom v0.2.17
     └── rand_core v0.6.4
         ├── rand v0.8.7
         │   └── tower v0.4.13
         │       └── tonic v0.12.3
         │           ├── quantos-engine-manager v0.1.0
         │           │   └── quantos-runtime v0.1.0
         │           │       ├── quantos-evidence v0.1.0
         │           │       ├── quantos-execution v0.1.0
         │           │       │   ├── execution-gateway v0.1.0
         │           │       │   ├── quantos-evidence v0.1.0 (*)
         │           │       │   └── quantos-reconcile v0.1.0
         │           │       ├── quantos-observability v0.1.0
         │           │       │   ├── capacity-monitor v0.1.0
         │           │       │   ├── execution-gateway v0.1.0 (*)
         │           │       │   ├── market-ingestor v0.1.0
         │           │       │   ├── portfolio-rebuild v0.1.0
         │           │       │   ├── replay-cli v0.1.0
         │           │       │   └── runtime-gateway v0.1.0
         │           │       └── runtime-gateway v0.1.0 (*)
         │           └── quantos-proto v0.1.0
         │               ├── quantos-engine-manager v0.1.0 (*)
         │               └── quantos-runtime v0.1.0 (*)
         └── rand_chacha v0.3.1
             └── rand v0.8.7 (*)
   ├ getrandom v0.4.3
     ├── jobserver v0.1.35
     │   └── cc v1.4.0
     │       ├── (build) aws-lc-sys v0.44.0
     │       │   └── aws-lc-rs v1.18.0
     │       │       ├── rustls v0.23.45
     │       │       │   ├── hyper-rustls v0.27.9
     │       │       │   │   └── reqwest v0.13.4
     │       │       │   │       └── quantos-storage v0.1.0
     │       │       │   │           ├── (dev) quantos-evidence v0.1.0
     │       │       │   │           ├── (dev) quantos-execution v0.1.0
     │       │       │   │           │   ├── execution-gateway v0.1.0
     │       │       │   │           │   ├── quantos-evidence v0.1.0 (*)
     │       │       │   │           │   └── quantos-reconcile v0.1.0
     │       │       │   │           ├── quantos-observability v0.1.0
     │       │       │   │           │   ├── capacity-monitor v0.1.0
     │       │       │   │           │   ├── execution-gateway v0.1.0 (*)
     │       │       │   │           │   ├── market-ingestor v0.1.0
     │       │       │   │           │   ├── portfolio-rebuild v0.1.0
     │       │       │   │           │   ├── replay-cli v0.1.0
     │       │       │   │           │   └── runtime-gateway v0.1.0
     │       │       │   │           ├── quantos-runtime v0.1.0
     │       │       │   │           │   ├── quantos-evidence v0.1.0 (*)
     │       │       │   │           │   ├── quantos-execution v0.1.0 (*)
     │       │       │   │           │   ├── quantos-observability v0.1.0 (*)
     │       │       │   │           │   └── runtime-gateway v0.1.0 (*)
     │       │       │   │           └── quantos-strategy v0.1.0
     │       │       │   │               └── quantos-risk v0.1.0
     │       │       │   │                   ├── quantos-evidence v0.1.0 (*)
     │       │       │   │                   └── quantos-execution v0.1.0 (*)
     │       │       │   ├── reqwest v0.13.4 (*)
     │       │       │   ├── rustls-platform-verifier v0.7.0
     │       │       │   │   └── reqwest v0.13.4 (*)
     │       │       │   └── tokio-rustls v0.26.4
     │       │       │       ├── hyper-rustls v0.27.9 (*)
     │       │       │       └── reqwest v0.13.4 (*)
     │       │       └── rustls-webpki v0.103.14
     │       │           ├── rustls v0.23.45 (*)
     │       │           └── rustls-platform-verifier v0.7.0 (*)
     │       ├── cmake v0.1.58
     │       │   └── (build) aws-lc-sys v0.44.0 (*)
     │       ├── (build) iana-time-zone-haiku v0.1.2
     │       │   └── iana-time-zone v0.1.65
     │       │       └── chrono v0.4.45
     │       │           ├── bff-gateway v0.1.0
     │       │           ├── capacity-monitor v0.1.0 (*)
     │       │           ├── pbjson-types v0.7.0
     │       │           │   ├── (dev) quantos-engine-manager v0.1.0
     │       │           │   │   └── quantos-runtime v0.1.0 (*)
     │       │           │   ├── quantos-proto v0.1.0
     │       │           │   │   ├── quantos-engine-manager v0.1.0 (*)
     │       │           │   │   └── quantos-runtime v0.1.0 (*)
     │       │           │   └── quantos-runtime v0.1.0 (*)
     │       │           ├── postgres-types v0.2.14
     │       │           │   └── tokio-postgres v0.7.18
     │       │           │       ├── postgres v0.19.14
     │       │           │       │   ├── quantos-auth v0.1.0
     │       │           │       │   │   ├── quantos-observability v0.1.0 (*)
     │       │           │       │   │   ├── quantos-runtime v0.1.0 (*)
     │       │           │       │   │   ├── quantos-strategy v0.1.0 (*)
     │       │           │       │   │   └── runtime-gateway v0.1.0 (*)
     │       │           │       │   ├── quantos-event v0.1.0
     │       │           │       │   │   ├── market-ingestor v0.1.0 (*)
     │       │           │       │   │   ├── quantos-market v0.1.0
     │       │           │       │   │   │   └── market-ingestor v0.1.0 (*)
     │       │           │       │   │   ├── quantos-observability v0.1.0 (*)
     │       │           │       │   │   └── replay-cli v0.1.0 (*)
     │       │           │       │   ├── quantos-observability v0.1.0 (*)
     │       │           │       │   ├── quantos-portfolio v0.1.0
     │       │           │       │   │   ├── portfolio-rebuild v0.1.0 (*)
     │       │           │       │   │   ├── quantos-evidence v0.1.0 (*)
     │       │           │       │   │   ├── quantos-reconcile v0.1.0 (*)
     │       │           │       │   │   └── quantos-risk v0.1.0 (*)
     │       │           │       │   ├── quantos-runtime v0.1.0 (*)
     │       │           │       │   ├── quantos-storage v0.1.0 (*)
     │       │           │       │   ├── quantos-strategy v0.1.0 (*)
     │       │           │       │   └── replay-cli v0.1.0 (*)
     │       │           │       └── postgres-native-tls v0.5.3
     │       │           │           ├── quantos-auth v0.1.0 (*)
     │       │           │           ├── quantos-event v0.1.0 (*)
     │       │           │           ├── quantos-observability v0.1.0 (*)
     │       │           │           ├── quantos-portfolio v0.1.0 (*)
     │       │           │           ├── quantos-runtime v0.1.0 (*)
     │       │           │           ├── quantos-storage v0.1.0 (*)
     │       │           │           └── quantos-strategy v0.1.0 (*)
     │       │           ├── quantos-auth v0.1.0 (*)
     │       │           ├── quantos-core v0.1.0
     │       │           │   ├── execution-gateway v0.1.0 (*)
     │       │           │   ├── market-ingestor v0.1.0 (*)
     │       │           │   ├── portfolio-rebuild v0.1.0 (*)
     │       │           │   ├── quantos-auth v0.1.0 (*)
     │       │           │   ├── quantos-event v0.1.0 (*)
     │       │           │   ├── quantos-evidence v0.1.0 (*)
     │       │           │   ├── quantos-execution v0.1.0 (*)
     │       │           │   ├── quantos-market v0.1.0 (*)
     │       │           │   ├── quantos-observability v0.1.0 (*)
     │       │           │   ├── quantos-policy v0.1.0
     │       │           │   │   ├── quantos-auth v0.1.0 (*)
     │       │           │   │   ├── quantos-observability v0.1.0 (*)
     │       │           │   │   ├── quantos-runtime v0.1.0 (*)
     │       │           │   │   ├── quantos-strategy v0.1.0 (*)
     │       │           │   │   └── runtime-gateway v0.1.0 (*)
     │       │           │   ├── quantos-portfolio v0.1.0 (*)
     │       │           │   ├── quantos-reconcile v0.1.0 (*)
     │       │           │   ├── quantos-risk v0.1.0 (*)
     │       │           │   ├── quantos-runtime v0.1.0 (*)
     │       │           │   ├── quantos-storage v0.1.0 (*)
     │       │           │   ├── quantos-strategy v0.1.0 (*)
     │       │           │   ├── replay-cli v0.1.0 (*)
     │       │           │   └── runtime-gateway v0.1.0 (*)
     │       │           ├── quantos-engine-manager v0.1.0 (*)
     │       │           ├── quantos-event v0.1.0 (*)
     │       │           ├── quantos-evidence v0.1.0 (*)
     │       │           ├── quantos-execution v0.1.0 (*)
     │       │           ├── quantos-market v0.1.0 (*)
     │       │           ├── quantos-observability v0.1.0 (*)
     │       │           ├── quantos-portfolio v0.1.0 (*)
     │       │           ├── quantos-reconcile v0.1.0 (*)
     │       │           ├── quantos-risk v0.1.0 (*)
     │       │           ├── quantos-runtime v0.1.0 (*)
     │       │           ├── quantos-storage v0.1.0 (*)
     │       │           └── quantos-strategy v0.1.0 (*)
     │       └── (build) openssl-sys v0.9.117
     │           ├── native-tls v0.2.18
     │           │   ├── postgres-native-tls v0.5.3 (*)
     │           │   ├── quantos-auth v0.1.0 (*)
     │           │   ├── quantos-event v0.1.0 (*)
     │           │   ├── quantos-observability v0.1.0 (*)
     │           │   ├── quantos-portfolio v0.1.0 (*)
     │           │   ├── quantos-runtime v0.1.0 (*)
     │           │   ├── quantos-storage v0.1.0 (*)
     │           │   ├── quantos-strategy v0.1.0 (*)
     │           │   └── tokio-native-tls v0.3.1
     │           │       └── postgres-native-tls v0.5.3 (*)
     │           └── openssl v0.10.81
     │               └── native-tls v0.2.18 (*)
     ├── rand v0.10.2
     │   ├── postgres-protocol v0.6.12
     │   │   ├── postgres-types v0.2.14 (*)
     │   │   └── tokio-postgres v0.7.18 (*)
     │   └── tokio-postgres v0.7.18 (*)
     ├── tempfile v3.27.0
     │   ├── native-tls v0.2.18 (*)
     │   ├── prost-build v0.13.5
     │   │   └── (build) pbjson-types v0.7.0 (*)
     │   ├── (dev) quantos-engine-manager v0.1.0 (*)
     │   └── (dev) quantos-runtime v0.1.0 (*)
     └── uuid v1.24.0
         ├── bff-gateway v0.1.0 (*)
         ├── portfolio-rebuild v0.1.0 (*)
         ├── postgres-types v0.2.14 (*)
         ├── quantos-auth v0.1.0 (*)
         ├── quantos-core v0.1.0 (*)
         ├── (dev) quantos-engine-manager v0.1.0 (*)
         ├── quantos-event v0.1.0 (*)
         ├── (dev) quantos-evidence v0.1.0 (*)
         ├── (dev) quantos-observability v0.1.0 (*)
         ├── quantos-portfolio v0.1.0 (*)
         ├── quantos-runtime v0.1.0 (*)
         ├── quantos-storage v0.1.0 (*)
         └── quantos-strategy v0.1.0 (*)

warning[duplicate]: found 2 duplicate entries for crate 'hashbrown'
   ┌─ /Users/anray/Documents/project/SumAlpha/QuantOS/Cargo.lock:76:1
   │
76 │ ╭ hashbrown 0.12.3 registry+https://github.com/rust-lang/crates.io-index
77 │ │ hashbrown 0.17.1 registry+https://github.com/rust-lang/crates.io-index
   │ ╰──────────────────────────────────────────────────────────────────────┘ lock entries
   │
   ├ hashbrown v0.12.3
     └── indexmap v1.9.3
         └── tower v0.4.13
             └── tonic v0.12.3
                 ├── quantos-engine-manager v0.1.0
                 │   └── quantos-runtime v0.1.0
                 │       ├── quantos-evidence v0.1.0
                 │       ├── quantos-execution v0.1.0
                 │       │   ├── execution-gateway v0.1.0
                 │       │   ├── quantos-evidence v0.1.0 (*)
                 │       │   └── quantos-reconcile v0.1.0
                 │       ├── quantos-observability v0.1.0
                 │       │   ├── capacity-monitor v0.1.0
                 │       │   ├── execution-gateway v0.1.0 (*)
                 │       │   ├── market-ingestor v0.1.0
                 │       │   ├── portfolio-rebuild v0.1.0
                 │       │   ├── replay-cli v0.1.0
                 │       │   └── runtime-gateway v0.1.0
                 │       └── runtime-gateway v0.1.0 (*)
                 └── quantos-proto v0.1.0
                     ├── quantos-engine-manager v0.1.0 (*)
                     └── quantos-runtime v0.1.0 (*)
   ├ hashbrown v0.17.1
     └── indexmap v2.14.0
         ├── h2 v0.4.16
         │   ├── hyper v1.11.0
         │   │   ├── axum v0.7.9
         │   │   │   ├── bff-gateway v0.1.0
         │   │   │   └── tonic v0.12.3
         │   │   │       ├── quantos-engine-manager v0.1.0
         │   │   │       │   └── quantos-runtime v0.1.0
         │   │   │       │       ├── quantos-evidence v0.1.0
         │   │   │       │       ├── quantos-execution v0.1.0
         │   │   │       │       │   ├── execution-gateway v0.1.0
         │   │   │       │       │   ├── quantos-evidence v0.1.0 (*)
         │   │   │       │       │   └── quantos-reconcile v0.1.0
         │   │   │       │       ├── quantos-observability v0.1.0
         │   │   │       │       │   ├── capacity-monitor v0.1.0
         │   │   │       │       │   ├── execution-gateway v0.1.0 (*)
         │   │   │       │       │   ├── market-ingestor v0.1.0
         │   │   │       │       │   ├── portfolio-rebuild v0.1.0
         │   │   │       │       │   ├── replay-cli v0.1.0
         │   │   │       │       │   └── runtime-gateway v0.1.0
         │   │   │       │       └── runtime-gateway v0.1.0 (*)
         │   │   │       └── quantos-proto v0.1.0
         │   │   │           ├── quantos-engine-manager v0.1.0 (*)
         │   │   │           └── quantos-runtime v0.1.0 (*)
         │   │   ├── hyper-rustls v0.27.9
         │   │   │   └── reqwest v0.13.4
         │   │   │       └── quantos-storage v0.1.0
         │   │   │           ├── (dev) quantos-evidence v0.1.0 (*)
         │   │   │           ├── (dev) quantos-execution v0.1.0 (*)
         │   │   │           ├── quantos-observability v0.1.0 (*)
         │   │   │           ├── quantos-runtime v0.1.0 (*)
         │   │   │           └── quantos-strategy v0.1.0
         │   │   │               └── quantos-risk v0.1.0
         │   │   │                   ├── quantos-evidence v0.1.0 (*)
         │   │   │                   └── quantos-execution v0.1.0 (*)
         │   │   ├── hyper-timeout v0.5.2
         │   │   │   └── tonic v0.12.3 (*)
         │   │   ├── hyper-util v0.1.20
         │   │   │   ├── axum v0.7.9 (*)
         │   │   │   ├── hyper-rustls v0.27.9 (*)
         │   │   │   ├── hyper-timeout v0.5.2 (*)
         │   │   │   ├── quantos-engine-manager v0.1.0 (*)
         │   │   │   ├── reqwest v0.13.4 (*)
         │   │   │   └── tonic v0.12.3 (*)
         │   │   ├── reqwest v0.13.4 (*)
         │   │   └── tonic v0.12.3 (*)
         │   └── tonic v0.12.3 (*)
         └── petgraph v0.7.1
             └── prost-build v0.13.5
                 └── (build) pbjson-types v0.7.0
                     ├── (dev) quantos-engine-manager v0.1.0 (*)
                     ├── quantos-proto v0.1.0 (*)
                     └── quantos-runtime v0.1.0 (*)

warning[duplicate]: found 2 duplicate entries for crate 'indexmap'
    ┌─ /Users/anray/Documents/project/SumAlpha/QuantOS/Cargo.lock:102:1
    │
102 │ ╭ indexmap 1.9.3 registry+https://github.com/rust-lang/crates.io-index
103 │ │ indexmap 2.14.0 registry+https://github.com/rust-lang/crates.io-index
    │ ╰─────────────────────────────────────────────────────────────────────┘ lock entries
    │
    ├ indexmap v1.9.3
      └── tower v0.4.13
          └── tonic v0.12.3
              ├── quantos-engine-manager v0.1.0
              │   └── quantos-runtime v0.1.0
              │       ├── quantos-evidence v0.1.0
              │       ├── quantos-execution v0.1.0
              │       │   ├── execution-gateway v0.1.0
              │       │   ├── quantos-evidence v0.1.0 (*)
              │       │   └── quantos-reconcile v0.1.0
              │       ├── quantos-observability v0.1.0
              │       │   ├── capacity-monitor v0.1.0
              │       │   ├── execution-gateway v0.1.0 (*)
              │       │   ├── market-ingestor v0.1.0
              │       │   ├── portfolio-rebuild v0.1.0
              │       │   ├── replay-cli v0.1.0
              │       │   └── runtime-gateway v0.1.0
              │       └── runtime-gateway v0.1.0 (*)
              └── quantos-proto v0.1.0
                  ├── quantos-engine-manager v0.1.0 (*)
                  └── quantos-runtime v0.1.0 (*)
    ├ indexmap v2.14.0
      ├── h2 v0.4.16
      │   ├── hyper v1.11.0
      │   │   ├── axum v0.7.9
      │   │   │   ├── bff-gateway v0.1.0
      │   │   │   └── tonic v0.12.3
      │   │   │       ├── quantos-engine-manager v0.1.0
      │   │   │       │   └── quantos-runtime v0.1.0
      │   │   │       │       ├── quantos-evidence v0.1.0
      │   │   │       │       ├── quantos-execution v0.1.0
      │   │   │       │       │   ├── execution-gateway v0.1.0
      │   │   │       │       │   ├── quantos-evidence v0.1.0 (*)
      │   │   │       │       │   └── quantos-reconcile v0.1.0
      │   │   │       │       ├── quantos-observability v0.1.0
      │   │   │       │       │   ├── capacity-monitor v0.1.0
      │   │   │       │       │   ├── execution-gateway v0.1.0 (*)
      │   │   │       │       │   ├── market-ingestor v0.1.0
      │   │   │       │       │   ├── portfolio-rebuild v0.1.0
      │   │   │       │       │   ├── replay-cli v0.1.0
      │   │   │       │       │   └── runtime-gateway v0.1.0
      │   │   │       │       └── runtime-gateway v0.1.0 (*)
      │   │   │       └── quantos-proto v0.1.0
      │   │   │           ├── quantos-engine-manager v0.1.0 (*)
      │   │   │           └── quantos-runtime v0.1.0 (*)
      │   │   ├── hyper-rustls v0.27.9
      │   │   │   └── reqwest v0.13.4
      │   │   │       └── quantos-storage v0.1.0
      │   │   │           ├── (dev) quantos-evidence v0.1.0 (*)
      │   │   │           ├── (dev) quantos-execution v0.1.0 (*)
      │   │   │           ├── quantos-observability v0.1.0 (*)
      │   │   │           ├── quantos-runtime v0.1.0 (*)
      │   │   │           └── quantos-strategy v0.1.0
      │   │   │               └── quantos-risk v0.1.0
      │   │   │                   ├── quantos-evidence v0.1.0 (*)
      │   │   │                   └── quantos-execution v0.1.0 (*)
      │   │   ├── hyper-timeout v0.5.2
      │   │   │   └── tonic v0.12.3 (*)
      │   │   ├── hyper-util v0.1.20
      │   │   │   ├── axum v0.7.9 (*)
      │   │   │   ├── hyper-rustls v0.27.9 (*)
      │   │   │   ├── hyper-timeout v0.5.2 (*)
      │   │   │   ├── quantos-engine-manager v0.1.0 (*)
      │   │   │   ├── reqwest v0.13.4 (*)
      │   │   │   └── tonic v0.12.3 (*)
      │   │   ├── reqwest v0.13.4 (*)
      │   │   └── tonic v0.12.3 (*)
      │   └── tonic v0.12.3 (*)
      └── petgraph v0.7.1
          └── prost-build v0.13.5
              └── (build) pbjson-types v0.7.0
                  ├── (dev) quantos-engine-manager v0.1.0 (*)
                  ├── quantos-proto v0.1.0 (*)
                  └── quantos-runtime v0.1.0 (*)

warning[duplicate]: found 2 duplicate entries for crate 'itertools'
    ┌─ /Users/anray/Documents/project/SumAlpha/QuantOS/Cargo.lock:106:1
    │
106 │ ╭ itertools 0.13.0 registry+https://github.com/rust-lang/crates.io-index
107 │ │ itertools 0.14.0 registry+https://github.com/rust-lang/crates.io-index
    │ ╰──────────────────────────────────────────────────────────────────────┘ lock entries
    │
    ├ itertools v0.13.0
      └── pbjson-build v0.7.0
          └── (build) pbjson-types v0.7.0
              ├── (dev) quantos-engine-manager v0.1.0
              │   └── quantos-runtime v0.1.0
              │       ├── quantos-evidence v0.1.0
              │       ├── quantos-execution v0.1.0
              │       │   ├── execution-gateway v0.1.0
              │       │   ├── quantos-evidence v0.1.0 (*)
              │       │   └── quantos-reconcile v0.1.0
              │       ├── quantos-observability v0.1.0
              │       │   ├── capacity-monitor v0.1.0
              │       │   ├── execution-gateway v0.1.0 (*)
              │       │   ├── market-ingestor v0.1.0
              │       │   ├── portfolio-rebuild v0.1.0
              │       │   ├── replay-cli v0.1.0
              │       │   └── runtime-gateway v0.1.0
              │       └── runtime-gateway v0.1.0 (*)
              ├── quantos-proto v0.1.0
              │   ├── quantos-engine-manager v0.1.0 (*)
              │   └── quantos-runtime v0.1.0 (*)
              └── quantos-runtime v0.1.0 (*)
    ├ itertools v0.14.0
      ├── prost-build v0.13.5
      │   └── (build) pbjson-types v0.7.0
      │       ├── (dev) quantos-engine-manager v0.1.0
      │       │   └── quantos-runtime v0.1.0
      │       │       ├── quantos-evidence v0.1.0
      │       │       ├── quantos-execution v0.1.0
      │       │       │   ├── execution-gateway v0.1.0
      │       │       │   ├── quantos-evidence v0.1.0 (*)
      │       │       │   └── quantos-reconcile v0.1.0
      │       │       ├── quantos-observability v0.1.0
      │       │       │   ├── capacity-monitor v0.1.0
      │       │       │   ├── execution-gateway v0.1.0 (*)
      │       │       │   ├── market-ingestor v0.1.0
      │       │       │   ├── portfolio-rebuild v0.1.0
      │       │       │   ├── replay-cli v0.1.0
      │       │       │   └── runtime-gateway v0.1.0
      │       │       └── runtime-gateway v0.1.0 (*)
      │       ├── quantos-proto v0.1.0
      │       │   ├── quantos-engine-manager v0.1.0 (*)
      │       │   └── quantos-runtime v0.1.0 (*)
      │       └── quantos-runtime v0.1.0 (*)
      └── prost-derive v0.13.5
          └── prost v0.13.5
              ├── pbjson-build v0.7.0
              │   └── (build) pbjson-types v0.7.0 (*)
              ├── pbjson-types v0.7.0 (*)
              ├── prost-build v0.13.5 (*)
              ├── prost-types v0.13.5
              │   ├── pbjson-build v0.7.0 (*)
              │   └── prost-build v0.13.5 (*)
              ├── quantos-proto v0.1.0 (*)
              └── tonic v0.12.3
                  ├── quantos-engine-manager v0.1.0 (*)
                  └── quantos-proto v0.1.0 (*)

warning[duplicate]: found 2 duplicate entries for crate 'rand'
    ┌─ /Users/anray/Documents/project/SumAlpha/QuantOS/Cargo.lock:182:1
    │
182 │ ╭ rand 0.8.7 registry+https://github.com/rust-lang/crates.io-index
183 │ │ rand 0.10.2 registry+https://github.com/rust-lang/crates.io-index
    │ ╰─────────────────────────────────────────────────────────────────┘ lock entries
    │
    ├ rand v0.8.7
      └── tower v0.4.13
          └── tonic v0.12.3
              ├── quantos-engine-manager v0.1.0
              │   └── quantos-runtime v0.1.0
              │       ├── quantos-evidence v0.1.0
              │       ├── quantos-execution v0.1.0
              │       │   ├── execution-gateway v0.1.0
              │       │   ├── quantos-evidence v0.1.0 (*)
              │       │   └── quantos-reconcile v0.1.0
              │       ├── quantos-observability v0.1.0
              │       │   ├── capacity-monitor v0.1.0
              │       │   ├── execution-gateway v0.1.0 (*)
              │       │   ├── market-ingestor v0.1.0
              │       │   ├── portfolio-rebuild v0.1.0
              │       │   ├── replay-cli v0.1.0
              │       │   └── runtime-gateway v0.1.0
              │       └── runtime-gateway v0.1.0 (*)
              └── quantos-proto v0.1.0
                  ├── quantos-engine-manager v0.1.0 (*)
                  └── quantos-runtime v0.1.0 (*)
    ├ rand v0.10.2
      ├── postgres-protocol v0.6.12
      │   ├── postgres-types v0.2.14
      │   │   └── tokio-postgres v0.7.18
      │   │       ├── postgres v0.19.14
      │   │       │   ├── quantos-auth v0.1.0
      │   │       │   │   ├── quantos-observability v0.1.0
      │   │       │   │   │   ├── capacity-monitor v0.1.0
      │   │       │   │   │   ├── execution-gateway v0.1.0
      │   │       │   │   │   ├── market-ingestor v0.1.0
      │   │       │   │   │   ├── portfolio-rebuild v0.1.0
      │   │       │   │   │   ├── replay-cli v0.1.0
      │   │       │   │   │   └── runtime-gateway v0.1.0
      │   │       │   │   ├── quantos-runtime v0.1.0
      │   │       │   │   │   ├── quantos-evidence v0.1.0
      │   │       │   │   │   ├── quantos-execution v0.1.0
      │   │       │   │   │   │   ├── execution-gateway v0.1.0 (*)
      │   │       │   │   │   │   ├── quantos-evidence v0.1.0 (*)
      │   │       │   │   │   │   └── quantos-reconcile v0.1.0
      │   │       │   │   │   ├── quantos-observability v0.1.0 (*)
      │   │       │   │   │   └── runtime-gateway v0.1.0 (*)
      │   │       │   │   ├── quantos-strategy v0.1.0
      │   │       │   │   │   └── quantos-risk v0.1.0
      │   │       │   │   │       ├── quantos-evidence v0.1.0 (*)
      │   │       │   │   │       └── quantos-execution v0.1.0 (*)
      │   │       │   │   └── runtime-gateway v0.1.0 (*)
      │   │       │   ├── quantos-event v0.1.0
      │   │       │   │   ├── market-ingestor v0.1.0 (*)
      │   │       │   │   ├── quantos-market v0.1.0
      │   │       │   │   │   └── market-ingestor v0.1.0 (*)
      │   │       │   │   ├── quantos-observability v0.1.0 (*)
      │   │       │   │   └── replay-cli v0.1.0 (*)
      │   │       │   ├── quantos-observability v0.1.0 (*)
      │   │       │   ├── quantos-portfolio v0.1.0
      │   │       │   │   ├── portfolio-rebuild v0.1.0 (*)
      │   │       │   │   ├── quantos-evidence v0.1.0 (*)
      │   │       │   │   ├── quantos-reconcile v0.1.0 (*)
      │   │       │   │   └── quantos-risk v0.1.0 (*)
      │   │       │   ├── quantos-runtime v0.1.0 (*)
      │   │       │   ├── quantos-storage v0.1.0
      │   │       │   │   ├── (dev) quantos-evidence v0.1.0 (*)
      │   │       │   │   ├── (dev) quantos-execution v0.1.0 (*)
      │   │       │   │   ├── quantos-observability v0.1.0 (*)
      │   │       │   │   ├── quantos-runtime v0.1.0 (*)
      │   │       │   │   └── quantos-strategy v0.1.0 (*)
      │   │       │   ├── quantos-strategy v0.1.0 (*)
      │   │       │   └── replay-cli v0.1.0 (*)
      │   │       └── postgres-native-tls v0.5.3
      │   │           ├── quantos-auth v0.1.0 (*)
      │   │           ├── quantos-event v0.1.0 (*)
      │   │           ├── quantos-observability v0.1.0 (*)
      │   │           ├── quantos-portfolio v0.1.0 (*)
      │   │           ├── quantos-runtime v0.1.0 (*)
      │   │           ├── quantos-storage v0.1.0 (*)
      │   │           └── quantos-strategy v0.1.0 (*)
      │   └── tokio-postgres v0.7.18 (*)
      └── tokio-postgres v0.7.18 (*)

warning[duplicate]: found 2 duplicate entries for crate 'rand_core'
    ┌─ /Users/anray/Documents/project/SumAlpha/QuantOS/Cargo.lock:185:1
    │
185 │ ╭ rand_core 0.6.4 registry+https://github.com/rust-lang/crates.io-index
186 │ │ rand_core 0.10.1 registry+https://github.com/rust-lang/crates.io-index
    │ ╰──────────────────────────────────────────────────────────────────────┘ lock entries
    │
    ├ rand_core v0.6.4
      ├── rand v0.8.7
      │   └── tower v0.4.13
      │       └── tonic v0.12.3
      │           ├── quantos-engine-manager v0.1.0
      │           │   └── quantos-runtime v0.1.0
      │           │       ├── quantos-evidence v0.1.0
      │           │       ├── quantos-execution v0.1.0
      │           │       │   ├── execution-gateway v0.1.0
      │           │       │   ├── quantos-evidence v0.1.0 (*)
      │           │       │   └── quantos-reconcile v0.1.0
      │           │       ├── quantos-observability v0.1.0
      │           │       │   ├── capacity-monitor v0.1.0
      │           │       │   ├── execution-gateway v0.1.0 (*)
      │           │       │   ├── market-ingestor v0.1.0
      │           │       │   ├── portfolio-rebuild v0.1.0
      │           │       │   ├── replay-cli v0.1.0
      │           │       │   └── runtime-gateway v0.1.0
      │           │       └── runtime-gateway v0.1.0 (*)
      │           └── quantos-proto v0.1.0
      │               ├── quantos-engine-manager v0.1.0 (*)
      │               └── quantos-runtime v0.1.0 (*)
      └── rand_chacha v0.3.1
          └── rand v0.8.7 (*)
    ├ rand_core v0.10.1
      ├── chacha20 v0.10.1
      │   └── rand v0.10.2
      │       ├── postgres-protocol v0.6.12
      │       │   ├── postgres-types v0.2.14
      │       │   │   └── tokio-postgres v0.7.18
      │       │   │       ├── postgres v0.19.14
      │       │   │       │   ├── quantos-auth v0.1.0
      │       │   │       │   │   ├── quantos-observability v0.1.0
      │       │   │       │   │   │   ├── capacity-monitor v0.1.0
      │       │   │       │   │   │   ├── execution-gateway v0.1.0
      │       │   │       │   │   │   ├── market-ingestor v0.1.0
      │       │   │       │   │   │   ├── portfolio-rebuild v0.1.0
      │       │   │       │   │   │   ├── replay-cli v0.1.0
      │       │   │       │   │   │   └── runtime-gateway v0.1.0
      │       │   │       │   │   ├── quantos-runtime v0.1.0
      │       │   │       │   │   │   ├── quantos-evidence v0.1.0
      │       │   │       │   │   │   ├── quantos-execution v0.1.0
      │       │   │       │   │   │   │   ├── execution-gateway v0.1.0 (*)
      │       │   │       │   │   │   │   ├── quantos-evidence v0.1.0 (*)
      │       │   │       │   │   │   │   └── quantos-reconcile v0.1.0
      │       │   │       │   │   │   ├── quantos-observability v0.1.0 (*)
      │       │   │       │   │   │   └── runtime-gateway v0.1.0 (*)
      │       │   │       │   │   ├── quantos-strategy v0.1.0
      │       │   │       │   │   │   └── quantos-risk v0.1.0
      │       │   │       │   │   │       ├── quantos-evidence v0.1.0 (*)
      │       │   │       │   │   │       └── quantos-execution v0.1.0 (*)
      │       │   │       │   │   └── runtime-gateway v0.1.0 (*)
      │       │   │       │   ├── quantos-event v0.1.0
      │       │   │       │   │   ├── market-ingestor v0.1.0 (*)
      │       │   │       │   │   ├── quantos-market v0.1.0
      │       │   │       │   │   │   └── market-ingestor v0.1.0 (*)
      │       │   │       │   │   ├── quantos-observability v0.1.0 (*)
      │       │   │       │   │   └── replay-cli v0.1.0 (*)
      │       │   │       │   ├── quantos-observability v0.1.0 (*)
      │       │   │       │   ├── quantos-portfolio v0.1.0
      │       │   │       │   │   ├── portfolio-rebuild v0.1.0 (*)
      │       │   │       │   │   ├── quantos-evidence v0.1.0 (*)
      │       │   │       │   │   ├── quantos-reconcile v0.1.0 (*)
      │       │   │       │   │   └── quantos-risk v0.1.0 (*)
      │       │   │       │   ├── quantos-runtime v0.1.0 (*)
      │       │   │       │   ├── quantos-storage v0.1.0
      │       │   │       │   │   ├── (dev) quantos-evidence v0.1.0 (*)
      │       │   │       │   │   ├── (dev) quantos-execution v0.1.0 (*)
      │       │   │       │   │   ├── quantos-observability v0.1.0 (*)
      │       │   │       │   │   ├── quantos-runtime v0.1.0 (*)
      │       │   │       │   │   └── quantos-strategy v0.1.0 (*)
      │       │   │       │   ├── quantos-strategy v0.1.0 (*)
      │       │   │       │   └── replay-cli v0.1.0 (*)
      │       │   │       └── postgres-native-tls v0.5.3
      │       │   │           ├── quantos-auth v0.1.0 (*)
      │       │   │           ├── quantos-event v0.1.0 (*)
      │       │   │           ├── quantos-observability v0.1.0 (*)
      │       │   │           ├── quantos-portfolio v0.1.0 (*)
      │       │   │           ├── quantos-runtime v0.1.0 (*)
      │       │   │           ├── quantos-storage v0.1.0 (*)
      │       │   │           └── quantos-strategy v0.1.0 (*)
      │       │   └── tokio-postgres v0.7.18 (*)
      │       └── tokio-postgres v0.7.18 (*)
      ├── getrandom v0.4.3
      │   ├── jobserver v0.1.35
      │   │   └── cc v1.4.0
      │   │       ├── (build) aws-lc-sys v0.44.0
      │   │       │   └── aws-lc-rs v1.18.0
      │   │       │       ├── rustls v0.23.45
      │   │       │       │   ├── hyper-rustls v0.27.9
      │   │       │       │   │   └── reqwest v0.13.4
      │   │       │       │   │       └── quantos-storage v0.1.0 (*)
      │   │       │       │   ├── reqwest v0.13.4 (*)
      │   │       │       │   ├── rustls-platform-verifier v0.7.0
      │   │       │       │   │   └── reqwest v0.13.4 (*)
      │   │       │       │   └── tokio-rustls v0.26.4
      │   │       │       │       ├── hyper-rustls v0.27.9 (*)
      │   │       │       │       └── reqwest v0.13.4 (*)
      │   │       │       └── rustls-webpki v0.103.14
      │   │       │           ├── rustls v0.23.45 (*)
      │   │       │           └── rustls-platform-verifier v0.7.0 (*)
      │   │       ├── cmake v0.1.58
      │   │       │   └── (build) aws-lc-sys v0.44.0 (*)
      │   │       ├── (build) iana-time-zone-haiku v0.1.2
      │   │       │   └── iana-time-zone v0.1.65
      │   │       │       └── chrono v0.4.45
      │   │       │           ├── bff-gateway v0.1.0
      │   │       │           ├── capacity-monitor v0.1.0 (*)
      │   │       │           ├── pbjson-types v0.7.0
      │   │       │           │   ├── (dev) quantos-engine-manager v0.1.0
      │   │       │           │   │   └── quantos-runtime v0.1.0 (*)
      │   │       │           │   ├── quantos-proto v0.1.0
      │   │       │           │   │   ├── quantos-engine-manager v0.1.0 (*)
      │   │       │           │   │   └── quantos-runtime v0.1.0 (*)
      │   │       │           │   └── quantos-runtime v0.1.0 (*)
      │   │       │           ├── postgres-types v0.2.14 (*)
      │   │       │           ├── quantos-auth v0.1.0 (*)
      │   │       │           ├── quantos-core v0.1.0
      │   │       │           │   ├── execution-gateway v0.1.0 (*)
      │   │       │           │   ├── market-ingestor v0.1.0 (*)
      │   │       │           │   ├── portfolio-rebuild v0.1.0 (*)
      │   │       │           │   ├── quantos-auth v0.1.0 (*)
      │   │       │           │   ├── quantos-event v0.1.0 (*)
      │   │       │           │   ├── quantos-evidence v0.1.0 (*)
      │   │       │           │   ├── quantos-execution v0.1.0 (*)
      │   │       │           │   ├── quantos-market v0.1.0 (*)
      │   │       │           │   ├── quantos-observability v0.1.0 (*)
      │   │       │           │   ├── quantos-policy v0.1.0
      │   │       │           │   │   ├── quantos-auth v0.1.0 (*)
      │   │       │           │   │   ├── quantos-observability v0.1.0 (*)
      │   │       │           │   │   ├── quantos-runtime v0.1.0 (*)
      │   │       │           │   │   ├── quantos-strategy v0.1.0 (*)
      │   │       │           │   │   └── runtime-gateway v0.1.0 (*)
      │   │       │           │   ├── quantos-portfolio v0.1.0 (*)
      │   │       │           │   ├── quantos-reconcile v0.1.0 (*)
      │   │       │           │   ├── quantos-risk v0.1.0 (*)
      │   │       │           │   ├── quantos-runtime v0.1.0 (*)
      │   │       │           │   ├── quantos-storage v0.1.0 (*)
      │   │       │           │   ├── quantos-strategy v0.1.0 (*)
      │   │       │           │   ├── replay-cli v0.1.0 (*)
      │   │       │           │   └── runtime-gateway v0.1.0 (*)
      │   │       │           ├── quantos-engine-manager v0.1.0 (*)
      │   │       │           ├── quantos-event v0.1.0 (*)
      │   │       │           ├── quantos-evidence v0.1.0 (*)
      │   │       │           ├── quantos-execution v0.1.0 (*)
      │   │       │           ├── quantos-market v0.1.0 (*)
      │   │       │           ├── quantos-observability v0.1.0 (*)
      │   │       │           ├── quantos-portfolio v0.1.0 (*)
      │   │       │           ├── quantos-reconcile v0.1.0 (*)
      │   │       │           ├── quantos-risk v0.1.0 (*)
      │   │       │           ├── quantos-runtime v0.1.0 (*)
      │   │       │           ├── quantos-storage v0.1.0 (*)
      │   │       │           └── quantos-strategy v0.1.0 (*)
      │   │       └── (build) openssl-sys v0.9.117
      │   │           ├── native-tls v0.2.18
      │   │           │   ├── postgres-native-tls v0.5.3 (*)
      │   │           │   ├── quantos-auth v0.1.0 (*)
      │   │           │   ├── quantos-event v0.1.0 (*)
      │   │           │   ├── quantos-observability v0.1.0 (*)
      │   │           │   ├── quantos-portfolio v0.1.0 (*)
      │   │           │   ├── quantos-runtime v0.1.0 (*)
      │   │           │   ├── quantos-storage v0.1.0 (*)
      │   │           │   ├── quantos-strategy v0.1.0 (*)
      │   │           │   └── tokio-native-tls v0.3.1
      │   │           │       └── postgres-native-tls v0.5.3 (*)
      │   │           └── openssl v0.10.81
      │   │               └── native-tls v0.2.18 (*)
      │   ├── rand v0.10.2 (*)
      │   ├── tempfile v3.27.0
      │   │   ├── native-tls v0.2.18 (*)
      │   │   ├── prost-build v0.13.5
      │   │   │   └── (build) pbjson-types v0.7.0 (*)
      │   │   ├── (dev) quantos-engine-manager v0.1.0 (*)
      │   │   └── (dev) quantos-runtime v0.1.0 (*)
      │   └── uuid v1.24.0
      │       ├── bff-gateway v0.1.0 (*)
      │       ├── portfolio-rebuild v0.1.0 (*)
      │       ├── postgres-types v0.2.14 (*)
      │       ├── quantos-auth v0.1.0 (*)
      │       ├── quantos-core v0.1.0 (*)
      │       ├── (dev) quantos-engine-manager v0.1.0 (*)
      │       ├── quantos-event v0.1.0 (*)
      │       ├── (dev) quantos-evidence v0.1.0 (*)
      │       ├── (dev) quantos-observability v0.1.0 (*)
      │       ├── quantos-portfolio v0.1.0 (*)
      │       ├── quantos-runtime v0.1.0 (*)
      │       ├── quantos-storage v0.1.0 (*)
      │       └── quantos-strategy v0.1.0 (*)
      └── rand v0.10.2 (*)

warning[duplicate]: found 2 duplicate entries for crate 'sha2'
    ┌─ /Users/anray/Documents/project/SumAlpha/QuantOS/Cargo.lock:217:1
    │
217 │ ╭ sha2 0.10.9 registry+https://github.com/rust-lang/crates.io-index
218 │ │ sha2 0.11.0 registry+https://github.com/rust-lang/crates.io-index
    │ ╰─────────────────────────────────────────────────────────────────┘ lock entries
    │
    ├ sha2 v0.10.9
      └── quantos-core v0.1.0
          ├── execution-gateway v0.1.0
          ├── market-ingestor v0.1.0
          ├── portfolio-rebuild v0.1.0
          ├── quantos-auth v0.1.0
          │   ├── quantos-observability v0.1.0
          │   │   ├── capacity-monitor v0.1.0
          │   │   ├── execution-gateway v0.1.0 (*)
          │   │   ├── market-ingestor v0.1.0 (*)
          │   │   ├── portfolio-rebuild v0.1.0 (*)
          │   │   ├── replay-cli v0.1.0
          │   │   └── runtime-gateway v0.1.0
          │   ├── quantos-runtime v0.1.0
          │   │   ├── quantos-evidence v0.1.0
          │   │   ├── quantos-execution v0.1.0
          │   │   │   ├── execution-gateway v0.1.0 (*)
          │   │   │   ├── quantos-evidence v0.1.0 (*)
          │   │   │   └── quantos-reconcile v0.1.0
          │   │   ├── quantos-observability v0.1.0 (*)
          │   │   └── runtime-gateway v0.1.0 (*)
          │   ├── quantos-strategy v0.1.0
          │   │   └── quantos-risk v0.1.0
          │   │       ├── quantos-evidence v0.1.0 (*)
          │   │       └── quantos-execution v0.1.0 (*)
          │   └── runtime-gateway v0.1.0 (*)
          ├── quantos-event v0.1.0
          │   ├── market-ingestor v0.1.0 (*)
          │   ├── quantos-market v0.1.0
          │   │   └── market-ingestor v0.1.0 (*)
          │   ├── quantos-observability v0.1.0 (*)
          │   └── replay-cli v0.1.0 (*)
          ├── quantos-evidence v0.1.0 (*)
          ├── quantos-execution v0.1.0 (*)
          ├── quantos-market v0.1.0 (*)
          ├── quantos-observability v0.1.0 (*)
          ├── quantos-policy v0.1.0
          │   ├── quantos-auth v0.1.0 (*)
          │   ├── quantos-observability v0.1.0 (*)
          │   ├── quantos-runtime v0.1.0 (*)
          │   ├── quantos-strategy v0.1.0 (*)
          │   └── runtime-gateway v0.1.0 (*)
          ├── quantos-portfolio v0.1.0
          │   ├── portfolio-rebuild v0.1.0 (*)
          │   ├── quantos-evidence v0.1.0 (*)
          │   ├── quantos-reconcile v0.1.0 (*)
          │   └── quantos-risk v0.1.0 (*)
          ├── quantos-reconcile v0.1.0 (*)
          ├── quantos-risk v0.1.0 (*)
          ├── quantos-runtime v0.1.0 (*)
          ├── quantos-storage v0.1.0
          │   ├── (dev) quantos-evidence v0.1.0 (*)
          │   ├── (dev) quantos-execution v0.1.0 (*)
          │   ├── quantos-observability v0.1.0 (*)
          │   ├── quantos-runtime v0.1.0 (*)
          │   └── quantos-strategy v0.1.0 (*)
          ├── quantos-strategy v0.1.0 (*)
          ├── replay-cli v0.1.0 (*)
          └── runtime-gateway v0.1.0 (*)
    ├ sha2 v0.11.0
      └── postgres-protocol v0.6.12
          ├── postgres-types v0.2.14
          │   └── tokio-postgres v0.7.18
          │       ├── postgres v0.19.14
          │       │   ├── quantos-auth v0.1.0
          │       │   │   ├── quantos-observability v0.1.0
          │       │   │   │   ├── capacity-monitor v0.1.0
          │       │   │   │   ├── execution-gateway v0.1.0
          │       │   │   │   ├── market-ingestor v0.1.0
          │       │   │   │   ├── portfolio-rebuild v0.1.0
          │       │   │   │   ├── replay-cli v0.1.0
          │       │   │   │   └── runtime-gateway v0.1.0
          │       │   │   ├── quantos-runtime v0.1.0
          │       │   │   │   ├── quantos-evidence v0.1.0
          │       │   │   │   ├── quantos-execution v0.1.0
          │       │   │   │   │   ├── execution-gateway v0.1.0 (*)
          │       │   │   │   │   ├── quantos-evidence v0.1.0 (*)
          │       │   │   │   │   └── quantos-reconcile v0.1.0
          │       │   │   │   ├── quantos-observability v0.1.0 (*)
          │       │   │   │   └── runtime-gateway v0.1.0 (*)
          │       │   │   ├── quantos-strategy v0.1.0
          │       │   │   │   └── quantos-risk v0.1.0
          │       │   │   │       ├── quantos-evidence v0.1.0 (*)
          │       │   │   │       └── quantos-execution v0.1.0 (*)
          │       │   │   └── runtime-gateway v0.1.0 (*)
          │       │   ├── quantos-event v0.1.0
          │       │   │   ├── market-ingestor v0.1.0 (*)
          │       │   │   ├── quantos-market v0.1.0
          │       │   │   │   └── market-ingestor v0.1.0 (*)
          │       │   │   ├── quantos-observability v0.1.0 (*)
          │       │   │   └── replay-cli v0.1.0 (*)
          │       │   ├── quantos-observability v0.1.0 (*)
          │       │   ├── quantos-portfolio v0.1.0
          │       │   │   ├── portfolio-rebuild v0.1.0 (*)
          │       │   │   ├── quantos-evidence v0.1.0 (*)
          │       │   │   ├── quantos-reconcile v0.1.0 (*)
          │       │   │   └── quantos-risk v0.1.0 (*)
          │       │   ├── quantos-runtime v0.1.0 (*)
          │       │   ├── quantos-storage v0.1.0
          │       │   │   ├── (dev) quantos-evidence v0.1.0 (*)
          │       │   │   ├── (dev) quantos-execution v0.1.0 (*)
          │       │   │   ├── quantos-observability v0.1.0 (*)
          │       │   │   ├── quantos-runtime v0.1.0 (*)
          │       │   │   └── quantos-strategy v0.1.0 (*)
          │       │   ├── quantos-strategy v0.1.0 (*)
          │       │   └── replay-cli v0.1.0 (*)
          │       └── postgres-native-tls v0.5.3
          │           ├── quantos-auth v0.1.0 (*)
          │           ├── quantos-event v0.1.0 (*)
          │           ├── quantos-observability v0.1.0 (*)
          │           ├── quantos-portfolio v0.1.0 (*)
          │           ├── quantos-runtime v0.1.0 (*)
          │           ├── quantos-storage v0.1.0 (*)
          │           └── quantos-strategy v0.1.0 (*)
          └── tokio-postgres v0.7.18 (*)

warning[duplicate]: found 2 duplicate entries for crate 'socket2'
    ┌─ /Users/anray/Documents/project/SumAlpha/QuantOS/Cargo.lock:226:1
    │
226 │ ╭ socket2 0.5.10 registry+https://github.com/rust-lang/crates.io-index
227 │ │ socket2 0.6.5 registry+https://github.com/rust-lang/crates.io-index
    │ ╰───────────────────────────────────────────────────────────────────┘ lock entries
    │
    ├ socket2 v0.5.10
      └── tonic v0.12.3
          ├── quantos-engine-manager v0.1.0
          │   └── quantos-runtime v0.1.0
          │       ├── quantos-evidence v0.1.0
          │       ├── quantos-execution v0.1.0
          │       │   ├── execution-gateway v0.1.0
          │       │   ├── quantos-evidence v0.1.0 (*)
          │       │   └── quantos-reconcile v0.1.0
          │       ├── quantos-observability v0.1.0
          │       │   ├── capacity-monitor v0.1.0
          │       │   ├── execution-gateway v0.1.0 (*)
          │       │   ├── market-ingestor v0.1.0
          │       │   ├── portfolio-rebuild v0.1.0
          │       │   ├── replay-cli v0.1.0
          │       │   └── runtime-gateway v0.1.0
          │       └── runtime-gateway v0.1.0 (*)
          └── quantos-proto v0.1.0
              ├── quantos-engine-manager v0.1.0 (*)
              └── quantos-runtime v0.1.0 (*)
    ├ socket2 v0.6.5
      ├── hyper-util v0.1.20
      │   ├── axum v0.7.9
      │   │   ├── bff-gateway v0.1.0
      │   │   └── tonic v0.12.3
      │   │       ├── quantos-engine-manager v0.1.0
      │   │       │   └── quantos-runtime v0.1.0
      │   │       │       ├── quantos-evidence v0.1.0
      │   │       │       ├── quantos-execution v0.1.0
      │   │       │       │   ├── execution-gateway v0.1.0
      │   │       │       │   ├── quantos-evidence v0.1.0 (*)
      │   │       │       │   └── quantos-reconcile v0.1.0
      │   │       │       ├── quantos-observability v0.1.0
      │   │       │       │   ├── capacity-monitor v0.1.0
      │   │       │       │   ├── execution-gateway v0.1.0 (*)
      │   │       │       │   ├── market-ingestor v0.1.0
      │   │       │       │   ├── portfolio-rebuild v0.1.0
      │   │       │       │   ├── replay-cli v0.1.0
      │   │       │       │   └── runtime-gateway v0.1.0
      │   │       │       └── runtime-gateway v0.1.0 (*)
      │   │       └── quantos-proto v0.1.0
      │   │           ├── quantos-engine-manager v0.1.0 (*)
      │   │           └── quantos-runtime v0.1.0 (*)
      │   ├── hyper-rustls v0.27.9
      │   │   └── reqwest v0.13.4
      │   │       └── quantos-storage v0.1.0
      │   │           ├── (dev) quantos-evidence v0.1.0 (*)
      │   │           ├── (dev) quantos-execution v0.1.0 (*)
      │   │           ├── quantos-observability v0.1.0 (*)
      │   │           ├── quantos-runtime v0.1.0 (*)
      │   │           └── quantos-strategy v0.1.0
      │   │               └── quantos-risk v0.1.0
      │   │                   ├── quantos-evidence v0.1.0 (*)
      │   │                   └── quantos-execution v0.1.0 (*)
      │   ├── hyper-timeout v0.5.2
      │   │   └── tonic v0.12.3 (*)
      │   ├── quantos-engine-manager v0.1.0 (*)
      │   ├── reqwest v0.13.4 (*)
      │   └── tonic v0.12.3 (*)
      ├── tokio v1.53.1
      │   ├── axum v0.7.9 (*)
      │   ├── bff-gateway v0.1.0 (*)
      │   ├── h2 v0.4.16
      │   │   ├── hyper v1.11.0
      │   │   │   ├── axum v0.7.9 (*)
      │   │   │   ├── hyper-rustls v0.27.9 (*)
      │   │   │   ├── hyper-timeout v0.5.2 (*)
      │   │   │   ├── hyper-util v0.1.20 (*)
      │   │   │   ├── reqwest v0.13.4 (*)
      │   │   │   └── tonic v0.12.3 (*)
      │   │   └── tonic v0.12.3 (*)
      │   ├── hyper v1.11.0 (*)
      │   ├── hyper-rustls v0.27.9 (*)
      │   ├── hyper-timeout v0.5.2 (*)
      │   ├── hyper-util v0.1.20 (*)
      │   ├── postgres v0.19.14
      │   │   ├── quantos-auth v0.1.0
      │   │   │   ├── quantos-observability v0.1.0 (*)
      │   │   │   ├── quantos-runtime v0.1.0 (*)
      │   │   │   ├── quantos-strategy v0.1.0 (*)
      │   │   │   └── runtime-gateway v0.1.0 (*)
      │   │   ├── quantos-event v0.1.0
      │   │   │   ├── market-ingestor v0.1.0 (*)
      │   │   │   ├── quantos-market v0.1.0
      │   │   │   │   └── market-ingestor v0.1.0 (*)
      │   │   │   ├── quantos-observability v0.1.0 (*)
      │   │   │   └── replay-cli v0.1.0 (*)
      │   │   ├── quantos-observability v0.1.0 (*)
      │   │   ├── quantos-portfolio v0.1.0
      │   │   │   ├── portfolio-rebuild v0.1.0 (*)
      │   │   │   ├── quantos-evidence v0.1.0 (*)
      │   │   │   ├── quantos-reconcile v0.1.0 (*)
      │   │   │   └── quantos-risk v0.1.0 (*)
      │   │   ├── quantos-runtime v0.1.0 (*)
      │   │   ├── quantos-storage v0.1.0 (*)
      │   │   ├── quantos-strategy v0.1.0 (*)
      │   │   └── replay-cli v0.1.0 (*)
      │   ├── postgres-native-tls v0.5.3
      │   │   ├── quantos-auth v0.1.0 (*)
      │   │   ├── quantos-event v0.1.0 (*)
      │   │   ├── quantos-observability v0.1.0 (*)
      │   │   ├── quantos-portfolio v0.1.0 (*)
      │   │   ├── quantos-runtime v0.1.0 (*)
      │   │   ├── quantos-storage v0.1.0 (*)
      │   │   └── quantos-strategy v0.1.0 (*)
      │   ├── quantos-engine-manager v0.1.0 (*)
      │   ├── quantos-runtime v0.1.0 (*)
      │   ├── reqwest v0.13.4 (*)
      │   ├── tokio-native-tls v0.3.1
      │   │   └── postgres-native-tls v0.5.3 (*)
      │   ├── tokio-postgres v0.7.18
      │   │   ├── postgres v0.19.14 (*)
      │   │   └── postgres-native-tls v0.5.3 (*)
      │   ├── tokio-rustls v0.26.4
      │   │   ├── hyper-rustls v0.27.9 (*)
      │   │   └── reqwest v0.13.4 (*)
      │   ├── tokio-stream v0.1.19
      │   │   ├── quantos-engine-manager v0.1.0 (*)
      │   │   └── tonic v0.12.3 (*)
      │   ├── tokio-util v0.7.19
      │   │   ├── h2 v0.4.16 (*)
      │   │   ├── tokio-postgres v0.7.18 (*)
      │   │   └── tower v0.4.13
      │   │       └── tonic v0.12.3 (*)
      │   ├── tonic v0.12.3 (*)
      │   ├── tower v0.4.13 (*)
      │   └── tower v0.5.3
      │       ├── axum v0.7.9 (*)
      │       ├── bff-gateway v0.1.0 (*)
      │       ├── quantos-engine-manager v0.1.0 (*)
      │       ├── reqwest v0.13.4 (*)
      │       └── tower-http v0.6.11
      │           └── reqwest v0.13.4 (*)
      └── tokio-postgres v0.7.18 (*)

warning[duplicate]: found 2 duplicate entries for crate 'syn'
    ┌─ /Users/anray/Documents/project/SumAlpha/QuantOS/Cargo.lock:232:1
    │
232 │ ╭ syn 2.0.119 registry+https://github.com/rust-lang/crates.io-index
233 │ │ syn 3.0.3 registry+https://github.com/rust-lang/crates.io-index
    │ ╰───────────────────────────────────────────────────────────────┘ lock entries
    │
    ├ syn v2.0.119
      ├── async-stream-impl v0.3.6
      │   └── async-stream v0.3.6
      │       └── tonic v0.12.3
      │           ├── quantos-engine-manager v0.1.0
      │           │   └── quantos-runtime v0.1.0
      │           │       ├── quantos-evidence v0.1.0
      │           │       ├── quantos-execution v0.1.0
      │           │       │   ├── execution-gateway v0.1.0
      │           │       │   ├── quantos-evidence v0.1.0 (*)
      │           │       │   └── quantos-reconcile v0.1.0
      │           │       ├── quantos-observability v0.1.0
      │           │       │   ├── capacity-monitor v0.1.0
      │           │       │   ├── execution-gateway v0.1.0 (*)
      │           │       │   ├── market-ingestor v0.1.0
      │           │       │   ├── portfolio-rebuild v0.1.0
      │           │       │   ├── replay-cli v0.1.0
      │           │       │   └── runtime-gateway v0.1.0
      │           │       └── runtime-gateway v0.1.0 (*)
      │           └── quantos-proto v0.1.0
      │               ├── quantos-engine-manager v0.1.0 (*)
      │               └── quantos-runtime v0.1.0 (*)
      ├── displaydoc v0.2.6
      │   ├── icu_collections v2.2.0
      │   │   ├── icu_normalizer v2.2.0
      │   │   │   └── idna_adapter v1.2.2
      │   │   │       └── idna v1.1.0
      │   │   │           └── url v2.5.8
      │   │   │               ├── quantos-auth v0.1.0
      │   │   │               │   ├── quantos-observability v0.1.0 (*)
      │   │   │               │   ├── quantos-runtime v0.1.0 (*)
      │   │   │               │   ├── quantos-strategy v0.1.0
      │   │   │               │   │   └── quantos-risk v0.1.0
      │   │   │               │   │       ├── quantos-evidence v0.1.0 (*)
      │   │   │               │   │       └── quantos-execution v0.1.0 (*)
      │   │   │               │   └── runtime-gateway v0.1.0 (*)
      │   │   │               ├── quantos-event v0.1.0
      │   │   │               │   ├── market-ingestor v0.1.0 (*)
      │   │   │               │   ├── quantos-market v0.1.0
      │   │   │               │   │   └── market-ingestor v0.1.0 (*)
      │   │   │               │   ├── quantos-observability v0.1.0 (*)
      │   │   │               │   └── replay-cli v0.1.0 (*)
      │   │   │               ├── quantos-observability v0.1.0 (*)
      │   │   │               ├── quantos-portfolio v0.1.0
      │   │   │               │   ├── portfolio-rebuild v0.1.0 (*)
      │   │   │               │   ├── quantos-evidence v0.1.0 (*)
      │   │   │               │   ├── quantos-reconcile v0.1.0 (*)
      │   │   │               │   └── quantos-risk v0.1.0 (*)
      │   │   │               ├── quantos-runtime v0.1.0 (*)
      │   │   │               ├── quantos-storage v0.1.0
      │   │   │               │   ├── (dev) quantos-evidence v0.1.0 (*)
      │   │   │               │   ├── (dev) quantos-execution v0.1.0 (*)
      │   │   │               │   ├── quantos-observability v0.1.0 (*)
      │   │   │               │   ├── quantos-runtime v0.1.0 (*)
      │   │   │               │   └── quantos-strategy v0.1.0 (*)
      │   │   │               ├── quantos-strategy v0.1.0 (*)
      │   │   │               ├── reqwest v0.13.4
      │   │   │               │   └── quantos-storage v0.1.0 (*)
      │   │   │               └── tower-http v0.6.11
      │   │   │                   └── reqwest v0.13.4 (*)
      │   │   └── icu_properties v2.2.0
      │   │       └── idna_adapter v1.2.2 (*)
      │   ├── icu_locale_core v2.2.0
      │   │   ├── icu_properties v2.2.0 (*)
      │   │   └── icu_provider v2.2.0
      │   │       ├── icu_normalizer v2.2.0 (*)
      │   │       └── icu_properties v2.2.0 (*)
      │   ├── icu_provider v2.2.0 (*)
      │   ├── tinystr v0.8.3
      │   │   └── icu_locale_core v2.2.0 (*)
      │   └── zerotrie v0.2.4
      │       ├── icu_properties v2.2.0 (*)
      │       └── icu_provider v2.2.0 (*)
      ├── futures-macro v0.3.33
      │   └── futures-util v0.3.33
      │       ├── axum v0.7.9
      │       │   ├── bff-gateway v0.1.0
      │       │   └── tonic v0.12.3 (*)
      │       ├── axum-core v0.4.5
      │       │   └── axum v0.7.9 (*)
      │       ├── hyper-util v0.1.20
      │       │   ├── axum v0.7.9 (*)
      │       │   ├── hyper-rustls v0.27.9
      │       │   │   └── reqwest v0.13.4 (*)
      │       │   ├── hyper-timeout v0.5.2
      │       │   │   └── tonic v0.12.3 (*)
      │       │   ├── quantos-engine-manager v0.1.0 (*)
      │       │   ├── reqwest v0.13.4 (*)
      │       │   └── tonic v0.12.3 (*)
      │       ├── js-sys v0.3.103
      │       │   ├── chrono v0.4.45
      │       │   │   ├── bff-gateway v0.1.0 (*)
      │       │   │   ├── capacity-monitor v0.1.0 (*)
      │       │   │   ├── pbjson-types v0.7.0
      │       │   │   │   ├── (dev) quantos-engine-manager v0.1.0 (*)
      │       │   │   │   ├── quantos-proto v0.1.0 (*)
      │       │   │   │   └── quantos-runtime v0.1.0 (*)
      │       │   │   ├── postgres-types v0.2.14
      │       │   │   │   └── tokio-postgres v0.7.18
      │       │   │   │       ├── postgres v0.19.14
      │       │   │   │       │   ├── quantos-auth v0.1.0 (*)
      │       │   │   │       │   ├── quantos-event v0.1.0 (*)
      │       │   │   │       │   ├── quantos-observability v0.1.0 (*)
      │       │   │   │       │   ├── quantos-portfolio v0.1.0 (*)
      │       │   │   │       │   ├── quantos-runtime v0.1.0 (*)
      │       │   │   │       │   ├── quantos-storage v0.1.0 (*)
      │       │   │   │       │   ├── quantos-strategy v0.1.0 (*)
      │       │   │   │       │   └── replay-cli v0.1.0 (*)
      │       │   │   │       └── postgres-native-tls v0.5.3
      │       │   │   │           ├── quantos-auth v0.1.0 (*)
      │       │   │   │           ├── quantos-event v0.1.0 (*)
      │       │   │   │           ├── quantos-observability v0.1.0 (*)
      │       │   │   │           ├── quantos-portfolio v0.1.0 (*)
      │       │   │   │           ├── quantos-runtime v0.1.0 (*)
      │       │   │   │           ├── quantos-storage v0.1.0 (*)
      │       │   │   │           └── quantos-strategy v0.1.0 (*)
      │       │   │   ├── quantos-auth v0.1.0 (*)
      │       │   │   ├── quantos-core v0.1.0
      │       │   │   │   ├── execution-gateway v0.1.0 (*)
      │       │   │   │   ├── market-ingestor v0.1.0 (*)
      │       │   │   │   ├── portfolio-rebuild v0.1.0 (*)
      │       │   │   │   ├── quantos-auth v0.1.0 (*)
      │       │   │   │   ├── quantos-event v0.1.0 (*)
      │       │   │   │   ├── quantos-evidence v0.1.0 (*)
      │       │   │   │   ├── quantos-execution v0.1.0 (*)
      │       │   │   │   ├── quantos-market v0.1.0 (*)
      │       │   │   │   ├── quantos-observability v0.1.0 (*)
      │       │   │   │   ├── quantos-policy v0.1.0
      │       │   │   │   │   ├── quantos-auth v0.1.0 (*)
      │       │   │   │   │   ├── quantos-observability v0.1.0 (*)
      │       │   │   │   │   ├── quantos-runtime v0.1.0 (*)
      │       │   │   │   │   ├── quantos-strategy v0.1.0 (*)
      │       │   │   │   │   └── runtime-gateway v0.1.0 (*)
      │       │   │   │   ├── quantos-portfolio v0.1.0 (*)
      │       │   │   │   ├── quantos-reconcile v0.1.0 (*)
      │       │   │   │   ├── quantos-risk v0.1.0 (*)
      │       │   │   │   ├── quantos-runtime v0.1.0 (*)
      │       │   │   │   ├── quantos-storage v0.1.0 (*)
      │       │   │   │   ├── quantos-strategy v0.1.0 (*)
      │       │   │   │   ├── replay-cli v0.1.0 (*)
      │       │   │   │   └── runtime-gateway v0.1.0 (*)
      │       │   │   ├── quantos-engine-manager v0.1.0 (*)
      │       │   │   ├── quantos-event v0.1.0 (*)
      │       │   │   ├── quantos-evidence v0.1.0 (*)
      │       │   │   ├── quantos-execution v0.1.0 (*)
      │       │   │   ├── quantos-market v0.1.0 (*)
      │       │   │   ├── quantos-observability v0.1.0 (*)
      │       │   │   ├── quantos-portfolio v0.1.0 (*)
      │       │   │   ├── quantos-reconcile v0.1.0 (*)
      │       │   │   ├── quantos-risk v0.1.0 (*)
      │       │   │   ├── quantos-runtime v0.1.0 (*)
      │       │   │   ├── quantos-storage v0.1.0 (*)
      │       │   │   └── quantos-strategy v0.1.0 (*)
      │       │   ├── iana-time-zone v0.1.65
      │       │   │   └── chrono v0.4.45 (*)
      │       │   ├── reqwest v0.13.4 (*)
      │       │   ├── wasm-bindgen-futures v0.4.76
      │       │   │   └── reqwest v0.13.4 (*)
      │       │   └── web-sys v0.3.103
      │       │       ├── reqwest v0.13.4 (*)
      │       │       └── whoami v2.1.2
      │       │           └── tokio-postgres v0.7.18 (*)
      │       ├── postgres v0.19.14 (*)
      │       ├── quantos-engine-manager v0.1.0 (*)
      │       ├── reqwest v0.13.4 (*)
      │       ├── tokio-postgres v0.7.18 (*)
      │       ├── tower v0.4.13
      │       │   └── tonic v0.12.3 (*)
      │       ├── tower v0.5.3
      │       │   ├── axum v0.7.9 (*)
      │       │   ├── bff-gateway v0.1.0 (*)
      │       │   ├── quantos-engine-manager v0.1.0 (*)
      │       │   ├── reqwest v0.13.4 (*)
      │       │   └── tower-http v0.6.11 (*)
      │       └── tower-http v0.6.11 (*)
      ├── jni-macros v0.22.4
      │   └── jni v0.22.4
      │       └── rustls-platform-verifier v0.7.0
      │           └── reqwest v0.13.4 (*)
      ├── jni-sys-macros v0.4.1
      │   └── jni-sys v0.4.1
      │       └── jni v0.22.4 (*)
      ├── openssl-macros v0.1.1
      │   └── openssl v0.10.81
      │       └── native-tls v0.2.18
      │           ├── postgres-native-tls v0.5.3 (*)
      │           ├── quantos-auth v0.1.0 (*)
      │           ├── quantos-event v0.1.0 (*)
      │           ├── quantos-observability v0.1.0 (*)
      │           ├── quantos-portfolio v0.1.0 (*)
      │           ├── quantos-runtime v0.1.0 (*)
      │           ├── quantos-storage v0.1.0 (*)
      │           ├── quantos-strategy v0.1.0 (*)
      │           └── tokio-native-tls v0.3.1
      │               └── postgres-native-tls v0.5.3 (*)
      ├── pin-project-internal v1.1.13
      │   └── pin-project v1.1.13
      │       ├── tonic v0.12.3 (*)
      │       └── tower v0.4.13 (*)
      ├── prettyplease v0.2.37
      │   └── prost-build v0.13.5
      │       └── (build) pbjson-types v0.7.0 (*)
      ├── prost-build v0.13.5 (*)
      ├── prost-derive v0.13.5
      │   └── prost v0.13.5
      │       ├── pbjson-build v0.7.0
      │       │   └── (build) pbjson-types v0.7.0 (*)
      │       ├── pbjson-types v0.7.0 (*)
      │       ├── prost-build v0.13.5 (*)
      │       ├── prost-types v0.13.5
      │       │   ├── pbjson-build v0.7.0 (*)
      │       │   └── prost-build v0.13.5 (*)
      │       ├── quantos-proto v0.1.0 (*)
      │       └── tonic v0.12.3 (*)
      ├── synstructure v0.13.2
      │   ├── yoke-derive v0.8.2
      │   │   └── yoke v0.8.3
      │   │       ├── icu_collections v2.2.0 (*)
      │   │       ├── icu_provider v2.2.0 (*)
      │   │       ├── zerotrie v0.2.4 (*)
      │   │       └── zerovec v0.11.6
      │   │           ├── icu_collections v2.2.0 (*)
      │   │           ├── icu_locale_core v2.2.0 (*)
      │   │           ├── icu_normalizer v2.2.0 (*)
      │   │           ├── icu_properties v2.2.0 (*)
      │   │           ├── icu_provider v2.2.0 (*)
      │   │           ├── potential_utf v0.1.5
      │   │           │   └── icu_collections v2.2.0 (*)
      │   │           └── tinystr v0.8.3 (*)
      │   └── zerofrom-derive v0.1.7
      │       └── zerofrom v0.1.8
      │           ├── icu_collections v2.2.0 (*)
      │           ├── icu_provider v2.2.0 (*)
      │           ├── yoke v0.8.3 (*)
      │           ├── zerotrie v0.2.4 (*)
      │           └── zerovec v0.11.6 (*)
      ├── tokio-macros v2.7.1
      │   └── tokio v1.53.1
      │       ├── axum v0.7.9 (*)
      │       ├── bff-gateway v0.1.0 (*)
      │       ├── h2 v0.4.16
      │       │   ├── hyper v1.11.0
      │       │   │   ├── axum v0.7.9 (*)
      │       │   │   ├── hyper-rustls v0.27.9 (*)
      │       │   │   ├── hyper-timeout v0.5.2 (*)
      │       │   │   ├── hyper-util v0.1.20 (*)
      │       │   │   ├── reqwest v0.13.4 (*)
      │       │   │   └── tonic v0.12.3 (*)
      │       │   └── tonic v0.12.3 (*)
      │       ├── hyper v1.11.0 (*)
      │       ├── hyper-rustls v0.27.9 (*)
      │       ├── hyper-timeout v0.5.2 (*)
      │       ├── hyper-util v0.1.20 (*)
      │       ├── postgres v0.19.14 (*)
      │       ├── postgres-native-tls v0.5.3 (*)
      │       ├── quantos-engine-manager v0.1.0 (*)
      │       ├── quantos-runtime v0.1.0 (*)
      │       ├── reqwest v0.13.4 (*)
      │       ├── tokio-native-tls v0.3.1 (*)
      │       ├── tokio-postgres v0.7.18 (*)
      │       ├── tokio-rustls v0.26.4
      │       │   ├── hyper-rustls v0.27.9 (*)
      │       │   └── reqwest v0.13.4 (*)
      │       ├── tokio-stream v0.1.19
      │       │   ├── quantos-engine-manager v0.1.0 (*)
      │       │   └── tonic v0.12.3 (*)
      │       ├── tokio-util v0.7.19
      │       │   ├── h2 v0.4.16 (*)
      │       │   ├── tokio-postgres v0.7.18 (*)
      │       │   └── tower v0.4.13 (*)
      │       ├── tonic v0.12.3 (*)
      │       ├── tower v0.4.13 (*)
      │       └── tower v0.5.3 (*)
      ├── tracing-attributes v0.1.31
      │   └── tracing v0.1.44
      │       ├── axum v0.7.9 (*)
      │       ├── axum-core v0.4.5 (*)
      │       ├── h2 v0.4.16 (*)
      │       ├── hyper-util v0.1.20 (*)
      │       ├── tonic v0.12.3 (*)
      │       ├── tower v0.4.13 (*)
      │       └── tower v0.5.3 (*)
      ├── wasm-bindgen-macro-support v0.2.126
      │   └── wasm-bindgen-macro v0.2.126
      │       └── wasm-bindgen v0.2.126
      │           ├── chrono v0.4.45 (*)
      │           ├── iana-time-zone v0.1.65 (*)
      │           ├── js-sys v0.3.103 (*)
      │           ├── reqwest v0.13.4 (*)
      │           ├── wasm-bindgen-futures v0.4.76 (*)
      │           └── web-sys v0.3.103 (*)
      ├── windows-implement v0.60.2
      │   └── windows-core v0.62.2
      │       └── iana-time-zone v0.1.65 (*)
      ├── windows-interface v0.59.3
      │   └── windows-core v0.62.2 (*)
      ├── yoke-derive v0.8.2 (*)
      ├── zerofrom-derive v0.1.7 (*)
      └── zerovec-derive v0.11.3
          └── zerovec v0.11.6 (*)
    ├ syn v3.0.3
      ├── async-trait v0.1.91
      │   ├── axum v0.7.9
      │   │   ├── bff-gateway v0.1.0
      │   │   └── tonic v0.12.3
      │   │       ├── quantos-engine-manager v0.1.0
      │   │       │   └── quantos-runtime v0.1.0
      │   │       │       ├── quantos-evidence v0.1.0
      │   │       │       ├── quantos-execution v0.1.0
      │   │       │       │   ├── execution-gateway v0.1.0
      │   │       │       │   ├── quantos-evidence v0.1.0 (*)
      │   │       │       │   └── quantos-reconcile v0.1.0
      │   │       │       ├── quantos-observability v0.1.0
      │   │       │       │   ├── capacity-monitor v0.1.0
      │   │       │       │   ├── execution-gateway v0.1.0 (*)
      │   │       │       │   ├── market-ingestor v0.1.0
      │   │       │       │   ├── portfolio-rebuild v0.1.0
      │   │       │       │   ├── replay-cli v0.1.0
      │   │       │       │   └── runtime-gateway v0.1.0
      │   │       │       └── runtime-gateway v0.1.0 (*)
      │   │       └── quantos-proto v0.1.0
      │   │           ├── quantos-engine-manager v0.1.0 (*)
      │   │           └── quantos-runtime v0.1.0 (*)
      │   ├── axum-core v0.4.5
      │   │   └── axum v0.7.9 (*)
      │   ├── tokio-postgres v0.7.18
      │   │   ├── postgres v0.19.14
      │   │   │   ├── quantos-auth v0.1.0
      │   │   │   │   ├── quantos-observability v0.1.0 (*)
      │   │   │   │   ├── quantos-runtime v0.1.0 (*)
      │   │   │   │   ├── quantos-strategy v0.1.0
      │   │   │   │   │   └── quantos-risk v0.1.0
      │   │   │   │   │       ├── quantos-evidence v0.1.0 (*)
      │   │   │   │   │       └── quantos-execution v0.1.0 (*)
      │   │   │   │   └── runtime-gateway v0.1.0 (*)
      │   │   │   ├── quantos-event v0.1.0
      │   │   │   │   ├── market-ingestor v0.1.0 (*)
      │   │   │   │   ├── quantos-market v0.1.0
      │   │   │   │   │   └── market-ingestor v0.1.0 (*)
      │   │   │   │   ├── quantos-observability v0.1.0 (*)
      │   │   │   │   └── replay-cli v0.1.0 (*)
      │   │   │   ├── quantos-observability v0.1.0 (*)
      │   │   │   ├── quantos-portfolio v0.1.0
      │   │   │   │   ├── portfolio-rebuild v0.1.0 (*)
      │   │   │   │   ├── quantos-evidence v0.1.0 (*)
      │   │   │   │   ├── quantos-reconcile v0.1.0 (*)
      │   │   │   │   └── quantos-risk v0.1.0 (*)
      │   │   │   ├── quantos-runtime v0.1.0 (*)
      │   │   │   ├── quantos-storage v0.1.0
      │   │   │   │   ├── (dev) quantos-evidence v0.1.0 (*)
      │   │   │   │   ├── (dev) quantos-execution v0.1.0 (*)
      │   │   │   │   ├── quantos-observability v0.1.0 (*)
      │   │   │   │   ├── quantos-runtime v0.1.0 (*)
      │   │   │   │   └── quantos-strategy v0.1.0 (*)
      │   │   │   ├── quantos-strategy v0.1.0 (*)
      │   │   │   └── replay-cli v0.1.0 (*)
      │   │   └── postgres-native-tls v0.5.3
      │   │       ├── quantos-auth v0.1.0 (*)
      │   │       ├── quantos-event v0.1.0 (*)
      │   │       ├── quantos-observability v0.1.0 (*)
      │   │       ├── quantos-portfolio v0.1.0 (*)
      │   │       ├── quantos-runtime v0.1.0 (*)
      │   │       ├── quantos-storage v0.1.0 (*)
      │   │       └── quantos-strategy v0.1.0 (*)
      │   └── tonic v0.12.3 (*)
      ├── clap_derive v4.6.4
      │   └── clap v4.6.4
      │       ├── capacity-monitor v0.1.0 (*)
      │       ├── market-ingestor v0.1.0 (*)
      │       ├── portfolio-rebuild v0.1.0 (*)
      │       └── replay-cli v0.1.0 (*)
      ├── serde_derive v1.0.229
      │   └── serde v1.0.229
      │       ├── axum v0.7.9 (*)
      │       ├── bff-gateway v0.1.0 (*)
      │       ├── chrono v0.4.45
      │       │   ├── bff-gateway v0.1.0 (*)
      │       │   ├── capacity-monitor v0.1.0 (*)
      │       │   ├── pbjson-types v0.7.0
      │       │   │   ├── (dev) quantos-engine-manager v0.1.0 (*)
      │       │   │   ├── quantos-proto v0.1.0 (*)
      │       │   │   └── quantos-runtime v0.1.0 (*)
      │       │   ├── postgres-types v0.2.14
      │       │   │   └── tokio-postgres v0.7.18 (*)
      │       │   ├── quantos-auth v0.1.0 (*)
      │       │   ├── quantos-core v0.1.0
      │       │   │   ├── execution-gateway v0.1.0 (*)
      │       │   │   ├── market-ingestor v0.1.0 (*)
      │       │   │   ├── portfolio-rebuild v0.1.0 (*)
      │       │   │   ├── quantos-auth v0.1.0 (*)
      │       │   │   ├── quantos-event v0.1.0 (*)
      │       │   │   ├── quantos-evidence v0.1.0 (*)
      │       │   │   ├── quantos-execution v0.1.0 (*)
      │       │   │   ├── quantos-market v0.1.0 (*)
      │       │   │   ├── quantos-observability v0.1.0 (*)
      │       │   │   ├── quantos-policy v0.1.0
      │       │   │   │   ├── quantos-auth v0.1.0 (*)
      │       │   │   │   ├── quantos-observability v0.1.0 (*)
      │       │   │   │   ├── quantos-runtime v0.1.0 (*)
      │       │   │   │   ├── quantos-strategy v0.1.0 (*)
      │       │   │   │   └── runtime-gateway v0.1.0 (*)
      │       │   │   ├── quantos-portfolio v0.1.0 (*)
      │       │   │   ├── quantos-reconcile v0.1.0 (*)
      │       │   │   ├── quantos-risk v0.1.0 (*)
      │       │   │   ├── quantos-runtime v0.1.0 (*)
      │       │   │   ├── quantos-storage v0.1.0 (*)
      │       │   │   ├── quantos-strategy v0.1.0 (*)
      │       │   │   ├── replay-cli v0.1.0 (*)
      │       │   │   └── runtime-gateway v0.1.0 (*)
      │       │   ├── quantos-engine-manager v0.1.0 (*)
      │       │   ├── quantos-event v0.1.0 (*)
      │       │   ├── quantos-evidence v0.1.0 (*)
      │       │   ├── quantos-execution v0.1.0 (*)
      │       │   ├── quantos-market v0.1.0 (*)
      │       │   ├── quantos-observability v0.1.0 (*)
      │       │   ├── quantos-portfolio v0.1.0 (*)
      │       │   ├── quantos-reconcile v0.1.0 (*)
      │       │   ├── quantos-risk v0.1.0 (*)
      │       │   ├── quantos-runtime v0.1.0 (*)
      │       │   ├── quantos-storage v0.1.0 (*)
      │       │   └── quantos-strategy v0.1.0 (*)
      │       ├── pbjson v0.7.0
      │       │   └── pbjson-types v0.7.0 (*)
      │       ├── pbjson-types v0.7.0 (*)
      │       ├── quantos-auth v0.1.0 (*)
      │       ├── quantos-core v0.1.0 (*)
      │       ├── quantos-engine-manager v0.1.0 (*)
      │       ├── quantos-event v0.1.0 (*)
      │       ├── quantos-evidence v0.1.0 (*)
      │       ├── quantos-execution v0.1.0 (*)
      │       ├── quantos-market v0.1.0 (*)
      │       ├── quantos-observability v0.1.0 (*)
      │       ├── quantos-policy v0.1.0 (*)
      │       ├── quantos-portfolio v0.1.0 (*)
      │       ├── quantos-proto v0.1.0 (*)
      │       ├── quantos-reconcile v0.1.0 (*)
      │       ├── quantos-risk v0.1.0 (*)
      │       ├── quantos-runtime v0.1.0 (*)
      │       ├── quantos-storage v0.1.0 (*)
      │       ├── quantos-strategy v0.1.0 (*)
      │       ├── reqwest v0.13.4
      │       │   └── quantos-storage v0.1.0 (*)
      │       ├── rust_decimal v1.42.1
      │       │   ├── execution-gateway v0.1.0 (*)
      │       │   ├── quantos-core v0.1.0 (*)
      │       │   ├── quantos-execution v0.1.0 (*)
      │       │   └── quantos-market v0.1.0 (*)
      │       └── serde_urlencoded v0.7.1
      │           └── axum v0.7.9 (*)
      └── thiserror-impl v2.0.19
          └── thiserror v2.0.19
              ├── jni v0.22.4
              │   └── rustls-platform-verifier v0.7.0
              │       └── reqwest v0.13.4 (*)
              ├── quantos-auth v0.1.0 (*)
              ├── quantos-core v0.1.0 (*)
              ├── quantos-engine-manager v0.1.0 (*)
              ├── quantos-event v0.1.0 (*)
              ├── quantos-evidence v0.1.0 (*)
              ├── quantos-execution v0.1.0 (*)
              ├── quantos-market v0.1.0 (*)
              ├── quantos-observability v0.1.0 (*)
              ├── quantos-policy v0.1.0 (*)
              ├── quantos-portfolio v0.1.0 (*)
              ├── quantos-reconcile v0.1.0 (*)
              ├── quantos-risk v0.1.0 (*)
              ├── quantos-runtime v0.1.0 (*)
              ├── quantos-storage v0.1.0 (*)
              └── quantos-strategy v0.1.0 (*)

warning[duplicate]: found 2 duplicate entries for crate 'tower'
    ┌─ /Users/anray/Documents/project/SumAlpha/QuantOS/Cargo.lock:250:1
    │
250 │ ╭ tower 0.4.13 registry+https://github.com/rust-lang/crates.io-index
251 │ │ tower 0.5.3 registry+https://github.com/rust-lang/crates.io-index
    │ ╰─────────────────────────────────────────────────────────────────┘ lock entries
    │
    ├ tower v0.4.13
      └── tonic v0.12.3
          ├── quantos-engine-manager v0.1.0
          │   └── quantos-runtime v0.1.0
          │       ├── quantos-evidence v0.1.0
          │       ├── quantos-execution v0.1.0
          │       │   ├── execution-gateway v0.1.0
          │       │   ├── quantos-evidence v0.1.0 (*)
          │       │   └── quantos-reconcile v0.1.0
          │       ├── quantos-observability v0.1.0
          │       │   ├── capacity-monitor v0.1.0
          │       │   ├── execution-gateway v0.1.0 (*)
          │       │   ├── market-ingestor v0.1.0
          │       │   ├── portfolio-rebuild v0.1.0
          │       │   ├── replay-cli v0.1.0
          │       │   └── runtime-gateway v0.1.0
          │       └── runtime-gateway v0.1.0 (*)
          └── quantos-proto v0.1.0
              ├── quantos-engine-manager v0.1.0 (*)
              └── quantos-runtime v0.1.0 (*)
    ├ tower v0.5.3
      ├── axum v0.7.9
      │   ├── bff-gateway v0.1.0
      │   └── tonic v0.12.3
      │       ├── quantos-engine-manager v0.1.0
      │       │   └── quantos-runtime v0.1.0
      │       │       ├── quantos-evidence v0.1.0
      │       │       ├── quantos-execution v0.1.0
      │       │       │   ├── execution-gateway v0.1.0
      │       │       │   ├── quantos-evidence v0.1.0 (*)
      │       │       │   └── quantos-reconcile v0.1.0
      │       │       ├── quantos-observability v0.1.0
      │       │       │   ├── capacity-monitor v0.1.0
      │       │       │   ├── execution-gateway v0.1.0 (*)
      │       │       │   ├── market-ingestor v0.1.0
      │       │       │   ├── portfolio-rebuild v0.1.0
      │       │       │   ├── replay-cli v0.1.0
      │       │       │   └── runtime-gateway v0.1.0
      │       │       └── runtime-gateway v0.1.0 (*)
      │       └── quantos-proto v0.1.0
      │           ├── quantos-engine-manager v0.1.0 (*)
      │           └── quantos-runtime v0.1.0 (*)
      ├── bff-gateway v0.1.0 (*)
      ├── quantos-engine-manager v0.1.0 (*)
      ├── reqwest v0.13.4
      │   └── quantos-storage v0.1.0
      │       ├── (dev) quantos-evidence v0.1.0 (*)
      │       ├── (dev) quantos-execution v0.1.0 (*)
      │       ├── quantos-observability v0.1.0 (*)
      │       ├── quantos-runtime v0.1.0 (*)
      │       └── quantos-strategy v0.1.0
      │           └── quantos-risk v0.1.0
      │               ├── quantos-evidence v0.1.0 (*)
      │               └── quantos-execution v0.1.0 (*)
      └── tower-http v0.6.11
          └── reqwest v0.13.4 (*)

warning[duplicate]: found 2 duplicate entries for crate 'wasi'
    ┌─ /Users/anray/Documents/project/SumAlpha/QuantOS/Cargo.lock:273:1
    │
273 │ ╭ wasi 0.11.1+wasi-snapshot-preview1 registry+https://github.com/rust-lang/crates.io-index
274 │ │ wasi 0.14.7+wasi-0.2.4 registry+https://github.com/rust-lang/crates.io-index
    │ ╰────────────────────────────────────────────────────────────────────────────┘ lock entries
    │
    ├ wasi v0.11.1+wasi-snapshot-preview1
      ├── getrandom v0.2.17
      │   └── rand_core v0.6.4
      │       ├── rand v0.8.7
      │       │   └── tower v0.4.13
      │       │       └── tonic v0.12.3
      │       │           ├── quantos-engine-manager v0.1.0
      │       │           │   └── quantos-runtime v0.1.0
      │       │           │       ├── quantos-evidence v0.1.0
      │       │           │       ├── quantos-execution v0.1.0
      │       │           │       │   ├── execution-gateway v0.1.0
      │       │           │       │   ├── quantos-evidence v0.1.0 (*)
      │       │           │       │   └── quantos-reconcile v0.1.0
      │       │           │       ├── quantos-observability v0.1.0
      │       │           │       │   ├── capacity-monitor v0.1.0
      │       │           │       │   ├── execution-gateway v0.1.0 (*)
      │       │           │       │   ├── market-ingestor v0.1.0
      │       │           │       │   ├── portfolio-rebuild v0.1.0
      │       │           │       │   ├── replay-cli v0.1.0
      │       │           │       │   └── runtime-gateway v0.1.0
      │       │           │       └── runtime-gateway v0.1.0 (*)
      │       │           └── quantos-proto v0.1.0
      │       │               ├── quantos-engine-manager v0.1.0 (*)
      │       │               └── quantos-runtime v0.1.0 (*)
      │       └── rand_chacha v0.3.1
      │           └── rand v0.8.7 (*)
      └── mio v1.2.2
          └── tokio v1.53.1
              ├── axum v0.7.9
              │   ├── bff-gateway v0.1.0
              │   └── tonic v0.12.3 (*)
              ├── bff-gateway v0.1.0 (*)
              ├── h2 v0.4.16
              │   ├── hyper v1.11.0
              │   │   ├── axum v0.7.9 (*)
              │   │   ├── hyper-rustls v0.27.9
              │   │   │   └── reqwest v0.13.4
              │   │   │       └── quantos-storage v0.1.0
              │   │   │           ├── (dev) quantos-evidence v0.1.0 (*)
              │   │   │           ├── (dev) quantos-execution v0.1.0 (*)
              │   │   │           ├── quantos-observability v0.1.0 (*)
              │   │   │           ├── quantos-runtime v0.1.0 (*)
              │   │   │           └── quantos-strategy v0.1.0
              │   │   │               └── quantos-risk v0.1.0
              │   │   │                   ├── quantos-evidence v0.1.0 (*)
              │   │   │                   └── quantos-execution v0.1.0 (*)
              │   │   ├── hyper-timeout v0.5.2
              │   │   │   └── tonic v0.12.3 (*)
              │   │   ├── hyper-util v0.1.20
              │   │   │   ├── axum v0.7.9 (*)
              │   │   │   ├── hyper-rustls v0.27.9 (*)
              │   │   │   ├── hyper-timeout v0.5.2 (*)
              │   │   │   ├── quantos-engine-manager v0.1.0 (*)
              │   │   │   ├── reqwest v0.13.4 (*)
              │   │   │   └── tonic v0.12.3 (*)
              │   │   ├── reqwest v0.13.4 (*)
              │   │   └── tonic v0.12.3 (*)
              │   └── tonic v0.12.3 (*)
              ├── hyper v1.11.0 (*)
              ├── hyper-rustls v0.27.9 (*)
              ├── hyper-timeout v0.5.2 (*)
              ├── hyper-util v0.1.20 (*)
              ├── postgres v0.19.14
              │   ├── quantos-auth v0.1.0
              │   │   ├── quantos-observability v0.1.0 (*)
              │   │   ├── quantos-runtime v0.1.0 (*)
              │   │   ├── quantos-strategy v0.1.0 (*)
              │   │   └── runtime-gateway v0.1.0 (*)
              │   ├── quantos-event v0.1.0
              │   │   ├── market-ingestor v0.1.0 (*)
              │   │   ├── quantos-market v0.1.0
              │   │   │   └── market-ingestor v0.1.0 (*)
              │   │   ├── quantos-observability v0.1.0 (*)
              │   │   └── replay-cli v0.1.0 (*)
              │   ├── quantos-observability v0.1.0 (*)
              │   ├── quantos-portfolio v0.1.0
              │   │   ├── portfolio-rebuild v0.1.0 (*)
              │   │   ├── quantos-evidence v0.1.0 (*)
              │   │   ├── quantos-reconcile v0.1.0 (*)
              │   │   └── quantos-risk v0.1.0 (*)
              │   ├── quantos-runtime v0.1.0 (*)
              │   ├── quantos-storage v0.1.0 (*)
              │   ├── quantos-strategy v0.1.0 (*)
              │   └── replay-cli v0.1.0 (*)
              ├── postgres-native-tls v0.5.3
              │   ├── quantos-auth v0.1.0 (*)
              │   ├── quantos-event v0.1.0 (*)
              │   ├── quantos-observability v0.1.0 (*)
              │   ├── quantos-portfolio v0.1.0 (*)
              │   ├── quantos-runtime v0.1.0 (*)
              │   ├── quantos-storage v0.1.0 (*)
              │   └── quantos-strategy v0.1.0 (*)
              ├── quantos-engine-manager v0.1.0 (*)
              ├── quantos-runtime v0.1.0 (*)
              ├── reqwest v0.13.4 (*)
              ├── tokio-native-tls v0.3.1
              │   └── postgres-native-tls v0.5.3 (*)
              ├── tokio-postgres v0.7.18
              │   ├── postgres v0.19.14 (*)
              │   └── postgres-native-tls v0.5.3 (*)
              ├── tokio-rustls v0.26.4
              │   ├── hyper-rustls v0.27.9 (*)
              │   └── reqwest v0.13.4 (*)
              ├── tokio-stream v0.1.19
              │   ├── quantos-engine-manager v0.1.0 (*)
              │   └── tonic v0.12.3 (*)
              ├── tokio-util v0.7.19
              │   ├── h2 v0.4.16 (*)
              │   ├── tokio-postgres v0.7.18 (*)
              │   └── tower v0.4.13 (*)
              ├── tonic v0.12.3 (*)
              ├── tower v0.4.13 (*)
              └── tower v0.5.3
                  ├── axum v0.7.9 (*)
                  ├── bff-gateway v0.1.0 (*)
                  ├── quantos-engine-manager v0.1.0 (*)
                  ├── reqwest v0.13.4 (*)
                  └── tower-http v0.6.11
                      └── reqwest v0.13.4 (*)
    ├ wasi v0.14.7+wasi-0.2.4
      └── wasite v1.0.2
          └── whoami v2.1.2
              └── tokio-postgres v0.7.18
                  ├── postgres v0.19.14
                  │   ├── quantos-auth v0.1.0
                  │   │   ├── quantos-observability v0.1.0
                  │   │   │   ├── capacity-monitor v0.1.0
                  │   │   │   ├── execution-gateway v0.1.0
                  │   │   │   ├── market-ingestor v0.1.0
                  │   │   │   ├── portfolio-rebuild v0.1.0
                  │   │   │   ├── replay-cli v0.1.0
                  │   │   │   └── runtime-gateway v0.1.0
                  │   │   ├── quantos-runtime v0.1.0
                  │   │   │   ├── quantos-evidence v0.1.0
                  │   │   │   ├── quantos-execution v0.1.0
                  │   │   │   │   ├── execution-gateway v0.1.0 (*)
                  │   │   │   │   ├── quantos-evidence v0.1.0 (*)
                  │   │   │   │   └── quantos-reconcile v0.1.0
                  │   │   │   ├── quantos-observability v0.1.0 (*)
                  │   │   │   └── runtime-gateway v0.1.0 (*)
                  │   │   ├── quantos-strategy v0.1.0
                  │   │   │   └── quantos-risk v0.1.0
                  │   │   │       ├── quantos-evidence v0.1.0 (*)
                  │   │   │       └── quantos-execution v0.1.0 (*)
                  │   │   └── runtime-gateway v0.1.0 (*)
                  │   ├── quantos-event v0.1.0
                  │   │   ├── market-ingestor v0.1.0 (*)
                  │   │   ├── quantos-market v0.1.0
                  │   │   │   └── market-ingestor v0.1.0 (*)
                  │   │   ├── quantos-observability v0.1.0 (*)
                  │   │   └── replay-cli v0.1.0 (*)
                  │   ├── quantos-observability v0.1.0 (*)
                  │   ├── quantos-portfolio v0.1.0
                  │   │   ├── portfolio-rebuild v0.1.0 (*)
                  │   │   ├── quantos-evidence v0.1.0 (*)
                  │   │   ├── quantos-reconcile v0.1.0 (*)
                  │   │   └── quantos-risk v0.1.0 (*)
                  │   ├── quantos-runtime v0.1.0 (*)
                  │   ├── quantos-storage v0.1.0
                  │   │   ├── (dev) quantos-evidence v0.1.0 (*)
                  │   │   ├── (dev) quantos-execution v0.1.0 (*)
                  │   │   ├── quantos-observability v0.1.0 (*)
                  │   │   ├── quantos-runtime v0.1.0 (*)
                  │   │   └── quantos-strategy v0.1.0 (*)
                  │   ├── quantos-strategy v0.1.0 (*)
                  │   └── replay-cli v0.1.0 (*)
                  └── postgres-native-tls v0.5.3
                      ├── quantos-auth v0.1.0 (*)
                      ├── quantos-event v0.1.0 (*)
                      ├── quantos-observability v0.1.0 (*)
                      ├── quantos-portfolio v0.1.0 (*)
                      ├── quantos-runtime v0.1.0 (*)
                      ├── quantos-storage v0.1.0 (*)
                      └── quantos-strategy v0.1.0 (*)

warning[duplicate]: found 2 duplicate entries for crate 'windows-sys'
    ┌─ /Users/anray/Documents/project/SumAlpha/QuantOS/Cargo.lock:292:1
    │
292 │ ╭ windows-sys 0.52.0 registry+https://github.com/rust-lang/crates.io-index
293 │ │ windows-sys 0.61.2 registry+https://github.com/rust-lang/crates.io-index
    │ ╰────────────────────────────────────────────────────────────────────────┘ lock entries
    │
    ├ windows-sys v0.52.0
      └── socket2 v0.5.10
          └── tonic v0.12.3
              ├── quantos-engine-manager v0.1.0
              │   └── quantos-runtime v0.1.0
              │       ├── quantos-evidence v0.1.0
              │       ├── quantos-execution v0.1.0
              │       │   ├── execution-gateway v0.1.0
              │       │   ├── quantos-evidence v0.1.0 (*)
              │       │   └── quantos-reconcile v0.1.0
              │       ├── quantos-observability v0.1.0
              │       │   ├── capacity-monitor v0.1.0
              │       │   ├── execution-gateway v0.1.0 (*)
              │       │   ├── market-ingestor v0.1.0
              │       │   ├── portfolio-rebuild v0.1.0
              │       │   ├── replay-cli v0.1.0
              │       │   └── runtime-gateway v0.1.0
              │       └── runtime-gateway v0.1.0 (*)
              └── quantos-proto v0.1.0
                  ├── quantos-engine-manager v0.1.0 (*)
                  └── quantos-runtime v0.1.0 (*)
    ├ windows-sys v0.61.2
      ├── anstyle-query v1.1.5
      │   └── anstream v1.0.0
      │       └── clap_builder v4.6.2
      │           └── clap v4.6.4
      │               ├── capacity-monitor v0.1.0
      │               ├── market-ingestor v0.1.0
      │               ├── portfolio-rebuild v0.1.0
      │               └── replay-cli v0.1.0
      ├── anstyle-wincon v3.0.11
      │   └── anstream v1.0.0 (*)
      ├── errno v0.3.14
      │   ├── rustix v1.1.4
      │   │   └── tempfile v3.27.0
      │   │       ├── native-tls v0.2.18
      │   │       │   ├── postgres-native-tls v0.5.3
      │   │       │   │   ├── quantos-auth v0.1.0
      │   │       │   │   │   ├── quantos-observability v0.1.0
      │   │       │   │   │   │   ├── capacity-monitor v0.1.0 (*)
      │   │       │   │   │   │   ├── execution-gateway v0.1.0
      │   │       │   │   │   │   ├── market-ingestor v0.1.0 (*)
      │   │       │   │   │   │   ├── portfolio-rebuild v0.1.0 (*)
      │   │       │   │   │   │   ├── replay-cli v0.1.0 (*)
      │   │       │   │   │   │   └── runtime-gateway v0.1.0
      │   │       │   │   │   ├── quantos-runtime v0.1.0
      │   │       │   │   │   │   ├── quantos-evidence v0.1.0
      │   │       │   │   │   │   ├── quantos-execution v0.1.0
      │   │       │   │   │   │   │   ├── execution-gateway v0.1.0 (*)
      │   │       │   │   │   │   │   ├── quantos-evidence v0.1.0 (*)
      │   │       │   │   │   │   │   └── quantos-reconcile v0.1.0
      │   │       │   │   │   │   ├── quantos-observability v0.1.0 (*)
      │   │       │   │   │   │   └── runtime-gateway v0.1.0 (*)
      │   │       │   │   │   ├── quantos-strategy v0.1.0
      │   │       │   │   │   │   └── quantos-risk v0.1.0
      │   │       │   │   │   │       ├── quantos-evidence v0.1.0 (*)
      │   │       │   │   │   │       └── quantos-execution v0.1.0 (*)
      │   │       │   │   │   └── runtime-gateway v0.1.0 (*)
      │   │       │   │   ├── quantos-event v0.1.0
      │   │       │   │   │   ├── market-ingestor v0.1.0 (*)
      │   │       │   │   │   ├── quantos-market v0.1.0
      │   │       │   │   │   │   └── market-ingestor v0.1.0 (*)
      │   │       │   │   │   ├── quantos-observability v0.1.0 (*)
      │   │       │   │   │   └── replay-cli v0.1.0 (*)
      │   │       │   │   ├── quantos-observability v0.1.0 (*)
      │   │       │   │   ├── quantos-portfolio v0.1.0
      │   │       │   │   │   ├── portfolio-rebuild v0.1.0 (*)
      │   │       │   │   │   ├── quantos-evidence v0.1.0 (*)
      │   │       │   │   │   ├── quantos-reconcile v0.1.0 (*)
      │   │       │   │   │   └── quantos-risk v0.1.0 (*)
      │   │       │   │   ├── quantos-runtime v0.1.0 (*)
      │   │       │   │   ├── quantos-storage v0.1.0
      │   │       │   │   │   ├── (dev) quantos-evidence v0.1.0 (*)
      │   │       │   │   │   ├── (dev) quantos-execution v0.1.0 (*)
      │   │       │   │   │   ├── quantos-observability v0.1.0 (*)
      │   │       │   │   │   ├── quantos-runtime v0.1.0 (*)
      │   │       │   │   │   └── quantos-strategy v0.1.0 (*)
      │   │       │   │   └── quantos-strategy v0.1.0 (*)
      │   │       │   ├── quantos-auth v0.1.0 (*)
      │   │       │   ├── quantos-event v0.1.0 (*)
      │   │       │   ├── quantos-observability v0.1.0 (*)
      │   │       │   ├── quantos-portfolio v0.1.0 (*)
      │   │       │   ├── quantos-runtime v0.1.0 (*)
      │   │       │   ├── quantos-storage v0.1.0 (*)
      │   │       │   ├── quantos-strategy v0.1.0 (*)
      │   │       │   └── tokio-native-tls v0.3.1
      │   │       │       └── postgres-native-tls v0.5.3 (*)
      │   │       ├── prost-build v0.13.5
      │   │       │   └── (build) pbjson-types v0.7.0
      │   │       │       ├── (dev) quantos-engine-manager v0.1.0
      │   │       │       │   └── quantos-runtime v0.1.0 (*)
      │   │       │       ├── quantos-proto v0.1.0
      │   │       │       │   ├── quantos-engine-manager v0.1.0 (*)
      │   │       │       │   └── quantos-runtime v0.1.0 (*)
      │   │       │       └── quantos-runtime v0.1.0 (*)
      │   │       ├── (dev) quantos-engine-manager v0.1.0 (*)
      │   │       └── (dev) quantos-runtime v0.1.0 (*)
      │   └── signal-hook-registry v1.4.8
      │       └── tokio v1.53.1
      │           ├── axum v0.7.9
      │           │   ├── bff-gateway v0.1.0
      │           │   └── tonic v0.12.3
      │           │       ├── quantos-engine-manager v0.1.0 (*)
      │           │       └── quantos-proto v0.1.0 (*)
      │           ├── bff-gateway v0.1.0 (*)
      │           ├── h2 v0.4.16
      │           │   ├── hyper v1.11.0
      │           │   │   ├── axum v0.7.9 (*)
      │           │   │   ├── hyper-rustls v0.27.9
      │           │   │   │   └── reqwest v0.13.4
      │           │   │   │       └── quantos-storage v0.1.0 (*)
      │           │   │   ├── hyper-timeout v0.5.2
      │           │   │   │   └── tonic v0.12.3 (*)
      │           │   │   ├── hyper-util v0.1.20
      │           │   │   │   ├── axum v0.7.9 (*)
      │           │   │   │   ├── hyper-rustls v0.27.9 (*)
      │           │   │   │   ├── hyper-timeout v0.5.2 (*)
      │           │   │   │   ├── quantos-engine-manager v0.1.0 (*)
      │           │   │   │   ├── reqwest v0.13.4 (*)
      │           │   │   │   └── tonic v0.12.3 (*)
      │           │   │   ├── reqwest v0.13.4 (*)
      │           │   │   └── tonic v0.12.3 (*)
      │           │   └── tonic v0.12.3 (*)
      │           ├── hyper v1.11.0 (*)
      │           ├── hyper-rustls v0.27.9 (*)
      │           ├── hyper-timeout v0.5.2 (*)
      │           ├── hyper-util v0.1.20 (*)
      │           ├── postgres v0.19.14
      │           │   ├── quantos-auth v0.1.0 (*)
      │           │   ├── quantos-event v0.1.0 (*)
      │           │   ├── quantos-observability v0.1.0 (*)
      │           │   ├── quantos-portfolio v0.1.0 (*)
      │           │   ├── quantos-runtime v0.1.0 (*)
      │           │   ├── quantos-storage v0.1.0 (*)
      │           │   ├── quantos-strategy v0.1.0 (*)
      │           │   └── replay-cli v0.1.0 (*)
      │           ├── postgres-native-tls v0.5.3 (*)
      │           ├── quantos-engine-manager v0.1.0 (*)
      │           ├── quantos-runtime v0.1.0 (*)
      │           ├── reqwest v0.13.4 (*)
      │           ├── tokio-native-tls v0.3.1 (*)
      │           ├── tokio-postgres v0.7.18
      │           │   ├── postgres v0.19.14 (*)
      │           │   └── postgres-native-tls v0.5.3 (*)
      │           ├── tokio-rustls v0.26.4
      │           │   ├── hyper-rustls v0.27.9 (*)
      │           │   └── reqwest v0.13.4 (*)
      │           ├── tokio-stream v0.1.19
      │           │   ├── quantos-engine-manager v0.1.0 (*)
      │           │   └── tonic v0.12.3 (*)
      │           ├── tokio-util v0.7.19
      │           │   ├── h2 v0.4.16 (*)
      │           │   ├── tokio-postgres v0.7.18 (*)
      │           │   └── tower v0.4.13
      │           │       └── tonic v0.12.3 (*)
      │           ├── tonic v0.12.3 (*)
      │           ├── tower v0.4.13 (*)
      │           └── tower v0.5.3
      │               ├── axum v0.7.9 (*)
      │               ├── bff-gateway v0.1.0 (*)
      │               ├── quantos-engine-manager v0.1.0 (*)
      │               ├── reqwest v0.13.4 (*)
      │               └── tower-http v0.6.11
      │                   └── reqwest v0.13.4 (*)
      ├── mio v1.2.2
      │   └── tokio v1.53.1 (*)
      ├── rustix v1.1.4 (*)
      ├── rustls-platform-verifier v0.7.0
      │   └── reqwest v0.13.4 (*)
      ├── schannel v0.1.29
      │   ├── native-tls v0.2.18 (*)
      │   └── rustls-native-certs v0.8.4
      │       └── rustls-platform-verifier v0.7.0 (*)
      ├── socket2 v0.6.5
      │   ├── hyper-util v0.1.20 (*)
      │   ├── tokio v1.53.1 (*)
      │   └── tokio-postgres v0.7.18 (*)
      ├── tempfile v3.27.0 (*)
      ├── tokio v1.53.1 (*)
      └── winapi-util v0.1.11
          ├── same-file v1.0.6
          │   └── walkdir v2.5.0
          │       └── (build) jni v0.22.4
          │           └── rustls-platform-verifier v0.7.0 (*)
          └── walkdir v2.5.0 (*)

bans ok, licenses ok, sources ok
node ./scripts/check-node-licenses.mjs
Licensed all 726 locked packages across 8 workspaces
uv run --locked --project engines --all-packages --all-groups python scripts/check-python-licenses.py
Resolved 52 packages in 1ms
Licensed all 42 active locked Python dependencies
