============================= test session starts ==============================
platform darwin -- Python 3.12.10, pytest-9.0.3, pluggy-1.6.0 -- /Users/anray/Documents/project/SumAlpha/QuantOS/engines/.venv/bin/python
cachedir: .pytest_cache
rootdir: /Users/anray/Documents/project/SumAlpha/QuantOS/engines
configfile: pyproject.toml
plugins: cov-6.2.1
collecting ... collected 250 items

engines/tests/test_openbb_adapter_contract.py::test_openbb_adapter_contract_all_rpcs PASSED [  0%]
engines/tests/test_openbb_adapter_contract.py::test_openbb_evaluation_provider_returns_lineage_and_agpl_tags PASSED [  0%]
engines/tests/test_openbb_adapter_contract.py::test_openbb_adapter_is_deterministic_for_fixed_query PASSED [  1%]
engines/tests/test_openbb_adapter_contract.py::test_openbb_adapter_rejects_forbidden_boundary_requests PASSED [  1%]
engines/tests/test_openbb_adapter_contract.py::test_openbb_adapter_blocks_trading_use_and_production_gate PASSED [  2%]
engines/tests/test_openbb_adapter_contract.py::test_openbb_adapter_validates_100_fixed_inputs PASSED [  2%]
engines/tests/test_openbb_adapter_contract.py::test_openbb_adapter_stream_cancel_takes_effect_within_two_seconds PASSED [  2%]
engines/tests/test_openbb_adapter_contract.py::test_openbb_adapter_license_gate_cli_blocks_production PASSED [  3%]
engines/tests/test_openbb_adapter_contract.py::test_openbb_adapter_p95_response_stays_under_one_second PASSED [  3%]
engines/tests/test_openbb_adapter_development.py::test_hundred_replay_schema_provenance_and_artifact[case-000] FAILED [  4%]
engines/tests/test_openbb_adapter_development.py::test_hundred_replay_schema_provenance_and_artifact[case-001] FAILED [  4%]
engines/tests/test_openbb_adapter_development.py::test_hundred_replay_schema_provenance_and_artifact[case-002] FAILED [  4%]
engines/tests/test_openbb_adapter_development.py::test_hundred_replay_schema_provenance_and_artifact[case-003] FAILED [  5%]
engines/tests/test_openbb_adapter_development.py::test_hundred_replay_schema_provenance_and_artifact[case-004] FAILED [  5%]
engines/tests/test_openbb_adapter_development.py::test_hundred_replay_schema_provenance_and_artifact[case-005] FAILED [  6%]
engines/tests/test_openbb_adapter_development.py::test_hundred_replay_schema_provenance_and_artifact[case-006] FAILED [  6%]
engines/tests/test_openbb_adapter_development.py::test_hundred_replay_schema_provenance_and_artifact[case-007] FAILED [  6%]
engines/tests/test_openbb_adapter_development.py::test_hundred_replay_schema_provenance_and_artifact[case-008] FAILED [  7%]
engines/tests/test_openbb_adapter_development.py::test_hundred_replay_schema_provenance_and_artifact[case-009] FAILED [  7%]
engines/tests/test_openbb_adapter_development.py::test_hundred_replay_schema_provenance_and_artifact[case-010] FAILED [  8%]
engines/tests/test_openbb_adapter_development.py::test_hundred_replay_schema_provenance_and_artifact[case-011] FAILED [  8%]
engines/tests/test_openbb_adapter_development.py::test_hundred_replay_schema_provenance_and_artifact[case-012] FAILED [  8%]
engines/tests/test_openbb_adapter_development.py::test_hundred_replay_schema_provenance_and_artifact[case-013] FAILED [  9%]
engines/tests/test_openbb_adapter_development.py::test_hundred_replay_schema_provenance_and_artifact[case-014] FAILED [  9%]
engines/tests/test_openbb_adapter_development.py::test_hundred_replay_schema_provenance_and_artifact[case-015] FAILED [ 10%]
engines/tests/test_openbb_adapter_development.py::test_hundred_replay_schema_provenance_and_artifact[case-016] FAILED [ 10%]
engines/tests/test_openbb_adapter_development.py::test_hundred_replay_schema_provenance_and_artifact[case-017] FAILED [ 10%]
engines/tests/test_openbb_adapter_development.py::test_hundred_replay_schema_provenance_and_artifact[case-018] FAILED [ 11%]
engines/tests/test_openbb_adapter_development.py::test_hundred_replay_schema_provenance_and_artifact[case-019] FAILED [ 11%]
engines/tests/test_openbb_adapter_development.py::test_hundred_replay_schema_provenance_and_artifact[case-020] FAILED [ 12%]
engines/tests/test_openbb_adapter_development.py::test_hundred_replay_schema_provenance_and_artifact[case-021] FAILED [ 12%]
engines/tests/test_openbb_adapter_development.py::test_hundred_replay_schema_provenance_and_artifact[case-022] FAILED [ 12%]
engines/tests/test_openbb_adapter_development.py::test_hundred_replay_schema_provenance_and_artifact[case-023] FAILED [ 13%]
engines/tests/test_openbb_adapter_development.py::test_hundred_replay_schema_provenance_and_artifact[case-024] FAILED [ 13%]
engines/tests/test_openbb_adapter_development.py::test_hundred_replay_schema_provenance_and_artifact[case-025] FAILED [ 14%]
engines/tests/test_openbb_adapter_development.py::test_hundred_replay_schema_provenance_and_artifact[case-026] FAILED [ 14%]
engines/tests/test_openbb_adapter_development.py::test_hundred_replay_schema_provenance_and_artifact[case-027] FAILED [ 14%]
engines/tests/test_openbb_adapter_development.py::test_hundred_replay_schema_provenance_and_artifact[case-028] FAILED [ 15%]
engines/tests/test_openbb_adapter_development.py::test_hundred_replay_schema_provenance_and_artifact[case-029] FAILED [ 15%]
engines/tests/test_openbb_adapter_development.py::test_hundred_replay_schema_provenance_and_artifact[case-030] FAILED [ 16%]
engines/tests/test_openbb_adapter_development.py::test_hundred_replay_schema_provenance_and_artifact[case-031] FAILED [ 16%]
engines/tests/test_openbb_adapter_development.py::test_hundred_replay_schema_provenance_and_artifact[case-032] FAILED [ 16%]
engines/tests/test_openbb_adapter_development.py::test_hundred_replay_schema_provenance_and_artifact[case-033] FAILED [ 17%]
engines/tests/test_openbb_adapter_development.py::test_hundred_replay_schema_provenance_and_artifact[case-034] FAILED [ 17%]
engines/tests/test_openbb_adapter_development.py::test_hundred_replay_schema_provenance_and_artifact[case-035] FAILED [ 18%]
engines/tests/test_openbb_adapter_development.py::test_hundred_replay_schema_provenance_and_artifact[case-036] FAILED [ 18%]
engines/tests/test_openbb_adapter_development.py::test_hundred_replay_schema_provenance_and_artifact[case-037] FAILED [ 18%]
engines/tests/test_openbb_adapter_development.py::test_hundred_replay_schema_provenance_and_artifact[case-038] FAILED [ 19%]
engines/tests/test_openbb_adapter_development.py::test_hundred_replay_schema_provenance_and_artifact[case-039] FAILED [ 19%]
engines/tests/test_openbb_adapter_development.py::test_hundred_replay_schema_provenance_and_artifact[case-040] FAILED [ 20%]
engines/tests/test_openbb_adapter_development.py::test_hundred_replay_schema_provenance_and_artifact[case-041] FAILED [ 20%]
engines/tests/test_openbb_adapter_development.py::test_hundred_replay_schema_provenance_and_artifact[case-042] FAILED [ 20%]
engines/tests/test_openbb_adapter_development.py::test_hundred_replay_schema_provenance_and_artifact[case-043] FAILED [ 21%]
engines/tests/test_openbb_adapter_development.py::test_hundred_replay_schema_provenance_and_artifact[case-044] FAILED [ 21%]
engines/tests/test_openbb_adapter_development.py::test_hundred_replay_schema_provenance_and_artifact[case-045] FAILED [ 22%]
engines/tests/test_openbb_adapter_development.py::test_hundred_replay_schema_provenance_and_artifact[case-046] FAILED [ 22%]
engines/tests/test_openbb_adapter_development.py::test_hundred_replay_schema_provenance_and_artifact[case-047] FAILED [ 22%]
engines/tests/test_openbb_adapter_development.py::test_hundred_replay_schema_provenance_and_artifact[case-048] FAILED [ 23%]
engines/tests/test_openbb_adapter_development.py::test_hundred_replay_schema_provenance_and_artifact[case-049] FAILED [ 23%]
engines/tests/test_openbb_adapter_development.py::test_hundred_replay_schema_provenance_and_artifact[case-050] FAILED [ 24%]
engines/tests/test_openbb_adapter_development.py::test_hundred_replay_schema_provenance_and_artifact[case-051] FAILED [ 24%]
engines/tests/test_openbb_adapter_development.py::test_hundred_replay_schema_provenance_and_artifact[case-052] FAILED [ 24%]
engines/tests/test_openbb_adapter_development.py::test_hundred_replay_schema_provenance_and_artifact[case-053] FAILED [ 25%]
engines/tests/test_openbb_adapter_development.py::test_hundred_replay_schema_provenance_and_artifact[case-054] FAILED [ 25%]
engines/tests/test_openbb_adapter_development.py::test_hundred_replay_schema_provenance_and_artifact[case-055] FAILED [ 26%]
engines/tests/test_openbb_adapter_development.py::test_hundred_replay_schema_provenance_and_artifact[case-056] FAILED [ 26%]
engines/tests/test_openbb_adapter_development.py::test_hundred_replay_schema_provenance_and_artifact[case-057] FAILED [ 26%]
engines/tests/test_openbb_adapter_development.py::test_hundred_replay_schema_provenance_and_artifact[case-058] FAILED [ 27%]
engines/tests/test_openbb_adapter_development.py::test_hundred_replay_schema_provenance_and_artifact[case-059] FAILED [ 27%]
engines/tests/test_openbb_adapter_development.py::test_hundred_replay_schema_provenance_and_artifact[case-060] FAILED [ 28%]
engines/tests/test_openbb_adapter_development.py::test_hundred_replay_schema_provenance_and_artifact[case-061] FAILED [ 28%]
engines/tests/test_openbb_adapter_development.py::test_hundred_replay_schema_provenance_and_artifact[case-062] FAILED [ 28%]
engines/tests/test_openbb_adapter_development.py::test_hundred_replay_schema_provenance_and_artifact[case-063] FAILED [ 29%]
engines/tests/test_openbb_adapter_development.py::test_hundred_replay_schema_provenance_and_artifact[case-064] FAILED [ 29%]
engines/tests/test_openbb_adapter_development.py::test_hundred_replay_schema_provenance_and_artifact[case-065] FAILED [ 30%]
engines/tests/test_openbb_adapter_development.py::test_hundred_replay_schema_provenance_and_artifact[case-066] FAILED [ 30%]
engines/tests/test_openbb_adapter_development.py::test_hundred_replay_schema_provenance_and_artifact[case-067] FAILED [ 30%]
engines/tests/test_openbb_adapter_development.py::test_hundred_replay_schema_provenance_and_artifact[case-068] FAILED [ 31%]
engines/tests/test_openbb_adapter_development.py::test_hundred_replay_schema_provenance_and_artifact[case-069] FAILED [ 31%]
engines/tests/test_openbb_adapter_development.py::test_hundred_replay_schema_provenance_and_artifact[case-070] FAILED [ 32%]
engines/tests/test_openbb_adapter_development.py::test_hundred_replay_schema_provenance_and_artifact[case-071] FAILED [ 32%]
engines/tests/test_openbb_adapter_development.py::test_hundred_replay_schema_provenance_and_artifact[case-072] FAILED [ 32%]
engines/tests/test_openbb_adapter_development.py::test_hundred_replay_schema_provenance_and_artifact[case-073] FAILED [ 33%]
engines/tests/test_openbb_adapter_development.py::test_hundred_replay_schema_provenance_and_artifact[case-074] FAILED [ 33%]
engines/tests/test_openbb_adapter_development.py::test_hundred_replay_schema_provenance_and_artifact[case-075] FAILED [ 34%]
engines/tests/test_openbb_adapter_development.py::test_hundred_replay_schema_provenance_and_artifact[case-076] FAILED [ 34%]
engines/tests/test_openbb_adapter_development.py::test_hundred_replay_schema_provenance_and_artifact[case-077] FAILED [ 34%]
engines/tests/test_openbb_adapter_development.py::test_hundred_replay_schema_provenance_and_artifact[case-078] FAILED [ 35%]
engines/tests/test_openbb_adapter_development.py::test_hundred_replay_schema_provenance_and_artifact[case-079] FAILED [ 35%]
engines/tests/test_openbb_adapter_development.py::test_hundred_replay_schema_provenance_and_artifact[case-080] FAILED [ 36%]
engines/tests/test_openbb_adapter_development.py::test_hundred_replay_schema_provenance_and_artifact[case-081] FAILED [ 36%]
engines/tests/test_openbb_adapter_development.py::test_hundred_replay_schema_provenance_and_artifact[case-082] FAILED [ 36%]
engines/tests/test_openbb_adapter_development.py::test_hundred_replay_schema_provenance_and_artifact[case-083] FAILED [ 37%]
engines/tests/test_openbb_adapter_development.py::test_hundred_replay_schema_provenance_and_artifact[case-084] FAILED [ 37%]
engines/tests/test_openbb_adapter_development.py::test_hundred_replay_schema_provenance_and_artifact[case-085] FAILED [ 38%]
engines/tests/test_openbb_adapter_development.py::test_hundred_replay_schema_provenance_and_artifact[case-086] FAILED [ 38%]
engines/tests/test_openbb_adapter_development.py::test_hundred_replay_schema_provenance_and_artifact[case-087] FAILED [ 38%]
engines/tests/test_openbb_adapter_development.py::test_hundred_replay_schema_provenance_and_artifact[case-088] FAILED [ 39%]
engines/tests/test_openbb_adapter_development.py::test_hundred_replay_schema_provenance_and_artifact[case-089] FAILED [ 39%]
engines/tests/test_openbb_adapter_development.py::test_hundred_replay_schema_provenance_and_artifact[case-090] FAILED [ 40%]
engines/tests/test_openbb_adapter_development.py::test_hundred_replay_schema_provenance_and_artifact[case-091] FAILED [ 40%]
engines/tests/test_openbb_adapter_development.py::test_hundred_replay_schema_provenance_and_artifact[case-092] FAILED [ 40%]
engines/tests/test_openbb_adapter_development.py::test_hundred_replay_schema_provenance_and_artifact[case-093] FAILED [ 41%]
engines/tests/test_openbb_adapter_development.py::test_hundred_replay_schema_provenance_and_artifact[case-094] FAILED [ 41%]
engines/tests/test_openbb_adapter_development.py::test_hundred_replay_schema_provenance_and_artifact[case-095] FAILED [ 42%]
engines/tests/test_openbb_adapter_development.py::test_hundred_replay_schema_provenance_and_artifact[case-096] FAILED [ 42%]
engines/tests/test_openbb_adapter_development.py::test_hundred_replay_schema_provenance_and_artifact[case-097] FAILED [ 42%]
engines/tests/test_openbb_adapter_development.py::test_hundred_replay_schema_provenance_and_artifact[case-098] FAILED [ 43%]
engines/tests/test_openbb_adapter_development.py::test_hundred_replay_schema_provenance_and_artifact[case-099] FAILED [ 43%]
engines/tests/test_openbb_adapter_development.py::test_recursive_authority_order_and_secret_denial[actor_id-execute] PASSED [ 44%]
engines/tests/test_openbb_adapter_development.py::test_recursive_authority_order_and_secret_denial[actor_id-stream] PASSED [ 44%]
engines/tests/test_openbb_adapter_development.py::test_recursive_authority_order_and_secret_denial[api_key-execute] PASSED [ 44%]
engines/tests/test_openbb_adapter_development.py::test_recursive_authority_order_and_secret_denial[api_key-stream] PASSED [ 45%]
engines/tests/test_openbb_adapter_development.py::test_recursive_authority_order_and_secret_denial[approved_for_production-execute] PASSED [ 45%]
engines/tests/test_openbb_adapter_development.py::test_recursive_authority_order_and_secret_denial[approved_for_production-stream] PASSED [ 46%]
engines/tests/test_openbb_adapter_development.py::test_recursive_authority_order_and_secret_denial[authorization-execute] PASSED [ 46%]
engines/tests/test_openbb_adapter_development.py::test_recursive_authority_order_and_secret_denial[authorization-stream] PASSED [ 46%]
engines/tests/test_openbb_adapter_development.py::test_recursive_authority_order_and_secret_denial[broker_connection-execute] PASSED [ 47%]
engines/tests/test_openbb_adapter_development.py::test_recursive_authority_order_and_secret_denial[broker_connection-stream] PASSED [ 47%]
engines/tests/test_openbb_adapter_development.py::test_recursive_authority_order_and_secret_denial[capabilities-execute] PASSED [ 48%]
engines/tests/test_openbb_adapter_development.py::test_recursive_authority_order_and_secret_denial[capabilities-stream] PASSED [ 48%]
engines/tests/test_openbb_adapter_development.py::test_recursive_authority_order_and_secret_denial[data_snapshot_ref-execute] PASSED [ 48%]
engines/tests/test_openbb_adapter_development.py::test_recursive_authority_order_and_secret_denial[data_snapshot_ref-stream] PASSED [ 49%]
engines/tests/test_openbb_adapter_development.py::test_recursive_authority_order_and_secret_denial[executable-execute] PASSED [ 49%]
engines/tests/test_openbb_adapter_development.py::test_recursive_authority_order_and_secret_denial[executable-stream] PASSED [ 50%]
engines/tests/test_openbb_adapter_development.py::test_recursive_authority_order_and_secret_denial[external_url-execute] PASSED [ 50%]
engines/tests/test_openbb_adapter_development.py::test_recursive_authority_order_and_secret_denial[external_url-stream] PASSED [ 50%]
engines/tests/test_openbb_adapter_development.py::test_recursive_authority_order_and_secret_denial[file_write-execute] PASSED [ 51%]
engines/tests/test_openbb_adapter_development.py::test_recursive_authority_order_and_secret_denial[file_write-stream] PASSED [ 51%]
engines/tests/test_openbb_adapter_development.py::test_recursive_authority_order_and_secret_denial[network_access-execute] PASSED [ 52%]
engines/tests/test_openbb_adapter_development.py::test_recursive_authority_order_and_secret_denial[network_access-stream] PASSED [ 52%]
engines/tests/test_openbb_adapter_development.py::test_recursive_authority_order_and_secret_denial[order-execute] PASSED [ 52%]
engines/tests/test_openbb_adapter_development.py::test_recursive_authority_order_and_secret_denial[order-stream] PASSED [ 53%]
engines/tests/test_openbb_adapter_development.py::test_recursive_authority_order_and_secret_denial[order_tool-execute] PASSED [ 53%]
engines/tests/test_openbb_adapter_development.py::test_recursive_authority_order_and_secret_denial[order_tool-stream] PASSED [ 54%]
engines/tests/test_openbb_adapter_development.py::test_recursive_authority_order_and_secret_denial[policy_context_ref-execute] PASSED [ 54%]
engines/tests/test_openbb_adapter_development.py::test_recursive_authority_order_and_secret_denial[policy_context_ref-stream] PASSED [ 54%]
engines/tests/test_openbb_adapter_development.py::test_recursive_authority_order_and_secret_denial[secret_ref-execute] PASSED [ 55%]
engines/tests/test_openbb_adapter_development.py::test_recursive_authority_order_and_secret_denial[secret_ref-stream] PASSED [ 55%]
engines/tests/test_openbb_adapter_development.py::test_recursive_authority_order_and_secret_denial[shell-execute] PASSED [ 56%]
engines/tests/test_openbb_adapter_development.py::test_recursive_authority_order_and_secret_denial[shell-stream] PASSED [ 56%]
engines/tests/test_openbb_adapter_development.py::test_recursive_authority_order_and_secret_denial[signal-execute] PASSED [ 56%]
engines/tests/test_openbb_adapter_development.py::test_recursive_authority_order_and_secret_denial[signal-stream] PASSED [ 57%]
engines/tests/test_openbb_adapter_development.py::test_recursive_authority_order_and_secret_denial[tenant_id-execute] PASSED [ 57%]
engines/tests/test_openbb_adapter_development.py::test_recursive_authority_order_and_secret_denial[tenant_id-stream] PASSED [ 58%]
engines/tests/test_openbb_adapter_development.py::test_recursive_authority_order_and_secret_denial[tools_executed-execute] PASSED [ 58%]
engines/tests/test_openbb_adapter_development.py::test_recursive_authority_order_and_secret_denial[tools_executed-stream] PASSED [ 58%]
engines/tests/test_openbb_adapter_development.py::test_recursive_authority_order_and_secret_denial[trade_command-execute] PASSED [ 59%]
engines/tests/test_openbb_adapter_development.py::test_recursive_authority_order_and_secret_denial[trade_command-stream] PASSED [ 59%]
engines/tests/test_openbb_adapter_development.py::test_recursive_authority_order_and_secret_denial[trading_approved-execute] PASSED [ 60%]
engines/tests/test_openbb_adapter_development.py::test_recursive_authority_order_and_secret_denial[trading_approved-stream] PASSED [ 60%]
engines/tests/test_openbb_adapter_development.py::test_recursive_authority_order_and_secret_denial[venue-execute] PASSED [ 60%]
engines/tests/test_openbb_adapter_development.py::test_recursive_authority_order_and_secret_denial[venue-stream] PASSED [ 61%]
engines/tests/test_openbb_adapter_development.py::test_recursive_authority_order_and_secret_denial[workspace_id-execute] PASSED [ 61%]
engines/tests/test_openbb_adapter_development.py::test_recursive_authority_order_and_secret_denial[workspace_id-stream] PASSED [ 62%]
engines/tests/test_openbb_adapter_development.py::test_typed_boundary[payload0-PERMISSION_DENIED-execute] PASSED [ 62%]
engines/tests/test_openbb_adapter_development.py::test_typed_boundary[payload0-PERMISSION_DENIED-stream] PASSED [ 62%]
engines/tests/test_openbb_adapter_development.py::test_typed_boundary[payload1-PERMISSION_DENIED-execute] PASSED [ 63%]
engines/tests/test_openbb_adapter_development.py::test_typed_boundary[payload1-PERMISSION_DENIED-stream] PASSED [ 63%]
engines/tests/test_openbb_adapter_development.py::test_typed_boundary[payload2-INVALID_ARGUMENT-execute] PASSED [ 64%]
engines/tests/test_openbb_adapter_development.py::test_typed_boundary[payload2-INVALID_ARGUMENT-stream] PASSED [ 64%]
engines/tests/test_openbb_adapter_development.py::test_typed_boundary[payload3-INVALID_ARGUMENT-execute] PASSED [ 64%]
engines/tests/test_openbb_adapter_development.py::test_typed_boundary[payload3-INVALID_ARGUMENT-stream] PASSED [ 65%]
engines/tests/test_openbb_adapter_development.py::test_typed_boundary[payload4-INVALID_ARGUMENT-execute] PASSED [ 65%]
engines/tests/test_openbb_adapter_development.py::test_typed_boundary[payload4-INVALID_ARGUMENT-stream] PASSED [ 66%]
engines/tests/test_openbb_adapter_development.py::test_typed_boundary[payload5-INVALID_ARGUMENT-execute] PASSED [ 66%]
engines/tests/test_openbb_adapter_development.py::test_typed_boundary[payload5-INVALID_ARGUMENT-stream] PASSED [ 66%]
engines/tests/test_openbb_adapter_development.py::test_typed_boundary[payload6-INVALID_ARGUMENT-execute] PASSED [ 67%]
engines/tests/test_openbb_adapter_development.py::test_typed_boundary[payload6-INVALID_ARGUMENT-stream] PASSED [ 67%]
engines/tests/test_openbb_adapter_development.py::test_typed_boundary[payload7-INVALID_ARGUMENT-execute] PASSED [ 68%]
engines/tests/test_openbb_adapter_development.py::test_typed_boundary[payload7-INVALID_ARGUMENT-stream] PASSED [ 68%]
engines/tests/test_openbb_adapter_development.py::test_typed_boundary[payload8-INVALID_ARGUMENT-execute] PASSED [ 68%]
engines/tests/test_openbb_adapter_development.py::test_typed_boundary[payload8-INVALID_ARGUMENT-stream] PASSED [ 69%]
engines/tests/test_openbb_adapter_development.py::test_typed_boundary[payload9-INVALID_ARGUMENT-execute] PASSED [ 69%]
engines/tests/test_openbb_adapter_development.py::test_typed_boundary[payload9-INVALID_ARGUMENT-stream] PASSED [ 70%]
engines/tests/test_openbb_adapter_development.py::test_typed_boundary[payload10-INVALID_ARGUMENT-execute] PASSED [ 70%]
engines/tests/test_openbb_adapter_development.py::test_typed_boundary[payload10-INVALID_ARGUMENT-stream] PASSED [ 70%]
engines/tests/test_openbb_adapter_development.py::test_typed_boundary[payload11-INVALID_ARGUMENT-execute] PASSED [ 71%]
engines/tests/test_openbb_adapter_development.py::test_typed_boundary[payload11-INVALID_ARGUMENT-stream] PASSED [ 71%]
engines/tests/test_openbb_adapter_development.py::test_typed_boundary[payload12-INVALID_ARGUMENT-execute] PASSED [ 72%]
engines/tests/test_openbb_adapter_development.py::test_typed_boundary[payload12-INVALID_ARGUMENT-stream] PASSED [ 72%]
engines/tests/test_openbb_adapter_development.py::test_typed_boundary[payload13-INVALID_ARGUMENT-execute] PASSED [ 72%]
engines/tests/test_openbb_adapter_development.py::test_typed_boundary[payload13-INVALID_ARGUMENT-stream] PASSED [ 73%]
engines/tests/test_openbb_adapter_development.py::test_typed_boundary[payload14-INVALID_ARGUMENT-execute] PASSED [ 73%]
engines/tests/test_openbb_adapter_development.py::test_typed_boundary[payload14-INVALID_ARGUMENT-stream] PASSED [ 74%]
engines/tests/test_openbb_adapter_development.py::test_typed_boundary[payload15-INVALID_ARGUMENT-execute] PASSED [ 74%]
engines/tests/test_openbb_adapter_development.py::test_typed_boundary[payload15-INVALID_ARGUMENT-stream] PASSED [ 74%]
engines/tests/test_openbb_adapter_development.py::test_typed_boundary[payload16-PERMISSION_DENIED-execute] PASSED [ 75%]
engines/tests/test_openbb_adapter_development.py::test_typed_boundary[payload16-PERMISSION_DENIED-stream] PASSED [ 75%]
engines/tests/test_openbb_adapter_development.py::test_typed_boundary[payload17-PERMISSION_DENIED-execute] PASSED [ 76%]
engines/tests/test_openbb_adapter_development.py::test_typed_boundary[payload17-PERMISSION_DENIED-stream] PASSED [ 76%]
engines/tests/test_openbb_adapter_development.py::test_typed_boundary[payload18-PERMISSION_DENIED-execute] PASSED [ 76%]
engines/tests/test_openbb_adapter_development.py::test_typed_boundary[payload18-PERMISSION_DENIED-stream] PASSED [ 77%]
engines/tests/test_openbb_adapter_development.py::test_typed_boundary[payload19-INVALID_ARGUMENT-execute] PASSED [ 77%]
engines/tests/test_openbb_adapter_development.py::test_typed_boundary[payload19-INVALID_ARGUMENT-stream] PASSED [ 78%]
engines/tests/test_openbb_adapter_development.py::test_typed_boundary[payload20-FAILED_PRECONDITION-execute] PASSED [ 78%]
engines/tests/test_openbb_adapter_development.py::test_typed_boundary[payload20-FAILED_PRECONDITION-stream] PASSED [ 78%]
engines/tests/test_openbb_adapter_development.py::test_typed_boundary[payload21-FAILED_PRECONDITION-execute] PASSED [ 79%]
engines/tests/test_openbb_adapter_development.py::test_typed_boundary[payload21-FAILED_PRECONDITION-stream] PASSED [ 79%]
engines/tests/test_openbb_adapter_development.py::test_typed_boundary[payload22-INVALID_ARGUMENT-execute] PASSED [ 80%]
engines/tests/test_openbb_adapter_development.py::test_typed_boundary[payload22-INVALID_ARGUMENT-stream] PASSED [ 80%]
engines/tests/test_openbb_adapter_development.py::test_typed_boundary[payload23-INVALID_ARGUMENT-execute] PASSED [ 80%]
engines/tests/test_openbb_adapter_development.py::test_typed_boundary[payload23-INVALID_ARGUMENT-stream] PASSED [ 81%]
engines/tests/test_openbb_adapter_development.py::test_typed_boundary[payload24-INVALID_ARGUMENT-execute] PASSED [ 81%]
engines/tests/test_openbb_adapter_development.py::test_typed_boundary[payload24-INVALID_ARGUMENT-stream] PASSED [ 82%]
engines/tests/test_openbb_adapter_development.py::test_typed_boundary[payload25-INVALID_ARGUMENT-execute] PASSED [ 82%]
engines/tests/test_openbb_adapter_development.py::test_typed_boundary[payload25-INVALID_ARGUMENT-stream] PASSED [ 82%]
engines/tests/test_openbb_adapter_development.py::test_typed_boundary[payload26-INVALID_ARGUMENT-execute] PASSED [ 83%]
engines/tests/test_openbb_adapter_development.py::test_typed_boundary[payload26-INVALID_ARGUMENT-stream] PASSED [ 83%]
engines/tests/test_openbb_adapter_development.py::test_typed_boundary[payload27-INVALID_ARGUMENT-execute] PASSED [ 84%]
engines/tests/test_openbb_adapter_development.py::test_typed_boundary[payload27-INVALID_ARGUMENT-stream] PASSED [ 84%]
engines/tests/test_openbb_adapter_development.py::test_typed_boundary[payload28-INVALID_ARGUMENT-execute] PASSED [ 84%]
engines/tests/test_openbb_adapter_development.py::test_typed_boundary[payload28-INVALID_ARGUMENT-stream] PASSED [ 85%]
engines/tests/test_openbb_adapter_development.py::test_typed_boundary[payload29-PERMISSION_DENIED-execute] PASSED [ 85%]
engines/tests/test_openbb_adapter_development.py::test_typed_boundary[payload29-PERMISSION_DENIED-stream] PASSED [ 86%]
engines/tests/test_openbb_adapter_development.py::test_typed_boundary[payload30-PERMISSION_DENIED-execute] PASSED [ 86%]
engines/tests/test_openbb_adapter_development.py::test_typed_boundary[payload30-PERMISSION_DENIED-stream] PASSED [ 86%]
engines/tests/test_openbb_adapter_development.py::test_engine_envelope[mode-execute] PASSED [ 87%]
engines/tests/test_openbb_adapter_development.py::test_engine_envelope[mode-stream] PASSED [ 87%]
engines/tests/test_openbb_adapter_development.py::test_engine_envelope[capability-execute] PASSED [ 88%]
engines/tests/test_openbb_adapter_development.py::test_engine_envelope[capability-stream] PASSED [ 88%]
engines/tests/test_openbb_adapter_development.py::test_engine_envelope[schema-execute] PASSED [ 88%]
engines/tests/test_openbb_adapter_development.py::test_engine_envelope[schema-stream] PASSED [ 89%]
engines/tests/test_openbb_adapter_development.py::test_engine_envelope[missing_capability-execute] PASSED [ 89%]
engines/tests/test_openbb_adapter_development.py::test_engine_envelope[missing_capability-stream] PASSED [ 90%]
engines/tests/test_openbb_adapter_development.py::test_engine_envelope[production-execute] PASSED [ 90%]
engines/tests/test_openbb_adapter_development.py::test_engine_envelope[production-stream] PASSED [ 90%]
engines/tests/test_openbb_adapter_development.py::test_engine_envelope[staging-execute] PASSED [ 91%]
engines/tests/test_openbb_adapter_development.py::test_engine_envelope[staging-stream] PASSED [ 91%]
engines/tests/test_openbb_adapter_development.py::test_engine_envelope[tenant-execute] PASSED [ 92%]
engines/tests/test_openbb_adapter_development.py::test_engine_envelope[tenant-stream] PASSED [ 92%]
engines/tests/test_openbb_adapter_development.py::test_engine_envelope[workspace-execute] PASSED [ 92%]
engines/tests/test_openbb_adapter_development.py::test_engine_envelope[workspace-stream] PASSED [ 93%]
engines/tests/test_openbb_adapter_development.py::test_engine_envelope[actor-execute] PASSED [ 93%]
engines/tests/test_openbb_adapter_development.py::test_engine_envelope[actor-stream] PASSED [ 94%]
engines/tests/test_openbb_adapter_development.py::test_cache_scope_ttl_eviction_and_copy_isolation PASSED [ 94%]
engines/tests/test_openbb_adapter_development.py::test_license_gate_runs_before_cached_read PASSED [ 94%]
engines/tests/test_openbb_adapter_development.py::test_identity_conflict[execute] PASSED [ 95%]
engines/tests/test_openbb_adapter_development.py::test_identity_conflict[stream] PASSED [ 95%]
engines/tests/test_openbb_adapter_development.py::test_cancel_scope[tenant] PASSED [ 96%]
engines/tests/test_openbb_adapter_development.py::test_cancel_scope[workspace] PASSED [ 96%]
engines/tests/test_openbb_adapter_development.py::test_cancel_scope[actor] PASSED [ 96%]
engines/tests/test_openbb_adapter_development.py::test_cancel_scope[capability] PASSED [ 97%]
engines/tests/test_openbb_adapter_development.py::test_cancel_scope[mode] PASSED [ 97%]
engines/tests/test_openbb_adapter_development.py::test_deadline_stops_before_commit[execute] PASSED [ 98%]
engines/tests/test_openbb_adapter_development.py::test_deadline_stops_before_commit[stream] PASSED [ 98%]
engines/tests/test_openbb_adapter_development.py::test_transport_cancel_no_artifacts PASSED [ 98%]
engines/tests/test_openbb_adapter_development.py::test_atomic_bundle_and_cancel_ack PASSED [ 99%]
engines/tests/test_openbb_adapter_development.py::test_fixture_integrity_and_copy_boundary PASSED [ 99%]
engines/tests/test_openbb_adapter_development.py::test_no_upstream_or_core_domain_imports PASSED [100%]

=================================== FAILURES ===================================
_________ test_hundred_replay_schema_provenance_and_artifact[case-000] _________

engine = (OpenBBAdapterService(manifest=EngineManifest(engine_name='openbb-adapter', engine_version='0.1.0', capabilities=(Engi...read.lock object at 0x10b425440>), EngineClient(target='unix:/tmp/quantos-tp05-1a6163d2e5524a3bb971ed2b5e4a6fa5.sock'))
case = FixedQueryInput(case_id='case-000', fixture_name='crypto_market_btc', provider='mock', dataset='crypto.market.snapshot...=('BTCUSDT',), intended_use='research', deployment_target='test', requested_tools=('query_snapshot', 'query_artifact'))

    @pytest.mark.parametrize("case", fixed_input_cases(100), ids=lambda c: c.case_id)
    def test_hundred_replay_schema_provenance_and_artifact(engine, case):
        service, client = engine
        request = original_request(
            1000 + int(case.case_id.split("-")[1]),
            {
                "provider": case.provider,
                "fixture": case.fixture_name,
                "dataset": case.dataset,
                "schema_ref": case.schema_ref,
                "symbols": list(case.symbols),
                "query_text": case.query_text,
                "intended_use": case.intended_use,
                "deployment_target": case.deployment_target,
                "tools": list(case.requested_tools),
            },
        )
        a = client.execute(request, timeout=3)
        b = client.execute(request, timeout=3)
        assert (
            a.output == b.output and a.artifact_refs == b.artifact_refs and a.input_hash == b.input_hash
        )
        streams = [invoke(client, request, "stream") for _ in range(2)]
        assert [s.delta for s in streams[0]] == [s.delta for s in streams[1]]
        assert streams[0][-1].artifact_refs == a.artifact_refs and streams[0][-1].done
        value = mapping(a.output)
        fixture = load_fixture(case.fixture_name)
        assert value["scope"]["workflow_run_id"] == request.workflow_run_id
        assert value["scope"]["tenant_id"] == request.metadata.tenant_id
        assert value["license"]["approved_for_production"] is False
        assert value["usage"]["trading_approved"] is False and value["sources"]
        assert value["records"] == list(fixture.records) and value["window"] == fixture.window
        assert value["lineage"]["fixture_digest"] == fixture.fixture_digest
>       assert value["response_hash"] == content_hash(
            {k: v for k, v in value.items() if k != "response_hash"}
        )
E       AssertionError: assert 'sha256:af4b111a5531fd1e84b2e799fe39ecca960f8302f7cd0cb8c35bb9434ad08ee5' == 'sha256:e1f3a9ffacaec6e847905aee9f411d799d557ae40d2d09f8d9b44aa711fe36d1'
E         
E         - sha256:e1f3a9ffacaec6e847905aee9f411d799d557ae40d2d09f8d9b44aa711fe36d1
E         + sha256:af4b111a5531fd1e84b2e799fe39ecca960f8302f7cd0cb8c35bb9434ad08ee5

engines/tests/test_openbb_adapter_development.py:105: AssertionError
_________ test_hundred_replay_schema_provenance_and_artifact[case-001] _________

engine = (OpenBBAdapterService(manifest=EngineManifest(engine_name='openbb-adapter', engine_version='0.1.0', capabilities=(Engi...read.lock object at 0x10b501d00>), EngineClient(target='unix:/tmp/quantos-tp05-3d1361562ddb4ba6bafac030bcea8264.sock'))
case = FixedQueryInput(case_id='case-001', fixture_name='equity_fundamentals_nvda', provider='openbb', dataset='equity.fundam...NVDA',), intended_use='research', deployment_target='evaluation', requested_tools=('query_snapshot', 'query_artifact'))

    @pytest.mark.parametrize("case", fixed_input_cases(100), ids=lambda c: c.case_id)
    def test_hundred_replay_schema_provenance_and_artifact(engine, case):
        service, client = engine
        request = original_request(
            1000 + int(case.case_id.split("-")[1]),
            {
                "provider": case.provider,
                "fixture": case.fixture_name,
                "dataset": case.dataset,
                "schema_ref": case.schema_ref,
                "symbols": list(case.symbols),
                "query_text": case.query_text,
                "intended_use": case.intended_use,
                "deployment_target": case.deployment_target,
                "tools": list(case.requested_tools),
            },
        )
        a = client.execute(request, timeout=3)
        b = client.execute(request, timeout=3)
        assert (
            a.output == b.output and a.artifact_refs == b.artifact_refs and a.input_hash == b.input_hash
        )
        streams = [invoke(client, request, "stream") for _ in range(2)]
        assert [s.delta for s in streams[0]] == [s.delta for s in streams[1]]
        assert streams[0][-1].artifact_refs == a.artifact_refs and streams[0][-1].done
        value = mapping(a.output)
        fixture = load_fixture(case.fixture_name)
        assert value["scope"]["workflow_run_id"] == request.workflow_run_id
        assert value["scope"]["tenant_id"] == request.metadata.tenant_id
        assert value["license"]["approved_for_production"] is False
        assert value["usage"]["trading_approved"] is False and value["sources"]
        assert value["records"] == list(fixture.records) and value["window"] == fixture.window
        assert value["lineage"]["fixture_digest"] == fixture.fixture_digest
>       assert value["response_hash"] == content_hash(
            {k: v for k, v in value.items() if k != "response_hash"}
        )
E       AssertionError: assert 'sha256:af12191722c54c7a6a225c721fa52cead75df3e692cfbfda6c410b380f920996' == 'sha256:1650bc8197707b30eca9c729675260a0eb68db63c6b18f575c601f427147c489'
E         
E         - sha256:1650bc8197707b30eca9c729675260a0eb68db63c6b18f575c601f427147c489
E         + sha256:af12191722c54c7a6a225c721fa52cead75df3e692cfbfda6c410b380f920996

engines/tests/test_openbb_adapter_development.py:105: AssertionError
_________ test_hundred_replay_schema_provenance_and_artifact[case-002] _________

engine = (OpenBBAdapterService(manifest=EngineManifest(engine_name='openbb-adapter', engine_version='0.1.0', capabilities=(Engi...read.lock object at 0x10b563680>), EngineClient(target='unix:/tmp/quantos-tp05-d4f5ef5f9f9b468eb93bdb00af0b53bd.sock'))
case = FixedQueryInput(case_id='case-002', fixture_name='macro_research_rates', provider='mock', dataset='macro.research.snap...S10Y', 'DXY'), intended_use='research', deployment_target='test', requested_tools=('query_snapshot', 'query_artifact'))

    @pytest.mark.parametrize("case", fixed_input_cases(100), ids=lambda c: c.case_id)
    def test_hundred_replay_schema_provenance_and_artifact(engine, case):
        service, client = engine
        request = original_request(
            1000 + int(case.case_id.split("-")[1]),
            {
                "provider": case.provider,
                "fixture": case.fixture_name,
                "dataset": case.dataset,
                "schema_ref": case.schema_ref,
                "symbols": list(case.symbols),
                "query_text": case.query_text,
                "intended_use": case.intended_use,
                "deployment_target": case.deployment_target,
                "tools": list(case.requested_tools),
            },
        )
        a = client.execute(request, timeout=3)
        b = client.execute(request, timeout=3)
        assert (
            a.output == b.output and a.artifact_refs == b.artifact_refs and a.input_hash == b.input_hash
        )
        streams = [invoke(client, request, "stream") for _ in range(2)]
        assert [s.delta for s in streams[0]] == [s.delta for s in streams[1]]
        assert streams[0][-1].artifact_refs == a.artifact_refs and streams[0][-1].done
        value = mapping(a.output)
        fixture = load_fixture(case.fixture_name)
        assert value["scope"]["workflow_run_id"] == request.workflow_run_id
        assert value["scope"]["tenant_id"] == request.metadata.tenant_id
        assert value["license"]["approved_for_production"] is False
        assert value["usage"]["trading_approved"] is False and value["sources"]
        assert value["records"] == list(fixture.records) and value["window"] == fixture.window
        assert value["lineage"]["fixture_digest"] == fixture.fixture_digest
>       assert value["response_hash"] == content_hash(
            {k: v for k, v in value.items() if k != "response_hash"}
        )
E       AssertionError: assert 'sha256:a3b5815ebef75b05d7e5dd610047a7d9047e5bec4e782a025f6391fd5f4157b8' == 'sha256:655aac17e4e33005198cbbfd4cf5a86a7d0349873c3a07db763c834c57193cad'
E         
E         - sha256:655aac17e4e33005198cbbfd4cf5a86a7d0349873c3a07db763c834c57193cad
E         + sha256:a3b5815ebef75b05d7e5dd610047a7d9047e5bec4e782a025f6391fd5f4157b8

engines/tests/test_openbb_adapter_development.py:105: AssertionError
_________ test_hundred_replay_schema_provenance_and_artifact[case-003] _________

engine = (OpenBBAdapterService(manifest=EngineManifest(engine_name='openbb-adapter', engine_version='0.1.0', capabilities=(Engi...read.lock object at 0x10b432a80>), EngineClient(target='unix:/tmp/quantos-tp05-e3927fc32ba445e18960d3ebf387fcfe.sock'))
case = FixedQueryInput(case_id='case-003', fixture_name='crypto_market_btc', provider='openbb', dataset='crypto.market.snapsh...USDT',), intended_use='research', deployment_target='evaluation', requested_tools=('query_snapshot', 'query_artifact'))

    @pytest.mark.parametrize("case", fixed_input_cases(100), ids=lambda c: c.case_id)
    def test_hundred_replay_schema_provenance_and_artifact(engine, case):
        service, client = engine
        request = original_request(
            1000 + int(case.case_id.split("-")[1]),
            {
                "provider": case.provider,
                "fixture": case.fixture_name,
                "dataset": case.dataset,
                "schema_ref": case.schema_ref,
                "symbols": list(case.symbols),
                "query_text": case.query_text,
                "intended_use": case.intended_use,
                "deployment_target": case.deployment_target,
                "tools": list(case.requested_tools),
            },
        )
        a = client.execute(request, timeout=3)
        b = client.execute(request, timeout=3)
        assert (
            a.output == b.output and a.artifact_refs == b.artifact_refs and a.input_hash == b.input_hash
        )
        streams = [invoke(client, request, "stream") for _ in range(2)]
        assert [s.delta for s in streams[0]] == [s.delta for s in streams[1]]
        assert streams[0][-1].artifact_refs == a.artifact_refs and streams[0][-1].done
        value = mapping(a.output)
        fixture = load_fixture(case.fixture_name)
        assert value["scope"]["workflow_run_id"] == request.workflow_run_id
        assert value["scope"]["tenant_id"] == request.metadata.tenant_id
        assert value["license"]["approved_for_production"] is False
        assert value["usage"]["trading_approved"] is False and value["sources"]
        assert value["records"] == list(fixture.records) and value["window"] == fixture.window
        assert value["lineage"]["fixture_digest"] == fixture.fixture_digest
>       assert value["response_hash"] == content_hash(
            {k: v for k, v in value.items() if k != "response_hash"}
        )
E       AssertionError: assert 'sha256:ccd6f6a8397de7e22ec44eadb0fb7f629ee8d44e933e27c90772f4730a55e2fe' == 'sha256:f82196b01482b86d80ffb6fe3457105cbe23e87163ab70b6496388b6114b3423'
E         
E         - sha256:f82196b01482b86d80ffb6fe3457105cbe23e87163ab70b6496388b6114b3423
E         + sha256:ccd6f6a8397de7e22ec44eadb0fb7f629ee8d44e933e27c90772f4730a55e2fe

engines/tests/test_openbb_adapter_development.py:105: AssertionError
_________ test_hundred_replay_schema_provenance_and_artifact[case-004] _________

engine = (OpenBBAdapterService(manifest=EngineManifest(engine_name='openbb-adapter', engine_version='0.1.0', capabilities=(Engi...read.lock object at 0x10b4fb5c0>), EngineClient(target='unix:/tmp/quantos-tp05-695553429beb4fdcb23cc4a1473ba045.sock'))
case = FixedQueryInput(case_id='case-004', fixture_name='equity_fundamentals_nvda', provider='mock', dataset='equity.fundamen...ols=('NVDA',), intended_use='research', deployment_target='test', requested_tools=('query_snapshot', 'query_artifact'))

    @pytest.mark.parametrize("case", fixed_input_cases(100), ids=lambda c: c.case_id)
    def test_hundred_replay_schema_provenance_and_artifact(engine, case):
        service, client = engine
        request = original_request(
            1000 + int(case.case_id.split("-")[1]),
            {
                "provider": case.provider,
                "fixture": case.fixture_name,
                "dataset": case.dataset,
                "schema_ref": case.schema_ref,
                "symbols": list(case.symbols),
                "query_text": case.query_text,
                "intended_use": case.intended_use,
                "deployment_target": case.deployment_target,
                "tools": list(case.requested_tools),
            },
        )
        a = client.execute(request, timeout=3)
        b = client.execute(request, timeout=3)
        assert (
            a.output == b.output and a.artifact_refs == b.artifact_refs and a.input_hash == b.input_hash
        )
        streams = [invoke(client, request, "stream") for _ in range(2)]
        assert [s.delta for s in streams[0]] == [s.delta for s in streams[1]]
        assert streams[0][-1].artifact_refs == a.artifact_refs and streams[0][-1].done
        value = mapping(a.output)
        fixture = load_fixture(case.fixture_name)
        assert value["scope"]["workflow_run_id"] == request.workflow_run_id
        assert value["scope"]["tenant_id"] == request.metadata.tenant_id
        assert value["license"]["approved_for_production"] is False
        assert value["usage"]["trading_approved"] is False and value["sources"]
        assert value["records"] == list(fixture.records) and value["window"] == fixture.window
        assert value["lineage"]["fixture_digest"] == fixture.fixture_digest
>       assert value["response_hash"] == content_hash(
            {k: v for k, v in value.items() if k != "response_hash"}
        )
E       AssertionError: assert 'sha256:d1e151e5e02cf8882c5e9b07f1278493d7693ae6844c4827d01f95f6d63f8984' == 'sha256:d564e0ba12d1af3ac1d2f726c94b4c60119e934f229f1559939868b74948b063'
E         
E         - sha256:d564e0ba12d1af3ac1d2f726c94b4c60119e934f229f1559939868b74948b063
E         + sha256:d1e151e5e02cf8882c5e9b07f1278493d7693ae6844c4827d01f95f6d63f8984

engines/tests/test_openbb_adapter_development.py:105: AssertionError
_________ test_hundred_replay_schema_provenance_and_artifact[case-005] _________

engine = (OpenBBAdapterService(manifest=EngineManifest(engine_name='openbb-adapter', engine_version='0.1.0', capabilities=(Engi...read.lock object at 0x10b3cbd40>), EngineClient(target='unix:/tmp/quantos-tp05-531c7a5089614f1d97403d82f3a199dc.sock'))
case = FixedQueryInput(case_id='case-005', fixture_name='macro_research_rates', provider='openbb', dataset='macro.research.sn... 'DXY'), intended_use='research', deployment_target='evaluation', requested_tools=('query_snapshot', 'query_artifact'))

    @pytest.mark.parametrize("case", fixed_input_cases(100), ids=lambda c: c.case_id)
    def test_hundred_replay_schema_provenance_and_artifact(engine, case):
        service, client = engine
        request = original_request(
            1000 + int(case.case_id.split("-")[1]),
            {
                "provider": case.provider,
                "fixture": case.fixture_name,
                "dataset": case.dataset,
                "schema_ref": case.schema_ref,
                "symbols": list(case.symbols),
                "query_text": case.query_text,
                "intended_use": case.intended_use,
                "deployment_target": case.deployment_target,
                "tools": list(case.requested_tools),
            },
        )
        a = client.execute(request, timeout=3)
        b = client.execute(request, timeout=3)
        assert (
            a.output == b.output and a.artifact_refs == b.artifact_refs and a.input_hash == b.input_hash
        )
        streams = [invoke(client, request, "stream") for _ in range(2)]
        assert [s.delta for s in streams[0]] == [s.delta for s in streams[1]]
        assert streams[0][-1].artifact_refs == a.artifact_refs and streams[0][-1].done
        value = mapping(a.output)
        fixture = load_fixture(case.fixture_name)
        assert value["scope"]["workflow_run_id"] == request.workflow_run_id
        assert value["scope"]["tenant_id"] == request.metadata.tenant_id
        assert value["license"]["approved_for_production"] is False
        assert value["usage"]["trading_approved"] is False and value["sources"]
        assert value["records"] == list(fixture.records) and value["window"] == fixture.window
        assert value["lineage"]["fixture_digest"] == fixture.fixture_digest
>       assert value["response_hash"] == content_hash(
            {k: v for k, v in value.items() if k != "response_hash"}
        )
E       AssertionError: assert 'sha256:f734758157b7272f45da18a8bd5d7439361fa45e04402f2ca49d7c3959dcd722' == 'sha256:e7592c226a04918801d1a48813da372aaa781ee69cc37d5b1473d36f3642d073'
E         
E         - sha256:e7592c226a04918801d1a48813da372aaa781ee69cc37d5b1473d36f3642d073
E         + sha256:f734758157b7272f45da18a8bd5d7439361fa45e04402f2ca49d7c3959dcd722

engines/tests/test_openbb_adapter_development.py:105: AssertionError
_________ test_hundred_replay_schema_provenance_and_artifact[case-006] _________

engine = (OpenBBAdapterService(manifest=EngineManifest(engine_name='openbb-adapter', engine_version='0.1.0', capabilities=(Engi...read.lock object at 0x10b483200>), EngineClient(target='unix:/tmp/quantos-tp05-0e9df74b91174acc876c763cae414567.sock'))
case = FixedQueryInput(case_id='case-006', fixture_name='crypto_market_btc', provider='mock', dataset='crypto.market.snapshot...=('BTCUSDT',), intended_use='research', deployment_target='test', requested_tools=('query_snapshot', 'query_artifact'))

    @pytest.mark.parametrize("case", fixed_input_cases(100), ids=lambda c: c.case_id)
    def test_hundred_replay_schema_provenance_and_artifact(engine, case):
        service, client = engine
        request = original_request(
            1000 + int(case.case_id.split("-")[1]),
            {
                "provider": case.provider,
                "fixture": case.fixture_name,
                "dataset": case.dataset,
                "schema_ref": case.schema_ref,
                "symbols": list(case.symbols),
                "query_text": case.query_text,
                "intended_use": case.intended_use,
                "deployment_target": case.deployment_target,
                "tools": list(case.requested_tools),
            },
        )
        a = client.execute(request, timeout=3)
        b = client.execute(request, timeout=3)
        assert (
            a.output == b.output and a.artifact_refs == b.artifact_refs and a.input_hash == b.input_hash
        )
        streams = [invoke(client, request, "stream") for _ in range(2)]
        assert [s.delta for s in streams[0]] == [s.delta for s in streams[1]]
        assert streams[0][-1].artifact_refs == a.artifact_refs and streams[0][-1].done
        value = mapping(a.output)
        fixture = load_fixture(case.fixture_name)
        assert value["scope"]["workflow_run_id"] == request.workflow_run_id
        assert value["scope"]["tenant_id"] == request.metadata.tenant_id
        assert value["license"]["approved_for_production"] is False
        assert value["usage"]["trading_approved"] is False and value["sources"]
        assert value["records"] == list(fixture.records) and value["window"] == fixture.window
        assert value["lineage"]["fixture_digest"] == fixture.fixture_digest
>       assert value["response_hash"] == content_hash(
            {k: v for k, v in value.items() if k != "response_hash"}
        )
E       AssertionError: assert 'sha256:5e116581316d8cb0e47b7df46c4597cad41bc088fd41dc66200c93976ee29be4' == 'sha256:a520dc7092462df2f6069372ae4a9aedfd5b56961d84f889de136025c17a6a6a'
E         
E         - sha256:a520dc7092462df2f6069372ae4a9aedfd5b56961d84f889de136025c17a6a6a
E         + sha256:5e116581316d8cb0e47b7df46c4597cad41bc088fd41dc66200c93976ee29be4

engines/tests/test_openbb_adapter_development.py:105: AssertionError
_________ test_hundred_replay_schema_provenance_and_artifact[case-007] _________

engine = (OpenBBAdapterService(manifest=EngineManifest(engine_name='openbb-adapter', engine_version='0.1.0', capabilities=(Engi...read.lock object at 0x10b50f180>), EngineClient(target='unix:/tmp/quantos-tp05-dcfeb0f4cb2e4d2abdfc888486f89de2.sock'))
case = FixedQueryInput(case_id='case-007', fixture_name='equity_fundamentals_nvda', provider='openbb', dataset='equity.fundam...NVDA',), intended_use='research', deployment_target='evaluation', requested_tools=('query_snapshot', 'query_artifact'))

    @pytest.mark.parametrize("case", fixed_input_cases(100), ids=lambda c: c.case_id)
    def test_hundred_replay_schema_provenance_and_artifact(engine, case):
        service, client = engine
        request = original_request(
            1000 + int(case.case_id.split("-")[1]),
            {
                "provider": case.provider,
                "fixture": case.fixture_name,
                "dataset": case.dataset,
                "schema_ref": case.schema_ref,
                "symbols": list(case.symbols),
                "query_text": case.query_text,
                "intended_use": case.intended_use,
                "deployment_target": case.deployment_target,
                "tools": list(case.requested_tools),
            },
        )
        a = client.execute(request, timeout=3)
        b = client.execute(request, timeout=3)
        assert (
            a.output == b.output and a.artifact_refs == b.artifact_refs and a.input_hash == b.input_hash
        )
        streams = [invoke(client, request, "stream") for _ in range(2)]
        assert [s.delta for s in streams[0]] == [s.delta for s in streams[1]]
        assert streams[0][-1].artifact_refs == a.artifact_refs and streams[0][-1].done
        value = mapping(a.output)
        fixture = load_fixture(case.fixture_name)
        assert value["scope"]["workflow_run_id"] == request.workflow_run_id
        assert value["scope"]["tenant_id"] == request.metadata.tenant_id
        assert value["license"]["approved_for_production"] is False
        assert value["usage"]["trading_approved"] is False and value["sources"]
        assert value["records"] == list(fixture.records) and value["window"] == fixture.window
        assert value["lineage"]["fixture_digest"] == fixture.fixture_digest
>       assert value["response_hash"] == content_hash(
            {k: v for k, v in value.items() if k != "response_hash"}
        )
E       AssertionError: assert 'sha256:fc800603f597b16c3e7db966d69448b20f589562bd1e9665c22d97e1035646d9' == 'sha256:e0c76b370d1d60b344279b379a833a759e47abd28cd5e472ba5ab8879a33622e'
E         
E         - sha256:e0c76b370d1d60b344279b379a833a759e47abd28cd5e472ba5ab8879a33622e
E         + sha256:fc800603f597b16c3e7db966d69448b20f589562bd1e9665c22d97e1035646d9

engines/tests/test_openbb_adapter_development.py:105: AssertionError
_________ test_hundred_replay_schema_provenance_and_artifact[case-008] _________

engine = (OpenBBAdapterService(manifest=EngineManifest(engine_name='openbb-adapter', engine_version='0.1.0', capabilities=(Engi...read.lock object at 0x10b493400>), EngineClient(target='unix:/tmp/quantos-tp05-05921159d4ea4d2992560f2db53569f8.sock'))
case = FixedQueryInput(case_id='case-008', fixture_name='macro_research_rates', provider='mock', dataset='macro.research.snap...S10Y', 'DXY'), intended_use='research', deployment_target='test', requested_tools=('query_snapshot', 'query_artifact'))

    @pytest.mark.parametrize("case", fixed_input_cases(100), ids=lambda c: c.case_id)
    def test_hundred_replay_schema_provenance_and_artifact(engine, case):
        service, client = engine
        request = original_request(
            1000 + int(case.case_id.split("-")[1]),
            {
                "provider": case.provider,
                "fixture": case.fixture_name,
                "dataset": case.dataset,
                "schema_ref": case.schema_ref,
                "symbols": list(case.symbols),
                "query_text": case.query_text,
                "intended_use": case.intended_use,
                "deployment_target": case.deployment_target,
                "tools": list(case.requested_tools),
            },
        )
        a = client.execute(request, timeout=3)
        b = client.execute(request, timeout=3)
        assert (
            a.output == b.output and a.artifact_refs == b.artifact_refs and a.input_hash == b.input_hash
        )
        streams = [invoke(client, request, "stream") for _ in range(2)]
        assert [s.delta for s in streams[0]] == [s.delta for s in streams[1]]
        assert streams[0][-1].artifact_refs == a.artifact_refs and streams[0][-1].done
        value = mapping(a.output)
        fixture = load_fixture(case.fixture_name)
        assert value["scope"]["workflow_run_id"] == request.workflow_run_id
        assert value["scope"]["tenant_id"] == request.metadata.tenant_id
        assert value["license"]["approved_for_production"] is False
        assert value["usage"]["trading_approved"] is False and value["sources"]
        assert value["records"] == list(fixture.records) and value["window"] == fixture.window
        assert value["lineage"]["fixture_digest"] == fixture.fixture_digest
>       assert value["response_hash"] == content_hash(
            {k: v for k, v in value.items() if k != "response_hash"}
        )
E       AssertionError: assert 'sha256:0afafaa4fc2857fc933644e7db9cbca097106ad8396d23f162e92b6545b1043f' == 'sha256:76dadae15f4ca3474e213d1c81949d144b66af229848a99786082e582d5590b6'
E         
E         - sha256:76dadae15f4ca3474e213d1c81949d144b66af229848a99786082e582d5590b6
E         + sha256:0afafaa4fc2857fc933644e7db9cbca097106ad8396d23f162e92b6545b1043f

engines/tests/test_openbb_adapter_development.py:105: AssertionError
_________ test_hundred_replay_schema_provenance_and_artifact[case-009] _________

engine = (OpenBBAdapterService(manifest=EngineManifest(engine_name='openbb-adapter', engine_version='0.1.0', capabilities=(Engi...read.lock object at 0x10b4a8240>), EngineClient(target='unix:/tmp/quantos-tp05-d26ca1ec7f194db5bea654b0e359ab36.sock'))
case = FixedQueryInput(case_id='case-009', fixture_name='crypto_market_btc', provider='openbb', dataset='crypto.market.snapsh...USDT',), intended_use='research', deployment_target='evaluation', requested_tools=('query_snapshot', 'query_artifact'))

    @pytest.mark.parametrize("case", fixed_input_cases(100), ids=lambda c: c.case_id)
    def test_hundred_replay_schema_provenance_and_artifact(engine, case):
        service, client = engine
        request = original_request(
            1000 + int(case.case_id.split("-")[1]),
            {
                "provider": case.provider,
                "fixture": case.fixture_name,
                "dataset": case.dataset,
                "schema_ref": case.schema_ref,
                "symbols": list(case.symbols),
                "query_text": case.query_text,
                "intended_use": case.intended_use,
                "deployment_target": case.deployment_target,
                "tools": list(case.requested_tools),
            },
        )
        a = client.execute(request, timeout=3)
        b = client.execute(request, timeout=3)
        assert (
            a.output == b.output and a.artifact_refs == b.artifact_refs and a.input_hash == b.input_hash
        )
        streams = [invoke(client, request, "stream") for _ in range(2)]
        assert [s.delta for s in streams[0]] == [s.delta for s in streams[1]]
        assert streams[0][-1].artifact_refs == a.artifact_refs and streams[0][-1].done
        value = mapping(a.output)
        fixture = load_fixture(case.fixture_name)
        assert value["scope"]["workflow_run_id"] == request.workflow_run_id
        assert value["scope"]["tenant_id"] == request.metadata.tenant_id
        assert value["license"]["approved_for_production"] is False
        assert value["usage"]["trading_approved"] is False and value["sources"]
        assert value["records"] == list(fixture.records) and value["window"] == fixture.window
        assert value["lineage"]["fixture_digest"] == fixture.fixture_digest
>       assert value["response_hash"] == content_hash(
            {k: v for k, v in value.items() if k != "response_hash"}
        )
E       AssertionError: assert 'sha256:07f899ba469cd4d06f436de3e8cc4c8eb17da4958fe8e7078e3068bd193a3818' == 'sha256:c8fbe4602bc619e58571d1499711704d9cc46718d3895e773e29ba34351fd5cc'
E         
E         - sha256:c8fbe4602bc619e58571d1499711704d9cc46718d3895e773e29ba34351fd5cc
E         + sha256:07f899ba469cd4d06f436de3e8cc4c8eb17da4958fe8e7078e3068bd193a3818

engines/tests/test_openbb_adapter_development.py:105: AssertionError
_________ test_hundred_replay_schema_provenance_and_artifact[case-010] _________

engine = (OpenBBAdapterService(manifest=EngineManifest(engine_name='openbb-adapter', engine_version='0.1.0', capabilities=(Engi...read.lock object at 0x10b4d5c40>), EngineClient(target='unix:/tmp/quantos-tp05-2a55f98b6b9b4b57bed8d2e50bc3632f.sock'))
case = FixedQueryInput(case_id='case-010', fixture_name='equity_fundamentals_nvda', provider='mock', dataset='equity.fundamen...ols=('NVDA',), intended_use='research', deployment_target='test', requested_tools=('query_snapshot', 'query_artifact'))

    @pytest.mark.parametrize("case", fixed_input_cases(100), ids=lambda c: c.case_id)
    def test_hundred_replay_schema_provenance_and_artifact(engine, case):
        service, client = engine
        request = original_request(
            1000 + int(case.case_id.split("-")[1]),
            {
                "provider": case.provider,
                "fixture": case.fixture_name,
                "dataset": case.dataset,
                "schema_ref": case.schema_ref,
                "symbols": list(case.symbols),
                "query_text": case.query_text,
                "intended_use": case.intended_use,
                "deployment_target": case.deployment_target,
                "tools": list(case.requested_tools),
            },
        )
        a = client.execute(request, timeout=3)
        b = client.execute(request, timeout=3)
        assert (
            a.output == b.output and a.artifact_refs == b.artifact_refs and a.input_hash == b.input_hash
        )
        streams = [invoke(client, request, "stream") for _ in range(2)]
        assert [s.delta for s in streams[0]] == [s.delta for s in streams[1]]
        assert streams[0][-1].artifact_refs == a.artifact_refs and streams[0][-1].done
        value = mapping(a.output)
        fixture = load_fixture(case.fixture_name)
        assert value["scope"]["workflow_run_id"] == request.workflow_run_id
        assert value["scope"]["tenant_id"] == request.metadata.tenant_id
        assert value["license"]["approved_for_production"] is False
        assert value["usage"]["trading_approved"] is False and value["sources"]
        assert value["records"] == list(fixture.records) and value["window"] == fixture.window
        assert value["lineage"]["fixture_digest"] == fixture.fixture_digest
>       assert value["response_hash"] == content_hash(
            {k: v for k, v in value.items() if k != "response_hash"}
        )
E       AssertionError: assert 'sha256:85b262edf98ccfa0580e01f5448c186988808ecf8669710856359ca0d08cb1d2' == 'sha256:881dcd00501e734ada16a5bc9b21e23ef46ff2a4a066a081be5baec1b21fd685'
E         
E         - sha256:881dcd00501e734ada16a5bc9b21e23ef46ff2a4a066a081be5baec1b21fd685
E         + sha256:85b262edf98ccfa0580e01f5448c186988808ecf8669710856359ca0d08cb1d2

engines/tests/test_openbb_adapter_development.py:105: AssertionError
_________ test_hundred_replay_schema_provenance_and_artifact[case-011] _________

engine = (OpenBBAdapterService(manifest=EngineManifest(engine_name='openbb-adapter', engine_version='0.1.0', capabilities=(Engi...read.lock object at 0x10b4937c0>), EngineClient(target='unix:/tmp/quantos-tp05-43c76bbe4d4c4551842202b5bdacd52b.sock'))
case = FixedQueryInput(case_id='case-011', fixture_name='macro_research_rates', provider='openbb', dataset='macro.research.sn... 'DXY'), intended_use='research', deployment_target='evaluation', requested_tools=('query_snapshot', 'query_artifact'))

    @pytest.mark.parametrize("case", fixed_input_cases(100), ids=lambda c: c.case_id)
    def test_hundred_replay_schema_provenance_and_artifact(engine, case):
        service, client = engine
        request = original_request(
            1000 + int(case.case_id.split("-")[1]),
            {
                "provider": case.provider,
                "fixture": case.fixture_name,
                "dataset": case.dataset,
                "schema_ref": case.schema_ref,
                "symbols": list(case.symbols),
                "query_text": case.query_text,
                "intended_use": case.intended_use,
                "deployment_target": case.deployment_target,
                "tools": list(case.requested_tools),
            },
        )
        a = client.execute(request, timeout=3)
        b = client.execute(request, timeout=3)
        assert (
            a.output == b.output and a.artifact_refs == b.artifact_refs and a.input_hash == b.input_hash
        )
        streams = [invoke(client, request, "stream") for _ in range(2)]
        assert [s.delta for s in streams[0]] == [s.delta for s in streams[1]]
        assert streams[0][-1].artifact_refs == a.artifact_refs and streams[0][-1].done
        value = mapping(a.output)
        fixture = load_fixture(case.fixture_name)
        assert value["scope"]["workflow_run_id"] == request.workflow_run_id
        assert value["scope"]["tenant_id"] == request.metadata.tenant_id
        assert value["license"]["approved_for_production"] is False
        assert value["usage"]["trading_approved"] is False and value["sources"]
        assert value["records"] == list(fixture.records) and value["window"] == fixture.window
        assert value["lineage"]["fixture_digest"] == fixture.fixture_digest
>       assert value["response_hash"] == content_hash(
            {k: v for k, v in value.items() if k != "response_hash"}
        )
E       AssertionError: assert 'sha256:19f80841b53d812b6ccb7c7e15da8f772d2c44c791e5d33e5f2034c23c56bee0' == 'sha256:e12e4498682b68815677104f658c312b161d3242688e555e71d06b5463475693'
E         
E         - sha256:e12e4498682b68815677104f658c312b161d3242688e555e71d06b5463475693
E         + sha256:19f80841b53d812b6ccb7c7e15da8f772d2c44c791e5d33e5f2034c23c56bee0

engines/tests/test_openbb_adapter_development.py:105: AssertionError
_________ test_hundred_replay_schema_provenance_and_artifact[case-012] _________

engine = (OpenBBAdapterService(manifest=EngineManifest(engine_name='openbb-adapter', engine_version='0.1.0', capabilities=(Engi...read.lock object at 0x10b491f00>), EngineClient(target='unix:/tmp/quantos-tp05-ed1115cc49204c72a50fe8383e357f26.sock'))
case = FixedQueryInput(case_id='case-012', fixture_name='crypto_market_btc', provider='mock', dataset='crypto.market.snapshot...=('BTCUSDT',), intended_use='research', deployment_target='test', requested_tools=('query_snapshot', 'query_artifact'))

    @pytest.mark.parametrize("case", fixed_input_cases(100), ids=lambda c: c.case_id)
    def test_hundred_replay_schema_provenance_and_artifact(engine, case):
        service, client = engine
        request = original_request(
            1000 + int(case.case_id.split("-")[1]),
            {
                "provider": case.provider,
                "fixture": case.fixture_name,
                "dataset": case.dataset,
                "schema_ref": case.schema_ref,
                "symbols": list(case.symbols),
                "query_text": case.query_text,
                "intended_use": case.intended_use,
                "deployment_target": case.deployment_target,
                "tools": list(case.requested_tools),
            },
        )
        a = client.execute(request, timeout=3)
        b = client.execute(request, timeout=3)
        assert (
            a.output == b.output and a.artifact_refs == b.artifact_refs and a.input_hash == b.input_hash
        )
        streams = [invoke(client, request, "stream") for _ in range(2)]
        assert [s.delta for s in streams[0]] == [s.delta for s in streams[1]]
        assert streams[0][-1].artifact_refs == a.artifact_refs and streams[0][-1].done
        value = mapping(a.output)
        fixture = load_fixture(case.fixture_name)
        assert value["scope"]["workflow_run_id"] == request.workflow_run_id
        assert value["scope"]["tenant_id"] == request.metadata.tenant_id
        assert value["license"]["approved_for_production"] is False
        assert value["usage"]["trading_approved"] is False and value["sources"]
        assert value["records"] == list(fixture.records) and value["window"] == fixture.window
        assert value["lineage"]["fixture_digest"] == fixture.fixture_digest
>       assert value["response_hash"] == content_hash(
            {k: v for k, v in value.items() if k != "response_hash"}
        )
E       AssertionError: assert 'sha256:350b411e3944010d160851ae5111c45a755e65483615c2b11ab567e9d63dcb20' == 'sha256:3da5d036676013cf7cb83828aa4af144520f858a0a380f8cc58493c4d71da59d'
E         
E         - sha256:3da5d036676013cf7cb83828aa4af144520f858a0a380f8cc58493c4d71da59d
E         + sha256:350b411e3944010d160851ae5111c45a755e65483615c2b11ab567e9d63dcb20

engines/tests/test_openbb_adapter_development.py:105: AssertionError
_________ test_hundred_replay_schema_provenance_and_artifact[case-013] _________

engine = (OpenBBAdapterService(manifest=EngineManifest(engine_name='openbb-adapter', engine_version='0.1.0', capabilities=(Engi...read.lock object at 0x10b39b700>), EngineClient(target='unix:/tmp/quantos-tp05-c858764dfcb64c189f4fcc5b0855789a.sock'))
case = FixedQueryInput(case_id='case-013', fixture_name='equity_fundamentals_nvda', provider='openbb', dataset='equity.fundam...NVDA',), intended_use='research', deployment_target='evaluation', requested_tools=('query_snapshot', 'query_artifact'))

    @pytest.mark.parametrize("case", fixed_input_cases(100), ids=lambda c: c.case_id)
    def test_hundred_replay_schema_provenance_and_artifact(engine, case):
        service, client = engine
        request = original_request(
            1000 + int(case.case_id.split("-")[1]),
            {
                "provider": case.provider,
                "fixture": case.fixture_name,
                "dataset": case.dataset,
                "schema_ref": case.schema_ref,
                "symbols": list(case.symbols),
                "query_text": case.query_text,
                "intended_use": case.intended_use,
                "deployment_target": case.deployment_target,
                "tools": list(case.requested_tools),
            },
        )
        a = client.execute(request, timeout=3)
        b = client.execute(request, timeout=3)
        assert (
            a.output == b.output and a.artifact_refs == b.artifact_refs and a.input_hash == b.input_hash
        )
        streams = [invoke(client, request, "stream") for _ in range(2)]
        assert [s.delta for s in streams[0]] == [s.delta for s in streams[1]]
        assert streams[0][-1].artifact_refs == a.artifact_refs and streams[0][-1].done
        value = mapping(a.output)
        fixture = load_fixture(case.fixture_name)
        assert value["scope"]["workflow_run_id"] == request.workflow_run_id
        assert value["scope"]["tenant_id"] == request.metadata.tenant_id
        assert value["license"]["approved_for_production"] is False
        assert value["usage"]["trading_approved"] is False and value["sources"]
        assert value["records"] == list(fixture.records) and value["window"] == fixture.window
        assert value["lineage"]["fixture_digest"] == fixture.fixture_digest
>       assert value["response_hash"] == content_hash(
            {k: v for k, v in value.items() if k != "response_hash"}
        )
E       AssertionError: assert 'sha256:31860ae756da7cca2473aa6feaf36bc9c4d3a99e81b0ce85e15d895417d715eb' == 'sha256:6c79d0b308649cb23e789623b6b80d497ed942dd6f31f656b1cf4abef3cfdff7'
E         
E         - sha256:6c79d0b308649cb23e789623b6b80d497ed942dd6f31f656b1cf4abef3cfdff7
E         + sha256:31860ae756da7cca2473aa6feaf36bc9c4d3a99e81b0ce85e15d895417d715eb

engines/tests/test_openbb_adapter_development.py:105: AssertionError
_________ test_hundred_replay_schema_provenance_and_artifact[case-014] _________

engine = (OpenBBAdapterService(manifest=EngineManifest(engine_name='openbb-adapter', engine_version='0.1.0', capabilities=(Engi...read.lock object at 0x10b619280>), EngineClient(target='unix:/tmp/quantos-tp05-4206a3f9311a44d398761c93f11b189a.sock'))
case = FixedQueryInput(case_id='case-014', fixture_name='macro_research_rates', provider='mock', dataset='macro.research.snap...S10Y', 'DXY'), intended_use='research', deployment_target='test', requested_tools=('query_snapshot', 'query_artifact'))

    @pytest.mark.parametrize("case", fixed_input_cases(100), ids=lambda c: c.case_id)
    def test_hundred_replay_schema_provenance_and_artifact(engine, case):
        service, client = engine
        request = original_request(
            1000 + int(case.case_id.split("-")[1]),
            {
                "provider": case.provider,
                "fixture": case.fixture_name,
                "dataset": case.dataset,
                "schema_ref": case.schema_ref,
                "symbols": list(case.symbols),
                "query_text": case.query_text,
                "intended_use": case.intended_use,
                "deployment_target": case.deployment_target,
                "tools": list(case.requested_tools),
            },
        )
        a = client.execute(request, timeout=3)
        b = client.execute(request, timeout=3)
        assert (
            a.output == b.output and a.artifact_refs == b.artifact_refs and a.input_hash == b.input_hash
        )
        streams = [invoke(client, request, "stream") for _ in range(2)]
        assert [s.delta for s in streams[0]] == [s.delta for s in streams[1]]
        assert streams[0][-1].artifact_refs == a.artifact_refs and streams[0][-1].done
        value = mapping(a.output)
        fixture = load_fixture(case.fixture_name)
        assert value["scope"]["workflow_run_id"] == request.workflow_run_id
        assert value["scope"]["tenant_id"] == request.metadata.tenant_id
        assert value["license"]["approved_for_production"] is False
        assert value["usage"]["trading_approved"] is False and value["sources"]
        assert value["records"] == list(fixture.records) and value["window"] == fixture.window
        assert value["lineage"]["fixture_digest"] == fixture.fixture_digest
>       assert value["response_hash"] == content_hash(
            {k: v for k, v in value.items() if k != "response_hash"}
        )
E       AssertionError: assert 'sha256:b430a943b1d2059e7598552525feec8c340319ab349f81d2db8bd82ee43eba19' == 'sha256:33577a3374f6f05ae1d30a19248290f8bb94301f548cda765daa0dbc5e584559'
E         
E         - sha256:33577a3374f6f05ae1d30a19248290f8bb94301f548cda765daa0dbc5e584559
E         + sha256:b430a943b1d2059e7598552525feec8c340319ab349f81d2db8bd82ee43eba19

engines/tests/test_openbb_adapter_development.py:105: AssertionError
_________ test_hundred_replay_schema_provenance_and_artifact[case-015] _________

engine = (OpenBBAdapterService(manifest=EngineManifest(engine_name='openbb-adapter', engine_version='0.1.0', capabilities=(Engi...read.lock object at 0x10b3c90c0>), EngineClient(target='unix:/tmp/quantos-tp05-29b10a4b6f88479a9f9a91568ebfca2c.sock'))
case = FixedQueryInput(case_id='case-015', fixture_name='crypto_market_btc', provider='openbb', dataset='crypto.market.snapsh...USDT',), intended_use='research', deployment_target='evaluation', requested_tools=('query_snapshot', 'query_artifact'))

    @pytest.mark.parametrize("case", fixed_input_cases(100), ids=lambda c: c.case_id)
    def test_hundred_replay_schema_provenance_and_artifact(engine, case):
        service, client = engine
        request = original_request(
            1000 + int(case.case_id.split("-")[1]),
            {
                "provider": case.provider,
                "fixture": case.fixture_name,
                "dataset": case.dataset,
                "schema_ref": case.schema_ref,
                "symbols": list(case.symbols),
                "query_text": case.query_text,
                "intended_use": case.intended_use,
                "deployment_target": case.deployment_target,
                "tools": list(case.requested_tools),
            },
        )
        a = client.execute(request, timeout=3)
        b = client.execute(request, timeout=3)
        assert (
            a.output == b.output and a.artifact_refs == b.artifact_refs and a.input_hash == b.input_hash
        )
        streams = [invoke(client, request, "stream") for _ in range(2)]
        assert [s.delta for s in streams[0]] == [s.delta for s in streams[1]]
        assert streams[0][-1].artifact_refs == a.artifact_refs and streams[0][-1].done
        value = mapping(a.output)
        fixture = load_fixture(case.fixture_name)
        assert value["scope"]["workflow_run_id"] == request.workflow_run_id
        assert value["scope"]["tenant_id"] == request.metadata.tenant_id
        assert value["license"]["approved_for_production"] is False
        assert value["usage"]["trading_approved"] is False and value["sources"]
        assert value["records"] == list(fixture.records) and value["window"] == fixture.window
        assert value["lineage"]["fixture_digest"] == fixture.fixture_digest
>       assert value["response_hash"] == content_hash(
            {k: v for k, v in value.items() if k != "response_hash"}
        )
E       AssertionError: assert 'sha256:5e228e9757319f40ed2c3faab9b2f345424905a8458abf8f5592750e7823e9ec' == 'sha256:ae50c5305b6f3eada7ea467dea1a65b1d0c3d98f3c7f221f147a18cbd36632d6'
E         
E         - sha256:ae50c5305b6f3eada7ea467dea1a65b1d0c3d98f3c7f221f147a18cbd36632d6
E         + sha256:5e228e9757319f40ed2c3faab9b2f345424905a8458abf8f5592750e7823e9ec

engines/tests/test_openbb_adapter_development.py:105: AssertionError
_________ test_hundred_replay_schema_provenance_and_artifact[case-016] _________

engine = (OpenBBAdapterService(manifest=EngineManifest(engine_name='openbb-adapter', engine_version='0.1.0', capabilities=(Engi...read.lock object at 0x10b5021c0>), EngineClient(target='unix:/tmp/quantos-tp05-be678820fb374f6dab38c480c312135c.sock'))
case = FixedQueryInput(case_id='case-016', fixture_name='equity_fundamentals_nvda', provider='mock', dataset='equity.fundamen...ols=('NVDA',), intended_use='research', deployment_target='test', requested_tools=('query_snapshot', 'query_artifact'))

    @pytest.mark.parametrize("case", fixed_input_cases(100), ids=lambda c: c.case_id)
    def test_hundred_replay_schema_provenance_and_artifact(engine, case):
        service, client = engine
        request = original_request(
            1000 + int(case.case_id.split("-")[1]),
            {
                "provider": case.provider,
                "fixture": case.fixture_name,
                "dataset": case.dataset,
                "schema_ref": case.schema_ref,
                "symbols": list(case.symbols),
                "query_text": case.query_text,
                "intended_use": case.intended_use,
                "deployment_target": case.deployment_target,
                "tools": list(case.requested_tools),
            },
        )
        a = client.execute(request, timeout=3)
        b = client.execute(request, timeout=3)
        assert (
            a.output == b.output and a.artifact_refs == b.artifact_refs and a.input_hash == b.input_hash
        )
        streams = [invoke(client, request, "stream") for _ in range(2)]
        assert [s.delta for s in streams[0]] == [s.delta for s in streams[1]]
        assert streams[0][-1].artifact_refs == a.artifact_refs and streams[0][-1].done
        value = mapping(a.output)
        fixture = load_fixture(case.fixture_name)
        assert value["scope"]["workflow_run_id"] == request.workflow_run_id
        assert value["scope"]["tenant_id"] == request.metadata.tenant_id
        assert value["license"]["approved_for_production"] is False
        assert value["usage"]["trading_approved"] is False and value["sources"]
        assert value["records"] == list(fixture.records) and value["window"] == fixture.window
        assert value["lineage"]["fixture_digest"] == fixture.fixture_digest
>       assert value["response_hash"] == content_hash(
            {k: v for k, v in value.items() if k != "response_hash"}
        )
E       AssertionError: assert 'sha256:34af89e91be20851dbbd11950ee7f4d4ff3f87e452bcb2c7e1741819b59459fa' == 'sha256:85f58f81155ccada8a6a342571981c400b9d14a592301b4a1475948df1ea9ff1'
E         
E         - sha256:85f58f81155ccada8a6a342571981c400b9d14a592301b4a1475948df1ea9ff1
E         + sha256:34af89e91be20851dbbd11950ee7f4d4ff3f87e452bcb2c7e1741819b59459fa

engines/tests/test_openbb_adapter_development.py:105: AssertionError
_________ test_hundred_replay_schema_provenance_and_artifact[case-017] _________

engine = (OpenBBAdapterService(manifest=EngineManifest(engine_name='openbb-adapter', engine_version='0.1.0', capabilities=(Engi...read.lock object at 0x10b4e6c40>), EngineClient(target='unix:/tmp/quantos-tp05-91cd94ed54f24fcda252f8b4740ced76.sock'))
case = FixedQueryInput(case_id='case-017', fixture_name='macro_research_rates', provider='openbb', dataset='macro.research.sn... 'DXY'), intended_use='research', deployment_target='evaluation', requested_tools=('query_snapshot', 'query_artifact'))

    @pytest.mark.parametrize("case", fixed_input_cases(100), ids=lambda c: c.case_id)
    def test_hundred_replay_schema_provenance_and_artifact(engine, case):
        service, client = engine
        request = original_request(
            1000 + int(case.case_id.split("-")[1]),
            {
                "provider": case.provider,
                "fixture": case.fixture_name,
                "dataset": case.dataset,
                "schema_ref": case.schema_ref,
                "symbols": list(case.symbols),
                "query_text": case.query_text,
                "intended_use": case.intended_use,
                "deployment_target": case.deployment_target,
                "tools": list(case.requested_tools),
            },
        )
        a = client.execute(request, timeout=3)
        b = client.execute(request, timeout=3)
        assert (
            a.output == b.output and a.artifact_refs == b.artifact_refs and a.input_hash == b.input_hash
        )
        streams = [invoke(client, request, "stream") for _ in range(2)]
        assert [s.delta for s in streams[0]] == [s.delta for s in streams[1]]
        assert streams[0][-1].artifact_refs == a.artifact_refs and streams[0][-1].done
        value = mapping(a.output)
        fixture = load_fixture(case.fixture_name)
        assert value["scope"]["workflow_run_id"] == request.workflow_run_id
        assert value["scope"]["tenant_id"] == request.metadata.tenant_id
        assert value["license"]["approved_for_production"] is False
        assert value["usage"]["trading_approved"] is False and value["sources"]
        assert value["records"] == list(fixture.records) and value["window"] == fixture.window
        assert value["lineage"]["fixture_digest"] == fixture.fixture_digest
>       assert value["response_hash"] == content_hash(
            {k: v for k, v in value.items() if k != "response_hash"}
        )
E       AssertionError: assert 'sha256:105949824dac7ae409c7fa7d365c2621cdf966d3eeed15723dde436995326016' == 'sha256:780af9bf30c14906090dbc4390f0877dff873210b8d442837c95173a06bccda1'
E         
E         - sha256:780af9bf30c14906090dbc4390f0877dff873210b8d442837c95173a06bccda1
E         + sha256:105949824dac7ae409c7fa7d365c2621cdf966d3eeed15723dde436995326016

engines/tests/test_openbb_adapter_development.py:105: AssertionError
_________ test_hundred_replay_schema_provenance_and_artifact[case-018] _________

engine = (OpenBBAdapterService(manifest=EngineManifest(engine_name='openbb-adapter', engine_version='0.1.0', capabilities=(Engi...read.lock object at 0x10b5ed1c0>), EngineClient(target='unix:/tmp/quantos-tp05-67a2ae624af641e89923193219aea63e.sock'))
case = FixedQueryInput(case_id='case-018', fixture_name='crypto_market_btc', provider='mock', dataset='crypto.market.snapshot...=('BTCUSDT',), intended_use='research', deployment_target='test', requested_tools=('query_snapshot', 'query_artifact'))

    @pytest.mark.parametrize("case", fixed_input_cases(100), ids=lambda c: c.case_id)
    def test_hundred_replay_schema_provenance_and_artifact(engine, case):
        service, client = engine
        request = original_request(
            1000 + int(case.case_id.split("-")[1]),
            {
                "provider": case.provider,
                "fixture": case.fixture_name,
                "dataset": case.dataset,
                "schema_ref": case.schema_ref,
                "symbols": list(case.symbols),
                "query_text": case.query_text,
                "intended_use": case.intended_use,
                "deployment_target": case.deployment_target,
                "tools": list(case.requested_tools),
            },
        )
        a = client.execute(request, timeout=3)
        b = client.execute(request, timeout=3)
        assert (
            a.output == b.output and a.artifact_refs == b.artifact_refs and a.input_hash == b.input_hash
        )
        streams = [invoke(client, request, "stream") for _ in range(2)]
        assert [s.delta for s in streams[0]] == [s.delta for s in streams[1]]
        assert streams[0][-1].artifact_refs == a.artifact_refs and streams[0][-1].done
        value = mapping(a.output)
        fixture = load_fixture(case.fixture_name)
        assert value["scope"]["workflow_run_id"] == request.workflow_run_id
        assert value["scope"]["tenant_id"] == request.metadata.tenant_id
        assert value["license"]["approved_for_production"] is False
        assert value["usage"]["trading_approved"] is False and value["sources"]
        assert value["records"] == list(fixture.records) and value["window"] == fixture.window
        assert value["lineage"]["fixture_digest"] == fixture.fixture_digest
>       assert value["response_hash"] == content_hash(
            {k: v for k, v in value.items() if k != "response_hash"}
        )
E       AssertionError: assert 'sha256:156bca53832af7ad473116ed962ccd39864a2af5390b4b1946e4b219c20063dd' == 'sha256:0d96eeeb0b6ea9ead08b89c5f2e5a78c5d4bcb91ea443fa2d475cb06b87413b5'
E         
E         - sha256:0d96eeeb0b6ea9ead08b89c5f2e5a78c5d4bcb91ea443fa2d475cb06b87413b5
E         + sha256:156bca53832af7ad473116ed962ccd39864a2af5390b4b1946e4b219c20063dd

engines/tests/test_openbb_adapter_development.py:105: AssertionError
_________ test_hundred_replay_schema_provenance_and_artifact[case-019] _________

engine = (OpenBBAdapterService(manifest=EngineManifest(engine_name='openbb-adapter', engine_version='0.1.0', capabilities=(Engi...read.lock object at 0x10b596540>), EngineClient(target='unix:/tmp/quantos-tp05-1efee47399fd466b92d32b190005fa44.sock'))
case = FixedQueryInput(case_id='case-019', fixture_name='equity_fundamentals_nvda', provider='openbb', dataset='equity.fundam...NVDA',), intended_use='research', deployment_target='evaluation', requested_tools=('query_snapshot', 'query_artifact'))

    @pytest.mark.parametrize("case", fixed_input_cases(100), ids=lambda c: c.case_id)
    def test_hundred_replay_schema_provenance_and_artifact(engine, case):
        service, client = engine
        request = original_request(
            1000 + int(case.case_id.split("-")[1]),
            {
                "provider": case.provider,
                "fixture": case.fixture_name,
                "dataset": case.dataset,
                "schema_ref": case.schema_ref,
                "symbols": list(case.symbols),
                "query_text": case.query_text,
                "intended_use": case.intended_use,
                "deployment_target": case.deployment_target,
                "tools": list(case.requested_tools),
            },
        )
        a = client.execute(request, timeout=3)
        b = client.execute(request, timeout=3)
        assert (
            a.output == b.output and a.artifact_refs == b.artifact_refs and a.input_hash == b.input_hash
        )
        streams = [invoke(client, request, "stream") for _ in range(2)]
        assert [s.delta for s in streams[0]] == [s.delta for s in streams[1]]
        assert streams[0][-1].artifact_refs == a.artifact_refs and streams[0][-1].done
        value = mapping(a.output)
        fixture = load_fixture(case.fixture_name)
        assert value["scope"]["workflow_run_id"] == request.workflow_run_id
        assert value["scope"]["tenant_id"] == request.metadata.tenant_id
        assert value["license"]["approved_for_production"] is False
        assert value["usage"]["trading_approved"] is False and value["sources"]
        assert value["records"] == list(fixture.records) and value["window"] == fixture.window
        assert value["lineage"]["fixture_digest"] == fixture.fixture_digest
>       assert value["response_hash"] == content_hash(
            {k: v for k, v in value.items() if k != "response_hash"}
        )
E       AssertionError: assert 'sha256:21214f1177e623d095334fbdd5211ee2ad6da6e7eb1aa79095fd75be889e2d28' == 'sha256:64e3ade75a2baff74686e8361ac0fe255f17e62eb0a0b4fabf3ff81063e450ec'
E         
E         - sha256:64e3ade75a2baff74686e8361ac0fe255f17e62eb0a0b4fabf3ff81063e450ec
E         + sha256:21214f1177e623d095334fbdd5211ee2ad6da6e7eb1aa79095fd75be889e2d28

engines/tests/test_openbb_adapter_development.py:105: AssertionError
_________ test_hundred_replay_schema_provenance_and_artifact[case-020] _________

engine = (OpenBBAdapterService(manifest=EngineManifest(engine_name='openbb-adapter', engine_version='0.1.0', capabilities=(Engi...read.lock object at 0x10b597000>), EngineClient(target='unix:/tmp/quantos-tp05-ce72cda740ce443ab4ac64ab74e29850.sock'))
case = FixedQueryInput(case_id='case-020', fixture_name='macro_research_rates', provider='mock', dataset='macro.research.snap...S10Y', 'DXY'), intended_use='research', deployment_target='test', requested_tools=('query_snapshot', 'query_artifact'))

    @pytest.mark.parametrize("case", fixed_input_cases(100), ids=lambda c: c.case_id)
    def test_hundred_replay_schema_provenance_and_artifact(engine, case):
        service, client = engine
        request = original_request(
            1000 + int(case.case_id.split("-")[1]),
            {
                "provider": case.provider,
                "fixture": case.fixture_name,
                "dataset": case.dataset,
                "schema_ref": case.schema_ref,
                "symbols": list(case.symbols),
                "query_text": case.query_text,
                "intended_use": case.intended_use,
                "deployment_target": case.deployment_target,
                "tools": list(case.requested_tools),
            },
        )
        a = client.execute(request, timeout=3)
        b = client.execute(request, timeout=3)
        assert (
            a.output == b.output and a.artifact_refs == b.artifact_refs and a.input_hash == b.input_hash
        )
        streams = [invoke(client, request, "stream") for _ in range(2)]
        assert [s.delta for s in streams[0]] == [s.delta for s in streams[1]]
        assert streams[0][-1].artifact_refs == a.artifact_refs and streams[0][-1].done
        value = mapping(a.output)
        fixture = load_fixture(case.fixture_name)
        assert value["scope"]["workflow_run_id"] == request.workflow_run_id
        assert value["scope"]["tenant_id"] == request.metadata.tenant_id
        assert value["license"]["approved_for_production"] is False
        assert value["usage"]["trading_approved"] is False and value["sources"]
        assert value["records"] == list(fixture.records) and value["window"] == fixture.window
        assert value["lineage"]["fixture_digest"] == fixture.fixture_digest
>       assert value["response_hash"] == content_hash(
            {k: v for k, v in value.items() if k != "response_hash"}
        )
E       AssertionError: assert 'sha256:3aca9186dbd3fe8783c19f6fe50d1aab30d17fe4ad6cf64efd4330ece2a04423' == 'sha256:1d4f44f3efd649ab53fa75801201e106cfc17e35e2d733e7d8d2d3b9d23d4719'
E         
E         - sha256:1d4f44f3efd649ab53fa75801201e106cfc17e35e2d733e7d8d2d3b9d23d4719
E         + sha256:3aca9186dbd3fe8783c19f6fe50d1aab30d17fe4ad6cf64efd4330ece2a04423

engines/tests/test_openbb_adapter_development.py:105: AssertionError
_________ test_hundred_replay_schema_provenance_and_artifact[case-021] _________

engine = (OpenBBAdapterService(manifest=EngineManifest(engine_name='openbb-adapter', engine_version='0.1.0', capabilities=(Engi...read.lock object at 0x10b561f40>), EngineClient(target='unix:/tmp/quantos-tp05-e4f8b60d1eb14fafb46e74a9c18604c2.sock'))
case = FixedQueryInput(case_id='case-021', fixture_name='crypto_market_btc', provider='openbb', dataset='crypto.market.snapsh...USDT',), intended_use='research', deployment_target='evaluation', requested_tools=('query_snapshot', 'query_artifact'))

    @pytest.mark.parametrize("case", fixed_input_cases(100), ids=lambda c: c.case_id)
    def test_hundred_replay_schema_provenance_and_artifact(engine, case):
        service, client = engine
        request = original_request(
            1000 + int(case.case_id.split("-")[1]),
            {
                "provider": case.provider,
                "fixture": case.fixture_name,
                "dataset": case.dataset,
                "schema_ref": case.schema_ref,
                "symbols": list(case.symbols),
                "query_text": case.query_text,
                "intended_use": case.intended_use,
                "deployment_target": case.deployment_target,
                "tools": list(case.requested_tools),
            },
        )
        a = client.execute(request, timeout=3)
        b = client.execute(request, timeout=3)
        assert (
            a.output == b.output and a.artifact_refs == b.artifact_refs and a.input_hash == b.input_hash
        )
        streams = [invoke(client, request, "stream") for _ in range(2)]
        assert [s.delta for s in streams[0]] == [s.delta for s in streams[1]]
        assert streams[0][-1].artifact_refs == a.artifact_refs and streams[0][-1].done
        value = mapping(a.output)
        fixture = load_fixture(case.fixture_name)
        assert value["scope"]["workflow_run_id"] == request.workflow_run_id
        assert value["scope"]["tenant_id"] == request.metadata.tenant_id
        assert value["license"]["approved_for_production"] is False
        assert value["usage"]["trading_approved"] is False and value["sources"]
        assert value["records"] == list(fixture.records) and value["window"] == fixture.window
        assert value["lineage"]["fixture_digest"] == fixture.fixture_digest
>       assert value["response_hash"] == content_hash(
            {k: v for k, v in value.items() if k != "response_hash"}
        )
E       AssertionError: assert 'sha256:4985bc1c3aa1bf74a55ad42489556da9a3902cad9970635561c980e5cf7f468e' == 'sha256:c80a70092fee16c709f8580eee5cf53253bdbe5634aa795f944c8b1edbadc89c'
E         
E         - sha256:c80a70092fee16c709f8580eee5cf53253bdbe5634aa795f944c8b1edbadc89c
E         + sha256:4985bc1c3aa1bf74a55ad42489556da9a3902cad9970635561c980e5cf7f468e

engines/tests/test_openbb_adapter_development.py:105: AssertionError
_________ test_hundred_replay_schema_provenance_and_artifact[case-022] _________

engine = (OpenBBAdapterService(manifest=EngineManifest(engine_name='openbb-adapter', engine_version='0.1.0', capabilities=(Engi...read.lock object at 0x10b45c2c0>), EngineClient(target='unix:/tmp/quantos-tp05-9d23ff5257e24ff980338352b5090dfd.sock'))
case = FixedQueryInput(case_id='case-022', fixture_name='equity_fundamentals_nvda', provider='mock', dataset='equity.fundamen...ols=('NVDA',), intended_use='research', deployment_target='test', requested_tools=('query_snapshot', 'query_artifact'))

    @pytest.mark.parametrize("case", fixed_input_cases(100), ids=lambda c: c.case_id)
    def test_hundred_replay_schema_provenance_and_artifact(engine, case):
        service, client = engine
        request = original_request(
            1000 + int(case.case_id.split("-")[1]),
            {
                "provider": case.provider,
                "fixture": case.fixture_name,
                "dataset": case.dataset,
                "schema_ref": case.schema_ref,
                "symbols": list(case.symbols),
                "query_text": case.query_text,
                "intended_use": case.intended_use,
                "deployment_target": case.deployment_target,
                "tools": list(case.requested_tools),
            },
        )
        a = client.execute(request, timeout=3)
        b = client.execute(request, timeout=3)
        assert (
            a.output == b.output and a.artifact_refs == b.artifact_refs and a.input_hash == b.input_hash
        )
        streams = [invoke(client, request, "stream") for _ in range(2)]
        assert [s.delta for s in streams[0]] == [s.delta for s in streams[1]]
        assert streams[0][-1].artifact_refs == a.artifact_refs and streams[0][-1].done
        value = mapping(a.output)
        fixture = load_fixture(case.fixture_name)
        assert value["scope"]["workflow_run_id"] == request.workflow_run_id
        assert value["scope"]["tenant_id"] == request.metadata.tenant_id
        assert value["license"]["approved_for_production"] is False
        assert value["usage"]["trading_approved"] is False and value["sources"]
        assert value["records"] == list(fixture.records) and value["window"] == fixture.window
        assert value["lineage"]["fixture_digest"] == fixture.fixture_digest
>       assert value["response_hash"] == content_hash(
            {k: v for k, v in value.items() if k != "response_hash"}
        )
E       AssertionError: assert 'sha256:a688e8c010f8b05dc2bd95951bca3dcad2756686483c5e524df4894bb02a44e4' == 'sha256:a91bf309ed93b9c672c8cacc9ad77313f95ea2f5fb86878b83342821b416ff12'
E         
E         - sha256:a91bf309ed93b9c672c8cacc9ad77313f95ea2f5fb86878b83342821b416ff12
E         + sha256:a688e8c010f8b05dc2bd95951bca3dcad2756686483c5e524df4894bb02a44e4

engines/tests/test_openbb_adapter_development.py:105: AssertionError
_________ test_hundred_replay_schema_provenance_and_artifact[case-023] _________

engine = (OpenBBAdapterService(manifest=EngineManifest(engine_name='openbb-adapter', engine_version='0.1.0', capabilities=(Engi...read.lock object at 0x10b5383c0>), EngineClient(target='unix:/tmp/quantos-tp05-4e71a3329b754ec48efa1114a5a37dec.sock'))
case = FixedQueryInput(case_id='case-023', fixture_name='macro_research_rates', provider='openbb', dataset='macro.research.sn... 'DXY'), intended_use='research', deployment_target='evaluation', requested_tools=('query_snapshot', 'query_artifact'))

    @pytest.mark.parametrize("case", fixed_input_cases(100), ids=lambda c: c.case_id)
    def test_hundred_replay_schema_provenance_and_artifact(engine, case):
        service, client = engine
        request = original_request(
            1000 + int(case.case_id.split("-")[1]),
            {
                "provider": case.provider,
                "fixture": case.fixture_name,
                "dataset": case.dataset,
                "schema_ref": case.schema_ref,
                "symbols": list(case.symbols),
                "query_text": case.query_text,
                "intended_use": case.intended_use,
                "deployment_target": case.deployment_target,
                "tools": list(case.requested_tools),
            },
        )
        a = client.execute(request, timeout=3)
        b = client.execute(request, timeout=3)
        assert (
            a.output == b.output and a.artifact_refs == b.artifact_refs and a.input_hash == b.input_hash
        )
        streams = [invoke(client, request, "stream") for _ in range(2)]
        assert [s.delta for s in streams[0]] == [s.delta for s in streams[1]]
        assert streams[0][-1].artifact_refs == a.artifact_refs and streams[0][-1].done
        value = mapping(a.output)
        fixture = load_fixture(case.fixture_name)
        assert value["scope"]["workflow_run_id"] == request.workflow_run_id
        assert value["scope"]["tenant_id"] == request.metadata.tenant_id
        assert value["license"]["approved_for_production"] is False
        assert value["usage"]["trading_approved"] is False and value["sources"]
        assert value["records"] == list(fixture.records) and value["window"] == fixture.window
        assert value["lineage"]["fixture_digest"] == fixture.fixture_digest
>       assert value["response_hash"] == content_hash(
            {k: v for k, v in value.items() if k != "response_hash"}
        )
E       AssertionError: assert 'sha256:c59d56157f513a5ab7c9a0d10ff92951d974ace2508e5e63f0e55def130791ea' == 'sha256:a1e88d7ae38ef5ca65e0464d4bca98377b41bcc73ab518f2a4f36c5b67e472ee'
E         
E         - sha256:a1e88d7ae38ef5ca65e0464d4bca98377b41bcc73ab518f2a4f36c5b67e472ee
E         + sha256:c59d56157f513a5ab7c9a0d10ff92951d974ace2508e5e63f0e55def130791ea

engines/tests/test_openbb_adapter_development.py:105: AssertionError
_________ test_hundred_replay_schema_provenance_and_artifact[case-024] _________

engine = (OpenBBAdapterService(manifest=EngineManifest(engine_name='openbb-adapter', engine_version='0.1.0', capabilities=(Engi...read.lock object at 0x10b3f5000>), EngineClient(target='unix:/tmp/quantos-tp05-f4cd8df9268c40cbbcc05802e0bc64e3.sock'))
case = FixedQueryInput(case_id='case-024', fixture_name='crypto_market_btc', provider='mock', dataset='crypto.market.snapshot...=('BTCUSDT',), intended_use='research', deployment_target='test', requested_tools=('query_snapshot', 'query_artifact'))

    @pytest.mark.parametrize("case", fixed_input_cases(100), ids=lambda c: c.case_id)
    def test_hundred_replay_schema_provenance_and_artifact(engine, case):
        service, client = engine
        request = original_request(
            1000 + int(case.case_id.split("-")[1]),
            {
                "provider": case.provider,
                "fixture": case.fixture_name,
                "dataset": case.dataset,
                "schema_ref": case.schema_ref,
                "symbols": list(case.symbols),
                "query_text": case.query_text,
                "intended_use": case.intended_use,
                "deployment_target": case.deployment_target,
                "tools": list(case.requested_tools),
            },
        )
        a = client.execute(request, timeout=3)
        b = client.execute(request, timeout=3)
        assert (
            a.output == b.output and a.artifact_refs == b.artifact_refs and a.input_hash == b.input_hash
        )
        streams = [invoke(client, request, "stream") for _ in range(2)]
        assert [s.delta for s in streams[0]] == [s.delta for s in streams[1]]
        assert streams[0][-1].artifact_refs == a.artifact_refs and streams[0][-1].done
        value = mapping(a.output)
        fixture = load_fixture(case.fixture_name)
        assert value["scope"]["workflow_run_id"] == request.workflow_run_id
        assert value["scope"]["tenant_id"] == request.metadata.tenant_id
        assert value["license"]["approved_for_production"] is False
        assert value["usage"]["trading_approved"] is False and value["sources"]
        assert value["records"] == list(fixture.records) and value["window"] == fixture.window
        assert value["lineage"]["fixture_digest"] == fixture.fixture_digest
>       assert value["response_hash"] == content_hash(
            {k: v for k, v in value.items() if k != "response_hash"}
        )
E       AssertionError: assert 'sha256:c9d77303c3cc631112da00a0cf904711bf77df9ea042542e4f53147fbf076b4a' == 'sha256:d345b5291d8bdfdd212ba9e093a6e2997119c51773bfc4d78f604b2de63d8cb1'
E         
E         - sha256:d345b5291d8bdfdd212ba9e093a6e2997119c51773bfc4d78f604b2de63d8cb1
E         + sha256:c9d77303c3cc631112da00a0cf904711bf77df9ea042542e4f53147fbf076b4a

engines/tests/test_openbb_adapter_development.py:105: AssertionError
_________ test_hundred_replay_schema_provenance_and_artifact[case-025] _________

engine = (OpenBBAdapterService(manifest=EngineManifest(engine_name='openbb-adapter', engine_version='0.1.0', capabilities=(Engi...read.lock object at 0x10b3c9a40>), EngineClient(target='unix:/tmp/quantos-tp05-8a50f5ca5e2f4ad28d28910da2f441ef.sock'))
case = FixedQueryInput(case_id='case-025', fixture_name='equity_fundamentals_nvda', provider='openbb', dataset='equity.fundam...NVDA',), intended_use='research', deployment_target='evaluation', requested_tools=('query_snapshot', 'query_artifact'))

    @pytest.mark.parametrize("case", fixed_input_cases(100), ids=lambda c: c.case_id)
    def test_hundred_replay_schema_provenance_and_artifact(engine, case):
        service, client = engine
        request = original_request(
            1000 + int(case.case_id.split("-")[1]),
            {
                "provider": case.provider,
                "fixture": case.fixture_name,
                "dataset": case.dataset,
                "schema_ref": case.schema_ref,
                "symbols": list(case.symbols),
                "query_text": case.query_text,
                "intended_use": case.intended_use,
                "deployment_target": case.deployment_target,
                "tools": list(case.requested_tools),
            },
        )
        a = client.execute(request, timeout=3)
        b = client.execute(request, timeout=3)
        assert (
            a.output == b.output and a.artifact_refs == b.artifact_refs and a.input_hash == b.input_hash
        )
        streams = [invoke(client, request, "stream") for _ in range(2)]
        assert [s.delta for s in streams[0]] == [s.delta for s in streams[1]]
        assert streams[0][-1].artifact_refs == a.artifact_refs and streams[0][-1].done
        value = mapping(a.output)
        fixture = load_fixture(case.fixture_name)
        assert value["scope"]["workflow_run_id"] == request.workflow_run_id
        assert value["scope"]["tenant_id"] == request.metadata.tenant_id
        assert value["license"]["approved_for_production"] is False
        assert value["usage"]["trading_approved"] is False and value["sources"]
        assert value["records"] == list(fixture.records) and value["window"] == fixture.window
        assert value["lineage"]["fixture_digest"] == fixture.fixture_digest
>       assert value["response_hash"] == content_hash(
            {k: v for k, v in value.items() if k != "response_hash"}
        )
E       AssertionError: assert 'sha256:f1b56c2fc3f5ecccb6645d114ce7bd18e02f51e6c730a7743b4a9d91fab911ee' == 'sha256:9009d794dcb09fe97366d6541453ad4e076437cf0e3d3558d1e86036a019d2b4'
E         
E         - sha256:9009d794dcb09fe97366d6541453ad4e076437cf0e3d3558d1e86036a019d2b4
E         + sha256:f1b56c2fc3f5ecccb6645d114ce7bd18e02f51e6c730a7743b4a9d91fab911ee

engines/tests/test_openbb_adapter_development.py:105: AssertionError
_________ test_hundred_replay_schema_provenance_and_artifact[case-026] _________

engine = (OpenBBAdapterService(manifest=EngineManifest(engine_name='openbb-adapter', engine_version='0.1.0', capabilities=(Engi...read.lock object at 0x10b619e80>), EngineClient(target='unix:/tmp/quantos-tp05-e99496a6b89941979f2f89e1affa62c0.sock'))
case = FixedQueryInput(case_id='case-026', fixture_name='macro_research_rates', provider='mock', dataset='macro.research.snap...S10Y', 'DXY'), intended_use='research', deployment_target='test', requested_tools=('query_snapshot', 'query_artifact'))

    @pytest.mark.parametrize("case", fixed_input_cases(100), ids=lambda c: c.case_id)
    def test_hundred_replay_schema_provenance_and_artifact(engine, case):
        service, client = engine
        request = original_request(
            1000 + int(case.case_id.split("-")[1]),
            {
                "provider": case.provider,
                "fixture": case.fixture_name,
                "dataset": case.dataset,
                "schema_ref": case.schema_ref,
                "symbols": list(case.symbols),
                "query_text": case.query_text,
                "intended_use": case.intended_use,
                "deployment_target": case.deployment_target,
                "tools": list(case.requested_tools),
            },
        )
        a = client.execute(request, timeout=3)
        b = client.execute(request, timeout=3)
        assert (
            a.output == b.output and a.artifact_refs == b.artifact_refs and a.input_hash == b.input_hash
        )
        streams = [invoke(client, request, "stream") for _ in range(2)]
        assert [s.delta for s in streams[0]] == [s.delta for s in streams[1]]
        assert streams[0][-1].artifact_refs == a.artifact_refs and streams[0][-1].done
        value = mapping(a.output)
        fixture = load_fixture(case.fixture_name)
        assert value["scope"]["workflow_run_id"] == request.workflow_run_id
        assert value["scope"]["tenant_id"] == request.metadata.tenant_id
        assert value["license"]["approved_for_production"] is False
        assert value["usage"]["trading_approved"] is False and value["sources"]
        assert value["records"] == list(fixture.records) and value["window"] == fixture.window
        assert value["lineage"]["fixture_digest"] == fixture.fixture_digest
>       assert value["response_hash"] == content_hash(
            {k: v for k, v in value.items() if k != "response_hash"}
        )
E       AssertionError: assert 'sha256:81349078d68a8f005872995b96f55862e2d5921e72798206779032bb96036296' == 'sha256:7707256483284a90c70c9cd7911153dbb7f758b417201dca9a8d2e170b05df84'
E         
E         - sha256:7707256483284a90c70c9cd7911153dbb7f758b417201dca9a8d2e170b05df84
E         + sha256:81349078d68a8f005872995b96f55862e2d5921e72798206779032bb96036296

engines/tests/test_openbb_adapter_development.py:105: AssertionError
_________ test_hundred_replay_schema_provenance_and_artifact[case-027] _________

engine = (OpenBBAdapterService(manifest=EngineManifest(engine_name='openbb-adapter', engine_version='0.1.0', capabilities=(Engi...read.lock object at 0x10b45ec40>), EngineClient(target='unix:/tmp/quantos-tp05-eaab11cc0da14f67b832134010c3a895.sock'))
case = FixedQueryInput(case_id='case-027', fixture_name='crypto_market_btc', provider='openbb', dataset='crypto.market.snapsh...USDT',), intended_use='research', deployment_target='evaluation', requested_tools=('query_snapshot', 'query_artifact'))

    @pytest.mark.parametrize("case", fixed_input_cases(100), ids=lambda c: c.case_id)
    def test_hundred_replay_schema_provenance_and_artifact(engine, case):
        service, client = engine
        request = original_request(
            1000 + int(case.case_id.split("-")[1]),
            {
                "provider": case.provider,
                "fixture": case.fixture_name,
                "dataset": case.dataset,
                "schema_ref": case.schema_ref,
                "symbols": list(case.symbols),
                "query_text": case.query_text,
                "intended_use": case.intended_use,
                "deployment_target": case.deployment_target,
                "tools": list(case.requested_tools),
            },
        )
        a = client.execute(request, timeout=3)
        b = client.execute(request, timeout=3)
        assert (
            a.output == b.output and a.artifact_refs == b.artifact_refs and a.input_hash == b.input_hash
        )
        streams = [invoke(client, request, "stream") for _ in range(2)]
        assert [s.delta for s in streams[0]] == [s.delta for s in streams[1]]
        assert streams[0][-1].artifact_refs == a.artifact_refs and streams[0][-1].done
        value = mapping(a.output)
        fixture = load_fixture(case.fixture_name)
        assert value["scope"]["workflow_run_id"] == request.workflow_run_id
        assert value["scope"]["tenant_id"] == request.metadata.tenant_id
        assert value["license"]["approved_for_production"] is False
        assert value["usage"]["trading_approved"] is False and value["sources"]
        assert value["records"] == list(fixture.records) and value["window"] == fixture.window
        assert value["lineage"]["fixture_digest"] == fixture.fixture_digest
>       assert value["response_hash"] == content_hash(
            {k: v for k, v in value.items() if k != "response_hash"}
        )
E       AssertionError: assert 'sha256:9793e7c54886c752653da003a4b5d6d3d92b6840640bdb90465baf0306d69d32' == 'sha256:9881afff460172abd7b21f98edb66195ecae89a33b851a03a3847887d0cdf6a5'
E         
E         - sha256:9881afff460172abd7b21f98edb66195ecae89a33b851a03a3847887d0cdf6a5
E         + sha256:9793e7c54886c752653da003a4b5d6d3d92b6840640bdb90465baf0306d69d32

engines/tests/test_openbb_adapter_development.py:105: AssertionError
_________ test_hundred_replay_schema_provenance_and_artifact[case-028] _________

engine = (OpenBBAdapterService(manifest=EngineManifest(engine_name='openbb-adapter', engine_version='0.1.0', capabilities=(Engi...read.lock object at 0x10b3f4940>), EngineClient(target='unix:/tmp/quantos-tp05-ee88f1048dbc4ac39c5598017f5db5e2.sock'))
case = FixedQueryInput(case_id='case-028', fixture_name='equity_fundamentals_nvda', provider='mock', dataset='equity.fundamen...ols=('NVDA',), intended_use='research', deployment_target='test', requested_tools=('query_snapshot', 'query_artifact'))

    @pytest.mark.parametrize("case", fixed_input_cases(100), ids=lambda c: c.case_id)
    def test_hundred_replay_schema_provenance_and_artifact(engine, case):
        service, client = engine
        request = original_request(
            1000 + int(case.case_id.split("-")[1]),
            {
                "provider": case.provider,
                "fixture": case.fixture_name,
                "dataset": case.dataset,
                "schema_ref": case.schema_ref,
                "symbols": list(case.symbols),
                "query_text": case.query_text,
                "intended_use": case.intended_use,
                "deployment_target": case.deployment_target,
                "tools": list(case.requested_tools),
            },
        )
        a = client.execute(request, timeout=3)
        b = client.execute(request, timeout=3)
        assert (
            a.output == b.output and a.artifact_refs == b.artifact_refs and a.input_hash == b.input_hash
        )
        streams = [invoke(client, request, "stream") for _ in range(2)]
        assert [s.delta for s in streams[0]] == [s.delta for s in streams[1]]
        assert streams[0][-1].artifact_refs == a.artifact_refs and streams[0][-1].done
        value = mapping(a.output)
        fixture = load_fixture(case.fixture_name)
        assert value["scope"]["workflow_run_id"] == request.workflow_run_id
        assert value["scope"]["tenant_id"] == request.metadata.tenant_id
        assert value["license"]["approved_for_production"] is False
        assert value["usage"]["trading_approved"] is False and value["sources"]
        assert value["records"] == list(fixture.records) and value["window"] == fixture.window
        assert value["lineage"]["fixture_digest"] == fixture.fixture_digest
>       assert value["response_hash"] == content_hash(
            {k: v for k, v in value.items() if k != "response_hash"}
        )
E       AssertionError: assert 'sha256:c208f31912bf56318632a232302767fd5179dd312206ed10da3c3bb5d30e3f20' == 'sha256:d804d5d9f619a2b55b33b482d90384ac36aa1720af30d5fb49752314b893f751'
E         
E         - sha256:d804d5d9f619a2b55b33b482d90384ac36aa1720af30d5fb49752314b893f751
E         + sha256:c208f31912bf56318632a232302767fd5179dd312206ed10da3c3bb5d30e3f20

engines/tests/test_openbb_adapter_development.py:105: AssertionError
_________ test_hundred_replay_schema_provenance_and_artifact[case-029] _________

engine = (OpenBBAdapterService(manifest=EngineManifest(engine_name='openbb-adapter', engine_version='0.1.0', capabilities=(Engi...read.lock object at 0x10b3a9400>), EngineClient(target='unix:/tmp/quantos-tp05-9f7b3b1e1b2c4da8825c6a11ffc79be8.sock'))
case = FixedQueryInput(case_id='case-029', fixture_name='macro_research_rates', provider='openbb', dataset='macro.research.sn... 'DXY'), intended_use='research', deployment_target='evaluation', requested_tools=('query_snapshot', 'query_artifact'))

    @pytest.mark.parametrize("case", fixed_input_cases(100), ids=lambda c: c.case_id)
    def test_hundred_replay_schema_provenance_and_artifact(engine, case):
        service, client = engine
        request = original_request(
            1000 + int(case.case_id.split("-")[1]),
            {
                "provider": case.provider,
                "fixture": case.fixture_name,
                "dataset": case.dataset,
                "schema_ref": case.schema_ref,
                "symbols": list(case.symbols),
                "query_text": case.query_text,
                "intended_use": case.intended_use,
                "deployment_target": case.deployment_target,
                "tools": list(case.requested_tools),
            },
        )
        a = client.execute(request, timeout=3)
        b = client.execute(request, timeout=3)
        assert (
            a.output == b.output and a.artifact_refs == b.artifact_refs and a.input_hash == b.input_hash
        )
        streams = [invoke(client, request, "stream") for _ in range(2)]
        assert [s.delta for s in streams[0]] == [s.delta for s in streams[1]]
        assert streams[0][-1].artifact_refs == a.artifact_refs and streams[0][-1].done
        value = mapping(a.output)
        fixture = load_fixture(case.fixture_name)
        assert value["scope"]["workflow_run_id"] == request.workflow_run_id
        assert value["scope"]["tenant_id"] == request.metadata.tenant_id
        assert value["license"]["approved_for_production"] is False
        assert value["usage"]["trading_approved"] is False and value["sources"]
        assert value["records"] == list(fixture.records) and value["window"] == fixture.window
        assert value["lineage"]["fixture_digest"] == fixture.fixture_digest
>       assert value["response_hash"] == content_hash(
            {k: v for k, v in value.items() if k != "response_hash"}
        )
E       AssertionError: assert 'sha256:08fb3cb32f2151dcb8072c32a47ca20c12d9e1e37fd6b688b544dd927ebb3064' == 'sha256:8075efc05ec90f2709691fecf99a7cb0d27910945384303d029fdf7be5c00f46'
E         
E         - sha256:8075efc05ec90f2709691fecf99a7cb0d27910945384303d029fdf7be5c00f46
E         + sha256:08fb3cb32f2151dcb8072c32a47ca20c12d9e1e37fd6b688b544dd927ebb3064

engines/tests/test_openbb_adapter_development.py:105: AssertionError
_________ test_hundred_replay_schema_provenance_and_artifact[case-030] _________

engine = (OpenBBAdapterService(manifest=EngineManifest(engine_name='openbb-adapter', engine_version='0.1.0', capabilities=(Engi...read.lock object at 0x10b500800>), EngineClient(target='unix:/tmp/quantos-tp05-3d4b6a212b2f445d9f34cf5adc9e4cef.sock'))
case = FixedQueryInput(case_id='case-030', fixture_name='crypto_market_btc', provider='mock', dataset='crypto.market.snapshot...=('BTCUSDT',), intended_use='research', deployment_target='test', requested_tools=('query_snapshot', 'query_artifact'))

    @pytest.mark.parametrize("case", fixed_input_cases(100), ids=lambda c: c.case_id)
    def test_hundred_replay_schema_provenance_and_artifact(engine, case):
        service, client = engine
        request = original_request(
            1000 + int(case.case_id.split("-")[1]),
            {
                "provider": case.provider,
                "fixture": case.fixture_name,
                "dataset": case.dataset,
                "schema_ref": case.schema_ref,
                "symbols": list(case.symbols),
                "query_text": case.query_text,
                "intended_use": case.intended_use,
                "deployment_target": case.deployment_target,
                "tools": list(case.requested_tools),
            },
        )
        a = client.execute(request, timeout=3)
        b = client.execute(request, timeout=3)
        assert (
            a.output == b.output and a.artifact_refs == b.artifact_refs and a.input_hash == b.input_hash
        )
        streams = [invoke(client, request, "stream") for _ in range(2)]
        assert [s.delta for s in streams[0]] == [s.delta for s in streams[1]]
        assert streams[0][-1].artifact_refs == a.artifact_refs and streams[0][-1].done
        value = mapping(a.output)
        fixture = load_fixture(case.fixture_name)
        assert value["scope"]["workflow_run_id"] == request.workflow_run_id
        assert value["scope"]["tenant_id"] == request.metadata.tenant_id
        assert value["license"]["approved_for_production"] is False
        assert value["usage"]["trading_approved"] is False and value["sources"]
        assert value["records"] == list(fixture.records) and value["window"] == fixture.window
        assert value["lineage"]["fixture_digest"] == fixture.fixture_digest
>       assert value["response_hash"] == content_hash(
            {k: v for k, v in value.items() if k != "response_hash"}
        )
E       AssertionError: assert 'sha256:7c6c389d3893d9470d8db6c9dd306e0536ad025bd9504482cebfb8eb6c75ff52' == 'sha256:75a51389825ffde0e6b49d4420baea1e72beadd6a48f35a9b67096c5b732fda9'
E         
E         - sha256:75a51389825ffde0e6b49d4420baea1e72beadd6a48f35a9b67096c5b732fda9
E         + sha256:7c6c389d3893d9470d8db6c9dd306e0536ad025bd9504482cebfb8eb6c75ff52

engines/tests/test_openbb_adapter_development.py:105: AssertionError
_________ test_hundred_replay_schema_provenance_and_artifact[case-031] _________

engine = (OpenBBAdapterService(manifest=EngineManifest(engine_name='openbb-adapter', engine_version='0.1.0', capabilities=(Engi...read.lock object at 0x10b50df00>), EngineClient(target='unix:/tmp/quantos-tp05-919be8fc126444bab27673713fd39a1b.sock'))
case = FixedQueryInput(case_id='case-031', fixture_name='equity_fundamentals_nvda', provider='openbb', dataset='equity.fundam...NVDA',), intended_use='research', deployment_target='evaluation', requested_tools=('query_snapshot', 'query_artifact'))

    @pytest.mark.parametrize("case", fixed_input_cases(100), ids=lambda c: c.case_id)
    def test_hundred_replay_schema_provenance_and_artifact(engine, case):
        service, client = engine
        request = original_request(
            1000 + int(case.case_id.split("-")[1]),
            {
                "provider": case.provider,
                "fixture": case.fixture_name,
                "dataset": case.dataset,
                "schema_ref": case.schema_ref,
                "symbols": list(case.symbols),
                "query_text": case.query_text,
                "intended_use": case.intended_use,
                "deployment_target": case.deployment_target,
                "tools": list(case.requested_tools),
            },
        )
        a = client.execute(request, timeout=3)
        b = client.execute(request, timeout=3)
        assert (
            a.output == b.output and a.artifact_refs == b.artifact_refs and a.input_hash == b.input_hash
        )
        streams = [invoke(client, request, "stream") for _ in range(2)]
        assert [s.delta for s in streams[0]] == [s.delta for s in streams[1]]
        assert streams[0][-1].artifact_refs == a.artifact_refs and streams[0][-1].done
        value = mapping(a.output)
        fixture = load_fixture(case.fixture_name)
        assert value["scope"]["workflow_run_id"] == request.workflow_run_id
        assert value["scope"]["tenant_id"] == request.metadata.tenant_id
        assert value["license"]["approved_for_production"] is False
        assert value["usage"]["trading_approved"] is False and value["sources"]
        assert value["records"] == list(fixture.records) and value["window"] == fixture.window
        assert value["lineage"]["fixture_digest"] == fixture.fixture_digest
>       assert value["response_hash"] == content_hash(
            {k: v for k, v in value.items() if k != "response_hash"}
        )
E       AssertionError: assert 'sha256:513781420d0d5b928c506a0697e463c2334c58e7e37652e6a10d3d08fd465a44' == 'sha256:7cb58653b0b0cb33fe4d32e487888c4c135722e41e170e95418e36a0331a3a77'
E         
E         - sha256:7cb58653b0b0cb33fe4d32e487888c4c135722e41e170e95418e36a0331a3a77
E         + sha256:513781420d0d5b928c506a0697e463c2334c58e7e37652e6a10d3d08fd465a44

engines/tests/test_openbb_adapter_development.py:105: AssertionError
_________ test_hundred_replay_schema_provenance_and_artifact[case-032] _________

engine = (OpenBBAdapterService(manifest=EngineManifest(engine_name='openbb-adapter', engine_version='0.1.0', capabilities=(Engi...read.lock object at 0x10b482f00>), EngineClient(target='unix:/tmp/quantos-tp05-532cd48a35454fe5b7f9dfe591157a30.sock'))
case = FixedQueryInput(case_id='case-032', fixture_name='macro_research_rates', provider='mock', dataset='macro.research.snap...S10Y', 'DXY'), intended_use='research', deployment_target='test', requested_tools=('query_snapshot', 'query_artifact'))

    @pytest.mark.parametrize("case", fixed_input_cases(100), ids=lambda c: c.case_id)
    def test_hundred_replay_schema_provenance_and_artifact(engine, case):
        service, client = engine
        request = original_request(
            1000 + int(case.case_id.split("-")[1]),
            {
                "provider": case.provider,
                "fixture": case.fixture_name,
                "dataset": case.dataset,
                "schema_ref": case.schema_ref,
                "symbols": list(case.symbols),
                "query_text": case.query_text,
                "intended_use": case.intended_use,
                "deployment_target": case.deployment_target,
                "tools": list(case.requested_tools),
            },
        )
        a = client.execute(request, timeout=3)
        b = client.execute(request, timeout=3)
        assert (
            a.output == b.output and a.artifact_refs == b.artifact_refs and a.input_hash == b.input_hash
        )
        streams = [invoke(client, request, "stream") for _ in range(2)]
        assert [s.delta for s in streams[0]] == [s.delta for s in streams[1]]
        assert streams[0][-1].artifact_refs == a.artifact_refs and streams[0][-1].done
        value = mapping(a.output)
        fixture = load_fixture(case.fixture_name)
        assert value["scope"]["workflow_run_id"] == request.workflow_run_id
        assert value["scope"]["tenant_id"] == request.metadata.tenant_id
        assert value["license"]["approved_for_production"] is False
        assert value["usage"]["trading_approved"] is False and value["sources"]
        assert value["records"] == list(fixture.records) and value["window"] == fixture.window
        assert value["lineage"]["fixture_digest"] == fixture.fixture_digest
>       assert value["response_hash"] == content_hash(
            {k: v for k, v in value.items() if k != "response_hash"}
        )
E       AssertionError: assert 'sha256:3cbcdb933ac08b9865d105479c311e89b285b7d1ba76353a80ebe62140fa3ce6' == 'sha256:5f6e2b1c742fa2dccfbfb36855893569e339f9d8fc005598f2629ebfce8d5a5a'
E         
E         - sha256:5f6e2b1c742fa2dccfbfb36855893569e339f9d8fc005598f2629ebfce8d5a5a
E         + sha256:3cbcdb933ac08b9865d105479c311e89b285b7d1ba76353a80ebe62140fa3ce6

engines/tests/test_openbb_adapter_development.py:105: AssertionError
_________ test_hundred_replay_schema_provenance_and_artifact[case-033] _________

engine = (OpenBBAdapterService(manifest=EngineManifest(engine_name='openbb-adapter', engine_version='0.1.0', capabilities=(Engi...read.lock object at 0x10b3b1440>), EngineClient(target='unix:/tmp/quantos-tp05-9a4fa1738a564c60866a91e3b74a1c95.sock'))
case = FixedQueryInput(case_id='case-033', fixture_name='crypto_market_btc', provider='openbb', dataset='crypto.market.snapsh...USDT',), intended_use='research', deployment_target='evaluation', requested_tools=('query_snapshot', 'query_artifact'))

    @pytest.mark.parametrize("case", fixed_input_cases(100), ids=lambda c: c.case_id)
    def test_hundred_replay_schema_provenance_and_artifact(engine, case):
        service, client = engine
        request = original_request(
            1000 + int(case.case_id.split("-")[1]),
            {
                "provider": case.provider,
                "fixture": case.fixture_name,
                "dataset": case.dataset,
                "schema_ref": case.schema_ref,
                "symbols": list(case.symbols),
                "query_text": case.query_text,
                "intended_use": case.intended_use,
                "deployment_target": case.deployment_target,
                "tools": list(case.requested_tools),
            },
        )
        a = client.execute(request, timeout=3)
        b = client.execute(request, timeout=3)
        assert (
            a.output == b.output and a.artifact_refs == b.artifact_refs and a.input_hash == b.input_hash
        )
        streams = [invoke(client, request, "stream") for _ in range(2)]
        assert [s.delta for s in streams[0]] == [s.delta for s in streams[1]]
        assert streams[0][-1].artifact_refs == a.artifact_refs and streams[0][-1].done
        value = mapping(a.output)
        fixture = load_fixture(case.fixture_name)
        assert value["scope"]["workflow_run_id"] == request.workflow_run_id
        assert value["scope"]["tenant_id"] == request.metadata.tenant_id
        assert value["license"]["approved_for_production"] is False
        assert value["usage"]["trading_approved"] is False and value["sources"]
        assert value["records"] == list(fixture.records) and value["window"] == fixture.window
        assert value["lineage"]["fixture_digest"] == fixture.fixture_digest
>       assert value["response_hash"] == content_hash(
            {k: v for k, v in value.items() if k != "response_hash"}
        )
E       AssertionError: assert 'sha256:3daeeec341999fa8ce0c1be01b8d3b76909dd5c442963d0c8cf0e7f2093c1f50' == 'sha256:065cf4403e1c691637d1e55b65580c30535001d99b9020fad172b86f10d6b82c'
E         
E         - sha256:065cf4403e1c691637d1e55b65580c30535001d99b9020fad172b86f10d6b82c
E         + sha256:3daeeec341999fa8ce0c1be01b8d3b76909dd5c442963d0c8cf0e7f2093c1f50

engines/tests/test_openbb_adapter_development.py:105: AssertionError
_________ test_hundred_replay_schema_provenance_and_artifact[case-034] _________

engine = (OpenBBAdapterService(manifest=EngineManifest(engine_name='openbb-adapter', engine_version='0.1.0', capabilities=(Engi...read.lock object at 0x10b39a1c0>), EngineClient(target='unix:/tmp/quantos-tp05-32b8e6a0e7d341188e7515050d509c1e.sock'))
case = FixedQueryInput(case_id='case-034', fixture_name='equity_fundamentals_nvda', provider='mock', dataset='equity.fundamen...ols=('NVDA',), intended_use='research', deployment_target='test', requested_tools=('query_snapshot', 'query_artifact'))

    @pytest.mark.parametrize("case", fixed_input_cases(100), ids=lambda c: c.case_id)
    def test_hundred_replay_schema_provenance_and_artifact(engine, case):
        service, client = engine
        request = original_request(
            1000 + int(case.case_id.split("-")[1]),
            {
                "provider": case.provider,
                "fixture": case.fixture_name,
                "dataset": case.dataset,
                "schema_ref": case.schema_ref,
                "symbols": list(case.symbols),
                "query_text": case.query_text,
                "intended_use": case.intended_use,
                "deployment_target": case.deployment_target,
                "tools": list(case.requested_tools),
            },
        )
        a = client.execute(request, timeout=3)
        b = client.execute(request, timeout=3)
        assert (
            a.output == b.output and a.artifact_refs == b.artifact_refs and a.input_hash == b.input_hash
        )
        streams = [invoke(client, request, "stream") for _ in range(2)]
        assert [s.delta for s in streams[0]] == [s.delta for s in streams[1]]
        assert streams[0][-1].artifact_refs == a.artifact_refs and streams[0][-1].done
        value = mapping(a.output)
        fixture = load_fixture(case.fixture_name)
        assert value["scope"]["workflow_run_id"] == request.workflow_run_id
        assert value["scope"]["tenant_id"] == request.metadata.tenant_id
        assert value["license"]["approved_for_production"] is False
        assert value["usage"]["trading_approved"] is False and value["sources"]
        assert value["records"] == list(fixture.records) and value["window"] == fixture.window
        assert value["lineage"]["fixture_digest"] == fixture.fixture_digest
>       assert value["response_hash"] == content_hash(
            {k: v for k, v in value.items() if k != "response_hash"}
        )
E       AssertionError: assert 'sha256:8f34d09d51177d7b9eb1a6e3cfe8b43c7e3882e2d13dd3f138ab405d1f055c7b' == 'sha256:495241c52485ffa857ac0c31023c5e4cb3a94c4d84d9247dc4e114df69189343'
E         
E         - sha256:495241c52485ffa857ac0c31023c5e4cb3a94c4d84d9247dc4e114df69189343
E         + sha256:8f34d09d51177d7b9eb1a6e3cfe8b43c7e3882e2d13dd3f138ab405d1f055c7b

engines/tests/test_openbb_adapter_development.py:105: AssertionError
_________ test_hundred_replay_schema_provenance_and_artifact[case-035] _________

engine = (OpenBBAdapterService(manifest=EngineManifest(engine_name='openbb-adapter', engine_version='0.1.0', capabilities=(Engi...read.lock object at 0x10b514300>), EngineClient(target='unix:/tmp/quantos-tp05-7844b17a63fb46938f35a0df1aaccd7c.sock'))
case = FixedQueryInput(case_id='case-035', fixture_name='macro_research_rates', provider='openbb', dataset='macro.research.sn... 'DXY'), intended_use='research', deployment_target='evaluation', requested_tools=('query_snapshot', 'query_artifact'))

    @pytest.mark.parametrize("case", fixed_input_cases(100), ids=lambda c: c.case_id)
    def test_hundred_replay_schema_provenance_and_artifact(engine, case):
        service, client = engine
        request = original_request(
            1000 + int(case.case_id.split("-")[1]),
            {
                "provider": case.provider,
                "fixture": case.fixture_name,
                "dataset": case.dataset,
                "schema_ref": case.schema_ref,
                "symbols": list(case.symbols),
                "query_text": case.query_text,
                "intended_use": case.intended_use,
                "deployment_target": case.deployment_target,
                "tools": list(case.requested_tools),
            },
        )
        a = client.execute(request, timeout=3)
        b = client.execute(request, timeout=3)
        assert (
            a.output == b.output and a.artifact_refs == b.artifact_refs and a.input_hash == b.input_hash
        )
        streams = [invoke(client, request, "stream") for _ in range(2)]
        assert [s.delta for s in streams[0]] == [s.delta for s in streams[1]]
        assert streams[0][-1].artifact_refs == a.artifact_refs and streams[0][-1].done
        value = mapping(a.output)
        fixture = load_fixture(case.fixture_name)
        assert value["scope"]["workflow_run_id"] == request.workflow_run_id
        assert value["scope"]["tenant_id"] == request.metadata.tenant_id
        assert value["license"]["approved_for_production"] is False
        assert value["usage"]["trading_approved"] is False and value["sources"]
        assert value["records"] == list(fixture.records) and value["window"] == fixture.window
        assert value["lineage"]["fixture_digest"] == fixture.fixture_digest
>       assert value["response_hash"] == content_hash(
            {k: v for k, v in value.items() if k != "response_hash"}
        )
E       AssertionError: assert 'sha256:dc75e090fd37fb96a441c90bb201ba533b9b221cd1f91305ced8d20341b1b253' == 'sha256:42001082816c3a4c5dd9d9a9aa37c35abccde200c79aee47f76d0ffdc2affb27'
E         
E         - sha256:42001082816c3a4c5dd9d9a9aa37c35abccde200c79aee47f76d0ffdc2affb27
E         + sha256:dc75e090fd37fb96a441c90bb201ba533b9b221cd1f91305ced8d20341b1b253

engines/tests/test_openbb_adapter_development.py:105: AssertionError
_________ test_hundred_replay_schema_provenance_and_artifact[case-036] _________

engine = (OpenBBAdapterService(manifest=EngineManifest(engine_name='openbb-adapter', engine_version='0.1.0', capabilities=(Engi...read.lock object at 0x10b3a8d80>), EngineClient(target='unix:/tmp/quantos-tp05-5e510271e4e94ff593fc867e801dc9ff.sock'))
case = FixedQueryInput(case_id='case-036', fixture_name='crypto_market_btc', provider='mock', dataset='crypto.market.snapshot...=('BTCUSDT',), intended_use='research', deployment_target='test', requested_tools=('query_snapshot', 'query_artifact'))

    @pytest.mark.parametrize("case", fixed_input_cases(100), ids=lambda c: c.case_id)
    def test_hundred_replay_schema_provenance_and_artifact(engine, case):
        service, client = engine
        request = original_request(
            1000 + int(case.case_id.split("-")[1]),
            {
                "provider": case.provider,
                "fixture": case.fixture_name,
                "dataset": case.dataset,
                "schema_ref": case.schema_ref,
                "symbols": list(case.symbols),
                "query_text": case.query_text,
                "intended_use": case.intended_use,
                "deployment_target": case.deployment_target,
                "tools": list(case.requested_tools),
            },
        )
        a = client.execute(request, timeout=3)
        b = client.execute(request, timeout=3)
        assert (
            a.output == b.output and a.artifact_refs == b.artifact_refs and a.input_hash == b.input_hash
        )
        streams = [invoke(client, request, "stream") for _ in range(2)]
        assert [s.delta for s in streams[0]] == [s.delta for s in streams[1]]
        assert streams[0][-1].artifact_refs == a.artifact_refs and streams[0][-1].done
        value = mapping(a.output)
        fixture = load_fixture(case.fixture_name)
        assert value["scope"]["workflow_run_id"] == request.workflow_run_id
        assert value["scope"]["tenant_id"] == request.metadata.tenant_id
        assert value["license"]["approved_for_production"] is False
        assert value["usage"]["trading_approved"] is False and value["sources"]
        assert value["records"] == list(fixture.records) and value["window"] == fixture.window
        assert value["lineage"]["fixture_digest"] == fixture.fixture_digest
>       assert value["response_hash"] == content_hash(
            {k: v for k, v in value.items() if k != "response_hash"}
        )
E       AssertionError: assert 'sha256:fd791d7f7df0e06a4cf392dea30ad76309d9e3567fb231d12e21df764ebc1cb8' == 'sha256:562ac8e3aa199a09d7b6a237eed172b29708d2ed491188e1f635e3af00001182'
E         
E         - sha256:562ac8e3aa199a09d7b6a237eed172b29708d2ed491188e1f635e3af00001182
E         + sha256:fd791d7f7df0e06a4cf392dea30ad76309d9e3567fb231d12e21df764ebc1cb8

engines/tests/test_openbb_adapter_development.py:105: AssertionError
_________ test_hundred_replay_schema_provenance_and_artifact[case-037] _________

engine = (OpenBBAdapterService(manifest=EngineManifest(engine_name='openbb-adapter', engine_version='0.1.0', capabilities=(Engi...read.lock object at 0x10b3ca980>), EngineClient(target='unix:/tmp/quantos-tp05-6118e06a2c1e4349bf18e520ded8ca7c.sock'))
case = FixedQueryInput(case_id='case-037', fixture_name='equity_fundamentals_nvda', provider='openbb', dataset='equity.fundam...NVDA',), intended_use='research', deployment_target='evaluation', requested_tools=('query_snapshot', 'query_artifact'))

    @pytest.mark.parametrize("case", fixed_input_cases(100), ids=lambda c: c.case_id)
    def test_hundred_replay_schema_provenance_and_artifact(engine, case):
        service, client = engine
        request = original_request(
            1000 + int(case.case_id.split("-")[1]),
            {
                "provider": case.provider,
                "fixture": case.fixture_name,
                "dataset": case.dataset,
                "schema_ref": case.schema_ref,
                "symbols": list(case.symbols),
                "query_text": case.query_text,
                "intended_use": case.intended_use,
                "deployment_target": case.deployment_target,
                "tools": list(case.requested_tools),
            },
        )
        a = client.execute(request, timeout=3)
        b = client.execute(request, timeout=3)
        assert (
            a.output == b.output and a.artifact_refs == b.artifact_refs and a.input_hash == b.input_hash
        )
        streams = [invoke(client, request, "stream") for _ in range(2)]
        assert [s.delta for s in streams[0]] == [s.delta for s in streams[1]]
        assert streams[0][-1].artifact_refs == a.artifact_refs and streams[0][-1].done
        value = mapping(a.output)
        fixture = load_fixture(case.fixture_name)
        assert value["scope"]["workflow_run_id"] == request.workflow_run_id
        assert value["scope"]["tenant_id"] == request.metadata.tenant_id
        assert value["license"]["approved_for_production"] is False
        assert value["usage"]["trading_approved"] is False and value["sources"]
        assert value["records"] == list(fixture.records) and value["window"] == fixture.window
        assert value["lineage"]["fixture_digest"] == fixture.fixture_digest
>       assert value["response_hash"] == content_hash(
            {k: v for k, v in value.items() if k != "response_hash"}
        )
E       AssertionError: assert 'sha256:d7b66bc34e6097db4b3facfbf6719f261d45cc9e520cffe5230a787088c990b5' == 'sha256:8cd0b2884fadd525e70e6f58f3fea3f153daad1cd00246adb62070b02a4ae8ae'
E         
E         - sha256:8cd0b2884fadd525e70e6f58f3fea3f153daad1cd00246adb62070b02a4ae8ae
E         + sha256:d7b66bc34e6097db4b3facfbf6719f261d45cc9e520cffe5230a787088c990b5

engines/tests/test_openbb_adapter_development.py:105: AssertionError
_________ test_hundred_replay_schema_provenance_and_artifact[case-038] _________

engine = (OpenBBAdapterService(manifest=EngineManifest(engine_name='openbb-adapter', engine_version='0.1.0', capabilities=(Engi...read.lock object at 0x10b3c8880>), EngineClient(target='unix:/tmp/quantos-tp05-55a2a61dd7c94df9880638221e922d10.sock'))
case = FixedQueryInput(case_id='case-038', fixture_name='macro_research_rates', provider='mock', dataset='macro.research.snap...S10Y', 'DXY'), intended_use='research', deployment_target='test', requested_tools=('query_snapshot', 'query_artifact'))

    @pytest.mark.parametrize("case", fixed_input_cases(100), ids=lambda c: c.case_id)
    def test_hundred_replay_schema_provenance_and_artifact(engine, case):
        service, client = engine
        request = original_request(
            1000 + int(case.case_id.split("-")[1]),
            {
                "provider": case.provider,
                "fixture": case.fixture_name,
                "dataset": case.dataset,
                "schema_ref": case.schema_ref,
                "symbols": list(case.symbols),
                "query_text": case.query_text,
                "intended_use": case.intended_use,
                "deployment_target": case.deployment_target,
                "tools": list(case.requested_tools),
            },
        )
        a = client.execute(request, timeout=3)
        b = client.execute(request, timeout=3)
        assert (
            a.output == b.output and a.artifact_refs == b.artifact_refs and a.input_hash == b.input_hash
        )
        streams = [invoke(client, request, "stream") for _ in range(2)]
        assert [s.delta for s in streams[0]] == [s.delta for s in streams[1]]
        assert streams[0][-1].artifact_refs == a.artifact_refs and streams[0][-1].done
        value = mapping(a.output)
        fixture = load_fixture(case.fixture_name)
        assert value["scope"]["workflow_run_id"] == request.workflow_run_id
        assert value["scope"]["tenant_id"] == request.metadata.tenant_id
        assert value["license"]["approved_for_production"] is False
        assert value["usage"]["trading_approved"] is False and value["sources"]
        assert value["records"] == list(fixture.records) and value["window"] == fixture.window
        assert value["lineage"]["fixture_digest"] == fixture.fixture_digest
>       assert value["response_hash"] == content_hash(
            {k: v for k, v in value.items() if k != "response_hash"}
        )
E       AssertionError: assert 'sha256:01addb53feae539c99703f2c1daa85b1b17c3ef91c779b1f05ba02643c3914c6' == 'sha256:e15d7e81d71e41be38fc74265b80fc695bd6fc9f032600d96f3c556ec9cd7494'
E         
E         - sha256:e15d7e81d71e41be38fc74265b80fc695bd6fc9f032600d96f3c556ec9cd7494
E         + sha256:01addb53feae539c99703f2c1daa85b1b17c3ef91c779b1f05ba02643c3914c6

engines/tests/test_openbb_adapter_development.py:105: AssertionError
_________ test_hundred_replay_schema_provenance_and_artifact[case-039] _________

engine = (OpenBBAdapterService(manifest=EngineManifest(engine_name='openbb-adapter', engine_version='0.1.0', capabilities=(Engi...read.lock object at 0x10b4f99c0>), EngineClient(target='unix:/tmp/quantos-tp05-2037c5e81b144eb18af75366728bc82f.sock'))
case = FixedQueryInput(case_id='case-039', fixture_name='crypto_market_btc', provider='openbb', dataset='crypto.market.snapsh...USDT',), intended_use='research', deployment_target='evaluation', requested_tools=('query_snapshot', 'query_artifact'))

    @pytest.mark.parametrize("case", fixed_input_cases(100), ids=lambda c: c.case_id)
    def test_hundred_replay_schema_provenance_and_artifact(engine, case):
        service, client = engine
        request = original_request(
            1000 + int(case.case_id.split("-")[1]),
            {
                "provider": case.provider,
                "fixture": case.fixture_name,
                "dataset": case.dataset,
                "schema_ref": case.schema_ref,
                "symbols": list(case.symbols),
                "query_text": case.query_text,
                "intended_use": case.intended_use,
                "deployment_target": case.deployment_target,
                "tools": list(case.requested_tools),
            },
        )
        a = client.execute(request, timeout=3)
        b = client.execute(request, timeout=3)
        assert (
            a.output == b.output and a.artifact_refs == b.artifact_refs and a.input_hash == b.input_hash
        )
        streams = [invoke(client, request, "stream") for _ in range(2)]
        assert [s.delta for s in streams[0]] == [s.delta for s in streams[1]]
        assert streams[0][-1].artifact_refs == a.artifact_refs and streams[0][-1].done
        value = mapping(a.output)
        fixture = load_fixture(case.fixture_name)
        assert value["scope"]["workflow_run_id"] == request.workflow_run_id
        assert value["scope"]["tenant_id"] == request.metadata.tenant_id
        assert value["license"]["approved_for_production"] is False
        assert value["usage"]["trading_approved"] is False and value["sources"]
        assert value["records"] == list(fixture.records) and value["window"] == fixture.window
        assert value["lineage"]["fixture_digest"] == fixture.fixture_digest
>       assert value["response_hash"] == content_hash(
            {k: v for k, v in value.items() if k != "response_hash"}
        )
E       AssertionError: assert 'sha256:12f5abf3bde6ddcb79d6a3d0f58bb010868f7a60291fc511ef53cdb8bd79b215' == 'sha256:1f9f328826d1c74b0e004f1994c06eb4c066e3dd28d6981bbd8388b1b8eb3ec5'
E         
E         - sha256:1f9f328826d1c74b0e004f1994c06eb4c066e3dd28d6981bbd8388b1b8eb3ec5
E         + sha256:12f5abf3bde6ddcb79d6a3d0f58bb010868f7a60291fc511ef53cdb8bd79b215

engines/tests/test_openbb_adapter_development.py:105: AssertionError
_________ test_hundred_replay_schema_provenance_and_artifact[case-040] _________

engine = (OpenBBAdapterService(manifest=EngineManifest(engine_name='openbb-adapter', engine_version='0.1.0', capabilities=(Engi...read.lock object at 0x10b3b1880>), EngineClient(target='unix:/tmp/quantos-tp05-72edc8be52e34a16b074f42d5b3fd28c.sock'))
case = FixedQueryInput(case_id='case-040', fixture_name='equity_fundamentals_nvda', provider='mock', dataset='equity.fundamen...ols=('NVDA',), intended_use='research', deployment_target='test', requested_tools=('query_snapshot', 'query_artifact'))

    @pytest.mark.parametrize("case", fixed_input_cases(100), ids=lambda c: c.case_id)
    def test_hundred_replay_schema_provenance_and_artifact(engine, case):
        service, client = engine
        request = original_request(
            1000 + int(case.case_id.split("-")[1]),
            {
                "provider": case.provider,
                "fixture": case.fixture_name,
                "dataset": case.dataset,
                "schema_ref": case.schema_ref,
                "symbols": list(case.symbols),
                "query_text": case.query_text,
                "intended_use": case.intended_use,
                "deployment_target": case.deployment_target,
                "tools": list(case.requested_tools),
            },
        )
        a = client.execute(request, timeout=3)
        b = client.execute(request, timeout=3)
        assert (
            a.output == b.output and a.artifact_refs == b.artifact_refs and a.input_hash == b.input_hash
        )
        streams = [invoke(client, request, "stream") for _ in range(2)]
        assert [s.delta for s in streams[0]] == [s.delta for s in streams[1]]
        assert streams[0][-1].artifact_refs == a.artifact_refs and streams[0][-1].done
        value = mapping(a.output)
        fixture = load_fixture(case.fixture_name)
        assert value["scope"]["workflow_run_id"] == request.workflow_run_id
        assert value["scope"]["tenant_id"] == request.metadata.tenant_id
        assert value["license"]["approved_for_production"] is False
        assert value["usage"]["trading_approved"] is False and value["sources"]
        assert value["records"] == list(fixture.records) and value["window"] == fixture.window
        assert value["lineage"]["fixture_digest"] == fixture.fixture_digest
>       assert value["response_hash"] == content_hash(
            {k: v for k, v in value.items() if k != "response_hash"}
        )
E       AssertionError: assert 'sha256:272726b8e7ce023e193dc448c2512e055d72b5d91d86b12e914ce01b0770ac38' == 'sha256:e5ce0b2010c35c7f53532b397f7a46bc220d6e8d2cd1d295e24e7fd624143fea'
E         
E         - sha256:e5ce0b2010c35c7f53532b397f7a46bc220d6e8d2cd1d295e24e7fd624143fea
E         + sha256:272726b8e7ce023e193dc448c2512e055d72b5d91d86b12e914ce01b0770ac38

engines/tests/test_openbb_adapter_development.py:105: AssertionError
_________ test_hundred_replay_schema_provenance_and_artifact[case-041] _________

engine = (OpenBBAdapterService(manifest=EngineManifest(engine_name='openbb-adapter', engine_version='0.1.0', capabilities=(Engi...read.lock object at 0x10b3b3380>), EngineClient(target='unix:/tmp/quantos-tp05-834403df9889459b84756b30409ac868.sock'))
case = FixedQueryInput(case_id='case-041', fixture_name='macro_research_rates', provider='openbb', dataset='macro.research.sn... 'DXY'), intended_use='research', deployment_target='evaluation', requested_tools=('query_snapshot', 'query_artifact'))

    @pytest.mark.parametrize("case", fixed_input_cases(100), ids=lambda c: c.case_id)
    def test_hundred_replay_schema_provenance_and_artifact(engine, case):
        service, client = engine
        request = original_request(
            1000 + int(case.case_id.split("-")[1]),
            {
                "provider": case.provider,
                "fixture": case.fixture_name,
                "dataset": case.dataset,
                "schema_ref": case.schema_ref,
                "symbols": list(case.symbols),
                "query_text": case.query_text,
                "intended_use": case.intended_use,
                "deployment_target": case.deployment_target,
                "tools": list(case.requested_tools),
            },
        )
        a = client.execute(request, timeout=3)
        b = client.execute(request, timeout=3)
        assert (
            a.output == b.output and a.artifact_refs == b.artifact_refs and a.input_hash == b.input_hash
        )
        streams = [invoke(client, request, "stream") for _ in range(2)]
        assert [s.delta for s in streams[0]] == [s.delta for s in streams[1]]
        assert streams[0][-1].artifact_refs == a.artifact_refs and streams[0][-1].done
        value = mapping(a.output)
        fixture = load_fixture(case.fixture_name)
        assert value["scope"]["workflow_run_id"] == request.workflow_run_id
        assert value["scope"]["tenant_id"] == request.metadata.tenant_id
        assert value["license"]["approved_for_production"] is False
        assert value["usage"]["trading_approved"] is False and value["sources"]
        assert value["records"] == list(fixture.records) and value["window"] == fixture.window
        assert value["lineage"]["fixture_digest"] == fixture.fixture_digest
>       assert value["response_hash"] == content_hash(
            {k: v for k, v in value.items() if k != "response_hash"}
        )
E       AssertionError: assert 'sha256:4d1cecc8e02395ba957b3723340180ef3709dd4776eb44aa077015a568466fa0' == 'sha256:9ab43c75333ae95e3be57fcda4ff3c754a0a71771336b59cd28860974d0e3436'
E         
E         - sha256:9ab43c75333ae95e3be57fcda4ff3c754a0a71771336b59cd28860974d0e3436
E         + sha256:4d1cecc8e02395ba957b3723340180ef3709dd4776eb44aa077015a568466fa0

engines/tests/test_openbb_adapter_development.py:105: AssertionError
_________ test_hundred_replay_schema_provenance_and_artifact[case-042] _________

engine = (OpenBBAdapterService(manifest=EngineManifest(engine_name='openbb-adapter', engine_version='0.1.0', capabilities=(Engi...read.lock object at 0x10b45f040>), EngineClient(target='unix:/tmp/quantos-tp05-64a580819a584004a487c594ad65d2fe.sock'))
case = FixedQueryInput(case_id='case-042', fixture_name='crypto_market_btc', provider='mock', dataset='crypto.market.snapshot...=('BTCUSDT',), intended_use='research', deployment_target='test', requested_tools=('query_snapshot', 'query_artifact'))

    @pytest.mark.parametrize("case", fixed_input_cases(100), ids=lambda c: c.case_id)
    def test_hundred_replay_schema_provenance_and_artifact(engine, case):
        service, client = engine
        request = original_request(
            1000 + int(case.case_id.split("-")[1]),
            {
                "provider": case.provider,
                "fixture": case.fixture_name,
                "dataset": case.dataset,
                "schema_ref": case.schema_ref,
                "symbols": list(case.symbols),
                "query_text": case.query_text,
                "intended_use": case.intended_use,
                "deployment_target": case.deployment_target,
                "tools": list(case.requested_tools),
            },
        )
        a = client.execute(request, timeout=3)
        b = client.execute(request, timeout=3)
        assert (
            a.output == b.output and a.artifact_refs == b.artifact_refs and a.input_hash == b.input_hash
        )
        streams = [invoke(client, request, "stream") for _ in range(2)]
        assert [s.delta for s in streams[0]] == [s.delta for s in streams[1]]
        assert streams[0][-1].artifact_refs == a.artifact_refs and streams[0][-1].done
        value = mapping(a.output)
        fixture = load_fixture(case.fixture_name)
        assert value["scope"]["workflow_run_id"] == request.workflow_run_id
        assert value["scope"]["tenant_id"] == request.metadata.tenant_id
        assert value["license"]["approved_for_production"] is False
        assert value["usage"]["trading_approved"] is False and value["sources"]
        assert value["records"] == list(fixture.records) and value["window"] == fixture.window
        assert value["lineage"]["fixture_digest"] == fixture.fixture_digest
>       assert value["response_hash"] == content_hash(
            {k: v for k, v in value.items() if k != "response_hash"}
        )
E       AssertionError: assert 'sha256:a010f270f17ef6911378380a90e91dcaff5618fcef5dbef0464e1dd1e4d40349' == 'sha256:75b63b38e91c02716bfa1b675af54cf34b2684ae557360fba32d5bbceac55bc2'
E         
E         - sha256:75b63b38e91c02716bfa1b675af54cf34b2684ae557360fba32d5bbceac55bc2
E         + sha256:a010f270f17ef6911378380a90e91dcaff5618fcef5dbef0464e1dd1e4d40349

engines/tests/test_openbb_adapter_development.py:105: AssertionError
_________ test_hundred_replay_schema_provenance_and_artifact[case-043] _________

engine = (OpenBBAdapterService(manifest=EngineManifest(engine_name='openbb-adapter', engine_version='0.1.0', capabilities=(Engi...read.lock object at 0x10b3b2500>), EngineClient(target='unix:/tmp/quantos-tp05-8e5279a2dc044dc983580ae6c7742361.sock'))
case = FixedQueryInput(case_id='case-043', fixture_name='equity_fundamentals_nvda', provider='openbb', dataset='equity.fundam...NVDA',), intended_use='research', deployment_target='evaluation', requested_tools=('query_snapshot', 'query_artifact'))

    @pytest.mark.parametrize("case", fixed_input_cases(100), ids=lambda c: c.case_id)
    def test_hundred_replay_schema_provenance_and_artifact(engine, case):
        service, client = engine
        request = original_request(
            1000 + int(case.case_id.split("-")[1]),
            {
                "provider": case.provider,
                "fixture": case.fixture_name,
                "dataset": case.dataset,
                "schema_ref": case.schema_ref,
                "symbols": list(case.symbols),
                "query_text": case.query_text,
                "intended_use": case.intended_use,
                "deployment_target": case.deployment_target,
                "tools": list(case.requested_tools),
            },
        )
        a = client.execute(request, timeout=3)
        b = client.execute(request, timeout=3)
        assert (
            a.output == b.output and a.artifact_refs == b.artifact_refs and a.input_hash == b.input_hash
        )
        streams = [invoke(client, request, "stream") for _ in range(2)]
        assert [s.delta for s in streams[0]] == [s.delta for s in streams[1]]
        assert streams[0][-1].artifact_refs == a.artifact_refs and streams[0][-1].done
        value = mapping(a.output)
        fixture = load_fixture(case.fixture_name)
        assert value["scope"]["workflow_run_id"] == request.workflow_run_id
        assert value["scope"]["tenant_id"] == request.metadata.tenant_id
        assert value["license"]["approved_for_production"] is False
        assert value["usage"]["trading_approved"] is False and value["sources"]
        assert value["records"] == list(fixture.records) and value["window"] == fixture.window
        assert value["lineage"]["fixture_digest"] == fixture.fixture_digest
>       assert value["response_hash"] == content_hash(
            {k: v for k, v in value.items() if k != "response_hash"}
        )
E       AssertionError: assert 'sha256:6b26f3cbd9fa273e4636fdeca2842d6e6add688b0f5fc79bd194ff93cc811fe6' == 'sha256:a022ed6190b6a08f91a847440025f08daee00e0ba1740e8a4cddbb4d22186fb6'
E         
E         - sha256:a022ed6190b6a08f91a847440025f08daee00e0ba1740e8a4cddbb4d22186fb6
E         + sha256:6b26f3cbd9fa273e4636fdeca2842d6e6add688b0f5fc79bd194ff93cc811fe6

engines/tests/test_openbb_adapter_development.py:105: AssertionError
_________ test_hundred_replay_schema_provenance_and_artifact[case-044] _________

engine = (OpenBBAdapterService(manifest=EngineManifest(engine_name='openbb-adapter', engine_version='0.1.0', capabilities=(Engi...read.lock object at 0x10b620ac0>), EngineClient(target='unix:/tmp/quantos-tp05-17cc9c1ba4134fc68856ba877e4b4edf.sock'))
case = FixedQueryInput(case_id='case-044', fixture_name='macro_research_rates', provider='mock', dataset='macro.research.snap...S10Y', 'DXY'), intended_use='research', deployment_target='test', requested_tools=('query_snapshot', 'query_artifact'))

    @pytest.mark.parametrize("case", fixed_input_cases(100), ids=lambda c: c.case_id)
    def test_hundred_replay_schema_provenance_and_artifact(engine, case):
        service, client = engine
        request = original_request(
            1000 + int(case.case_id.split("-")[1]),
            {
                "provider": case.provider,
                "fixture": case.fixture_name,
                "dataset": case.dataset,
                "schema_ref": case.schema_ref,
                "symbols": list(case.symbols),
                "query_text": case.query_text,
                "intended_use": case.intended_use,
                "deployment_target": case.deployment_target,
                "tools": list(case.requested_tools),
            },
        )
        a = client.execute(request, timeout=3)
        b = client.execute(request, timeout=3)
        assert (
            a.output == b.output and a.artifact_refs == b.artifact_refs and a.input_hash == b.input_hash
        )
        streams = [invoke(client, request, "stream") for _ in range(2)]
        assert [s.delta for s in streams[0]] == [s.delta for s in streams[1]]
        assert streams[0][-1].artifact_refs == a.artifact_refs and streams[0][-1].done
        value = mapping(a.output)
        fixture = load_fixture(case.fixture_name)
        assert value["scope"]["workflow_run_id"] == request.workflow_run_id
        assert value["scope"]["tenant_id"] == request.metadata.tenant_id
        assert value["license"]["approved_for_production"] is False
        assert value["usage"]["trading_approved"] is False and value["sources"]
        assert value["records"] == list(fixture.records) and value["window"] == fixture.window
        assert value["lineage"]["fixture_digest"] == fixture.fixture_digest
>       assert value["response_hash"] == content_hash(
            {k: v for k, v in value.items() if k != "response_hash"}
        )
E       AssertionError: assert 'sha256:6fe27f9e74fd284d81e7767e99ee6a29fba244758a8a3860a5f5a66077269cd0' == 'sha256:fdae6267d223365df3e7f2b89158d642802f9f2532753aa32cc6f77b6d6afad0'
E         
E         - sha256:fdae6267d223365df3e7f2b89158d642802f9f2532753aa32cc6f77b6d6afad0
E         + sha256:6fe27f9e74fd284d81e7767e99ee6a29fba244758a8a3860a5f5a66077269cd0

engines/tests/test_openbb_adapter_development.py:105: AssertionError
_________ test_hundred_replay_schema_provenance_and_artifact[case-045] _________

engine = (OpenBBAdapterService(manifest=EngineManifest(engine_name='openbb-adapter', engine_version='0.1.0', capabilities=(Engi...read.lock object at 0x10b467300>), EngineClient(target='unix:/tmp/quantos-tp05-0911f95871f048009af86d331c22e35a.sock'))
case = FixedQueryInput(case_id='case-045', fixture_name='crypto_market_btc', provider='openbb', dataset='crypto.market.snapsh...USDT',), intended_use='research', deployment_target='evaluation', requested_tools=('query_snapshot', 'query_artifact'))

    @pytest.mark.parametrize("case", fixed_input_cases(100), ids=lambda c: c.case_id)
    def test_hundred_replay_schema_provenance_and_artifact(engine, case):
        service, client = engine
        request = original_request(
            1000 + int(case.case_id.split("-")[1]),
            {
                "provider": case.provider,
                "fixture": case.fixture_name,
                "dataset": case.dataset,
                "schema_ref": case.schema_ref,
                "symbols": list(case.symbols),
                "query_text": case.query_text,
                "intended_use": case.intended_use,
                "deployment_target": case.deployment_target,
                "tools": list(case.requested_tools),
            },
        )
        a = client.execute(request, timeout=3)
        b = client.execute(request, timeout=3)
        assert (
            a.output == b.output and a.artifact_refs == b.artifact_refs and a.input_hash == b.input_hash
        )
        streams = [invoke(client, request, "stream") for _ in range(2)]
        assert [s.delta for s in streams[0]] == [s.delta for s in streams[1]]
        assert streams[0][-1].artifact_refs == a.artifact_refs and streams[0][-1].done
        value = mapping(a.output)
        fixture = load_fixture(case.fixture_name)
        assert value["scope"]["workflow_run_id"] == request.workflow_run_id
        assert value["scope"]["tenant_id"] == request.metadata.tenant_id
        assert value["license"]["approved_for_production"] is False
        assert value["usage"]["trading_approved"] is False and value["sources"]
        assert value["records"] == list(fixture.records) and value["window"] == fixture.window
        assert value["lineage"]["fixture_digest"] == fixture.fixture_digest
>       assert value["response_hash"] == content_hash(
            {k: v for k, v in value.items() if k != "response_hash"}
        )
E       AssertionError: assert 'sha256:da943d5d9fb2833b002c2071e749eecec95109776b838a6508515959473bc05b' == 'sha256:5f12a5b3d80a25dccffc69ff3b2dd8d09c06fc91200ef59631333c7db1ca6f2d'
E         
E         - sha256:5f12a5b3d80a25dccffc69ff3b2dd8d09c06fc91200ef59631333c7db1ca6f2d
E         + sha256:da943d5d9fb2833b002c2071e749eecec95109776b838a6508515959473bc05b

engines/tests/test_openbb_adapter_development.py:105: AssertionError
_________ test_hundred_replay_schema_provenance_and_artifact[case-046] _________

engine = (OpenBBAdapterService(manifest=EngineManifest(engine_name='openbb-adapter', engine_version='0.1.0', capabilities=(Engi...read.lock object at 0x10b3c3f80>), EngineClient(target='unix:/tmp/quantos-tp05-3e3a1af5f1cc414db3ec648cd070c680.sock'))
case = FixedQueryInput(case_id='case-046', fixture_name='equity_fundamentals_nvda', provider='mock', dataset='equity.fundamen...ols=('NVDA',), intended_use='research', deployment_target='test', requested_tools=('query_snapshot', 'query_artifact'))

    @pytest.mark.parametrize("case", fixed_input_cases(100), ids=lambda c: c.case_id)
    def test_hundred_replay_schema_provenance_and_artifact(engine, case):
        service, client = engine
        request = original_request(
            1000 + int(case.case_id.split("-")[1]),
            {
                "provider": case.provider,
                "fixture": case.fixture_name,
                "dataset": case.dataset,
                "schema_ref": case.schema_ref,
                "symbols": list(case.symbols),
                "query_text": case.query_text,
                "intended_use": case.intended_use,
                "deployment_target": case.deployment_target,
                "tools": list(case.requested_tools),
            },
        )
        a = client.execute(request, timeout=3)
        b = client.execute(request, timeout=3)
        assert (
            a.output == b.output and a.artifact_refs == b.artifact_refs and a.input_hash == b.input_hash
        )
        streams = [invoke(client, request, "stream") for _ in range(2)]
        assert [s.delta for s in streams[0]] == [s.delta for s in streams[1]]
        assert streams[0][-1].artifact_refs == a.artifact_refs and streams[0][-1].done
        value = mapping(a.output)
        fixture = load_fixture(case.fixture_name)
        assert value["scope"]["workflow_run_id"] == request.workflow_run_id
        assert value["scope"]["tenant_id"] == request.metadata.tenant_id
        assert value["license"]["approved_for_production"] is False
        assert value["usage"]["trading_approved"] is False and value["sources"]
        assert value["records"] == list(fixture.records) and value["window"] == fixture.window
        assert value["lineage"]["fixture_digest"] == fixture.fixture_digest
>       assert value["response_hash"] == content_hash(
            {k: v for k, v in value.items() if k != "response_hash"}
        )
E       AssertionError: assert 'sha256:56a007cd39d26edcfb404176bfeccd777e9a264ea66603b762c1101a38af7142' == 'sha256:a0897858b30513630f90c0db4889bec1b99332d42dfbb44b2f6c4a3ef4a10c24'
E         
E         - sha256:a0897858b30513630f90c0db4889bec1b99332d42dfbb44b2f6c4a3ef4a10c24
E         + sha256:56a007cd39d26edcfb404176bfeccd777e9a264ea66603b762c1101a38af7142

engines/tests/test_openbb_adapter_development.py:105: AssertionError
_________ test_hundred_replay_schema_provenance_and_artifact[case-047] _________

engine = (OpenBBAdapterService(manifest=EngineManifest(engine_name='openbb-adapter', engine_version='0.1.0', capabilities=(Engi...read.lock object at 0x10b539e80>), EngineClient(target='unix:/tmp/quantos-tp05-3ca1e74adcef4a889d5292bfec355da4.sock'))
case = FixedQueryInput(case_id='case-047', fixture_name='macro_research_rates', provider='openbb', dataset='macro.research.sn... 'DXY'), intended_use='research', deployment_target='evaluation', requested_tools=('query_snapshot', 'query_artifact'))

    @pytest.mark.parametrize("case", fixed_input_cases(100), ids=lambda c: c.case_id)
    def test_hundred_replay_schema_provenance_and_artifact(engine, case):
        service, client = engine
        request = original_request(
            1000 + int(case.case_id.split("-")[1]),
            {
                "provider": case.provider,
                "fixture": case.fixture_name,
                "dataset": case.dataset,
                "schema_ref": case.schema_ref,
                "symbols": list(case.symbols),
                "query_text": case.query_text,
                "intended_use": case.intended_use,
                "deployment_target": case.deployment_target,
                "tools": list(case.requested_tools),
            },
        )
        a = client.execute(request, timeout=3)
        b = client.execute(request, timeout=3)
        assert (
            a.output == b.output and a.artifact_refs == b.artifact_refs and a.input_hash == b.input_hash
        )
        streams = [invoke(client, request, "stream") for _ in range(2)]
        assert [s.delta for s in streams[0]] == [s.delta for s in streams[1]]
        assert streams[0][-1].artifact_refs == a.artifact_refs and streams[0][-1].done
        value = mapping(a.output)
        fixture = load_fixture(case.fixture_name)
        assert value["scope"]["workflow_run_id"] == request.workflow_run_id
        assert value["scope"]["tenant_id"] == request.metadata.tenant_id
        assert value["license"]["approved_for_production"] is False
        assert value["usage"]["trading_approved"] is False and value["sources"]
        assert value["records"] == list(fixture.records) and value["window"] == fixture.window
        assert value["lineage"]["fixture_digest"] == fixture.fixture_digest
>       assert value["response_hash"] == content_hash(
            {k: v for k, v in value.items() if k != "response_hash"}
        )
E       AssertionError: assert 'sha256:3f55b6790e9f367b6be809b8de7e99f2961b537cdb01e3c3d04a8d19f493c491' == 'sha256:ae84050a73815259da1e87d826687ac5105316fc92fcec5d70e56dc1d8228932'
E         
E         - sha256:ae84050a73815259da1e87d826687ac5105316fc92fcec5d70e56dc1d8228932
E         + sha256:3f55b6790e9f367b6be809b8de7e99f2961b537cdb01e3c3d04a8d19f493c491

engines/tests/test_openbb_adapter_development.py:105: AssertionError
_________ test_hundred_replay_schema_provenance_and_artifact[case-048] _________

engine = (OpenBBAdapterService(manifest=EngineManifest(engine_name='openbb-adapter', engine_version='0.1.0', capabilities=(Engi...read.lock object at 0x10b475980>), EngineClient(target='unix:/tmp/quantos-tp05-e784e068fc8b4c4eb92225657c2948ff.sock'))
case = FixedQueryInput(case_id='case-048', fixture_name='crypto_market_btc', provider='mock', dataset='crypto.market.snapshot...=('BTCUSDT',), intended_use='research', deployment_target='test', requested_tools=('query_snapshot', 'query_artifact'))

    @pytest.mark.parametrize("case", fixed_input_cases(100), ids=lambda c: c.case_id)
    def test_hundred_replay_schema_provenance_and_artifact(engine, case):
        service, client = engine
        request = original_request(
            1000 + int(case.case_id.split("-")[1]),
            {
                "provider": case.provider,
                "fixture": case.fixture_name,
                "dataset": case.dataset,
                "schema_ref": case.schema_ref,
                "symbols": list(case.symbols),
                "query_text": case.query_text,
                "intended_use": case.intended_use,
                "deployment_target": case.deployment_target,
                "tools": list(case.requested_tools),
            },
        )
        a = client.execute(request, timeout=3)
        b = client.execute(request, timeout=3)
        assert (
            a.output == b.output and a.artifact_refs == b.artifact_refs and a.input_hash == b.input_hash
        )
        streams = [invoke(client, request, "stream") for _ in range(2)]
        assert [s.delta for s in streams[0]] == [s.delta for s in streams[1]]
        assert streams[0][-1].artifact_refs == a.artifact_refs and streams[0][-1].done
        value = mapping(a.output)
        fixture = load_fixture(case.fixture_name)
        assert value["scope"]["workflow_run_id"] == request.workflow_run_id
        assert value["scope"]["tenant_id"] == request.metadata.tenant_id
        assert value["license"]["approved_for_production"] is False
        assert value["usage"]["trading_approved"] is False and value["sources"]
        assert value["records"] == list(fixture.records) and value["window"] == fixture.window
        assert value["lineage"]["fixture_digest"] == fixture.fixture_digest
>       assert value["response_hash"] == content_hash(
            {k: v for k, v in value.items() if k != "response_hash"}
        )
E       AssertionError: assert 'sha256:f357163b9d931f65ff383bce0a37fe147ddf076ffdd8358c149c8f81b3cfc84a' == 'sha256:81f73faebce391c5d15058d0d0d4eea0c62c526b44d5d999934f55a28a290dfc'
E         
E         - sha256:81f73faebce391c5d15058d0d0d4eea0c62c526b44d5d999934f55a28a290dfc
E         + sha256:f357163b9d931f65ff383bce0a37fe147ddf076ffdd8358c149c8f81b3cfc84a

engines/tests/test_openbb_adapter_development.py:105: AssertionError
_________ test_hundred_replay_schema_provenance_and_artifact[case-049] _________

engine = (OpenBBAdapterService(manifest=EngineManifest(engine_name='openbb-adapter', engine_version='0.1.0', capabilities=(Engi...read.lock object at 0x10b606000>), EngineClient(target='unix:/tmp/quantos-tp05-544b8531e3d04bc9a57cc0df6fcfaddc.sock'))
case = FixedQueryInput(case_id='case-049', fixture_name='equity_fundamentals_nvda', provider='openbb', dataset='equity.fundam...NVDA',), intended_use='research', deployment_target='evaluation', requested_tools=('query_snapshot', 'query_artifact'))

    @pytest.mark.parametrize("case", fixed_input_cases(100), ids=lambda c: c.case_id)
    def test_hundred_replay_schema_provenance_and_artifact(engine, case):
        service, client = engine
        request = original_request(
            1000 + int(case.case_id.split("-")[1]),
            {
                "provider": case.provider,
                "fixture": case.fixture_name,
                "dataset": case.dataset,
                "schema_ref": case.schema_ref,
                "symbols": list(case.symbols),
                "query_text": case.query_text,
                "intended_use": case.intended_use,
                "deployment_target": case.deployment_target,
                "tools": list(case.requested_tools),
            },
        )
        a = client.execute(request, timeout=3)
        b = client.execute(request, timeout=3)
        assert (
            a.output == b.output and a.artifact_refs == b.artifact_refs and a.input_hash == b.input_hash
        )
        streams = [invoke(client, request, "stream") for _ in range(2)]
        assert [s.delta for s in streams[0]] == [s.delta for s in streams[1]]
        assert streams[0][-1].artifact_refs == a.artifact_refs and streams[0][-1].done
        value = mapping(a.output)
        fixture = load_fixture(case.fixture_name)
        assert value["scope"]["workflow_run_id"] == request.workflow_run_id
        assert value["scope"]["tenant_id"] == request.metadata.tenant_id
        assert value["license"]["approved_for_production"] is False
        assert value["usage"]["trading_approved"] is False and value["sources"]
        assert value["records"] == list(fixture.records) and value["window"] == fixture.window
        assert value["lineage"]["fixture_digest"] == fixture.fixture_digest
>       assert value["response_hash"] == content_hash(
            {k: v for k, v in value.items() if k != "response_hash"}
        )
E       AssertionError: assert 'sha256:593e9355e6f1e2b731307b37118e27a3c3951c51bf695dd6d7f4bb84dda633bd' == 'sha256:1115f64bfb878c8905968c8fa9fe93ef18c994f4f7a6141ff5a3a4a16da398e0'
E         
E         - sha256:1115f64bfb878c8905968c8fa9fe93ef18c994f4f7a6141ff5a3a4a16da398e0
E         + sha256:593e9355e6f1e2b731307b37118e27a3c3951c51bf695dd6d7f4bb84dda633bd

engines/tests/test_openbb_adapter_development.py:105: AssertionError
_________ test_hundred_replay_schema_provenance_and_artifact[case-050] _________

engine = (OpenBBAdapterService(manifest=EngineManifest(engine_name='openbb-adapter', engine_version='0.1.0', capabilities=(Engi...read.lock object at 0x10b4e6f80>), EngineClient(target='unix:/tmp/quantos-tp05-8e6fa2d141b7493eaad009f9e5d3a366.sock'))
case = FixedQueryInput(case_id='case-050', fixture_name='macro_research_rates', provider='mock', dataset='macro.research.snap...S10Y', 'DXY'), intended_use='research', deployment_target='test', requested_tools=('query_snapshot', 'query_artifact'))

    @pytest.mark.parametrize("case", fixed_input_cases(100), ids=lambda c: c.case_id)
    def test_hundred_replay_schema_provenance_and_artifact(engine, case):
        service, client = engine
        request = original_request(
            1000 + int(case.case_id.split("-")[1]),
            {
                "provider": case.provider,
                "fixture": case.fixture_name,
                "dataset": case.dataset,
                "schema_ref": case.schema_ref,
                "symbols": list(case.symbols),
                "query_text": case.query_text,
                "intended_use": case.intended_use,
                "deployment_target": case.deployment_target,
                "tools": list(case.requested_tools),
            },
        )
        a = client.execute(request, timeout=3)
        b = client.execute(request, timeout=3)
        assert (
            a.output == b.output and a.artifact_refs == b.artifact_refs and a.input_hash == b.input_hash
        )
        streams = [invoke(client, request, "stream") for _ in range(2)]
        assert [s.delta for s in streams[0]] == [s.delta for s in streams[1]]
        assert streams[0][-1].artifact_refs == a.artifact_refs and streams[0][-1].done
        value = mapping(a.output)
        fixture = load_fixture(case.fixture_name)
        assert value["scope"]["workflow_run_id"] == request.workflow_run_id
        assert value["scope"]["tenant_id"] == request.metadata.tenant_id
        assert value["license"]["approved_for_production"] is False
        assert value["usage"]["trading_approved"] is False and value["sources"]
        assert value["records"] == list(fixture.records) and value["window"] == fixture.window
        assert value["lineage"]["fixture_digest"] == fixture.fixture_digest
>       assert value["response_hash"] == content_hash(
            {k: v for k, v in value.items() if k != "response_hash"}
        )
E       AssertionError: assert 'sha256:d15206c940a7d8b1162a3c81e8c42676aabc1a7a2feea1797629a5208d629389' == 'sha256:09441aa51a6a9d490509cf68dc1ae0bd7b6f70fc876b87272536b19294085650'
E         
E         - sha256:09441aa51a6a9d490509cf68dc1ae0bd7b6f70fc876b87272536b19294085650
E         + sha256:d15206c940a7d8b1162a3c81e8c42676aabc1a7a2feea1797629a5208d629389

engines/tests/test_openbb_adapter_development.py:105: AssertionError
_________ test_hundred_replay_schema_provenance_and_artifact[case-051] _________

engine = (OpenBBAdapterService(manifest=EngineManifest(engine_name='openbb-adapter', engine_version='0.1.0', capabilities=(Engi...read.lock object at 0x10b702ec0>), EngineClient(target='unix:/tmp/quantos-tp05-c009bd1bb82047faaf52afd0b7c3a127.sock'))
case = FixedQueryInput(case_id='case-051', fixture_name='crypto_market_btc', provider='openbb', dataset='crypto.market.snapsh...USDT',), intended_use='research', deployment_target='evaluation', requested_tools=('query_snapshot', 'query_artifact'))

    @pytest.mark.parametrize("case", fixed_input_cases(100), ids=lambda c: c.case_id)
    def test_hundred_replay_schema_provenance_and_artifact(engine, case):
        service, client = engine
        request = original_request(
            1000 + int(case.case_id.split("-")[1]),
            {
                "provider": case.provider,
                "fixture": case.fixture_name,
                "dataset": case.dataset,
                "schema_ref": case.schema_ref,
                "symbols": list(case.symbols),
                "query_text": case.query_text,
                "intended_use": case.intended_use,
                "deployment_target": case.deployment_target,
                "tools": list(case.requested_tools),
            },
        )
        a = client.execute(request, timeout=3)
        b = client.execute(request, timeout=3)
        assert (
            a.output == b.output and a.artifact_refs == b.artifact_refs and a.input_hash == b.input_hash
        )
        streams = [invoke(client, request, "stream") for _ in range(2)]
        assert [s.delta for s in streams[0]] == [s.delta for s in streams[1]]
        assert streams[0][-1].artifact_refs == a.artifact_refs and streams[0][-1].done
        value = mapping(a.output)
        fixture = load_fixture(case.fixture_name)
        assert value["scope"]["workflow_run_id"] == request.workflow_run_id
        assert value["scope"]["tenant_id"] == request.metadata.tenant_id
        assert value["license"]["approved_for_production"] is False
        assert value["usage"]["trading_approved"] is False and value["sources"]
        assert value["records"] == list(fixture.records) and value["window"] == fixture.window
        assert value["lineage"]["fixture_digest"] == fixture.fixture_digest
>       assert value["response_hash"] == content_hash(
            {k: v for k, v in value.items() if k != "response_hash"}
        )
E       AssertionError: assert 'sha256:49dc103967305bffd3cc50687451cf228f1a807c76290d9639fbdb325b4f7ffb' == 'sha256:0a03025cdca80a5e449a7a5c08edb0f0eca1b1d24b210fd94bc41897b91e83a0'
E         
E         - sha256:0a03025cdca80a5e449a7a5c08edb0f0eca1b1d24b210fd94bc41897b91e83a0
E         + sha256:49dc103967305bffd3cc50687451cf228f1a807c76290d9639fbdb325b4f7ffb

engines/tests/test_openbb_adapter_development.py:105: AssertionError
_________ test_hundred_replay_schema_provenance_and_artifact[case-052] _________

engine = (OpenBBAdapterService(manifest=EngineManifest(engine_name='openbb-adapter', engine_version='0.1.0', capabilities=(Engi...read.lock object at 0x10b3d2e40>), EngineClient(target='unix:/tmp/quantos-tp05-7c2210820ea8467c8d22a20da851a480.sock'))
case = FixedQueryInput(case_id='case-052', fixture_name='equity_fundamentals_nvda', provider='mock', dataset='equity.fundamen...ols=('NVDA',), intended_use='research', deployment_target='test', requested_tools=('query_snapshot', 'query_artifact'))

    @pytest.mark.parametrize("case", fixed_input_cases(100), ids=lambda c: c.case_id)
    def test_hundred_replay_schema_provenance_and_artifact(engine, case):
        service, client = engine
        request = original_request(
            1000 + int(case.case_id.split("-")[1]),
            {
                "provider": case.provider,
                "fixture": case.fixture_name,
                "dataset": case.dataset,
                "schema_ref": case.schema_ref,
                "symbols": list(case.symbols),
                "query_text": case.query_text,
                "intended_use": case.intended_use,
                "deployment_target": case.deployment_target,
                "tools": list(case.requested_tools),
            },
        )
        a = client.execute(request, timeout=3)
        b = client.execute(request, timeout=3)
        assert (
            a.output == b.output and a.artifact_refs == b.artifact_refs and a.input_hash == b.input_hash
        )
        streams = [invoke(client, request, "stream") for _ in range(2)]
        assert [s.delta for s in streams[0]] == [s.delta for s in streams[1]]
        assert streams[0][-1].artifact_refs == a.artifact_refs and streams[0][-1].done
        value = mapping(a.output)
        fixture = load_fixture(case.fixture_name)
        assert value["scope"]["workflow_run_id"] == request.workflow_run_id
        assert value["scope"]["tenant_id"] == request.metadata.tenant_id
        assert value["license"]["approved_for_production"] is False
        assert value["usage"]["trading_approved"] is False and value["sources"]
        assert value["records"] == list(fixture.records) and value["window"] == fixture.window
        assert value["lineage"]["fixture_digest"] == fixture.fixture_digest
>       assert value["response_hash"] == content_hash(
            {k: v for k, v in value.items() if k != "response_hash"}
        )
E       AssertionError: assert 'sha256:f842d078eed32bc0d932dae6a4090a0014ea2718d9e30db07f89a1ead4be0903' == 'sha256:77eeda97fdc18dae173f843e1205a66b9767ab615691f5a3d83e3d31d0c8bcf6'
E         
E         - sha256:77eeda97fdc18dae173f843e1205a66b9767ab615691f5a3d83e3d31d0c8bcf6
E         + sha256:f842d078eed32bc0d932dae6a4090a0014ea2718d9e30db07f89a1ead4be0903

engines/tests/test_openbb_adapter_development.py:105: AssertionError
_________ test_hundred_replay_schema_provenance_and_artifact[case-053] _________

engine = (OpenBBAdapterService(manifest=EngineManifest(engine_name='openbb-adapter', engine_version='0.1.0', capabilities=(Engi...read.lock object at 0x10b431580>), EngineClient(target='unix:/tmp/quantos-tp05-a66dab9bd0e942718dec7ce69ba44db1.sock'))
case = FixedQueryInput(case_id='case-053', fixture_name='macro_research_rates', provider='openbb', dataset='macro.research.sn... 'DXY'), intended_use='research', deployment_target='evaluation', requested_tools=('query_snapshot', 'query_artifact'))

    @pytest.mark.parametrize("case", fixed_input_cases(100), ids=lambda c: c.case_id)
    def test_hundred_replay_schema_provenance_and_artifact(engine, case):
        service, client = engine
        request = original_request(
            1000 + int(case.case_id.split("-")[1]),
            {
                "provider": case.provider,
                "fixture": case.fixture_name,
                "dataset": case.dataset,
                "schema_ref": case.schema_ref,
                "symbols": list(case.symbols),
                "query_text": case.query_text,
                "intended_use": case.intended_use,
                "deployment_target": case.deployment_target,
                "tools": list(case.requested_tools),
            },
        )
        a = client.execute(request, timeout=3)
        b = client.execute(request, timeout=3)
        assert (
            a.output == b.output and a.artifact_refs == b.artifact_refs and a.input_hash == b.input_hash
        )
        streams = [invoke(client, request, "stream") for _ in range(2)]
        assert [s.delta for s in streams[0]] == [s.delta for s in streams[1]]
        assert streams[0][-1].artifact_refs == a.artifact_refs and streams[0][-1].done
        value = mapping(a.output)
        fixture = load_fixture(case.fixture_name)
        assert value["scope"]["workflow_run_id"] == request.workflow_run_id
        assert value["scope"]["tenant_id"] == request.metadata.tenant_id
        assert value["license"]["approved_for_production"] is False
        assert value["usage"]["trading_approved"] is False and value["sources"]
        assert value["records"] == list(fixture.records) and value["window"] == fixture.window
        assert value["lineage"]["fixture_digest"] == fixture.fixture_digest
>       assert value["response_hash"] == content_hash(
            {k: v for k, v in value.items() if k != "response_hash"}
        )
E       AssertionError: assert 'sha256:f586b760742d134e5f2a4ffe22c3a9e4bbb1c6464cc8e70d01ff25b5aeab08cd' == 'sha256:9fc6cd3a8774a813644f20fc68c0bcb7b7b0cdaaea6b2377bb0df0b547938541'
E         
E         - sha256:9fc6cd3a8774a813644f20fc68c0bcb7b7b0cdaaea6b2377bb0df0b547938541
E         + sha256:f586b760742d134e5f2a4ffe22c3a9e4bbb1c6464cc8e70d01ff25b5aeab08cd

engines/tests/test_openbb_adapter_development.py:105: AssertionError
_________ test_hundred_replay_schema_provenance_and_artifact[case-054] _________

engine = (OpenBBAdapterService(manifest=EngineManifest(engine_name='openbb-adapter', engine_version='0.1.0', capabilities=(Engi...read.lock object at 0x10b514340>), EngineClient(target='unix:/tmp/quantos-tp05-589659b0c12c4bde8ae3d86d45d973ef.sock'))
case = FixedQueryInput(case_id='case-054', fixture_name='crypto_market_btc', provider='mock', dataset='crypto.market.snapshot...=('BTCUSDT',), intended_use='research', deployment_target='test', requested_tools=('query_snapshot', 'query_artifact'))

    @pytest.mark.parametrize("case", fixed_input_cases(100), ids=lambda c: c.case_id)
    def test_hundred_replay_schema_provenance_and_artifact(engine, case):
        service, client = engine
        request = original_request(
            1000 + int(case.case_id.split("-")[1]),
            {
                "provider": case.provider,
                "fixture": case.fixture_name,
                "dataset": case.dataset,
                "schema_ref": case.schema_ref,
                "symbols": list(case.symbols),
                "query_text": case.query_text,
                "intended_use": case.intended_use,
                "deployment_target": case.deployment_target,
                "tools": list(case.requested_tools),
            },
        )
        a = client.execute(request, timeout=3)
        b = client.execute(request, timeout=3)
        assert (
            a.output == b.output and a.artifact_refs == b.artifact_refs and a.input_hash == b.input_hash
        )
        streams = [invoke(client, request, "stream") for _ in range(2)]
        assert [s.delta for s in streams[0]] == [s.delta for s in streams[1]]
        assert streams[0][-1].artifact_refs == a.artifact_refs and streams[0][-1].done
        value = mapping(a.output)
        fixture = load_fixture(case.fixture_name)
        assert value["scope"]["workflow_run_id"] == request.workflow_run_id
        assert value["scope"]["tenant_id"] == request.metadata.tenant_id
        assert value["license"]["approved_for_production"] is False
        assert value["usage"]["trading_approved"] is False and value["sources"]
        assert value["records"] == list(fixture.records) and value["window"] == fixture.window
        assert value["lineage"]["fixture_digest"] == fixture.fixture_digest
>       assert value["response_hash"] == content_hash(
            {k: v for k, v in value.items() if k != "response_hash"}
        )
E       AssertionError: assert 'sha256:c7263055c9830ea8393528f7b163d4ce043566772c5c17926831a8b814f36bcf' == 'sha256:619b8e827da46af530591bb0514cf26bc2c8fde5f9ee8b722cba9716e080c44e'
E         
E         - sha256:619b8e827da46af530591bb0514cf26bc2c8fde5f9ee8b722cba9716e080c44e
E         + sha256:c7263055c9830ea8393528f7b163d4ce043566772c5c17926831a8b814f36bcf

engines/tests/test_openbb_adapter_development.py:105: AssertionError
_________ test_hundred_replay_schema_provenance_and_artifact[case-055] _________

engine = (OpenBBAdapterService(manifest=EngineManifest(engine_name='openbb-adapter', engine_version='0.1.0', capabilities=(Engi...read.lock object at 0x10b4e2880>), EngineClient(target='unix:/tmp/quantos-tp05-fc22eff7d9244028ab03c21fbc63def3.sock'))
case = FixedQueryInput(case_id='case-055', fixture_name='equity_fundamentals_nvda', provider='openbb', dataset='equity.fundam...NVDA',), intended_use='research', deployment_target='evaluation', requested_tools=('query_snapshot', 'query_artifact'))

    @pytest.mark.parametrize("case", fixed_input_cases(100), ids=lambda c: c.case_id)
    def test_hundred_replay_schema_provenance_and_artifact(engine, case):
        service, client = engine
        request = original_request(
            1000 + int(case.case_id.split("-")[1]),
            {
                "provider": case.provider,
                "fixture": case.fixture_name,
                "dataset": case.dataset,
                "schema_ref": case.schema_ref,
                "symbols": list(case.symbols),
                "query_text": case.query_text,
                "intended_use": case.intended_use,
                "deployment_target": case.deployment_target,
                "tools": list(case.requested_tools),
            },
        )
        a = client.execute(request, timeout=3)
        b = client.execute(request, timeout=3)
        assert (
            a.output == b.output and a.artifact_refs == b.artifact_refs and a.input_hash == b.input_hash
        )
        streams = [invoke(client, request, "stream") for _ in range(2)]
        assert [s.delta for s in streams[0]] == [s.delta for s in streams[1]]
        assert streams[0][-1].artifact_refs == a.artifact_refs and streams[0][-1].done
        value = mapping(a.output)
        fixture = load_fixture(case.fixture_name)
        assert value["scope"]["workflow_run_id"] == request.workflow_run_id
        assert value["scope"]["tenant_id"] == request.metadata.tenant_id
        assert value["license"]["approved_for_production"] is False
        assert value["usage"]["trading_approved"] is False and value["sources"]
        assert value["records"] == list(fixture.records) and value["window"] == fixture.window
        assert value["lineage"]["fixture_digest"] == fixture.fixture_digest
>       assert value["response_hash"] == content_hash(
            {k: v for k, v in value.items() if k != "response_hash"}
        )
E       AssertionError: assert 'sha256:76ed969142d743665175d4e39d82ab3c76ff294550117a0b080b6f792b5f1162' == 'sha256:641ace8d7d9bcfb5bb984ce56102148c8706070ca1092f2894302910c6bd02c2'
E         
E         - sha256:641ace8d7d9bcfb5bb984ce56102148c8706070ca1092f2894302910c6bd02c2
E         + sha256:76ed969142d743665175d4e39d82ab3c76ff294550117a0b080b6f792b5f1162

engines/tests/test_openbb_adapter_development.py:105: AssertionError
_________ test_hundred_replay_schema_provenance_and_artifact[case-056] _________

engine = (OpenBBAdapterService(manifest=EngineManifest(engine_name='openbb-adapter', engine_version='0.1.0', capabilities=(Engi...read.lock object at 0x10b73ae40>), EngineClient(target='unix:/tmp/quantos-tp05-8d1cb45678eb414eabd32b6c666ea819.sock'))
case = FixedQueryInput(case_id='case-056', fixture_name='macro_research_rates', provider='mock', dataset='macro.research.snap...S10Y', 'DXY'), intended_use='research', deployment_target='test', requested_tools=('query_snapshot', 'query_artifact'))

    @pytest.mark.parametrize("case", fixed_input_cases(100), ids=lambda c: c.case_id)
    def test_hundred_replay_schema_provenance_and_artifact(engine, case):
        service, client = engine
        request = original_request(
            1000 + int(case.case_id.split("-")[1]),
            {
                "provider": case.provider,
                "fixture": case.fixture_name,
                "dataset": case.dataset,
                "schema_ref": case.schema_ref,
                "symbols": list(case.symbols),
                "query_text": case.query_text,
                "intended_use": case.intended_use,
                "deployment_target": case.deployment_target,
                "tools": list(case.requested_tools),
            },
        )
        a = client.execute(request, timeout=3)
        b = client.execute(request, timeout=3)
        assert (
            a.output == b.output and a.artifact_refs == b.artifact_refs and a.input_hash == b.input_hash
        )
        streams = [invoke(client, request, "stream") for _ in range(2)]
        assert [s.delta for s in streams[0]] == [s.delta for s in streams[1]]
        assert streams[0][-1].artifact_refs == a.artifact_refs and streams[0][-1].done
        value = mapping(a.output)
        fixture = load_fixture(case.fixture_name)
        assert value["scope"]["workflow_run_id"] == request.workflow_run_id
        assert value["scope"]["tenant_id"] == request.metadata.tenant_id
        assert value["license"]["approved_for_production"] is False
        assert value["usage"]["trading_approved"] is False and value["sources"]
        assert value["records"] == list(fixture.records) and value["window"] == fixture.window
        assert value["lineage"]["fixture_digest"] == fixture.fixture_digest
>       assert value["response_hash"] == content_hash(
            {k: v for k, v in value.items() if k != "response_hash"}
        )
E       AssertionError: assert 'sha256:265944e95bee5a2f22b3d872ee797ea55a76cbb3814a111b50c8fe510e0daaa0' == 'sha256:1a26ba524b3f75fa4cb4f8c940af8cb8fd2317aa342716ce336fe803967e4747'
E         
E         - sha256:1a26ba524b3f75fa4cb4f8c940af8cb8fd2317aa342716ce336fe803967e4747
E         + sha256:265944e95bee5a2f22b3d872ee797ea55a76cbb3814a111b50c8fe510e0daaa0

engines/tests/test_openbb_adapter_development.py:105: AssertionError
_________ test_hundred_replay_schema_provenance_and_artifact[case-057] _________

engine = (OpenBBAdapterService(manifest=EngineManifest(engine_name='openbb-adapter', engine_version='0.1.0', capabilities=(Engi...read.lock object at 0x10b3a9b80>), EngineClient(target='unix:/tmp/quantos-tp05-8484e92071ab49ae8c134c36c66db635.sock'))
case = FixedQueryInput(case_id='case-057', fixture_name='crypto_market_btc', provider='openbb', dataset='crypto.market.snapsh...USDT',), intended_use='research', deployment_target='evaluation', requested_tools=('query_snapshot', 'query_artifact'))

    @pytest.mark.parametrize("case", fixed_input_cases(100), ids=lambda c: c.case_id)
    def test_hundred_replay_schema_provenance_and_artifact(engine, case):
        service, client = engine
        request = original_request(
            1000 + int(case.case_id.split("-")[1]),
            {
                "provider": case.provider,
                "fixture": case.fixture_name,
                "dataset": case.dataset,
                "schema_ref": case.schema_ref,
                "symbols": list(case.symbols),
                "query_text": case.query_text,
                "intended_use": case.intended_use,
                "deployment_target": case.deployment_target,
                "tools": list(case.requested_tools),
            },
        )
        a = client.execute(request, timeout=3)
        b = client.execute(request, timeout=3)
        assert (
            a.output == b.output and a.artifact_refs == b.artifact_refs and a.input_hash == b.input_hash
        )
        streams = [invoke(client, request, "stream") for _ in range(2)]
        assert [s.delta for s in streams[0]] == [s.delta for s in streams[1]]
        assert streams[0][-1].artifact_refs == a.artifact_refs and streams[0][-1].done
        value = mapping(a.output)
        fixture = load_fixture(case.fixture_name)
        assert value["scope"]["workflow_run_id"] == request.workflow_run_id
        assert value["scope"]["tenant_id"] == request.metadata.tenant_id
        assert value["license"]["approved_for_production"] is False
        assert value["usage"]["trading_approved"] is False and value["sources"]
        assert value["records"] == list(fixture.records) and value["window"] == fixture.window
        assert value["lineage"]["fixture_digest"] == fixture.fixture_digest
>       assert value["response_hash"] == content_hash(
            {k: v for k, v in value.items() if k != "response_hash"}
        )
E       AssertionError: assert 'sha256:3a5537b409467957a7f4d7dcba85a5fb66241d34f6ab9b5aee91b4640c417617' == 'sha256:be2f201c94d7f1d32530f0ff9c34bbcf4d083779911e18ca15c3c5abcae5a22c'
E         
E         - sha256:be2f201c94d7f1d32530f0ff9c34bbcf4d083779911e18ca15c3c5abcae5a22c
E         + sha256:3a5537b409467957a7f4d7dcba85a5fb66241d34f6ab9b5aee91b4640c417617

engines/tests/test_openbb_adapter_development.py:105: AssertionError
_________ test_hundred_replay_schema_provenance_and_artifact[case-058] _________

engine = (OpenBBAdapterService(manifest=EngineManifest(engine_name='openbb-adapter', engine_version='0.1.0', capabilities=(Engi...read.lock object at 0x10b474040>), EngineClient(target='unix:/tmp/quantos-tp05-65feeb13dc6e4bdb991ef1b86ba9e247.sock'))
case = FixedQueryInput(case_id='case-058', fixture_name='equity_fundamentals_nvda', provider='mock', dataset='equity.fundamen...ols=('NVDA',), intended_use='research', deployment_target='test', requested_tools=('query_snapshot', 'query_artifact'))

    @pytest.mark.parametrize("case", fixed_input_cases(100), ids=lambda c: c.case_id)
    def test_hundred_replay_schema_provenance_and_artifact(engine, case):
        service, client = engine
        request = original_request(
            1000 + int(case.case_id.split("-")[1]),
            {
                "provider": case.provider,
                "fixture": case.fixture_name,
                "dataset": case.dataset,
                "schema_ref": case.schema_ref,
                "symbols": list(case.symbols),
                "query_text": case.query_text,
                "intended_use": case.intended_use,
                "deployment_target": case.deployment_target,
                "tools": list(case.requested_tools),
            },
        )
        a = client.execute(request, timeout=3)
        b = client.execute(request, timeout=3)
        assert (
            a.output == b.output and a.artifact_refs == b.artifact_refs and a.input_hash == b.input_hash
        )
        streams = [invoke(client, request, "stream") for _ in range(2)]
        assert [s.delta for s in streams[0]] == [s.delta for s in streams[1]]
        assert streams[0][-1].artifact_refs == a.artifact_refs and streams[0][-1].done
        value = mapping(a.output)
        fixture = load_fixture(case.fixture_name)
        assert value["scope"]["workflow_run_id"] == request.workflow_run_id
        assert value["scope"]["tenant_id"] == request.metadata.tenant_id
        assert value["license"]["approved_for_production"] is False
        assert value["usage"]["trading_approved"] is False and value["sources"]
        assert value["records"] == list(fixture.records) and value["window"] == fixture.window
        assert value["lineage"]["fixture_digest"] == fixture.fixture_digest
>       assert value["response_hash"] == content_hash(
            {k: v for k, v in value.items() if k != "response_hash"}
        )
E       AssertionError: assert 'sha256:e11d422964f42bd7517c45baf84a6b22a8e7469deb885966b6cc95a15ce77dd5' == 'sha256:a95b3958e8b0b89730ff86b1cc0ff2fa14b37d0faf2a08f1cfbc67590a2cb949'
E         
E         - sha256:a95b3958e8b0b89730ff86b1cc0ff2fa14b37d0faf2a08f1cfbc67590a2cb949
E         + sha256:e11d422964f42bd7517c45baf84a6b22a8e7469deb885966b6cc95a15ce77dd5

engines/tests/test_openbb_adapter_development.py:105: AssertionError
_________ test_hundred_replay_schema_provenance_and_artifact[case-059] _________

engine = (OpenBBAdapterService(manifest=EngineManifest(engine_name='openbb-adapter', engine_version='0.1.0', capabilities=(Engi...read.lock object at 0x10b506540>), EngineClient(target='unix:/tmp/quantos-tp05-00d51c63c533458186cfa6a418c98703.sock'))
case = FixedQueryInput(case_id='case-059', fixture_name='macro_research_rates', provider='openbb', dataset='macro.research.sn... 'DXY'), intended_use='research', deployment_target='evaluation', requested_tools=('query_snapshot', 'query_artifact'))

    @pytest.mark.parametrize("case", fixed_input_cases(100), ids=lambda c: c.case_id)
    def test_hundred_replay_schema_provenance_and_artifact(engine, case):
        service, client = engine
        request = original_request(
            1000 + int(case.case_id.split("-")[1]),
            {
                "provider": case.provider,
                "fixture": case.fixture_name,
                "dataset": case.dataset,
                "schema_ref": case.schema_ref,
                "symbols": list(case.symbols),
                "query_text": case.query_text,
                "intended_use": case.intended_use,
                "deployment_target": case.deployment_target,
                "tools": list(case.requested_tools),
            },
        )
        a = client.execute(request, timeout=3)
        b = client.execute(request, timeout=3)
        assert (
            a.output == b.output and a.artifact_refs == b.artifact_refs and a.input_hash == b.input_hash
        )
        streams = [invoke(client, request, "stream") for _ in range(2)]
        assert [s.delta for s in streams[0]] == [s.delta for s in streams[1]]
        assert streams[0][-1].artifact_refs == a.artifact_refs and streams[0][-1].done
        value = mapping(a.output)
        fixture = load_fixture(case.fixture_name)
        assert value["scope"]["workflow_run_id"] == request.workflow_run_id
        assert value["scope"]["tenant_id"] == request.metadata.tenant_id
        assert value["license"]["approved_for_production"] is False
        assert value["usage"]["trading_approved"] is False and value["sources"]
        assert value["records"] == list(fixture.records) and value["window"] == fixture.window
        assert value["lineage"]["fixture_digest"] == fixture.fixture_digest
>       assert value["response_hash"] == content_hash(
            {k: v for k, v in value.items() if k != "response_hash"}
        )
E       AssertionError: assert 'sha256:b359c815d4dfab0191f81fea33f2f7918cb3d1b2c48d78b04e7ee03986289075' == 'sha256:8edef0ceb01e3bc2e00497cff9ebfbb03dba4071884614270aaa9a1cadd46714'
E         
E         - sha256:8edef0ceb01e3bc2e00497cff9ebfbb03dba4071884614270aaa9a1cadd46714
E         + sha256:b359c815d4dfab0191f81fea33f2f7918cb3d1b2c48d78b04e7ee03986289075

engines/tests/test_openbb_adapter_development.py:105: AssertionError
_________ test_hundred_replay_schema_provenance_and_artifact[case-060] _________

engine = (OpenBBAdapterService(manifest=EngineManifest(engine_name='openbb-adapter', engine_version='0.1.0', capabilities=(Engi...read.lock object at 0x10b4e4cc0>), EngineClient(target='unix:/tmp/quantos-tp05-c4f0a4c0ed004a49b912fac81701a8aa.sock'))
case = FixedQueryInput(case_id='case-060', fixture_name='crypto_market_btc', provider='mock', dataset='crypto.market.snapshot...=('BTCUSDT',), intended_use='research', deployment_target='test', requested_tools=('query_snapshot', 'query_artifact'))

    @pytest.mark.parametrize("case", fixed_input_cases(100), ids=lambda c: c.case_id)
    def test_hundred_replay_schema_provenance_and_artifact(engine, case):
        service, client = engine
        request = original_request(
            1000 + int(case.case_id.split("-")[1]),
            {
                "provider": case.provider,
                "fixture": case.fixture_name,
                "dataset": case.dataset,
                "schema_ref": case.schema_ref,
                "symbols": list(case.symbols),
                "query_text": case.query_text,
                "intended_use": case.intended_use,
                "deployment_target": case.deployment_target,
                "tools": list(case.requested_tools),
            },
        )
        a = client.execute(request, timeout=3)
        b = client.execute(request, timeout=3)
        assert (
            a.output == b.output and a.artifact_refs == b.artifact_refs and a.input_hash == b.input_hash
        )
        streams = [invoke(client, request, "stream") for _ in range(2)]
        assert [s.delta for s in streams[0]] == [s.delta for s in streams[1]]
        assert streams[0][-1].artifact_refs == a.artifact_refs and streams[0][-1].done
        value = mapping(a.output)
        fixture = load_fixture(case.fixture_name)
        assert value["scope"]["workflow_run_id"] == request.workflow_run_id
        assert value["scope"]["tenant_id"] == request.metadata.tenant_id
        assert value["license"]["approved_for_production"] is False
        assert value["usage"]["trading_approved"] is False and value["sources"]
        assert value["records"] == list(fixture.records) and value["window"] == fixture.window
        assert value["lineage"]["fixture_digest"] == fixture.fixture_digest
>       assert value["response_hash"] == content_hash(
            {k: v for k, v in value.items() if k != "response_hash"}
        )
E       AssertionError: assert 'sha256:f2b1589ba567ef8c532d6b849c0d4f4ad453afc0e717324de1c8ddadec9bf791' == 'sha256:8765f6a3ef428437210c9852e2727ac93d730451cbbe0e1f0a277173ed7b05da'
E         
E         - sha256:8765f6a3ef428437210c9852e2727ac93d730451cbbe0e1f0a277173ed7b05da
E         + sha256:f2b1589ba567ef8c532d6b849c0d4f4ad453afc0e717324de1c8ddadec9bf791

engines/tests/test_openbb_adapter_development.py:105: AssertionError
_________ test_hundred_replay_schema_provenance_and_artifact[case-061] _________

engine = (OpenBBAdapterService(manifest=EngineManifest(engine_name='openbb-adapter', engine_version='0.1.0', capabilities=(Engi...read.lock object at 0x10b50d400>), EngineClient(target='unix:/tmp/quantos-tp05-00b62c2566aa4898b00edd9c4ad69386.sock'))
case = FixedQueryInput(case_id='case-061', fixture_name='equity_fundamentals_nvda', provider='openbb', dataset='equity.fundam...NVDA',), intended_use='research', deployment_target='evaluation', requested_tools=('query_snapshot', 'query_artifact'))

    @pytest.mark.parametrize("case", fixed_input_cases(100), ids=lambda c: c.case_id)
    def test_hundred_replay_schema_provenance_and_artifact(engine, case):
        service, client = engine
        request = original_request(
            1000 + int(case.case_id.split("-")[1]),
            {
                "provider": case.provider,
                "fixture": case.fixture_name,
                "dataset": case.dataset,
                "schema_ref": case.schema_ref,
                "symbols": list(case.symbols),
                "query_text": case.query_text,
                "intended_use": case.intended_use,
                "deployment_target": case.deployment_target,
                "tools": list(case.requested_tools),
            },
        )
        a = client.execute(request, timeout=3)
        b = client.execute(request, timeout=3)
        assert (
            a.output == b.output and a.artifact_refs == b.artifact_refs and a.input_hash == b.input_hash
        )
        streams = [invoke(client, request, "stream") for _ in range(2)]
        assert [s.delta for s in streams[0]] == [s.delta for s in streams[1]]
        assert streams[0][-1].artifact_refs == a.artifact_refs and streams[0][-1].done
        value = mapping(a.output)
        fixture = load_fixture(case.fixture_name)
        assert value["scope"]["workflow_run_id"] == request.workflow_run_id
        assert value["scope"]["tenant_id"] == request.metadata.tenant_id
        assert value["license"]["approved_for_production"] is False
        assert value["usage"]["trading_approved"] is False and value["sources"]
        assert value["records"] == list(fixture.records) and value["window"] == fixture.window
        assert value["lineage"]["fixture_digest"] == fixture.fixture_digest
>       assert value["response_hash"] == content_hash(
            {k: v for k, v in value.items() if k != "response_hash"}
        )
E       AssertionError: assert 'sha256:3ddc6ccf59ff5a9fd6eeb6e507e2009def3904fa79d868ab343e70da61115843' == 'sha256:7027e203d5c172b448d06e34170a76cec03d67b6b225d910f170457364e83550'
E         
E         - sha256:7027e203d5c172b448d06e34170a76cec03d67b6b225d910f170457364e83550
E         + sha256:3ddc6ccf59ff5a9fd6eeb6e507e2009def3904fa79d868ab343e70da61115843

engines/tests/test_openbb_adapter_development.py:105: AssertionError
_________ test_hundred_replay_schema_provenance_and_artifact[case-062] _________

engine = (OpenBBAdapterService(manifest=EngineManifest(engine_name='openbb-adapter', engine_version='0.1.0', capabilities=(Engi...read.lock object at 0x10b57f140>), EngineClient(target='unix:/tmp/quantos-tp05-6f60bea1d478445894a86b62545321de.sock'))
case = FixedQueryInput(case_id='case-062', fixture_name='macro_research_rates', provider='mock', dataset='macro.research.snap...S10Y', 'DXY'), intended_use='research', deployment_target='test', requested_tools=('query_snapshot', 'query_artifact'))

    @pytest.mark.parametrize("case", fixed_input_cases(100), ids=lambda c: c.case_id)
    def test_hundred_replay_schema_provenance_and_artifact(engine, case):
        service, client = engine
        request = original_request(
            1000 + int(case.case_id.split("-")[1]),
            {
                "provider": case.provider,
                "fixture": case.fixture_name,
                "dataset": case.dataset,
                "schema_ref": case.schema_ref,
                "symbols": list(case.symbols),
                "query_text": case.query_text,
                "intended_use": case.intended_use,
                "deployment_target": case.deployment_target,
                "tools": list(case.requested_tools),
            },
        )
        a = client.execute(request, timeout=3)
        b = client.execute(request, timeout=3)
        assert (
            a.output == b.output and a.artifact_refs == b.artifact_refs and a.input_hash == b.input_hash
        )
        streams = [invoke(client, request, "stream") for _ in range(2)]
        assert [s.delta for s in streams[0]] == [s.delta for s in streams[1]]
        assert streams[0][-1].artifact_refs == a.artifact_refs and streams[0][-1].done
        value = mapping(a.output)
        fixture = load_fixture(case.fixture_name)
        assert value["scope"]["workflow_run_id"] == request.workflow_run_id
        assert value["scope"]["tenant_id"] == request.metadata.tenant_id
        assert value["license"]["approved_for_production"] is False
        assert value["usage"]["trading_approved"] is False and value["sources"]
        assert value["records"] == list(fixture.records) and value["window"] == fixture.window
        assert value["lineage"]["fixture_digest"] == fixture.fixture_digest
>       assert value["response_hash"] == content_hash(
            {k: v for k, v in value.items() if k != "response_hash"}
        )
E       AssertionError: assert 'sha256:f889ed9c3e167d389c69ec926468c961db53f151ed3139e76c4c0da3f07fb066' == 'sha256:757e1448b57e1f1b94656eec5ce2980e48dcbe228959a08685c0ef0c0d2fe9dc'
E         
E         - sha256:757e1448b57e1f1b94656eec5ce2980e48dcbe228959a08685c0ef0c0d2fe9dc
E         + sha256:f889ed9c3e167d389c69ec926468c961db53f151ed3139e76c4c0da3f07fb066

engines/tests/test_openbb_adapter_development.py:105: AssertionError
_________ test_hundred_replay_schema_provenance_and_artifact[case-063] _________

engine = (OpenBBAdapterService(manifest=EngineManifest(engine_name='openbb-adapter', engine_version='0.1.0', capabilities=(Engi...read.lock object at 0x10b6239c0>), EngineClient(target='unix:/tmp/quantos-tp05-40c83319d20241b6af8589bf5cd8b278.sock'))
case = FixedQueryInput(case_id='case-063', fixture_name='crypto_market_btc', provider='openbb', dataset='crypto.market.snapsh...USDT',), intended_use='research', deployment_target='evaluation', requested_tools=('query_snapshot', 'query_artifact'))

    @pytest.mark.parametrize("case", fixed_input_cases(100), ids=lambda c: c.case_id)
    def test_hundred_replay_schema_provenance_and_artifact(engine, case):
        service, client = engine
        request = original_request(
            1000 + int(case.case_id.split("-")[1]),
            {
                "provider": case.provider,
                "fixture": case.fixture_name,
                "dataset": case.dataset,
                "schema_ref": case.schema_ref,
                "symbols": list(case.symbols),
                "query_text": case.query_text,
                "intended_use": case.intended_use,
                "deployment_target": case.deployment_target,
                "tools": list(case.requested_tools),
            },
        )
        a = client.execute(request, timeout=3)
        b = client.execute(request, timeout=3)
        assert (
            a.output == b.output and a.artifact_refs == b.artifact_refs and a.input_hash == b.input_hash
        )
        streams = [invoke(client, request, "stream") for _ in range(2)]
        assert [s.delta for s in streams[0]] == [s.delta for s in streams[1]]
        assert streams[0][-1].artifact_refs == a.artifact_refs and streams[0][-1].done
        value = mapping(a.output)
        fixture = load_fixture(case.fixture_name)
        assert value["scope"]["workflow_run_id"] == request.workflow_run_id
        assert value["scope"]["tenant_id"] == request.metadata.tenant_id
        assert value["license"]["approved_for_production"] is False
        assert value["usage"]["trading_approved"] is False and value["sources"]
        assert value["records"] == list(fixture.records) and value["window"] == fixture.window
        assert value["lineage"]["fixture_digest"] == fixture.fixture_digest
>       assert value["response_hash"] == content_hash(
            {k: v for k, v in value.items() if k != "response_hash"}
        )
E       AssertionError: assert 'sha256:63607be2355beab4a096592938f7c05f82f410e1227bab915ef969c17f0ebb81' == 'sha256:56eba175b598d91123d59bc9408146570ee6f5f91c9e43122b8e8ce1d7c941d2'
E         
E         - sha256:56eba175b598d91123d59bc9408146570ee6f5f91c9e43122b8e8ce1d7c941d2
E         + sha256:63607be2355beab4a096592938f7c05f82f410e1227bab915ef969c17f0ebb81

engines/tests/test_openbb_adapter_development.py:105: AssertionError
_________ test_hundred_replay_schema_provenance_and_artifact[case-064] _________

engine = (OpenBBAdapterService(manifest=EngineManifest(engine_name='openbb-adapter', engine_version='0.1.0', capabilities=(Engi...read.lock object at 0x10b5405c0>), EngineClient(target='unix:/tmp/quantos-tp05-ac0d71dfc4284b30ba6855ae59f0dfa8.sock'))
case = FixedQueryInput(case_id='case-064', fixture_name='equity_fundamentals_nvda', provider='mock', dataset='equity.fundamen...ols=('NVDA',), intended_use='research', deployment_target='test', requested_tools=('query_snapshot', 'query_artifact'))

    @pytest.mark.parametrize("case", fixed_input_cases(100), ids=lambda c: c.case_id)
    def test_hundred_replay_schema_provenance_and_artifact(engine, case):
        service, client = engine
        request = original_request(
            1000 + int(case.case_id.split("-")[1]),
            {
                "provider": case.provider,
                "fixture": case.fixture_name,
                "dataset": case.dataset,
                "schema_ref": case.schema_ref,
                "symbols": list(case.symbols),
                "query_text": case.query_text,
                "intended_use": case.intended_use,
                "deployment_target": case.deployment_target,
                "tools": list(case.requested_tools),
            },
        )
        a = client.execute(request, timeout=3)
        b = client.execute(request, timeout=3)
        assert (
            a.output == b.output and a.artifact_refs == b.artifact_refs and a.input_hash == b.input_hash
        )
        streams = [invoke(client, request, "stream") for _ in range(2)]
        assert [s.delta for s in streams[0]] == [s.delta for s in streams[1]]
        assert streams[0][-1].artifact_refs == a.artifact_refs and streams[0][-1].done
        value = mapping(a.output)
        fixture = load_fixture(case.fixture_name)
        assert value["scope"]["workflow_run_id"] == request.workflow_run_id
        assert value["scope"]["tenant_id"] == request.metadata.tenant_id
        assert value["license"]["approved_for_production"] is False
        assert value["usage"]["trading_approved"] is False and value["sources"]
        assert value["records"] == list(fixture.records) and value["window"] == fixture.window
        assert value["lineage"]["fixture_digest"] == fixture.fixture_digest
>       assert value["response_hash"] == content_hash(
            {k: v for k, v in value.items() if k != "response_hash"}
        )
E       AssertionError: assert 'sha256:acebb64e180e48d1d7b7fabde998c963b02a1fb62b3218d69050cab7c27192d2' == 'sha256:d8d438c637f42310fe6a3a41ad611b1e6cdc0ac738452db1051f53fcc872b0ef'
E         
E         - sha256:d8d438c637f42310fe6a3a41ad611b1e6cdc0ac738452db1051f53fcc872b0ef
E         + sha256:acebb64e180e48d1d7b7fabde998c963b02a1fb62b3218d69050cab7c27192d2

engines/tests/test_openbb_adapter_development.py:105: AssertionError
_________ test_hundred_replay_schema_provenance_and_artifact[case-065] _________

engine = (OpenBBAdapterService(manifest=EngineManifest(engine_name='openbb-adapter', engine_version='0.1.0', capabilities=(Engi...read.lock object at 0x10b723a40>), EngineClient(target='unix:/tmp/quantos-tp05-2860ebdf03e6431a8b3bde464e991aca.sock'))
case = FixedQueryInput(case_id='case-065', fixture_name='macro_research_rates', provider='openbb', dataset='macro.research.sn... 'DXY'), intended_use='research', deployment_target='evaluation', requested_tools=('query_snapshot', 'query_artifact'))

    @pytest.mark.parametrize("case", fixed_input_cases(100), ids=lambda c: c.case_id)
    def test_hundred_replay_schema_provenance_and_artifact(engine, case):
        service, client = engine
        request = original_request(
            1000 + int(case.case_id.split("-")[1]),
            {
                "provider": case.provider,
                "fixture": case.fixture_name,
                "dataset": case.dataset,
                "schema_ref": case.schema_ref,
                "symbols": list(case.symbols),
                "query_text": case.query_text,
                "intended_use": case.intended_use,
                "deployment_target": case.deployment_target,
                "tools": list(case.requested_tools),
            },
        )
        a = client.execute(request, timeout=3)
        b = client.execute(request, timeout=3)
        assert (
            a.output == b.output and a.artifact_refs == b.artifact_refs and a.input_hash == b.input_hash
        )
        streams = [invoke(client, request, "stream") for _ in range(2)]
        assert [s.delta for s in streams[0]] == [s.delta for s in streams[1]]
        assert streams[0][-1].artifact_refs == a.artifact_refs and streams[0][-1].done
        value = mapping(a.output)
        fixture = load_fixture(case.fixture_name)
        assert value["scope"]["workflow_run_id"] == request.workflow_run_id
        assert value["scope"]["tenant_id"] == request.metadata.tenant_id
        assert value["license"]["approved_for_production"] is False
        assert value["usage"]["trading_approved"] is False and value["sources"]
        assert value["records"] == list(fixture.records) and value["window"] == fixture.window
        assert value["lineage"]["fixture_digest"] == fixture.fixture_digest
>       assert value["response_hash"] == content_hash(
            {k: v for k, v in value.items() if k != "response_hash"}
        )
E       AssertionError: assert 'sha256:001bf61eb00e157167369b7b380c78931dbb2f5c1a9db38e1dc181ecc282940d' == 'sha256:142a4145bc92e06cc9dcc858b447e79a03004a4390bdd26e329b7f0fa0dac5af'
E         
E         - sha256:142a4145bc92e06cc9dcc858b447e79a03004a4390bdd26e329b7f0fa0dac5af
E         + sha256:001bf61eb00e157167369b7b380c78931dbb2f5c1a9db38e1dc181ecc282940d

engines/tests/test_openbb_adapter_development.py:105: AssertionError
_________ test_hundred_replay_schema_provenance_and_artifact[case-066] _________

engine = (OpenBBAdapterService(manifest=EngineManifest(engine_name='openbb-adapter', engine_version='0.1.0', capabilities=(Engi...read.lock object at 0x10b4fadc0>), EngineClient(target='unix:/tmp/quantos-tp05-df2fcc06cad448ca9043a542bfc59573.sock'))
case = FixedQueryInput(case_id='case-066', fixture_name='crypto_market_btc', provider='mock', dataset='crypto.market.snapshot...=('BTCUSDT',), intended_use='research', deployment_target='test', requested_tools=('query_snapshot', 'query_artifact'))

    @pytest.mark.parametrize("case", fixed_input_cases(100), ids=lambda c: c.case_id)
    def test_hundred_replay_schema_provenance_and_artifact(engine, case):
        service, client = engine
        request = original_request(
            1000 + int(case.case_id.split("-")[1]),
            {
                "provider": case.provider,
                "fixture": case.fixture_name,
                "dataset": case.dataset,
                "schema_ref": case.schema_ref,
                "symbols": list(case.symbols),
                "query_text": case.query_text,
                "intended_use": case.intended_use,
                "deployment_target": case.deployment_target,
                "tools": list(case.requested_tools),
            },
        )
        a = client.execute(request, timeout=3)
        b = client.execute(request, timeout=3)
        assert (
            a.output == b.output and a.artifact_refs == b.artifact_refs and a.input_hash == b.input_hash
        )
        streams = [invoke(client, request, "stream") for _ in range(2)]
        assert [s.delta for s in streams[0]] == [s.delta for s in streams[1]]
        assert streams[0][-1].artifact_refs == a.artifact_refs and streams[0][-1].done
        value = mapping(a.output)
        fixture = load_fixture(case.fixture_name)
        assert value["scope"]["workflow_run_id"] == request.workflow_run_id
        assert value["scope"]["tenant_id"] == request.metadata.tenant_id
        assert value["license"]["approved_for_production"] is False
        assert value["usage"]["trading_approved"] is False and value["sources"]
        assert value["records"] == list(fixture.records) and value["window"] == fixture.window
        assert value["lineage"]["fixture_digest"] == fixture.fixture_digest
>       assert value["response_hash"] == content_hash(
            {k: v for k, v in value.items() if k != "response_hash"}
        )
E       AssertionError: assert 'sha256:f334ece3c713c1253ec5280fc13b89f4869c5102af43b69f3d7f8f2bbf12bccc' == 'sha256:f8aab59e6054f474b6d27ccd972b4a0150f2b8dff4e0c8e222be82a257f34ceb'
E         
E         - sha256:f8aab59e6054f474b6d27ccd972b4a0150f2b8dff4e0c8e222be82a257f34ceb
E         + sha256:f334ece3c713c1253ec5280fc13b89f4869c5102af43b69f3d7f8f2bbf12bccc

engines/tests/test_openbb_adapter_development.py:105: AssertionError
_________ test_hundred_replay_schema_provenance_and_artifact[case-067] _________

engine = (OpenBBAdapterService(manifest=EngineManifest(engine_name='openbb-adapter', engine_version='0.1.0', capabilities=(Engi...read.lock object at 0x10b702140>), EngineClient(target='unix:/tmp/quantos-tp05-0a1fc4dbeeec4094afd2cee1b672daba.sock'))
case = FixedQueryInput(case_id='case-067', fixture_name='equity_fundamentals_nvda', provider='openbb', dataset='equity.fundam...NVDA',), intended_use='research', deployment_target='evaluation', requested_tools=('query_snapshot', 'query_artifact'))

    @pytest.mark.parametrize("case", fixed_input_cases(100), ids=lambda c: c.case_id)
    def test_hundred_replay_schema_provenance_and_artifact(engine, case):
        service, client = engine
        request = original_request(
            1000 + int(case.case_id.split("-")[1]),
            {
                "provider": case.provider,
                "fixture": case.fixture_name,
                "dataset": case.dataset,
                "schema_ref": case.schema_ref,
                "symbols": list(case.symbols),
                "query_text": case.query_text,
                "intended_use": case.intended_use,
                "deployment_target": case.deployment_target,
                "tools": list(case.requested_tools),
            },
        )
        a = client.execute(request, timeout=3)
        b = client.execute(request, timeout=3)
        assert (
            a.output == b.output and a.artifact_refs == b.artifact_refs and a.input_hash == b.input_hash
        )
        streams = [invoke(client, request, "stream") for _ in range(2)]
        assert [s.delta for s in streams[0]] == [s.delta for s in streams[1]]
        assert streams[0][-1].artifact_refs == a.artifact_refs and streams[0][-1].done
        value = mapping(a.output)
        fixture = load_fixture(case.fixture_name)
        assert value["scope"]["workflow_run_id"] == request.workflow_run_id
        assert value["scope"]["tenant_id"] == request.metadata.tenant_id
        assert value["license"]["approved_for_production"] is False
        assert value["usage"]["trading_approved"] is False and value["sources"]
        assert value["records"] == list(fixture.records) and value["window"] == fixture.window
        assert value["lineage"]["fixture_digest"] == fixture.fixture_digest
>       assert value["response_hash"] == content_hash(
            {k: v for k, v in value.items() if k != "response_hash"}
        )
E       AssertionError: assert 'sha256:c188f840230e26df1214052481950bdbcc0c64a80ba74b22924ac08cab5d5665' == 'sha256:216059d8a97ba7a0bc0aaee3758b3b8947dfee0c36d09b89a57f06a89ecd143f'
E         
E         - sha256:216059d8a97ba7a0bc0aaee3758b3b8947dfee0c36d09b89a57f06a89ecd143f
E         + sha256:c188f840230e26df1214052481950bdbcc0c64a80ba74b22924ac08cab5d5665

engines/tests/test_openbb_adapter_development.py:105: AssertionError
_________ test_hundred_replay_schema_provenance_and_artifact[case-068] _________

engine = (OpenBBAdapterService(manifest=EngineManifest(engine_name='openbb-adapter', engine_version='0.1.0', capabilities=(Engi...read.lock object at 0x10b540fc0>), EngineClient(target='unix:/tmp/quantos-tp05-b2d29ae39f384d5e81133fb136ac4abc.sock'))
case = FixedQueryInput(case_id='case-068', fixture_name='macro_research_rates', provider='mock', dataset='macro.research.snap...S10Y', 'DXY'), intended_use='research', deployment_target='test', requested_tools=('query_snapshot', 'query_artifact'))

    @pytest.mark.parametrize("case", fixed_input_cases(100), ids=lambda c: c.case_id)
    def test_hundred_replay_schema_provenance_and_artifact(engine, case):
        service, client = engine
        request = original_request(
            1000 + int(case.case_id.split("-")[1]),
            {
                "provider": case.provider,
                "fixture": case.fixture_name,
                "dataset": case.dataset,
                "schema_ref": case.schema_ref,
                "symbols": list(case.symbols),
                "query_text": case.query_text,
                "intended_use": case.intended_use,
                "deployment_target": case.deployment_target,
                "tools": list(case.requested_tools),
            },
        )
        a = client.execute(request, timeout=3)
        b = client.execute(request, timeout=3)
        assert (
            a.output == b.output and a.artifact_refs == b.artifact_refs and a.input_hash == b.input_hash
        )
        streams = [invoke(client, request, "stream") for _ in range(2)]
        assert [s.delta for s in streams[0]] == [s.delta for s in streams[1]]
        assert streams[0][-1].artifact_refs == a.artifact_refs and streams[0][-1].done
        value = mapping(a.output)
        fixture = load_fixture(case.fixture_name)
        assert value["scope"]["workflow_run_id"] == request.workflow_run_id
        assert value["scope"]["tenant_id"] == request.metadata.tenant_id
        assert value["license"]["approved_for_production"] is False
        assert value["usage"]["trading_approved"] is False and value["sources"]
        assert value["records"] == list(fixture.records) and value["window"] == fixture.window
        assert value["lineage"]["fixture_digest"] == fixture.fixture_digest
>       assert value["response_hash"] == content_hash(
            {k: v for k, v in value.items() if k != "response_hash"}
        )
E       AssertionError: assert 'sha256:3910783d7aa621ea9b1c1d298d32f0f2e10ba55bff76e72ee905a28cf51671aa' == 'sha256:993fb8e83a37890a4f74c08d56391b012400806833f3e64522089f5e688c0856'
E         
E         - sha256:993fb8e83a37890a4f74c08d56391b012400806833f3e64522089f5e688c0856
E         + sha256:3910783d7aa621ea9b1c1d298d32f0f2e10ba55bff76e72ee905a28cf51671aa

engines/tests/test_openbb_adapter_development.py:105: AssertionError
_________ test_hundred_replay_schema_provenance_and_artifact[case-069] _________

engine = (OpenBBAdapterService(manifest=EngineManifest(engine_name='openbb-adapter', engine_version='0.1.0', capabilities=(Engi...read.lock object at 0x10b542d80>), EngineClient(target='unix:/tmp/quantos-tp05-efac0a3f212748f19e49c2387579b892.sock'))
case = FixedQueryInput(case_id='case-069', fixture_name='crypto_market_btc', provider='openbb', dataset='crypto.market.snapsh...USDT',), intended_use='research', deployment_target='evaluation', requested_tools=('query_snapshot', 'query_artifact'))

    @pytest.mark.parametrize("case", fixed_input_cases(100), ids=lambda c: c.case_id)
    def test_hundred_replay_schema_provenance_and_artifact(engine, case):
        service, client = engine
        request = original_request(
            1000 + int(case.case_id.split("-")[1]),
            {
                "provider": case.provider,
                "fixture": case.fixture_name,
                "dataset": case.dataset,
                "schema_ref": case.schema_ref,
                "symbols": list(case.symbols),
                "query_text": case.query_text,
                "intended_use": case.intended_use,
                "deployment_target": case.deployment_target,
                "tools": list(case.requested_tools),
            },
        )
        a = client.execute(request, timeout=3)
        b = client.execute(request, timeout=3)
        assert (
            a.output == b.output and a.artifact_refs == b.artifact_refs and a.input_hash == b.input_hash
        )
        streams = [invoke(client, request, "stream") for _ in range(2)]
        assert [s.delta for s in streams[0]] == [s.delta for s in streams[1]]
        assert streams[0][-1].artifact_refs == a.artifact_refs and streams[0][-1].done
        value = mapping(a.output)
        fixture = load_fixture(case.fixture_name)
        assert value["scope"]["workflow_run_id"] == request.workflow_run_id
        assert value["scope"]["tenant_id"] == request.metadata.tenant_id
        assert value["license"]["approved_for_production"] is False
        assert value["usage"]["trading_approved"] is False and value["sources"]
        assert value["records"] == list(fixture.records) and value["window"] == fixture.window
        assert value["lineage"]["fixture_digest"] == fixture.fixture_digest
>       assert value["response_hash"] == content_hash(
            {k: v for k, v in value.items() if k != "response_hash"}
        )
E       AssertionError: assert 'sha256:e9be4a25692b829f1e67d40e4b8fad7d87693ea267081dd2d0053fe466a05868' == 'sha256:627cfec1d8112536ed50cae349665ae05496029471ba1fa5c0689707d19e8fe1'
E         
E         - sha256:627cfec1d8112536ed50cae349665ae05496029471ba1fa5c0689707d19e8fe1
E         + sha256:e9be4a25692b829f1e67d40e4b8fad7d87693ea267081dd2d0053fe466a05868

engines/tests/test_openbb_adapter_development.py:105: AssertionError
_________ test_hundred_replay_schema_provenance_and_artifact[case-070] _________

engine = (OpenBBAdapterService(manifest=EngineManifest(engine_name='openbb-adapter', engine_version='0.1.0', capabilities=(Engi...read.lock object at 0x10b4e6000>), EngineClient(target='unix:/tmp/quantos-tp05-cbe6dd9fea7748b88e4be84c2d9ba764.sock'))
case = FixedQueryInput(case_id='case-070', fixture_name='equity_fundamentals_nvda', provider='mock', dataset='equity.fundamen...ols=('NVDA',), intended_use='research', deployment_target='test', requested_tools=('query_snapshot', 'query_artifact'))

    @pytest.mark.parametrize("case", fixed_input_cases(100), ids=lambda c: c.case_id)
    def test_hundred_replay_schema_provenance_and_artifact(engine, case):
        service, client = engine
        request = original_request(
            1000 + int(case.case_id.split("-")[1]),
            {
                "provider": case.provider,
                "fixture": case.fixture_name,
                "dataset": case.dataset,
                "schema_ref": case.schema_ref,
                "symbols": list(case.symbols),
                "query_text": case.query_text,
                "intended_use": case.intended_use,
                "deployment_target": case.deployment_target,
                "tools": list(case.requested_tools),
            },
        )
        a = client.execute(request, timeout=3)
        b = client.execute(request, timeout=3)
        assert (
            a.output == b.output and a.artifact_refs == b.artifact_refs and a.input_hash == b.input_hash
        )
        streams = [invoke(client, request, "stream") for _ in range(2)]
        assert [s.delta for s in streams[0]] == [s.delta for s in streams[1]]
        assert streams[0][-1].artifact_refs == a.artifact_refs and streams[0][-1].done
        value = mapping(a.output)
        fixture = load_fixture(case.fixture_name)
        assert value["scope"]["workflow_run_id"] == request.workflow_run_id
        assert value["scope"]["tenant_id"] == request.metadata.tenant_id
        assert value["license"]["approved_for_production"] is False
        assert value["usage"]["trading_approved"] is False and value["sources"]
        assert value["records"] == list(fixture.records) and value["window"] == fixture.window
        assert value["lineage"]["fixture_digest"] == fixture.fixture_digest
>       assert value["response_hash"] == content_hash(
            {k: v for k, v in value.items() if k != "response_hash"}
        )
E       AssertionError: assert 'sha256:aa409ee6e97504e65eca685f988255cc0b52ca3e719d228e95fb15f291922107' == 'sha256:1bcd6c9d187605e01dd8463ab12fb10e4bb270f7a566cee3c228247e7d4e64ad'
E         
E         - sha256:1bcd6c9d187605e01dd8463ab12fb10e4bb270f7a566cee3c228247e7d4e64ad
E         + sha256:aa409ee6e97504e65eca685f988255cc0b52ca3e719d228e95fb15f291922107

engines/tests/test_openbb_adapter_development.py:105: AssertionError
_________ test_hundred_replay_schema_provenance_and_artifact[case-071] _________

engine = (OpenBBAdapterService(manifest=EngineManifest(engine_name='openbb-adapter', engine_version='0.1.0', capabilities=(Engi...read.lock object at 0x10b4e4ec0>), EngineClient(target='unix:/tmp/quantos-tp05-53d2ac72fa87465194e5ae67cadb9b14.sock'))
case = FixedQueryInput(case_id='case-071', fixture_name='macro_research_rates', provider='openbb', dataset='macro.research.sn... 'DXY'), intended_use='research', deployment_target='evaluation', requested_tools=('query_snapshot', 'query_artifact'))

    @pytest.mark.parametrize("case", fixed_input_cases(100), ids=lambda c: c.case_id)
    def test_hundred_replay_schema_provenance_and_artifact(engine, case):
        service, client = engine
        request = original_request(
            1000 + int(case.case_id.split("-")[1]),
            {
                "provider": case.provider,
                "fixture": case.fixture_name,
                "dataset": case.dataset,
                "schema_ref": case.schema_ref,
                "symbols": list(case.symbols),
                "query_text": case.query_text,
                "intended_use": case.intended_use,
                "deployment_target": case.deployment_target,
                "tools": list(case.requested_tools),
            },
        )
        a = client.execute(request, timeout=3)
        b = client.execute(request, timeout=3)
        assert (
            a.output == b.output and a.artifact_refs == b.artifact_refs and a.input_hash == b.input_hash
        )
        streams = [invoke(client, request, "stream") for _ in range(2)]
        assert [s.delta for s in streams[0]] == [s.delta for s in streams[1]]
        assert streams[0][-1].artifact_refs == a.artifact_refs and streams[0][-1].done
        value = mapping(a.output)
        fixture = load_fixture(case.fixture_name)
        assert value["scope"]["workflow_run_id"] == request.workflow_run_id
        assert value["scope"]["tenant_id"] == request.metadata.tenant_id
        assert value["license"]["approved_for_production"] is False
        assert value["usage"]["trading_approved"] is False and value["sources"]
        assert value["records"] == list(fixture.records) and value["window"] == fixture.window
        assert value["lineage"]["fixture_digest"] == fixture.fixture_digest
>       assert value["response_hash"] == content_hash(
            {k: v for k, v in value.items() if k != "response_hash"}
        )
E       AssertionError: assert 'sha256:2b42b3c1c2d2003474d9457f7f51c55172f79f08705cd9ccbc11b8c2d387c125' == 'sha256:6f5fe904fec96c247c3bb192693c6ed57b05bf17985ddc758be6b35d61a2ae44'
E         
E         - sha256:6f5fe904fec96c247c3bb192693c6ed57b05bf17985ddc758be6b35d61a2ae44
E         + sha256:2b42b3c1c2d2003474d9457f7f51c55172f79f08705cd9ccbc11b8c2d387c125

engines/tests/test_openbb_adapter_development.py:105: AssertionError
_________ test_hundred_replay_schema_provenance_and_artifact[case-072] _________

engine = (OpenBBAdapterService(manifest=EngineManifest(engine_name='openbb-adapter', engine_version='0.1.0', capabilities=(Engi...read.lock object at 0x10b4d62c0>), EngineClient(target='unix:/tmp/quantos-tp05-6023776e4dde4ade9e975b3a798f1a9f.sock'))
case = FixedQueryInput(case_id='case-072', fixture_name='crypto_market_btc', provider='mock', dataset='crypto.market.snapshot...=('BTCUSDT',), intended_use='research', deployment_target='test', requested_tools=('query_snapshot', 'query_artifact'))

    @pytest.mark.parametrize("case", fixed_input_cases(100), ids=lambda c: c.case_id)
    def test_hundred_replay_schema_provenance_and_artifact(engine, case):
        service, client = engine
        request = original_request(
            1000 + int(case.case_id.split("-")[1]),
            {
                "provider": case.provider,
                "fixture": case.fixture_name,
                "dataset": case.dataset,
                "schema_ref": case.schema_ref,
                "symbols": list(case.symbols),
                "query_text": case.query_text,
                "intended_use": case.intended_use,
                "deployment_target": case.deployment_target,
                "tools": list(case.requested_tools),
            },
        )
        a = client.execute(request, timeout=3)
        b = client.execute(request, timeout=3)
        assert (
            a.output == b.output and a.artifact_refs == b.artifact_refs and a.input_hash == b.input_hash
        )
        streams = [invoke(client, request, "stream") for _ in range(2)]
        assert [s.delta for s in streams[0]] == [s.delta for s in streams[1]]
        assert streams[0][-1].artifact_refs == a.artifact_refs and streams[0][-1].done
        value = mapping(a.output)
        fixture = load_fixture(case.fixture_name)
        assert value["scope"]["workflow_run_id"] == request.workflow_run_id
        assert value["scope"]["tenant_id"] == request.metadata.tenant_id
        assert value["license"]["approved_for_production"] is False
        assert value["usage"]["trading_approved"] is False and value["sources"]
        assert value["records"] == list(fixture.records) and value["window"] == fixture.window
        assert value["lineage"]["fixture_digest"] == fixture.fixture_digest
>       assert value["response_hash"] == content_hash(
            {k: v for k, v in value.items() if k != "response_hash"}
        )
E       AssertionError: assert 'sha256:b68724e86c32a5e2e887bf68162d29ec9f386795c032ac8fb9d45f1cfcce8371' == 'sha256:e3c2da8f78bb1c501745ee53f6eaa815b063d8a561245779f9183f04d60342d2'
E         
E         - sha256:e3c2da8f78bb1c501745ee53f6eaa815b063d8a561245779f9183f04d60342d2
E         + sha256:b68724e86c32a5e2e887bf68162d29ec9f386795c032ac8fb9d45f1cfcce8371

engines/tests/test_openbb_adapter_development.py:105: AssertionError
_________ test_hundred_replay_schema_provenance_and_artifact[case-073] _________

engine = (OpenBBAdapterService(manifest=EngineManifest(engine_name='openbb-adapter', engine_version='0.1.0', capabilities=(Engi...read.lock object at 0x10b4e0480>), EngineClient(target='unix:/tmp/quantos-tp05-c0dc6dc1e50149e5bd136a29903028e3.sock'))
case = FixedQueryInput(case_id='case-073', fixture_name='equity_fundamentals_nvda', provider='openbb', dataset='equity.fundam...NVDA',), intended_use='research', deployment_target='evaluation', requested_tools=('query_snapshot', 'query_artifact'))

    @pytest.mark.parametrize("case", fixed_input_cases(100), ids=lambda c: c.case_id)
    def test_hundred_replay_schema_provenance_and_artifact(engine, case):
        service, client = engine
        request = original_request(
            1000 + int(case.case_id.split("-")[1]),
            {
                "provider": case.provider,
                "fixture": case.fixture_name,
                "dataset": case.dataset,
                "schema_ref": case.schema_ref,
                "symbols": list(case.symbols),
                "query_text": case.query_text,
                "intended_use": case.intended_use,
                "deployment_target": case.deployment_target,
                "tools": list(case.requested_tools),
            },
        )
        a = client.execute(request, timeout=3)
        b = client.execute(request, timeout=3)
        assert (
            a.output == b.output and a.artifact_refs == b.artifact_refs and a.input_hash == b.input_hash
        )
        streams = [invoke(client, request, "stream") for _ in range(2)]
        assert [s.delta for s in streams[0]] == [s.delta for s in streams[1]]
        assert streams[0][-1].artifact_refs == a.artifact_refs and streams[0][-1].done
        value = mapping(a.output)
        fixture = load_fixture(case.fixture_name)
        assert value["scope"]["workflow_run_id"] == request.workflow_run_id
        assert value["scope"]["tenant_id"] == request.metadata.tenant_id
        assert value["license"]["approved_for_production"] is False
        assert value["usage"]["trading_approved"] is False and value["sources"]
        assert value["records"] == list(fixture.records) and value["window"] == fixture.window
        assert value["lineage"]["fixture_digest"] == fixture.fixture_digest
>       assert value["response_hash"] == content_hash(
            {k: v for k, v in value.items() if k != "response_hash"}
        )
E       AssertionError: assert 'sha256:f8d7f4b8a5f1d2ea2658ad0195ea02dc387407485e2aa73fa7f9383bbc9e6316' == 'sha256:2f109b671c66999516672101504e653ff4e7e9cc2633e7512360697b1c69e324'
E         
E         - sha256:2f109b671c66999516672101504e653ff4e7e9cc2633e7512360697b1c69e324
E         + sha256:f8d7f4b8a5f1d2ea2658ad0195ea02dc387407485e2aa73fa7f9383bbc9e6316

engines/tests/test_openbb_adapter_development.py:105: AssertionError
_________ test_hundred_replay_schema_provenance_and_artifact[case-074] _________

engine = (OpenBBAdapterService(manifest=EngineManifest(engine_name='openbb-adapter', engine_version='0.1.0', capabilities=(Engi...read.lock object at 0x10b502dc0>), EngineClient(target='unix:/tmp/quantos-tp05-c6189cb4ef274de7a1533b0a9fae0a00.sock'))
case = FixedQueryInput(case_id='case-074', fixture_name='macro_research_rates', provider='mock', dataset='macro.research.snap...S10Y', 'DXY'), intended_use='research', deployment_target='test', requested_tools=('query_snapshot', 'query_artifact'))

    @pytest.mark.parametrize("case", fixed_input_cases(100), ids=lambda c: c.case_id)
    def test_hundred_replay_schema_provenance_and_artifact(engine, case):
        service, client = engine
        request = original_request(
            1000 + int(case.case_id.split("-")[1]),
            {
                "provider": case.provider,
                "fixture": case.fixture_name,
                "dataset": case.dataset,
                "schema_ref": case.schema_ref,
                "symbols": list(case.symbols),
                "query_text": case.query_text,
                "intended_use": case.intended_use,
                "deployment_target": case.deployment_target,
                "tools": list(case.requested_tools),
            },
        )
        a = client.execute(request, timeout=3)
        b = client.execute(request, timeout=3)
        assert (
            a.output == b.output and a.artifact_refs == b.artifact_refs and a.input_hash == b.input_hash
        )
        streams = [invoke(client, request, "stream") for _ in range(2)]
        assert [s.delta for s in streams[0]] == [s.delta for s in streams[1]]
        assert streams[0][-1].artifact_refs == a.artifact_refs and streams[0][-1].done
        value = mapping(a.output)
        fixture = load_fixture(case.fixture_name)
        assert value["scope"]["workflow_run_id"] == request.workflow_run_id
        assert value["scope"]["tenant_id"] == request.metadata.tenant_id
        assert value["license"]["approved_for_production"] is False
        assert value["usage"]["trading_approved"] is False and value["sources"]
        assert value["records"] == list(fixture.records) and value["window"] == fixture.window
        assert value["lineage"]["fixture_digest"] == fixture.fixture_digest
>       assert value["response_hash"] == content_hash(
            {k: v for k, v in value.items() if k != "response_hash"}
        )
E       AssertionError: assert 'sha256:785eb433d8d8dc5fe90edb4682b5013b4940c622159d3d112483dffc8d466383' == 'sha256:835cad072ec6b54a8d5bac3d56953e529865f99c7b6cbc95dd0b84667926b834'
E         
E         - sha256:835cad072ec6b54a8d5bac3d56953e529865f99c7b6cbc95dd0b84667926b834
E         + sha256:785eb433d8d8dc5fe90edb4682b5013b4940c622159d3d112483dffc8d466383

engines/tests/test_openbb_adapter_development.py:105: AssertionError
_________ test_hundred_replay_schema_provenance_and_artifact[case-075] _________

engine = (OpenBBAdapterService(manifest=EngineManifest(engine_name='openbb-adapter', engine_version='0.1.0', capabilities=(Engi...read.lock object at 0x10b3b9d00>), EngineClient(target='unix:/tmp/quantos-tp05-02eb565e48cf4f64bc62ecaefd27552b.sock'))
case = FixedQueryInput(case_id='case-075', fixture_name='crypto_market_btc', provider='openbb', dataset='crypto.market.snapsh...USDT',), intended_use='research', deployment_target='evaluation', requested_tools=('query_snapshot', 'query_artifact'))

    @pytest.mark.parametrize("case", fixed_input_cases(100), ids=lambda c: c.case_id)
    def test_hundred_replay_schema_provenance_and_artifact(engine, case):
        service, client = engine
        request = original_request(
            1000 + int(case.case_id.split("-")[1]),
            {
                "provider": case.provider,
                "fixture": case.fixture_name,
                "dataset": case.dataset,
                "schema_ref": case.schema_ref,
                "symbols": list(case.symbols),
                "query_text": case.query_text,
                "intended_use": case.intended_use,
                "deployment_target": case.deployment_target,
                "tools": list(case.requested_tools),
            },
        )
        a = client.execute(request, timeout=3)
        b = client.execute(request, timeout=3)
        assert (
            a.output == b.output and a.artifact_refs == b.artifact_refs and a.input_hash == b.input_hash
        )
        streams = [invoke(client, request, "stream") for _ in range(2)]
        assert [s.delta for s in streams[0]] == [s.delta for s in streams[1]]
        assert streams[0][-1].artifact_refs == a.artifact_refs and streams[0][-1].done
        value = mapping(a.output)
        fixture = load_fixture(case.fixture_name)
        assert value["scope"]["workflow_run_id"] == request.workflow_run_id
        assert value["scope"]["tenant_id"] == request.metadata.tenant_id
        assert value["license"]["approved_for_production"] is False
        assert value["usage"]["trading_approved"] is False and value["sources"]
        assert value["records"] == list(fixture.records) and value["window"] == fixture.window
        assert value["lineage"]["fixture_digest"] == fixture.fixture_digest
>       assert value["response_hash"] == content_hash(
            {k: v for k, v in value.items() if k != "response_hash"}
        )
E       AssertionError: assert 'sha256:8239e6d47f2cfd98b0910f13a1081d047d5e9a9fbdf697d11212595b8e2d20ea' == 'sha256:4134a649a2f581aea54466e1c8e86faef0723a8417508bb08309644f1b29e0b9'
E         
E         - sha256:4134a649a2f581aea54466e1c8e86faef0723a8417508bb08309644f1b29e0b9
E         + sha256:8239e6d47f2cfd98b0910f13a1081d047d5e9a9fbdf697d11212595b8e2d20ea

engines/tests/test_openbb_adapter_development.py:105: AssertionError
_________ test_hundred_replay_schema_provenance_and_artifact[case-076] _________

engine = (OpenBBAdapterService(manifest=EngineManifest(engine_name='openbb-adapter', engine_version='0.1.0', capabilities=(Engi...read.lock object at 0x10b4ab200>), EngineClient(target='unix:/tmp/quantos-tp05-0010692947b445d99ab620983e3f97d3.sock'))
case = FixedQueryInput(case_id='case-076', fixture_name='equity_fundamentals_nvda', provider='mock', dataset='equity.fundamen...ols=('NVDA',), intended_use='research', deployment_target='test', requested_tools=('query_snapshot', 'query_artifact'))

    @pytest.mark.parametrize("case", fixed_input_cases(100), ids=lambda c: c.case_id)
    def test_hundred_replay_schema_provenance_and_artifact(engine, case):
        service, client = engine
        request = original_request(
            1000 + int(case.case_id.split("-")[1]),
            {
                "provider": case.provider,
                "fixture": case.fixture_name,
                "dataset": case.dataset,
                "schema_ref": case.schema_ref,
                "symbols": list(case.symbols),
                "query_text": case.query_text,
                "intended_use": case.intended_use,
                "deployment_target": case.deployment_target,
                "tools": list(case.requested_tools),
            },
        )
        a = client.execute(request, timeout=3)
        b = client.execute(request, timeout=3)
        assert (
            a.output == b.output and a.artifact_refs == b.artifact_refs and a.input_hash == b.input_hash
        )
        streams = [invoke(client, request, "stream") for _ in range(2)]
        assert [s.delta for s in streams[0]] == [s.delta for s in streams[1]]
        assert streams[0][-1].artifact_refs == a.artifact_refs and streams[0][-1].done
        value = mapping(a.output)
        fixture = load_fixture(case.fixture_name)
        assert value["scope"]["workflow_run_id"] == request.workflow_run_id
        assert value["scope"]["tenant_id"] == request.metadata.tenant_id
        assert value["license"]["approved_for_production"] is False
        assert value["usage"]["trading_approved"] is False and value["sources"]
        assert value["records"] == list(fixture.records) and value["window"] == fixture.window
        assert value["lineage"]["fixture_digest"] == fixture.fixture_digest
>       assert value["response_hash"] == content_hash(
            {k: v for k, v in value.items() if k != "response_hash"}
        )
E       AssertionError: assert 'sha256:3b4dd286b0fa1a407e42f752ea152ecb841829f34f54c314cbac1c7b90391cf0' == 'sha256:97ef011806d6acb4ebe04a09b6702f484003586ab1ccdb06765b4ac9595157c5'
E         
E         - sha256:97ef011806d6acb4ebe04a09b6702f484003586ab1ccdb06765b4ac9595157c5
E         + sha256:3b4dd286b0fa1a407e42f752ea152ecb841829f34f54c314cbac1c7b90391cf0

engines/tests/test_openbb_adapter_development.py:105: AssertionError
_________ test_hundred_replay_schema_provenance_and_artifact[case-077] _________

engine = (OpenBBAdapterService(manifest=EngineManifest(engine_name='openbb-adapter', engine_version='0.1.0', capabilities=(Engi...read.lock object at 0x10b6d58c0>), EngineClient(target='unix:/tmp/quantos-tp05-ae849552a0ad43e890ef83d55aa26c99.sock'))
case = FixedQueryInput(case_id='case-077', fixture_name='macro_research_rates', provider='openbb', dataset='macro.research.sn... 'DXY'), intended_use='research', deployment_target='evaluation', requested_tools=('query_snapshot', 'query_artifact'))

    @pytest.mark.parametrize("case", fixed_input_cases(100), ids=lambda c: c.case_id)
    def test_hundred_replay_schema_provenance_and_artifact(engine, case):
        service, client = engine
        request = original_request(
            1000 + int(case.case_id.split("-")[1]),
            {
                "provider": case.provider,
                "fixture": case.fixture_name,
                "dataset": case.dataset,
                "schema_ref": case.schema_ref,
                "symbols": list(case.symbols),
                "query_text": case.query_text,
                "intended_use": case.intended_use,
                "deployment_target": case.deployment_target,
                "tools": list(case.requested_tools),
            },
        )
        a = client.execute(request, timeout=3)
        b = client.execute(request, timeout=3)
        assert (
            a.output == b.output and a.artifact_refs == b.artifact_refs and a.input_hash == b.input_hash
        )
        streams = [invoke(client, request, "stream") for _ in range(2)]
        assert [s.delta for s in streams[0]] == [s.delta for s in streams[1]]
        assert streams[0][-1].artifact_refs == a.artifact_refs and streams[0][-1].done
        value = mapping(a.output)
        fixture = load_fixture(case.fixture_name)
        assert value["scope"]["workflow_run_id"] == request.workflow_run_id
        assert value["scope"]["tenant_id"] == request.metadata.tenant_id
        assert value["license"]["approved_for_production"] is False
        assert value["usage"]["trading_approved"] is False and value["sources"]
        assert value["records"] == list(fixture.records) and value["window"] == fixture.window
        assert value["lineage"]["fixture_digest"] == fixture.fixture_digest
>       assert value["response_hash"] == content_hash(
            {k: v for k, v in value.items() if k != "response_hash"}
        )
E       AssertionError: assert 'sha256:14382e9df0310324601fad8264547215c030dbb205701e7a70e0fc8ad35cee63' == 'sha256:76cde6b35102519e5e48cef57cfd9effdb09f8563ba2f75a4820d93a7db61508'
E         
E         - sha256:76cde6b35102519e5e48cef57cfd9effdb09f8563ba2f75a4820d93a7db61508
E         + sha256:14382e9df0310324601fad8264547215c030dbb205701e7a70e0fc8ad35cee63

engines/tests/test_openbb_adapter_development.py:105: AssertionError
_________ test_hundred_replay_schema_provenance_and_artifact[case-078] _________

engine = (OpenBBAdapterService(manifest=EngineManifest(engine_name='openbb-adapter', engine_version='0.1.0', capabilities=(Engi...read.lock object at 0x10b722700>), EngineClient(target='unix:/tmp/quantos-tp05-eb11c4f8b2a14b1b9c2b2e24baa572a7.sock'))
case = FixedQueryInput(case_id='case-078', fixture_name='crypto_market_btc', provider='mock', dataset='crypto.market.snapshot...=('BTCUSDT',), intended_use='research', deployment_target='test', requested_tools=('query_snapshot', 'query_artifact'))

    @pytest.mark.parametrize("case", fixed_input_cases(100), ids=lambda c: c.case_id)
    def test_hundred_replay_schema_provenance_and_artifact(engine, case):
        service, client = engine
        request = original_request(
            1000 + int(case.case_id.split("-")[1]),
            {
                "provider": case.provider,
                "fixture": case.fixture_name,
                "dataset": case.dataset,
                "schema_ref": case.schema_ref,
                "symbols": list(case.symbols),
                "query_text": case.query_text,
                "intended_use": case.intended_use,
                "deployment_target": case.deployment_target,
                "tools": list(case.requested_tools),
            },
        )
        a = client.execute(request, timeout=3)
        b = client.execute(request, timeout=3)
        assert (
            a.output == b.output and a.artifact_refs == b.artifact_refs and a.input_hash == b.input_hash
        )
        streams = [invoke(client, request, "stream") for _ in range(2)]
        assert [s.delta for s in streams[0]] == [s.delta for s in streams[1]]
        assert streams[0][-1].artifact_refs == a.artifact_refs and streams[0][-1].done
        value = mapping(a.output)
        fixture = load_fixture(case.fixture_name)
        assert value["scope"]["workflow_run_id"] == request.workflow_run_id
        assert value["scope"]["tenant_id"] == request.metadata.tenant_id
        assert value["license"]["approved_for_production"] is False
        assert value["usage"]["trading_approved"] is False and value["sources"]
        assert value["records"] == list(fixture.records) and value["window"] == fixture.window
        assert value["lineage"]["fixture_digest"] == fixture.fixture_digest
>       assert value["response_hash"] == content_hash(
            {k: v for k, v in value.items() if k != "response_hash"}
        )
E       AssertionError: assert 'sha256:6b8a9c1a396b05a07417787ddc02bdb35e765f669fb6c7a0b91fe619fe44fa27' == 'sha256:1ffb5a65dbddf8fe50d7666a0ca0ee0f9c32fb5eca729455fa4cd0c3a4d55a32'
E         
E         - sha256:1ffb5a65dbddf8fe50d7666a0ca0ee0f9c32fb5eca729455fa4cd0c3a4d55a32
E         + sha256:6b8a9c1a396b05a07417787ddc02bdb35e765f669fb6c7a0b91fe619fe44fa27

engines/tests/test_openbb_adapter_development.py:105: AssertionError
_________ test_hundred_replay_schema_provenance_and_artifact[case-079] _________

engine = (OpenBBAdapterService(manifest=EngineManifest(engine_name='openbb-adapter', engine_version='0.1.0', capabilities=(Engi...read.lock object at 0x10b6bf340>), EngineClient(target='unix:/tmp/quantos-tp05-88d568daa33544b0bb6d8d86067df6f6.sock'))
case = FixedQueryInput(case_id='case-079', fixture_name='equity_fundamentals_nvda', provider='openbb', dataset='equity.fundam...NVDA',), intended_use='research', deployment_target='evaluation', requested_tools=('query_snapshot', 'query_artifact'))

    @pytest.mark.parametrize("case", fixed_input_cases(100), ids=lambda c: c.case_id)
    def test_hundred_replay_schema_provenance_and_artifact(engine, case):
        service, client = engine
        request = original_request(
            1000 + int(case.case_id.split("-")[1]),
            {
                "provider": case.provider,
                "fixture": case.fixture_name,
                "dataset": case.dataset,
                "schema_ref": case.schema_ref,
                "symbols": list(case.symbols),
                "query_text": case.query_text,
                "intended_use": case.intended_use,
                "deployment_target": case.deployment_target,
                "tools": list(case.requested_tools),
            },
        )
        a = client.execute(request, timeout=3)
        b = client.execute(request, timeout=3)
        assert (
            a.output == b.output and a.artifact_refs == b.artifact_refs and a.input_hash == b.input_hash
        )
        streams = [invoke(client, request, "stream") for _ in range(2)]
        assert [s.delta for s in streams[0]] == [s.delta for s in streams[1]]
        assert streams[0][-1].artifact_refs == a.artifact_refs and streams[0][-1].done
        value = mapping(a.output)
        fixture = load_fixture(case.fixture_name)
        assert value["scope"]["workflow_run_id"] == request.workflow_run_id
        assert value["scope"]["tenant_id"] == request.metadata.tenant_id
        assert value["license"]["approved_for_production"] is False
        assert value["usage"]["trading_approved"] is False and value["sources"]
        assert value["records"] == list(fixture.records) and value["window"] == fixture.window
        assert value["lineage"]["fixture_digest"] == fixture.fixture_digest
>       assert value["response_hash"] == content_hash(
            {k: v for k, v in value.items() if k != "response_hash"}
        )
E       AssertionError: assert 'sha256:34bf36a87657a6b211f93a46a4ef6ad47079eb9da38336d794e108c0e631359a' == 'sha256:a029984b408f03c59b75b3b1a8dfdf5cff0ab8e933f1f9f5e2f92dd25a3a2bb7'
E         
E         - sha256:a029984b408f03c59b75b3b1a8dfdf5cff0ab8e933f1f9f5e2f92dd25a3a2bb7
E         + sha256:34bf36a87657a6b211f93a46a4ef6ad47079eb9da38336d794e108c0e631359a

engines/tests/test_openbb_adapter_development.py:105: AssertionError
_________ test_hundred_replay_schema_provenance_and_artifact[case-080] _________

engine = (OpenBBAdapterService(manifest=EngineManifest(engine_name='openbb-adapter', engine_version='0.1.0', capabilities=(Engi...read.lock object at 0x10b3bb880>), EngineClient(target='unix:/tmp/quantos-tp05-b3b0b13d674946a0b86b355a851be6ba.sock'))
case = FixedQueryInput(case_id='case-080', fixture_name='macro_research_rates', provider='mock', dataset='macro.research.snap...S10Y', 'DXY'), intended_use='research', deployment_target='test', requested_tools=('query_snapshot', 'query_artifact'))

    @pytest.mark.parametrize("case", fixed_input_cases(100), ids=lambda c: c.case_id)
    def test_hundred_replay_schema_provenance_and_artifact(engine, case):
        service, client = engine
        request = original_request(
            1000 + int(case.case_id.split("-")[1]),
            {
                "provider": case.provider,
                "fixture": case.fixture_name,
                "dataset": case.dataset,
                "schema_ref": case.schema_ref,
                "symbols": list(case.symbols),
                "query_text": case.query_text,
                "intended_use": case.intended_use,
                "deployment_target": case.deployment_target,
                "tools": list(case.requested_tools),
            },
        )
        a = client.execute(request, timeout=3)
        b = client.execute(request, timeout=3)
        assert (
            a.output == b.output and a.artifact_refs == b.artifact_refs and a.input_hash == b.input_hash
        )
        streams = [invoke(client, request, "stream") for _ in range(2)]
        assert [s.delta for s in streams[0]] == [s.delta for s in streams[1]]
        assert streams[0][-1].artifact_refs == a.artifact_refs and streams[0][-1].done
        value = mapping(a.output)
        fixture = load_fixture(case.fixture_name)
        assert value["scope"]["workflow_run_id"] == request.workflow_run_id
        assert value["scope"]["tenant_id"] == request.metadata.tenant_id
        assert value["license"]["approved_for_production"] is False
        assert value["usage"]["trading_approved"] is False and value["sources"]
        assert value["records"] == list(fixture.records) and value["window"] == fixture.window
        assert value["lineage"]["fixture_digest"] == fixture.fixture_digest
>       assert value["response_hash"] == content_hash(
            {k: v for k, v in value.items() if k != "response_hash"}
        )
E       AssertionError: assert 'sha256:df566fa5196d5cd7fa1941d5634c5ebc0de70e3f066eae2e2529795942760526' == 'sha256:cd2008082128a34e47dda5cd8d9ee94730504ec859d9099671a6156083401085'
E         
E         - sha256:cd2008082128a34e47dda5cd8d9ee94730504ec859d9099671a6156083401085
E         + sha256:df566fa5196d5cd7fa1941d5634c5ebc0de70e3f066eae2e2529795942760526

engines/tests/test_openbb_adapter_development.py:105: AssertionError
_________ test_hundred_replay_schema_provenance_and_artifact[case-081] _________

engine = (OpenBBAdapterService(manifest=EngineManifest(engine_name='openbb-adapter', engine_version='0.1.0', capabilities=(Engi...read.lock object at 0x10b3f5940>), EngineClient(target='unix:/tmp/quantos-tp05-5c142d257d2a4fd08e373308700038d2.sock'))
case = FixedQueryInput(case_id='case-081', fixture_name='crypto_market_btc', provider='openbb', dataset='crypto.market.snapsh...USDT',), intended_use='research', deployment_target='evaluation', requested_tools=('query_snapshot', 'query_artifact'))

    @pytest.mark.parametrize("case", fixed_input_cases(100), ids=lambda c: c.case_id)
    def test_hundred_replay_schema_provenance_and_artifact(engine, case):
        service, client = engine
        request = original_request(
            1000 + int(case.case_id.split("-")[1]),
            {
                "provider": case.provider,
                "fixture": case.fixture_name,
                "dataset": case.dataset,
                "schema_ref": case.schema_ref,
                "symbols": list(case.symbols),
                "query_text": case.query_text,
                "intended_use": case.intended_use,
                "deployment_target": case.deployment_target,
                "tools": list(case.requested_tools),
            },
        )
        a = client.execute(request, timeout=3)
        b = client.execute(request, timeout=3)
        assert (
            a.output == b.output and a.artifact_refs == b.artifact_refs and a.input_hash == b.input_hash
        )
        streams = [invoke(client, request, "stream") for _ in range(2)]
        assert [s.delta for s in streams[0]] == [s.delta for s in streams[1]]
        assert streams[0][-1].artifact_refs == a.artifact_refs and streams[0][-1].done
        value = mapping(a.output)
        fixture = load_fixture(case.fixture_name)
        assert value["scope"]["workflow_run_id"] == request.workflow_run_id
        assert value["scope"]["tenant_id"] == request.metadata.tenant_id
        assert value["license"]["approved_for_production"] is False
        assert value["usage"]["trading_approved"] is False and value["sources"]
        assert value["records"] == list(fixture.records) and value["window"] == fixture.window
        assert value["lineage"]["fixture_digest"] == fixture.fixture_digest
>       assert value["response_hash"] == content_hash(
            {k: v for k, v in value.items() if k != "response_hash"}
        )
E       AssertionError: assert 'sha256:d756db19e11268c55e9f5666e064c1242f414a5178d9952ea5fa53648faed270' == 'sha256:2cd71cd0c15f840977164779f353d42e9947996d1cb7cdef78dc85b6add911ea'
E         
E         - sha256:2cd71cd0c15f840977164779f353d42e9947996d1cb7cdef78dc85b6add911ea
E         + sha256:d756db19e11268c55e9f5666e064c1242f414a5178d9952ea5fa53648faed270

engines/tests/test_openbb_adapter_development.py:105: AssertionError
_________ test_hundred_replay_schema_provenance_and_artifact[case-082] _________

engine = (OpenBBAdapterService(manifest=EngineManifest(engine_name='openbb-adapter', engine_version='0.1.0', capabilities=(Engi...read.lock object at 0x10b474240>), EngineClient(target='unix:/tmp/quantos-tp05-3aef0a4904f449d0b8f60e5dbdf4313c.sock'))
case = FixedQueryInput(case_id='case-082', fixture_name='equity_fundamentals_nvda', provider='mock', dataset='equity.fundamen...ols=('NVDA',), intended_use='research', deployment_target='test', requested_tools=('query_snapshot', 'query_artifact'))

    @pytest.mark.parametrize("case", fixed_input_cases(100), ids=lambda c: c.case_id)
    def test_hundred_replay_schema_provenance_and_artifact(engine, case):
        service, client = engine
        request = original_request(
            1000 + int(case.case_id.split("-")[1]),
            {
                "provider": case.provider,
                "fixture": case.fixture_name,
                "dataset": case.dataset,
                "schema_ref": case.schema_ref,
                "symbols": list(case.symbols),
                "query_text": case.query_text,
                "intended_use": case.intended_use,
                "deployment_target": case.deployment_target,
                "tools": list(case.requested_tools),
            },
        )
        a = client.execute(request, timeout=3)
        b = client.execute(request, timeout=3)
        assert (
            a.output == b.output and a.artifact_refs == b.artifact_refs and a.input_hash == b.input_hash
        )
        streams = [invoke(client, request, "stream") for _ in range(2)]
        assert [s.delta for s in streams[0]] == [s.delta for s in streams[1]]
        assert streams[0][-1].artifact_refs == a.artifact_refs and streams[0][-1].done
        value = mapping(a.output)
        fixture = load_fixture(case.fixture_name)
        assert value["scope"]["workflow_run_id"] == request.workflow_run_id
        assert value["scope"]["tenant_id"] == request.metadata.tenant_id
        assert value["license"]["approved_for_production"] is False
        assert value["usage"]["trading_approved"] is False and value["sources"]
        assert value["records"] == list(fixture.records) and value["window"] == fixture.window
        assert value["lineage"]["fixture_digest"] == fixture.fixture_digest
>       assert value["response_hash"] == content_hash(
            {k: v for k, v in value.items() if k != "response_hash"}
        )
E       AssertionError: assert 'sha256:e3fa741dee7a32737d13023eeb3f6a98a755221410b283529dec7c4263a58f9c' == 'sha256:b33898e7797f9152f4edd6f8084aea5dd913b7b61025d973a123188b4d3be2ed'
E         
E         - sha256:b33898e7797f9152f4edd6f8084aea5dd913b7b61025d973a123188b4d3be2ed
E         + sha256:e3fa741dee7a32737d13023eeb3f6a98a755221410b283529dec7c4263a58f9c

engines/tests/test_openbb_adapter_development.py:105: AssertionError
_________ test_hundred_replay_schema_provenance_and_artifact[case-083] _________

engine = (OpenBBAdapterService(manifest=EngineManifest(engine_name='openbb-adapter', engine_version='0.1.0', capabilities=(Engi...read.lock object at 0x10b465a40>), EngineClient(target='unix:/tmp/quantos-tp05-79bceaff7fe44189875c95bdcf2c472e.sock'))
case = FixedQueryInput(case_id='case-083', fixture_name='macro_research_rates', provider='openbb', dataset='macro.research.sn... 'DXY'), intended_use='research', deployment_target='evaluation', requested_tools=('query_snapshot', 'query_artifact'))

    @pytest.mark.parametrize("case", fixed_input_cases(100), ids=lambda c: c.case_id)
    def test_hundred_replay_schema_provenance_and_artifact(engine, case):
        service, client = engine
        request = original_request(
            1000 + int(case.case_id.split("-")[1]),
            {
                "provider": case.provider,
                "fixture": case.fixture_name,
                "dataset": case.dataset,
                "schema_ref": case.schema_ref,
                "symbols": list(case.symbols),
                "query_text": case.query_text,
                "intended_use": case.intended_use,
                "deployment_target": case.deployment_target,
                "tools": list(case.requested_tools),
            },
        )
        a = client.execute(request, timeout=3)
        b = client.execute(request, timeout=3)
        assert (
            a.output == b.output and a.artifact_refs == b.artifact_refs and a.input_hash == b.input_hash
        )
        streams = [invoke(client, request, "stream") for _ in range(2)]
        assert [s.delta for s in streams[0]] == [s.delta for s in streams[1]]
        assert streams[0][-1].artifact_refs == a.artifact_refs and streams[0][-1].done
        value = mapping(a.output)
        fixture = load_fixture(case.fixture_name)
        assert value["scope"]["workflow_run_id"] == request.workflow_run_id
        assert value["scope"]["tenant_id"] == request.metadata.tenant_id
        assert value["license"]["approved_for_production"] is False
        assert value["usage"]["trading_approved"] is False and value["sources"]
        assert value["records"] == list(fixture.records) and value["window"] == fixture.window
        assert value["lineage"]["fixture_digest"] == fixture.fixture_digest
>       assert value["response_hash"] == content_hash(
            {k: v for k, v in value.items() if k != "response_hash"}
        )
E       AssertionError: assert 'sha256:f2bdc7cedf521d51f9e9822afa4d8d9d481340598d7c6b75b4e99ba5e1b82ee8' == 'sha256:9d937e23778835c2fe12e9b900b783c5940e73993b3c900d9dafe9cf1b7b8d5e'
E         
E         - sha256:9d937e23778835c2fe12e9b900b783c5940e73993b3c900d9dafe9cf1b7b8d5e
E         + sha256:f2bdc7cedf521d51f9e9822afa4d8d9d481340598d7c6b75b4e99ba5e1b82ee8

engines/tests/test_openbb_adapter_development.py:105: AssertionError
_________ test_hundred_replay_schema_provenance_and_artifact[case-084] _________

engine = (OpenBBAdapterService(manifest=EngineManifest(engine_name='openbb-adapter', engine_version='0.1.0', capabilities=(Engi...read.lock object at 0x10b543c80>), EngineClient(target='unix:/tmp/quantos-tp05-4fe01058b7c84666b91d409bf1f762e6.sock'))
case = FixedQueryInput(case_id='case-084', fixture_name='crypto_market_btc', provider='mock', dataset='crypto.market.snapshot...=('BTCUSDT',), intended_use='research', deployment_target='test', requested_tools=('query_snapshot', 'query_artifact'))

    @pytest.mark.parametrize("case", fixed_input_cases(100), ids=lambda c: c.case_id)
    def test_hundred_replay_schema_provenance_and_artifact(engine, case):
        service, client = engine
        request = original_request(
            1000 + int(case.case_id.split("-")[1]),
            {
                "provider": case.provider,
                "fixture": case.fixture_name,
                "dataset": case.dataset,
                "schema_ref": case.schema_ref,
                "symbols": list(case.symbols),
                "query_text": case.query_text,
                "intended_use": case.intended_use,
                "deployment_target": case.deployment_target,
                "tools": list(case.requested_tools),
            },
        )
        a = client.execute(request, timeout=3)
        b = client.execute(request, timeout=3)
        assert (
            a.output == b.output and a.artifact_refs == b.artifact_refs and a.input_hash == b.input_hash
        )
        streams = [invoke(client, request, "stream") for _ in range(2)]
        assert [s.delta for s in streams[0]] == [s.delta for s in streams[1]]
        assert streams[0][-1].artifact_refs == a.artifact_refs and streams[0][-1].done
        value = mapping(a.output)
        fixture = load_fixture(case.fixture_name)
        assert value["scope"]["workflow_run_id"] == request.workflow_run_id
        assert value["scope"]["tenant_id"] == request.metadata.tenant_id
        assert value["license"]["approved_for_production"] is False
        assert value["usage"]["trading_approved"] is False and value["sources"]
        assert value["records"] == list(fixture.records) and value["window"] == fixture.window
        assert value["lineage"]["fixture_digest"] == fixture.fixture_digest
>       assert value["response_hash"] == content_hash(
            {k: v for k, v in value.items() if k != "response_hash"}
        )
E       AssertionError: assert 'sha256:42fa49a7e23388730b17e2c40e59b0c7873b6521d50d93471c519fb1585a9fcd' == 'sha256:b5ea38245771f311ba31e2a571898e4a78be5c52ec58ab896e7a170e17fc880b'
E         
E         - sha256:b5ea38245771f311ba31e2a571898e4a78be5c52ec58ab896e7a170e17fc880b
E         + sha256:42fa49a7e23388730b17e2c40e59b0c7873b6521d50d93471c519fb1585a9fcd

engines/tests/test_openbb_adapter_development.py:105: AssertionError
_________ test_hundred_replay_schema_provenance_and_artifact[case-085] _________

engine = (OpenBBAdapterService(manifest=EngineManifest(engine_name='openbb-adapter', engine_version='0.1.0', capabilities=(Engi...read.lock object at 0x10b543140>), EngineClient(target='unix:/tmp/quantos-tp05-c89c2228679643438fbe570c0a71acfe.sock'))
case = FixedQueryInput(case_id='case-085', fixture_name='equity_fundamentals_nvda', provider='openbb', dataset='equity.fundam...NVDA',), intended_use='research', deployment_target='evaluation', requested_tools=('query_snapshot', 'query_artifact'))

    @pytest.mark.parametrize("case", fixed_input_cases(100), ids=lambda c: c.case_id)
    def test_hundred_replay_schema_provenance_and_artifact(engine, case):
        service, client = engine
        request = original_request(
            1000 + int(case.case_id.split("-")[1]),
            {
                "provider": case.provider,
                "fixture": case.fixture_name,
                "dataset": case.dataset,
                "schema_ref": case.schema_ref,
                "symbols": list(case.symbols),
                "query_text": case.query_text,
                "intended_use": case.intended_use,
                "deployment_target": case.deployment_target,
                "tools": list(case.requested_tools),
            },
        )
        a = client.execute(request, timeout=3)
        b = client.execute(request, timeout=3)
        assert (
            a.output == b.output and a.artifact_refs == b.artifact_refs and a.input_hash == b.input_hash
        )
        streams = [invoke(client, request, "stream") for _ in range(2)]
        assert [s.delta for s in streams[0]] == [s.delta for s in streams[1]]
        assert streams[0][-1].artifact_refs == a.artifact_refs and streams[0][-1].done
        value = mapping(a.output)
        fixture = load_fixture(case.fixture_name)
        assert value["scope"]["workflow_run_id"] == request.workflow_run_id
        assert value["scope"]["tenant_id"] == request.metadata.tenant_id
        assert value["license"]["approved_for_production"] is False
        assert value["usage"]["trading_approved"] is False and value["sources"]
        assert value["records"] == list(fixture.records) and value["window"] == fixture.window
        assert value["lineage"]["fixture_digest"] == fixture.fixture_digest
>       assert value["response_hash"] == content_hash(
            {k: v for k, v in value.items() if k != "response_hash"}
        )
E       AssertionError: assert 'sha256:2a1ec4bb6e37b3581d7851546ef999450cbd0839d89649eec2b7b58b833984c2' == 'sha256:506de3205db5b1fc46edfd9a6f9fac234bf68e51fd740b42e16a2dd90d7c52ec'
E         
E         - sha256:506de3205db5b1fc46edfd9a6f9fac234bf68e51fd740b42e16a2dd90d7c52ec
E         + sha256:2a1ec4bb6e37b3581d7851546ef999450cbd0839d89649eec2b7b58b833984c2

engines/tests/test_openbb_adapter_development.py:105: AssertionError
_________ test_hundred_replay_schema_provenance_and_artifact[case-086] _________

engine = (OpenBBAdapterService(manifest=EngineManifest(engine_name='openbb-adapter', engine_version='0.1.0', capabilities=(Engi...read.lock object at 0x10b61ac00>), EngineClient(target='unix:/tmp/quantos-tp05-afcbc65caf8843148506f859131cb5d0.sock'))
case = FixedQueryInput(case_id='case-086', fixture_name='macro_research_rates', provider='mock', dataset='macro.research.snap...S10Y', 'DXY'), intended_use='research', deployment_target='test', requested_tools=('query_snapshot', 'query_artifact'))

    @pytest.mark.parametrize("case", fixed_input_cases(100), ids=lambda c: c.case_id)
    def test_hundred_replay_schema_provenance_and_artifact(engine, case):
        service, client = engine
        request = original_request(
            1000 + int(case.case_id.split("-")[1]),
            {
                "provider": case.provider,
                "fixture": case.fixture_name,
                "dataset": case.dataset,
                "schema_ref": case.schema_ref,
                "symbols": list(case.symbols),
                "query_text": case.query_text,
                "intended_use": case.intended_use,
                "deployment_target": case.deployment_target,
                "tools": list(case.requested_tools),
            },
        )
        a = client.execute(request, timeout=3)
        b = client.execute(request, timeout=3)
        assert (
            a.output == b.output and a.artifact_refs == b.artifact_refs and a.input_hash == b.input_hash
        )
        streams = [invoke(client, request, "stream") for _ in range(2)]
        assert [s.delta for s in streams[0]] == [s.delta for s in streams[1]]
        assert streams[0][-1].artifact_refs == a.artifact_refs and streams[0][-1].done
        value = mapping(a.output)
        fixture = load_fixture(case.fixture_name)
        assert value["scope"]["workflow_run_id"] == request.workflow_run_id
        assert value["scope"]["tenant_id"] == request.metadata.tenant_id
        assert value["license"]["approved_for_production"] is False
        assert value["usage"]["trading_approved"] is False and value["sources"]
        assert value["records"] == list(fixture.records) and value["window"] == fixture.window
        assert value["lineage"]["fixture_digest"] == fixture.fixture_digest
>       assert value["response_hash"] == content_hash(
            {k: v for k, v in value.items() if k != "response_hash"}
        )
E       AssertionError: assert 'sha256:3fffe5c677a0a38fb7536d1b25231ecd7d553ffc37d77afe82d51b314ae732d2' == 'sha256:dcdb3c7763dc509f40b4b2c34874c1fae771cb0c250a44899cf1229ddc58d24d'
E         
E         - sha256:dcdb3c7763dc509f40b4b2c34874c1fae771cb0c250a44899cf1229ddc58d24d
E         + sha256:3fffe5c677a0a38fb7536d1b25231ecd7d553ffc37d77afe82d51b314ae732d2

engines/tests/test_openbb_adapter_development.py:105: AssertionError
_________ test_hundred_replay_schema_provenance_and_artifact[case-087] _________

engine = (OpenBBAdapterService(manifest=EngineManifest(engine_name='openbb-adapter', engine_version='0.1.0', capabilities=(Engi...read.lock object at 0x10b4f9540>), EngineClient(target='unix:/tmp/quantos-tp05-2b17cd8fd2dc49b9b696e4ec4c0a58da.sock'))
case = FixedQueryInput(case_id='case-087', fixture_name='crypto_market_btc', provider='openbb', dataset='crypto.market.snapsh...USDT',), intended_use='research', deployment_target='evaluation', requested_tools=('query_snapshot', 'query_artifact'))

    @pytest.mark.parametrize("case", fixed_input_cases(100), ids=lambda c: c.case_id)
    def test_hundred_replay_schema_provenance_and_artifact(engine, case):
        service, client = engine
        request = original_request(
            1000 + int(case.case_id.split("-")[1]),
            {
                "provider": case.provider,
                "fixture": case.fixture_name,
                "dataset": case.dataset,
                "schema_ref": case.schema_ref,
                "symbols": list(case.symbols),
                "query_text": case.query_text,
                "intended_use": case.intended_use,
                "deployment_target": case.deployment_target,
                "tools": list(case.requested_tools),
            },
        )
        a = client.execute(request, timeout=3)
        b = client.execute(request, timeout=3)
        assert (
            a.output == b.output and a.artifact_refs == b.artifact_refs and a.input_hash == b.input_hash
        )
        streams = [invoke(client, request, "stream") for _ in range(2)]
        assert [s.delta for s in streams[0]] == [s.delta for s in streams[1]]
        assert streams[0][-1].artifact_refs == a.artifact_refs and streams[0][-1].done
        value = mapping(a.output)
        fixture = load_fixture(case.fixture_name)
        assert value["scope"]["workflow_run_id"] == request.workflow_run_id
        assert value["scope"]["tenant_id"] == request.metadata.tenant_id
        assert value["license"]["approved_for_production"] is False
        assert value["usage"]["trading_approved"] is False and value["sources"]
        assert value["records"] == list(fixture.records) and value["window"] == fixture.window
        assert value["lineage"]["fixture_digest"] == fixture.fixture_digest
>       assert value["response_hash"] == content_hash(
            {k: v for k, v in value.items() if k != "response_hash"}
        )
E       AssertionError: assert 'sha256:94fa33fe8389b561f120a3d5497a0bbbee20d1ca27d6c0f8ada68e2bfba2aea4' == 'sha256:6b59fce725335c5f517d771ab8b31802a6ba6545fb25e39908e6a111d52f030c'
E         
E         - sha256:6b59fce725335c5f517d771ab8b31802a6ba6545fb25e39908e6a111d52f030c
E         + sha256:94fa33fe8389b561f120a3d5497a0bbbee20d1ca27d6c0f8ada68e2bfba2aea4

engines/tests/test_openbb_adapter_development.py:105: AssertionError
_________ test_hundred_replay_schema_provenance_and_artifact[case-088] _________

engine = (OpenBBAdapterService(manifest=EngineManifest(engine_name='openbb-adapter', engine_version='0.1.0', capabilities=(Engi...read.lock object at 0x10b501440>), EngineClient(target='unix:/tmp/quantos-tp05-56aa5481c609450d82908b6a771bfc8e.sock'))
case = FixedQueryInput(case_id='case-088', fixture_name='equity_fundamentals_nvda', provider='mock', dataset='equity.fundamen...ols=('NVDA',), intended_use='research', deployment_target='test', requested_tools=('query_snapshot', 'query_artifact'))

    @pytest.mark.parametrize("case", fixed_input_cases(100), ids=lambda c: c.case_id)
    def test_hundred_replay_schema_provenance_and_artifact(engine, case):
        service, client = engine
        request = original_request(
            1000 + int(case.case_id.split("-")[1]),
            {
                "provider": case.provider,
                "fixture": case.fixture_name,
                "dataset": case.dataset,
                "schema_ref": case.schema_ref,
                "symbols": list(case.symbols),
                "query_text": case.query_text,
                "intended_use": case.intended_use,
                "deployment_target": case.deployment_target,
                "tools": list(case.requested_tools),
            },
        )
        a = client.execute(request, timeout=3)
        b = client.execute(request, timeout=3)
        assert (
            a.output == b.output and a.artifact_refs == b.artifact_refs and a.input_hash == b.input_hash
        )
        streams = [invoke(client, request, "stream") for _ in range(2)]
        assert [s.delta for s in streams[0]] == [s.delta for s in streams[1]]
        assert streams[0][-1].artifact_refs == a.artifact_refs and streams[0][-1].done
        value = mapping(a.output)
        fixture = load_fixture(case.fixture_name)
        assert value["scope"]["workflow_run_id"] == request.workflow_run_id
        assert value["scope"]["tenant_id"] == request.metadata.tenant_id
        assert value["license"]["approved_for_production"] is False
        assert value["usage"]["trading_approved"] is False and value["sources"]
        assert value["records"] == list(fixture.records) and value["window"] == fixture.window
        assert value["lineage"]["fixture_digest"] == fixture.fixture_digest
>       assert value["response_hash"] == content_hash(
            {k: v for k, v in value.items() if k != "response_hash"}
        )
E       AssertionError: assert 'sha256:34226ce046ba98bfeaf7fbe2ea8cede45668738ee7c341d15f468026b5014bad' == 'sha256:9d124b238df43fa4d43eac7085dad4831d152fb9a041542ea90d3ac71ca22524'
E         
E         - sha256:9d124b238df43fa4d43eac7085dad4831d152fb9a041542ea90d3ac71ca22524
E         + sha256:34226ce046ba98bfeaf7fbe2ea8cede45668738ee7c341d15f468026b5014bad

engines/tests/test_openbb_adapter_development.py:105: AssertionError
_________ test_hundred_replay_schema_provenance_and_artifact[case-089] _________

engine = (OpenBBAdapterService(manifest=EngineManifest(engine_name='openbb-adapter', engine_version='0.1.0', capabilities=(Engi...read.lock object at 0x10b482200>), EngineClient(target='unix:/tmp/quantos-tp05-dc6e7a1872294496b1afca67c51afca9.sock'))
case = FixedQueryInput(case_id='case-089', fixture_name='macro_research_rates', provider='openbb', dataset='macro.research.sn... 'DXY'), intended_use='research', deployment_target='evaluation', requested_tools=('query_snapshot', 'query_artifact'))

    @pytest.mark.parametrize("case", fixed_input_cases(100), ids=lambda c: c.case_id)
    def test_hundred_replay_schema_provenance_and_artifact(engine, case):
        service, client = engine
        request = original_request(
            1000 + int(case.case_id.split("-")[1]),
            {
                "provider": case.provider,
                "fixture": case.fixture_name,
                "dataset": case.dataset,
                "schema_ref": case.schema_ref,
                "symbols": list(case.symbols),
                "query_text": case.query_text,
                "intended_use": case.intended_use,
                "deployment_target": case.deployment_target,
                "tools": list(case.requested_tools),
            },
        )
        a = client.execute(request, timeout=3)
        b = client.execute(request, timeout=3)
        assert (
            a.output == b.output and a.artifact_refs == b.artifact_refs and a.input_hash == b.input_hash
        )
        streams = [invoke(client, request, "stream") for _ in range(2)]
        assert [s.delta for s in streams[0]] == [s.delta for s in streams[1]]
        assert streams[0][-1].artifact_refs == a.artifact_refs and streams[0][-1].done
        value = mapping(a.output)
        fixture = load_fixture(case.fixture_name)
        assert value["scope"]["workflow_run_id"] == request.workflow_run_id
        assert value["scope"]["tenant_id"] == request.metadata.tenant_id
        assert value["license"]["approved_for_production"] is False
        assert value["usage"]["trading_approved"] is False and value["sources"]
        assert value["records"] == list(fixture.records) and value["window"] == fixture.window
        assert value["lineage"]["fixture_digest"] == fixture.fixture_digest
>       assert value["response_hash"] == content_hash(
            {k: v for k, v in value.items() if k != "response_hash"}
        )
E       AssertionError: assert 'sha256:9f405ab59171645782dee72c171806770bface978825d7a4c55e8de2e3dc6d57' == 'sha256:2c8a345e9d7a989f725258926dfeb7e6c31bec67a1089eda3d91cb2cb786e085'
E         
E         - sha256:2c8a345e9d7a989f725258926dfeb7e6c31bec67a1089eda3d91cb2cb786e085
E         + sha256:9f405ab59171645782dee72c171806770bface978825d7a4c55e8de2e3dc6d57

engines/tests/test_openbb_adapter_development.py:105: AssertionError
_________ test_hundred_replay_schema_provenance_and_artifact[case-090] _________

engine = (OpenBBAdapterService(manifest=EngineManifest(engine_name='openbb-adapter', engine_version='0.1.0', capabilities=(Engi...read.lock object at 0x10b430c00>), EngineClient(target='unix:/tmp/quantos-tp05-eafacf7c91544aa3a2e3944178c33099.sock'))
case = FixedQueryInput(case_id='case-090', fixture_name='crypto_market_btc', provider='mock', dataset='crypto.market.snapshot...=('BTCUSDT',), intended_use='research', deployment_target='test', requested_tools=('query_snapshot', 'query_artifact'))

    @pytest.mark.parametrize("case", fixed_input_cases(100), ids=lambda c: c.case_id)
    def test_hundred_replay_schema_provenance_and_artifact(engine, case):
        service, client = engine
        request = original_request(
            1000 + int(case.case_id.split("-")[1]),
            {
                "provider": case.provider,
                "fixture": case.fixture_name,
                "dataset": case.dataset,
                "schema_ref": case.schema_ref,
                "symbols": list(case.symbols),
                "query_text": case.query_text,
                "intended_use": case.intended_use,
                "deployment_target": case.deployment_target,
                "tools": list(case.requested_tools),
            },
        )
        a = client.execute(request, timeout=3)
        b = client.execute(request, timeout=3)
        assert (
            a.output == b.output and a.artifact_refs == b.artifact_refs and a.input_hash == b.input_hash
        )
        streams = [invoke(client, request, "stream") for _ in range(2)]
        assert [s.delta for s in streams[0]] == [s.delta for s in streams[1]]
        assert streams[0][-1].artifact_refs == a.artifact_refs and streams[0][-1].done
        value = mapping(a.output)
        fixture = load_fixture(case.fixture_name)
        assert value["scope"]["workflow_run_id"] == request.workflow_run_id
        assert value["scope"]["tenant_id"] == request.metadata.tenant_id
        assert value["license"]["approved_for_production"] is False
        assert value["usage"]["trading_approved"] is False and value["sources"]
        assert value["records"] == list(fixture.records) and value["window"] == fixture.window
        assert value["lineage"]["fixture_digest"] == fixture.fixture_digest
>       assert value["response_hash"] == content_hash(
            {k: v for k, v in value.items() if k != "response_hash"}
        )
E       AssertionError: assert 'sha256:8fd50bd416e299124e9c7f46a6d01405b5dee78ba0fabdd470919f9dfb0616eb' == 'sha256:103d9d95efd222d6a693ead9895f2bd45d61c3fee3c5206298786b494a597695'
E         
E         - sha256:103d9d95efd222d6a693ead9895f2bd45d61c3fee3c5206298786b494a597695
E         + sha256:8fd50bd416e299124e9c7f46a6d01405b5dee78ba0fabdd470919f9dfb0616eb

engines/tests/test_openbb_adapter_development.py:105: AssertionError
_________ test_hundred_replay_schema_provenance_and_artifact[case-091] _________

engine = (OpenBBAdapterService(manifest=EngineManifest(engine_name='openbb-adapter', engine_version='0.1.0', capabilities=(Engi...read.lock object at 0x10b3b2740>), EngineClient(target='unix:/tmp/quantos-tp05-a7f1728e51054c40b501ef343a73feb7.sock'))
case = FixedQueryInput(case_id='case-091', fixture_name='equity_fundamentals_nvda', provider='openbb', dataset='equity.fundam...NVDA',), intended_use='research', deployment_target='evaluation', requested_tools=('query_snapshot', 'query_artifact'))

    @pytest.mark.parametrize("case", fixed_input_cases(100), ids=lambda c: c.case_id)
    def test_hundred_replay_schema_provenance_and_artifact(engine, case):
        service, client = engine
        request = original_request(
            1000 + int(case.case_id.split("-")[1]),
            {
                "provider": case.provider,
                "fixture": case.fixture_name,
                "dataset": case.dataset,
                "schema_ref": case.schema_ref,
                "symbols": list(case.symbols),
                "query_text": case.query_text,
                "intended_use": case.intended_use,
                "deployment_target": case.deployment_target,
                "tools": list(case.requested_tools),
            },
        )
        a = client.execute(request, timeout=3)
        b = client.execute(request, timeout=3)
        assert (
            a.output == b.output and a.artifact_refs == b.artifact_refs and a.input_hash == b.input_hash
        )
        streams = [invoke(client, request, "stream") for _ in range(2)]
        assert [s.delta for s in streams[0]] == [s.delta for s in streams[1]]
        assert streams[0][-1].artifact_refs == a.artifact_refs and streams[0][-1].done
        value = mapping(a.output)
        fixture = load_fixture(case.fixture_name)
        assert value["scope"]["workflow_run_id"] == request.workflow_run_id
        assert value["scope"]["tenant_id"] == request.metadata.tenant_id
        assert value["license"]["approved_for_production"] is False
        assert value["usage"]["trading_approved"] is False and value["sources"]
        assert value["records"] == list(fixture.records) and value["window"] == fixture.window
        assert value["lineage"]["fixture_digest"] == fixture.fixture_digest
>       assert value["response_hash"] == content_hash(
            {k: v for k, v in value.items() if k != "response_hash"}
        )
E       AssertionError: assert 'sha256:047d436e4b29b603a5334fc806e9865280d5a90bb14507ef5687d1828662ad1d' == 'sha256:9781440d1324afd5402f4940185b8aaf3de7d2b592e416d5b6a75348d38fbb82'
E         
E         - sha256:9781440d1324afd5402f4940185b8aaf3de7d2b592e416d5b6a75348d38fbb82
E         + sha256:047d436e4b29b603a5334fc806e9865280d5a90bb14507ef5687d1828662ad1d

engines/tests/test_openbb_adapter_development.py:105: AssertionError
_________ test_hundred_replay_schema_provenance_and_artifact[case-092] _________

engine = (OpenBBAdapterService(manifest=EngineManifest(engine_name='openbb-adapter', engine_version='0.1.0', capabilities=(Engi...read.lock object at 0x10b3b0f80>), EngineClient(target='unix:/tmp/quantos-tp05-9f6f1b8e766b404a9afe6ba1d1fd81a3.sock'))
case = FixedQueryInput(case_id='case-092', fixture_name='macro_research_rates', provider='mock', dataset='macro.research.snap...S10Y', 'DXY'), intended_use='research', deployment_target='test', requested_tools=('query_snapshot', 'query_artifact'))

    @pytest.mark.parametrize("case", fixed_input_cases(100), ids=lambda c: c.case_id)
    def test_hundred_replay_schema_provenance_and_artifact(engine, case):
        service, client = engine
        request = original_request(
            1000 + int(case.case_id.split("-")[1]),
            {
                "provider": case.provider,
                "fixture": case.fixture_name,
                "dataset": case.dataset,
                "schema_ref": case.schema_ref,
                "symbols": list(case.symbols),
                "query_text": case.query_text,
                "intended_use": case.intended_use,
                "deployment_target": case.deployment_target,
                "tools": list(case.requested_tools),
            },
        )
        a = client.execute(request, timeout=3)
        b = client.execute(request, timeout=3)
        assert (
            a.output == b.output and a.artifact_refs == b.artifact_refs and a.input_hash == b.input_hash
        )
        streams = [invoke(client, request, "stream") for _ in range(2)]
        assert [s.delta for s in streams[0]] == [s.delta for s in streams[1]]
        assert streams[0][-1].artifact_refs == a.artifact_refs and streams[0][-1].done
        value = mapping(a.output)
        fixture = load_fixture(case.fixture_name)
        assert value["scope"]["workflow_run_id"] == request.workflow_run_id
        assert value["scope"]["tenant_id"] == request.metadata.tenant_id
        assert value["license"]["approved_for_production"] is False
        assert value["usage"]["trading_approved"] is False and value["sources"]
        assert value["records"] == list(fixture.records) and value["window"] == fixture.window
        assert value["lineage"]["fixture_digest"] == fixture.fixture_digest
>       assert value["response_hash"] == content_hash(
            {k: v for k, v in value.items() if k != "response_hash"}
        )
E       AssertionError: assert 'sha256:6e5f17d4c43e1682c18f6c5b6ef5a602c667e46e7311e276b440360e198385d9' == 'sha256:883af3a3550f33f6ced02626cadbadab7157d4c4f944ec5b391049a3f8df5825'
E         
E         - sha256:883af3a3550f33f6ced02626cadbadab7157d4c4f944ec5b391049a3f8df5825
E         + sha256:6e5f17d4c43e1682c18f6c5b6ef5a602c667e46e7311e276b440360e198385d9

engines/tests/test_openbb_adapter_development.py:105: AssertionError
_________ test_hundred_replay_schema_provenance_and_artifact[case-093] _________

engine = (OpenBBAdapterService(manifest=EngineManifest(engine_name='openbb-adapter', engine_version='0.1.0', capabilities=(Engi...read.lock object at 0x10b425c40>), EngineClient(target='unix:/tmp/quantos-tp05-c95ef58e2a6343229a06ab122e7988e6.sock'))
case = FixedQueryInput(case_id='case-093', fixture_name='crypto_market_btc', provider='openbb', dataset='crypto.market.snapsh...USDT',), intended_use='research', deployment_target='evaluation', requested_tools=('query_snapshot', 'query_artifact'))

    @pytest.mark.parametrize("case", fixed_input_cases(100), ids=lambda c: c.case_id)
    def test_hundred_replay_schema_provenance_and_artifact(engine, case):
        service, client = engine
        request = original_request(
            1000 + int(case.case_id.split("-")[1]),
            {
                "provider": case.provider,
                "fixture": case.fixture_name,
                "dataset": case.dataset,
                "schema_ref": case.schema_ref,
                "symbols": list(case.symbols),
                "query_text": case.query_text,
                "intended_use": case.intended_use,
                "deployment_target": case.deployment_target,
                "tools": list(case.requested_tools),
            },
        )
        a = client.execute(request, timeout=3)
        b = client.execute(request, timeout=3)
        assert (
            a.output == b.output and a.artifact_refs == b.artifact_refs and a.input_hash == b.input_hash
        )
        streams = [invoke(client, request, "stream") for _ in range(2)]
        assert [s.delta for s in streams[0]] == [s.delta for s in streams[1]]
        assert streams[0][-1].artifact_refs == a.artifact_refs and streams[0][-1].done
        value = mapping(a.output)
        fixture = load_fixture(case.fixture_name)
        assert value["scope"]["workflow_run_id"] == request.workflow_run_id
        assert value["scope"]["tenant_id"] == request.metadata.tenant_id
        assert value["license"]["approved_for_production"] is False
        assert value["usage"]["trading_approved"] is False and value["sources"]
        assert value["records"] == list(fixture.records) and value["window"] == fixture.window
        assert value["lineage"]["fixture_digest"] == fixture.fixture_digest
>       assert value["response_hash"] == content_hash(
            {k: v for k, v in value.items() if k != "response_hash"}
        )
E       AssertionError: assert 'sha256:a6b6425d5831d4a7b13123a68be377380a0c80e7f7adcbd3030a0d7f0a844a95' == 'sha256:9918ade543e6556e433186cf1c5ec5c4bce25e5e32f327b5a3b5e30a8bfd2984'
E         
E         - sha256:9918ade543e6556e433186cf1c5ec5c4bce25e5e32f327b5a3b5e30a8bfd2984
E         + sha256:a6b6425d5831d4a7b13123a68be377380a0c80e7f7adcbd3030a0d7f0a844a95

engines/tests/test_openbb_adapter_development.py:105: AssertionError
_________ test_hundred_replay_schema_provenance_and_artifact[case-094] _________

engine = (OpenBBAdapterService(manifest=EngineManifest(engine_name='openbb-adapter', engine_version='0.1.0', capabilities=(Engi...read.lock object at 0x10b3f5e40>), EngineClient(target='unix:/tmp/quantos-tp05-45eea820014649a7ab4136f347c8c234.sock'))
case = FixedQueryInput(case_id='case-094', fixture_name='equity_fundamentals_nvda', provider='mock', dataset='equity.fundamen...ols=('NVDA',), intended_use='research', deployment_target='test', requested_tools=('query_snapshot', 'query_artifact'))

    @pytest.mark.parametrize("case", fixed_input_cases(100), ids=lambda c: c.case_id)
    def test_hundred_replay_schema_provenance_and_artifact(engine, case):
        service, client = engine
        request = original_request(
            1000 + int(case.case_id.split("-")[1]),
            {
                "provider": case.provider,
                "fixture": case.fixture_name,
                "dataset": case.dataset,
                "schema_ref": case.schema_ref,
                "symbols": list(case.symbols),
                "query_text": case.query_text,
                "intended_use": case.intended_use,
                "deployment_target": case.deployment_target,
                "tools": list(case.requested_tools),
            },
        )
        a = client.execute(request, timeout=3)
        b = client.execute(request, timeout=3)
        assert (
            a.output == b.output and a.artifact_refs == b.artifact_refs and a.input_hash == b.input_hash
        )
        streams = [invoke(client, request, "stream") for _ in range(2)]
        assert [s.delta for s in streams[0]] == [s.delta for s in streams[1]]
        assert streams[0][-1].artifact_refs == a.artifact_refs and streams[0][-1].done
        value = mapping(a.output)
        fixture = load_fixture(case.fixture_name)
        assert value["scope"]["workflow_run_id"] == request.workflow_run_id
        assert value["scope"]["tenant_id"] == request.metadata.tenant_id
        assert value["license"]["approved_for_production"] is False
        assert value["usage"]["trading_approved"] is False and value["sources"]
        assert value["records"] == list(fixture.records) and value["window"] == fixture.window
        assert value["lineage"]["fixture_digest"] == fixture.fixture_digest
>       assert value["response_hash"] == content_hash(
            {k: v for k, v in value.items() if k != "response_hash"}
        )
E       AssertionError: assert 'sha256:a7b35c647ebc9e2d34f61878b60e11dcc0d84cbaa89bd4848119236115ee5033' == 'sha256:f6ad268332c2102b7ae0729a5f6c52e7457cf24c5652ca0df649a36d390579aa'
E         
E         - sha256:f6ad268332c2102b7ae0729a5f6c52e7457cf24c5652ca0df649a36d390579aa
E         + sha256:a7b35c647ebc9e2d34f61878b60e11dcc0d84cbaa89bd4848119236115ee5033

engines/tests/test_openbb_adapter_development.py:105: AssertionError
_________ test_hundred_replay_schema_provenance_and_artifact[case-095] _________

engine = (OpenBBAdapterService(manifest=EngineManifest(engine_name='openbb-adapter', engine_version='0.1.0', capabilities=(Engi...read.lock object at 0x10b482040>), EngineClient(target='unix:/tmp/quantos-tp05-2659939b662c4c529c136f4541783c34.sock'))
case = FixedQueryInput(case_id='case-095', fixture_name='macro_research_rates', provider='openbb', dataset='macro.research.sn... 'DXY'), intended_use='research', deployment_target='evaluation', requested_tools=('query_snapshot', 'query_artifact'))

    @pytest.mark.parametrize("case", fixed_input_cases(100), ids=lambda c: c.case_id)
    def test_hundred_replay_schema_provenance_and_artifact(engine, case):
        service, client = engine
        request = original_request(
            1000 + int(case.case_id.split("-")[1]),
            {
                "provider": case.provider,
                "fixture": case.fixture_name,
                "dataset": case.dataset,
                "schema_ref": case.schema_ref,
                "symbols": list(case.symbols),
                "query_text": case.query_text,
                "intended_use": case.intended_use,
                "deployment_target": case.deployment_target,
                "tools": list(case.requested_tools),
            },
        )
        a = client.execute(request, timeout=3)
        b = client.execute(request, timeout=3)
        assert (
            a.output == b.output and a.artifact_refs == b.artifact_refs and a.input_hash == b.input_hash
        )
        streams = [invoke(client, request, "stream") for _ in range(2)]
        assert [s.delta for s in streams[0]] == [s.delta for s in streams[1]]
        assert streams[0][-1].artifact_refs == a.artifact_refs and streams[0][-1].done
        value = mapping(a.output)
        fixture = load_fixture(case.fixture_name)
        assert value["scope"]["workflow_run_id"] == request.workflow_run_id
        assert value["scope"]["tenant_id"] == request.metadata.tenant_id
        assert value["license"]["approved_for_production"] is False
        assert value["usage"]["trading_approved"] is False and value["sources"]
        assert value["records"] == list(fixture.records) and value["window"] == fixture.window
        assert value["lineage"]["fixture_digest"] == fixture.fixture_digest
>       assert value["response_hash"] == content_hash(
            {k: v for k, v in value.items() if k != "response_hash"}
        )
E       AssertionError: assert 'sha256:0bb4af44850f0ce02dab23a48cd8e923ee5ef596afa635239134b84b14fe8bc7' == 'sha256:88918592d31fa76453face7615a13b5419b878a31be5cf12de557fe081903dfc'
E         
E         - sha256:88918592d31fa76453face7615a13b5419b878a31be5cf12de557fe081903dfc
E         + sha256:0bb4af44850f0ce02dab23a48cd8e923ee5ef596afa635239134b84b14fe8bc7

engines/tests/test_openbb_adapter_development.py:105: AssertionError
_________ test_hundred_replay_schema_provenance_and_artifact[case-096] _________

engine = (OpenBBAdapterService(manifest=EngineManifest(engine_name='openbb-adapter', engine_version='0.1.0', capabilities=(Engi...read.lock object at 0x10b482400>), EngineClient(target='unix:/tmp/quantos-tp05-8e443351431f49d6a32eab3456f1e5de.sock'))
case = FixedQueryInput(case_id='case-096', fixture_name='crypto_market_btc', provider='mock', dataset='crypto.market.snapshot...=('BTCUSDT',), intended_use='research', deployment_target='test', requested_tools=('query_snapshot', 'query_artifact'))

    @pytest.mark.parametrize("case", fixed_input_cases(100), ids=lambda c: c.case_id)
    def test_hundred_replay_schema_provenance_and_artifact(engine, case):
        service, client = engine
        request = original_request(
            1000 + int(case.case_id.split("-")[1]),
            {
                "provider": case.provider,
                "fixture": case.fixture_name,
                "dataset": case.dataset,
                "schema_ref": case.schema_ref,
                "symbols": list(case.symbols),
                "query_text": case.query_text,
                "intended_use": case.intended_use,
                "deployment_target": case.deployment_target,
                "tools": list(case.requested_tools),
            },
        )
        a = client.execute(request, timeout=3)
        b = client.execute(request, timeout=3)
        assert (
            a.output == b.output and a.artifact_refs == b.artifact_refs and a.input_hash == b.input_hash
        )
        streams = [invoke(client, request, "stream") for _ in range(2)]
        assert [s.delta for s in streams[0]] == [s.delta for s in streams[1]]
        assert streams[0][-1].artifact_refs == a.artifact_refs and streams[0][-1].done
        value = mapping(a.output)
        fixture = load_fixture(case.fixture_name)
        assert value["scope"]["workflow_run_id"] == request.workflow_run_id
        assert value["scope"]["tenant_id"] == request.metadata.tenant_id
        assert value["license"]["approved_for_production"] is False
        assert value["usage"]["trading_approved"] is False and value["sources"]
        assert value["records"] == list(fixture.records) and value["window"] == fixture.window
        assert value["lineage"]["fixture_digest"] == fixture.fixture_digest
>       assert value["response_hash"] == content_hash(
            {k: v for k, v in value.items() if k != "response_hash"}
        )
E       AssertionError: assert 'sha256:8321f23bc680ffd5f4658aa9a038426e3d11c5ad808e8ddcba10c0e3275470da' == 'sha256:2951620e210868c6dd931b393620c292573b58a43546578b303103e464d09f5b'
E         
E         - sha256:2951620e210868c6dd931b393620c292573b58a43546578b303103e464d09f5b
E         + sha256:8321f23bc680ffd5f4658aa9a038426e3d11c5ad808e8ddcba10c0e3275470da

engines/tests/test_openbb_adapter_development.py:105: AssertionError
_________ test_hundred_replay_schema_provenance_and_artifact[case-097] _________

engine = (OpenBBAdapterService(manifest=EngineManifest(engine_name='openbb-adapter', engine_version='0.1.0', capabilities=(Engi...read.lock object at 0x10b4e6940>), EngineClient(target='unix:/tmp/quantos-tp05-b8e2c6643c4745e8bb816cb9835729cb.sock'))
case = FixedQueryInput(case_id='case-097', fixture_name='equity_fundamentals_nvda', provider='openbb', dataset='equity.fundam...NVDA',), intended_use='research', deployment_target='evaluation', requested_tools=('query_snapshot', 'query_artifact'))

    @pytest.mark.parametrize("case", fixed_input_cases(100), ids=lambda c: c.case_id)
    def test_hundred_replay_schema_provenance_and_artifact(engine, case):
        service, client = engine
        request = original_request(
            1000 + int(case.case_id.split("-")[1]),
            {
                "provider": case.provider,
                "fixture": case.fixture_name,
                "dataset": case.dataset,
                "schema_ref": case.schema_ref,
                "symbols": list(case.symbols),
                "query_text": case.query_text,
                "intended_use": case.intended_use,
                "deployment_target": case.deployment_target,
                "tools": list(case.requested_tools),
            },
        )
        a = client.execute(request, timeout=3)
        b = client.execute(request, timeout=3)
        assert (
            a.output == b.output and a.artifact_refs == b.artifact_refs and a.input_hash == b.input_hash
        )
        streams = [invoke(client, request, "stream") for _ in range(2)]
        assert [s.delta for s in streams[0]] == [s.delta for s in streams[1]]
        assert streams[0][-1].artifact_refs == a.artifact_refs and streams[0][-1].done
        value = mapping(a.output)
        fixture = load_fixture(case.fixture_name)
        assert value["scope"]["workflow_run_id"] == request.workflow_run_id
        assert value["scope"]["tenant_id"] == request.metadata.tenant_id
        assert value["license"]["approved_for_production"] is False
        assert value["usage"]["trading_approved"] is False and value["sources"]
        assert value["records"] == list(fixture.records) and value["window"] == fixture.window
        assert value["lineage"]["fixture_digest"] == fixture.fixture_digest
>       assert value["response_hash"] == content_hash(
            {k: v for k, v in value.items() if k != "response_hash"}
        )
E       AssertionError: assert 'sha256:f62f367ed139d4039bfee53c12131bc2505e94d87802ac839ddcbc26efd11251' == 'sha256:1444b671e772d58cfc9bb3bb8cf885daab7c19ebe8366ad388c5f9e374854c89'
E         
E         - sha256:1444b671e772d58cfc9bb3bb8cf885daab7c19ebe8366ad388c5f9e374854c89
E         + sha256:f62f367ed139d4039bfee53c12131bc2505e94d87802ac839ddcbc26efd11251

engines/tests/test_openbb_adapter_development.py:105: AssertionError
_________ test_hundred_replay_schema_provenance_and_artifact[case-098] _________

engine = (OpenBBAdapterService(manifest=EngineManifest(engine_name='openbb-adapter', engine_version='0.1.0', capabilities=(Engi...read.lock object at 0x10b7485c0>), EngineClient(target='unix:/tmp/quantos-tp05-9348e26a70cd4b8a9674da4c07ce3d57.sock'))
case = FixedQueryInput(case_id='case-098', fixture_name='macro_research_rates', provider='mock', dataset='macro.research.snap...S10Y', 'DXY'), intended_use='research', deployment_target='test', requested_tools=('query_snapshot', 'query_artifact'))

    @pytest.mark.parametrize("case", fixed_input_cases(100), ids=lambda c: c.case_id)
    def test_hundred_replay_schema_provenance_and_artifact(engine, case):
        service, client = engine
        request = original_request(
            1000 + int(case.case_id.split("-")[1]),
            {
                "provider": case.provider,
                "fixture": case.fixture_name,
                "dataset": case.dataset,
                "schema_ref": case.schema_ref,
                "symbols": list(case.symbols),
                "query_text": case.query_text,
                "intended_use": case.intended_use,
                "deployment_target": case.deployment_target,
                "tools": list(case.requested_tools),
            },
        )
        a = client.execute(request, timeout=3)
        b = client.execute(request, timeout=3)
        assert (
            a.output == b.output and a.artifact_refs == b.artifact_refs and a.input_hash == b.input_hash
        )
        streams = [invoke(client, request, "stream") for _ in range(2)]
        assert [s.delta for s in streams[0]] == [s.delta for s in streams[1]]
        assert streams[0][-1].artifact_refs == a.artifact_refs and streams[0][-1].done
        value = mapping(a.output)
        fixture = load_fixture(case.fixture_name)
        assert value["scope"]["workflow_run_id"] == request.workflow_run_id
        assert value["scope"]["tenant_id"] == request.metadata.tenant_id
        assert value["license"]["approved_for_production"] is False
        assert value["usage"]["trading_approved"] is False and value["sources"]
        assert value["records"] == list(fixture.records) and value["window"] == fixture.window
        assert value["lineage"]["fixture_digest"] == fixture.fixture_digest
>       assert value["response_hash"] == content_hash(
            {k: v for k, v in value.items() if k != "response_hash"}
        )
E       AssertionError: assert 'sha256:5ca501deff195f5078ffd4ff38cc6c8edbc90b7483b09742cf50fa2f3e0d3fff' == 'sha256:060e77058dfaf593793a25ac8a0749cc96722cc90e599dfe788b29b3ef0452a8'
E         
E         - sha256:060e77058dfaf593793a25ac8a0749cc96722cc90e599dfe788b29b3ef0452a8
E         + sha256:5ca501deff195f5078ffd4ff38cc6c8edbc90b7483b09742cf50fa2f3e0d3fff

engines/tests/test_openbb_adapter_development.py:105: AssertionError
_________ test_hundred_replay_schema_provenance_and_artifact[case-099] _________

engine = (OpenBBAdapterService(manifest=EngineManifest(engine_name='openbb-adapter', engine_version='0.1.0', capabilities=(Engi...read.lock object at 0x10b433bc0>), EngineClient(target='unix:/tmp/quantos-tp05-e9a6a4256c744e9c9a2ed4136d2a71ee.sock'))
case = FixedQueryInput(case_id='case-099', fixture_name='crypto_market_btc', provider='openbb', dataset='crypto.market.snapsh...USDT',), intended_use='research', deployment_target='evaluation', requested_tools=('query_snapshot', 'query_artifact'))

    @pytest.mark.parametrize("case", fixed_input_cases(100), ids=lambda c: c.case_id)
    def test_hundred_replay_schema_provenance_and_artifact(engine, case):
        service, client = engine
        request = original_request(
            1000 + int(case.case_id.split("-")[1]),
            {
                "provider": case.provider,
                "fixture": case.fixture_name,
                "dataset": case.dataset,
                "schema_ref": case.schema_ref,
                "symbols": list(case.symbols),
                "query_text": case.query_text,
                "intended_use": case.intended_use,
                "deployment_target": case.deployment_target,
                "tools": list(case.requested_tools),
            },
        )
        a = client.execute(request, timeout=3)
        b = client.execute(request, timeout=3)
        assert (
            a.output == b.output and a.artifact_refs == b.artifact_refs and a.input_hash == b.input_hash
        )
        streams = [invoke(client, request, "stream") for _ in range(2)]
        assert [s.delta for s in streams[0]] == [s.delta for s in streams[1]]
        assert streams[0][-1].artifact_refs == a.artifact_refs and streams[0][-1].done
        value = mapping(a.output)
        fixture = load_fixture(case.fixture_name)
        assert value["scope"]["workflow_run_id"] == request.workflow_run_id
        assert value["scope"]["tenant_id"] == request.metadata.tenant_id
        assert value["license"]["approved_for_production"] is False
        assert value["usage"]["trading_approved"] is False and value["sources"]
        assert value["records"] == list(fixture.records) and value["window"] == fixture.window
        assert value["lineage"]["fixture_digest"] == fixture.fixture_digest
>       assert value["response_hash"] == content_hash(
            {k: v for k, v in value.items() if k != "response_hash"}
        )
E       AssertionError: assert 'sha256:2d827063c859f7fa6300c1e73f17b1c77af6fc422e3beb15215befd887fd2315' == 'sha256:dbf6547cf0370966f45504c773493633a6fdb996f7ea9f2ef117f33107072af2'
E         
E         - sha256:dbf6547cf0370966f45504c773493633a6fdb996f7ea9f2ef117f33107072af2
E         + sha256:2d827063c859f7fa6300c1e73f17b1c77af6fc422e3beb15215befd887fd2315

engines/tests/test_openbb_adapter_development.py:105: AssertionError
=========================== short test summary info ============================
FAILED engines/tests/test_openbb_adapter_development.py::test_hundred_replay_schema_provenance_and_artifact[case-000] - AssertionError: assert 'sha256:af4b111a5531fd1e84b2e799fe39ecca960f8302f7cd0cb8c35bb9434ad08ee5' == 'sha256:e1f3a9ffacaec6e847905aee9f411d799d557ae40d2d09f8d9b44aa711fe36d1'
  
  - sha256:e1f3a9ffacaec6e847905aee9f411d799d557ae40d2d09f8d9b44aa711fe36d1
  + sha256:af4b111a5531fd1e84b2e799fe39ecca960f8302f7cd0cb8c35bb9434ad08ee5
FAILED engines/tests/test_openbb_adapter_development.py::test_hundred_replay_schema_provenance_and_artifact[case-001] - AssertionError: assert 'sha256:af12191722c54c7a6a225c721fa52cead75df3e692cfbfda6c410b380f920996' == 'sha256:1650bc8197707b30eca9c729675260a0eb68db63c6b18f575c601f427147c489'
  
  - sha256:1650bc8197707b30eca9c729675260a0eb68db63c6b18f575c601f427147c489
  + sha256:af12191722c54c7a6a225c721fa52cead75df3e692cfbfda6c410b380f920996
FAILED engines/tests/test_openbb_adapter_development.py::test_hundred_replay_schema_provenance_and_artifact[case-002] - AssertionError: assert 'sha256:a3b5815ebef75b05d7e5dd610047a7d9047e5bec4e782a025f6391fd5f4157b8' == 'sha256:655aac17e4e33005198cbbfd4cf5a86a7d0349873c3a07db763c834c57193cad'
  
  - sha256:655aac17e4e33005198cbbfd4cf5a86a7d0349873c3a07db763c834c57193cad
  + sha256:a3b5815ebef75b05d7e5dd610047a7d9047e5bec4e782a025f6391fd5f4157b8
FAILED engines/tests/test_openbb_adapter_development.py::test_hundred_replay_schema_provenance_and_artifact[case-003] - AssertionError: assert 'sha256:ccd6f6a8397de7e22ec44eadb0fb7f629ee8d44e933e27c90772f4730a55e2fe' == 'sha256:f82196b01482b86d80ffb6fe3457105cbe23e87163ab70b6496388b6114b3423'
  
  - sha256:f82196b01482b86d80ffb6fe3457105cbe23e87163ab70b6496388b6114b3423
  + sha256:ccd6f6a8397de7e22ec44eadb0fb7f629ee8d44e933e27c90772f4730a55e2fe
FAILED engines/tests/test_openbb_adapter_development.py::test_hundred_replay_schema_provenance_and_artifact[case-004] - AssertionError: assert 'sha256:d1e151e5e02cf8882c5e9b07f1278493d7693ae6844c4827d01f95f6d63f8984' == 'sha256:d564e0ba12d1af3ac1d2f726c94b4c60119e934f229f1559939868b74948b063'
  
  - sha256:d564e0ba12d1af3ac1d2f726c94b4c60119e934f229f1559939868b74948b063
  + sha256:d1e151e5e02cf8882c5e9b07f1278493d7693ae6844c4827d01f95f6d63f8984
FAILED engines/tests/test_openbb_adapter_development.py::test_hundred_replay_schema_provenance_and_artifact[case-005] - AssertionError: assert 'sha256:f734758157b7272f45da18a8bd5d7439361fa45e04402f2ca49d7c3959dcd722' == 'sha256:e7592c226a04918801d1a48813da372aaa781ee69cc37d5b1473d36f3642d073'
  
  - sha256:e7592c226a04918801d1a48813da372aaa781ee69cc37d5b1473d36f3642d073
  + sha256:f734758157b7272f45da18a8bd5d7439361fa45e04402f2ca49d7c3959dcd722
FAILED engines/tests/test_openbb_adapter_development.py::test_hundred_replay_schema_provenance_and_artifact[case-006] - AssertionError: assert 'sha256:5e116581316d8cb0e47b7df46c4597cad41bc088fd41dc66200c93976ee29be4' == 'sha256:a520dc7092462df2f6069372ae4a9aedfd5b56961d84f889de136025c17a6a6a'
  
  - sha256:a520dc7092462df2f6069372ae4a9aedfd5b56961d84f889de136025c17a6a6a
  + sha256:5e116581316d8cb0e47b7df46c4597cad41bc088fd41dc66200c93976ee29be4
FAILED engines/tests/test_openbb_adapter_development.py::test_hundred_replay_schema_provenance_and_artifact[case-007] - AssertionError: assert 'sha256:fc800603f597b16c3e7db966d69448b20f589562bd1e9665c22d97e1035646d9' == 'sha256:e0c76b370d1d60b344279b379a833a759e47abd28cd5e472ba5ab8879a33622e'
  
  - sha256:e0c76b370d1d60b344279b379a833a759e47abd28cd5e472ba5ab8879a33622e
  + sha256:fc800603f597b16c3e7db966d69448b20f589562bd1e9665c22d97e1035646d9
FAILED engines/tests/test_openbb_adapter_development.py::test_hundred_replay_schema_provenance_and_artifact[case-008] - AssertionError: assert 'sha256:0afafaa4fc2857fc933644e7db9cbca097106ad8396d23f162e92b6545b1043f' == 'sha256:76dadae15f4ca3474e213d1c81949d144b66af229848a99786082e582d5590b6'
  
  - sha256:76dadae15f4ca3474e213d1c81949d144b66af229848a99786082e582d5590b6
  + sha256:0afafaa4fc2857fc933644e7db9cbca097106ad8396d23f162e92b6545b1043f
FAILED engines/tests/test_openbb_adapter_development.py::test_hundred_replay_schema_provenance_and_artifact[case-009] - AssertionError: assert 'sha256:07f899ba469cd4d06f436de3e8cc4c8eb17da4958fe8e7078e3068bd193a3818' == 'sha256:c8fbe4602bc619e58571d1499711704d9cc46718d3895e773e29ba34351fd5cc'
  
  - sha256:c8fbe4602bc619e58571d1499711704d9cc46718d3895e773e29ba34351fd5cc
  + sha256:07f899ba469cd4d06f436de3e8cc4c8eb17da4958fe8e7078e3068bd193a3818
FAILED engines/tests/test_openbb_adapter_development.py::test_hundred_replay_schema_provenance_and_artifact[case-010] - AssertionError: assert 'sha256:85b262edf98ccfa0580e01f5448c186988808ecf8669710856359ca0d08cb1d2' == 'sha256:881dcd00501e734ada16a5bc9b21e23ef46ff2a4a066a081be5baec1b21fd685'
  
  - sha256:881dcd00501e734ada16a5bc9b21e23ef46ff2a4a066a081be5baec1b21fd685
  + sha256:85b262edf98ccfa0580e01f5448c186988808ecf8669710856359ca0d08cb1d2
FAILED engines/tests/test_openbb_adapter_development.py::test_hundred_replay_schema_provenance_and_artifact[case-011] - AssertionError: assert 'sha256:19f80841b53d812b6ccb7c7e15da8f772d2c44c791e5d33e5f2034c23c56bee0' == 'sha256:e12e4498682b68815677104f658c312b161d3242688e555e71d06b5463475693'
  
  - sha256:e12e4498682b68815677104f658c312b161d3242688e555e71d06b5463475693
  + sha256:19f80841b53d812b6ccb7c7e15da8f772d2c44c791e5d33e5f2034c23c56bee0
FAILED engines/tests/test_openbb_adapter_development.py::test_hundred_replay_schema_provenance_and_artifact[case-012] - AssertionError: assert 'sha256:350b411e3944010d160851ae5111c45a755e65483615c2b11ab567e9d63dcb20' == 'sha256:3da5d036676013cf7cb83828aa4af144520f858a0a380f8cc58493c4d71da59d'
  
  - sha256:3da5d036676013cf7cb83828aa4af144520f858a0a380f8cc58493c4d71da59d
  + sha256:350b411e3944010d160851ae5111c45a755e65483615c2b11ab567e9d63dcb20
FAILED engines/tests/test_openbb_adapter_development.py::test_hundred_replay_schema_provenance_and_artifact[case-013] - AssertionError: assert 'sha256:31860ae756da7cca2473aa6feaf36bc9c4d3a99e81b0ce85e15d895417d715eb' == 'sha256:6c79d0b308649cb23e789623b6b80d497ed942dd6f31f656b1cf4abef3cfdff7'
  
  - sha256:6c79d0b308649cb23e789623b6b80d497ed942dd6f31f656b1cf4abef3cfdff7
  + sha256:31860ae756da7cca2473aa6feaf36bc9c4d3a99e81b0ce85e15d895417d715eb
FAILED engines/tests/test_openbb_adapter_development.py::test_hundred_replay_schema_provenance_and_artifact[case-014] - AssertionError: assert 'sha256:b430a943b1d2059e7598552525feec8c340319ab349f81d2db8bd82ee43eba19' == 'sha256:33577a3374f6f05ae1d30a19248290f8bb94301f548cda765daa0dbc5e584559'
  
  - sha256:33577a3374f6f05ae1d30a19248290f8bb94301f548cda765daa0dbc5e584559
  + sha256:b430a943b1d2059e7598552525feec8c340319ab349f81d2db8bd82ee43eba19
FAILED engines/tests/test_openbb_adapter_development.py::test_hundred_replay_schema_provenance_and_artifact[case-015] - AssertionError: assert 'sha256:5e228e9757319f40ed2c3faab9b2f345424905a8458abf8f5592750e7823e9ec' == 'sha256:ae50c5305b6f3eada7ea467dea1a65b1d0c3d98f3c7f221f147a18cbd36632d6'
  
  - sha256:ae50c5305b6f3eada7ea467dea1a65b1d0c3d98f3c7f221f147a18cbd36632d6
  + sha256:5e228e9757319f40ed2c3faab9b2f345424905a8458abf8f5592750e7823e9ec
FAILED engines/tests/test_openbb_adapter_development.py::test_hundred_replay_schema_provenance_and_artifact[case-016] - AssertionError: assert 'sha256:34af89e91be20851dbbd11950ee7f4d4ff3f87e452bcb2c7e1741819b59459fa' == 'sha256:85f58f81155ccada8a6a342571981c400b9d14a592301b4a1475948df1ea9ff1'
  
  - sha256:85f58f81155ccada8a6a342571981c400b9d14a592301b4a1475948df1ea9ff1
  + sha256:34af89e91be20851dbbd11950ee7f4d4ff3f87e452bcb2c7e1741819b59459fa
FAILED engines/tests/test_openbb_adapter_development.py::test_hundred_replay_schema_provenance_and_artifact[case-017] - AssertionError: assert 'sha256:105949824dac7ae409c7fa7d365c2621cdf966d3eeed15723dde436995326016' == 'sha256:780af9bf30c14906090dbc4390f0877dff873210b8d442837c95173a06bccda1'
  
  - sha256:780af9bf30c14906090dbc4390f0877dff873210b8d442837c95173a06bccda1
  + sha256:105949824dac7ae409c7fa7d365c2621cdf966d3eeed15723dde436995326016
FAILED engines/tests/test_openbb_adapter_development.py::test_hundred_replay_schema_provenance_and_artifact[case-018] - AssertionError: assert 'sha256:156bca53832af7ad473116ed962ccd39864a2af5390b4b1946e4b219c20063dd' == 'sha256:0d96eeeb0b6ea9ead08b89c5f2e5a78c5d4bcb91ea443fa2d475cb06b87413b5'
  
  - sha256:0d96eeeb0b6ea9ead08b89c5f2e5a78c5d4bcb91ea443fa2d475cb06b87413b5
  + sha256:156bca53832af7ad473116ed962ccd39864a2af5390b4b1946e4b219c20063dd
FAILED engines/tests/test_openbb_adapter_development.py::test_hundred_replay_schema_provenance_and_artifact[case-019] - AssertionError: assert 'sha256:21214f1177e623d095334fbdd5211ee2ad6da6e7eb1aa79095fd75be889e2d28' == 'sha256:64e3ade75a2baff74686e8361ac0fe255f17e62eb0a0b4fabf3ff81063e450ec'
  
  - sha256:64e3ade75a2baff74686e8361ac0fe255f17e62eb0a0b4fabf3ff81063e450ec
  + sha256:21214f1177e623d095334fbdd5211ee2ad6da6e7eb1aa79095fd75be889e2d28
FAILED engines/tests/test_openbb_adapter_development.py::test_hundred_replay_schema_provenance_and_artifact[case-020] - AssertionError: assert 'sha256:3aca9186dbd3fe8783c19f6fe50d1aab30d17fe4ad6cf64efd4330ece2a04423' == 'sha256:1d4f44f3efd649ab53fa75801201e106cfc17e35e2d733e7d8d2d3b9d23d4719'
  
  - sha256:1d4f44f3efd649ab53fa75801201e106cfc17e35e2d733e7d8d2d3b9d23d4719
  + sha256:3aca9186dbd3fe8783c19f6fe50d1aab30d17fe4ad6cf64efd4330ece2a04423
FAILED engines/tests/test_openbb_adapter_development.py::test_hundred_replay_schema_provenance_and_artifact[case-021] - AssertionError: assert 'sha256:4985bc1c3aa1bf74a55ad42489556da9a3902cad9970635561c980e5cf7f468e' == 'sha256:c80a70092fee16c709f8580eee5cf53253bdbe5634aa795f944c8b1edbadc89c'
  
  - sha256:c80a70092fee16c709f8580eee5cf53253bdbe5634aa795f944c8b1edbadc89c
  + sha256:4985bc1c3aa1bf74a55ad42489556da9a3902cad9970635561c980e5cf7f468e
FAILED engines/tests/test_openbb_adapter_development.py::test_hundred_replay_schema_provenance_and_artifact[case-022] - AssertionError: assert 'sha256:a688e8c010f8b05dc2bd95951bca3dcad2756686483c5e524df4894bb02a44e4' == 'sha256:a91bf309ed93b9c672c8cacc9ad77313f95ea2f5fb86878b83342821b416ff12'
  
  - sha256:a91bf309ed93b9c672c8cacc9ad77313f95ea2f5fb86878b83342821b416ff12
  + sha256:a688e8c010f8b05dc2bd95951bca3dcad2756686483c5e524df4894bb02a44e4
FAILED engines/tests/test_openbb_adapter_development.py::test_hundred_replay_schema_provenance_and_artifact[case-023] - AssertionError: assert 'sha256:c59d56157f513a5ab7c9a0d10ff92951d974ace2508e5e63f0e55def130791ea' == 'sha256:a1e88d7ae38ef5ca65e0464d4bca98377b41bcc73ab518f2a4f36c5b67e472ee'
  
  - sha256:a1e88d7ae38ef5ca65e0464d4bca98377b41bcc73ab518f2a4f36c5b67e472ee
  + sha256:c59d56157f513a5ab7c9a0d10ff92951d974ace2508e5e63f0e55def130791ea
FAILED engines/tests/test_openbb_adapter_development.py::test_hundred_replay_schema_provenance_and_artifact[case-024] - AssertionError: assert 'sha256:c9d77303c3cc631112da00a0cf904711bf77df9ea042542e4f53147fbf076b4a' == 'sha256:d345b5291d8bdfdd212ba9e093a6e2997119c51773bfc4d78f604b2de63d8cb1'
  
  - sha256:d345b5291d8bdfdd212ba9e093a6e2997119c51773bfc4d78f604b2de63d8cb1
  + sha256:c9d77303c3cc631112da00a0cf904711bf77df9ea042542e4f53147fbf076b4a
FAILED engines/tests/test_openbb_adapter_development.py::test_hundred_replay_schema_provenance_and_artifact[case-025] - AssertionError: assert 'sha256:f1b56c2fc3f5ecccb6645d114ce7bd18e02f51e6c730a7743b4a9d91fab911ee' == 'sha256:9009d794dcb09fe97366d6541453ad4e076437cf0e3d3558d1e86036a019d2b4'
  
  - sha256:9009d794dcb09fe97366d6541453ad4e076437cf0e3d3558d1e86036a019d2b4
  + sha256:f1b56c2fc3f5ecccb6645d114ce7bd18e02f51e6c730a7743b4a9d91fab911ee
FAILED engines/tests/test_openbb_adapter_development.py::test_hundred_replay_schema_provenance_and_artifact[case-026] - AssertionError: assert 'sha256:81349078d68a8f005872995b96f55862e2d5921e72798206779032bb96036296' == 'sha256:7707256483284a90c70c9cd7911153dbb7f758b417201dca9a8d2e170b05df84'
  
  - sha256:7707256483284a90c70c9cd7911153dbb7f758b417201dca9a8d2e170b05df84
  + sha256:81349078d68a8f005872995b96f55862e2d5921e72798206779032bb96036296
FAILED engines/tests/test_openbb_adapter_development.py::test_hundred_replay_schema_provenance_and_artifact[case-027] - AssertionError: assert 'sha256:9793e7c54886c752653da003a4b5d6d3d92b6840640bdb90465baf0306d69d32' == 'sha256:9881afff460172abd7b21f98edb66195ecae89a33b851a03a3847887d0cdf6a5'
  
  - sha256:9881afff460172abd7b21f98edb66195ecae89a33b851a03a3847887d0cdf6a5
  + sha256:9793e7c54886c752653da003a4b5d6d3d92b6840640bdb90465baf0306d69d32
FAILED engines/tests/test_openbb_adapter_development.py::test_hundred_replay_schema_provenance_and_artifact[case-028] - AssertionError: assert 'sha256:c208f31912bf56318632a232302767fd5179dd312206ed10da3c3bb5d30e3f20' == 'sha256:d804d5d9f619a2b55b33b482d90384ac36aa1720af30d5fb49752314b893f751'
  
  - sha256:d804d5d9f619a2b55b33b482d90384ac36aa1720af30d5fb49752314b893f751
  + sha256:c208f31912bf56318632a232302767fd5179dd312206ed10da3c3bb5d30e3f20
FAILED engines/tests/test_openbb_adapter_development.py::test_hundred_replay_schema_provenance_and_artifact[case-029] - AssertionError: assert 'sha256:08fb3cb32f2151dcb8072c32a47ca20c12d9e1e37fd6b688b544dd927ebb3064' == 'sha256:8075efc05ec90f2709691fecf99a7cb0d27910945384303d029fdf7be5c00f46'
  
  - sha256:8075efc05ec90f2709691fecf99a7cb0d27910945384303d029fdf7be5c00f46
  + sha256:08fb3cb32f2151dcb8072c32a47ca20c12d9e1e37fd6b688b544dd927ebb3064
FAILED engines/tests/test_openbb_adapter_development.py::test_hundred_replay_schema_provenance_and_artifact[case-030] - AssertionError: assert 'sha256:7c6c389d3893d9470d8db6c9dd306e0536ad025bd9504482cebfb8eb6c75ff52' == 'sha256:75a51389825ffde0e6b49d4420baea1e72beadd6a48f35a9b67096c5b732fda9'
  
  - sha256:75a51389825ffde0e6b49d4420baea1e72beadd6a48f35a9b67096c5b732fda9
  + sha256:7c6c389d3893d9470d8db6c9dd306e0536ad025bd9504482cebfb8eb6c75ff52
FAILED engines/tests/test_openbb_adapter_development.py::test_hundred_replay_schema_provenance_and_artifact[case-031] - AssertionError: assert 'sha256:513781420d0d5b928c506a0697e463c2334c58e7e37652e6a10d3d08fd465a44' == 'sha256:7cb58653b0b0cb33fe4d32e487888c4c135722e41e170e95418e36a0331a3a77'
  
  - sha256:7cb58653b0b0cb33fe4d32e487888c4c135722e41e170e95418e36a0331a3a77
  + sha256:513781420d0d5b928c506a0697e463c2334c58e7e37652e6a10d3d08fd465a44
FAILED engines/tests/test_openbb_adapter_development.py::test_hundred_replay_schema_provenance_and_artifact[case-032] - AssertionError: assert 'sha256:3cbcdb933ac08b9865d105479c311e89b285b7d1ba76353a80ebe62140fa3ce6' == 'sha256:5f6e2b1c742fa2dccfbfb36855893569e339f9d8fc005598f2629ebfce8d5a5a'
  
  - sha256:5f6e2b1c742fa2dccfbfb36855893569e339f9d8fc005598f2629ebfce8d5a5a
  + sha256:3cbcdb933ac08b9865d105479c311e89b285b7d1ba76353a80ebe62140fa3ce6
FAILED engines/tests/test_openbb_adapter_development.py::test_hundred_replay_schema_provenance_and_artifact[case-033] - AssertionError: assert 'sha256:3daeeec341999fa8ce0c1be01b8d3b76909dd5c442963d0c8cf0e7f2093c1f50' == 'sha256:065cf4403e1c691637d1e55b65580c30535001d99b9020fad172b86f10d6b82c'
  
  - sha256:065cf4403e1c691637d1e55b65580c30535001d99b9020fad172b86f10d6b82c
  + sha256:3daeeec341999fa8ce0c1be01b8d3b76909dd5c442963d0c8cf0e7f2093c1f50
FAILED engines/tests/test_openbb_adapter_development.py::test_hundred_replay_schema_provenance_and_artifact[case-034] - AssertionError: assert 'sha256:8f34d09d51177d7b9eb1a6e3cfe8b43c7e3882e2d13dd3f138ab405d1f055c7b' == 'sha256:495241c52485ffa857ac0c31023c5e4cb3a94c4d84d9247dc4e114df69189343'
  
  - sha256:495241c52485ffa857ac0c31023c5e4cb3a94c4d84d9247dc4e114df69189343
  + sha256:8f34d09d51177d7b9eb1a6e3cfe8b43c7e3882e2d13dd3f138ab405d1f055c7b
FAILED engines/tests/test_openbb_adapter_development.py::test_hundred_replay_schema_provenance_and_artifact[case-035] - AssertionError: assert 'sha256:dc75e090fd37fb96a441c90bb201ba533b9b221cd1f91305ced8d20341b1b253' == 'sha256:42001082816c3a4c5dd9d9a9aa37c35abccde200c79aee47f76d0ffdc2affb27'
  
  - sha256:42001082816c3a4c5dd9d9a9aa37c35abccde200c79aee47f76d0ffdc2affb27
  + sha256:dc75e090fd37fb96a441c90bb201ba533b9b221cd1f91305ced8d20341b1b253
FAILED engines/tests/test_openbb_adapter_development.py::test_hundred_replay_schema_provenance_and_artifact[case-036] - AssertionError: assert 'sha256:fd791d7f7df0e06a4cf392dea30ad76309d9e3567fb231d12e21df764ebc1cb8' == 'sha256:562ac8e3aa199a09d7b6a237eed172b29708d2ed491188e1f635e3af00001182'
  
  - sha256:562ac8e3aa199a09d7b6a237eed172b29708d2ed491188e1f635e3af00001182
  + sha256:fd791d7f7df0e06a4cf392dea30ad76309d9e3567fb231d12e21df764ebc1cb8
FAILED engines/tests/test_openbb_adapter_development.py::test_hundred_replay_schema_provenance_and_artifact[case-037] - AssertionError: assert 'sha256:d7b66bc34e6097db4b3facfbf6719f261d45cc9e520cffe5230a787088c990b5' == 'sha256:8cd0b2884fadd525e70e6f58f3fea3f153daad1cd00246adb62070b02a4ae8ae'
  
  - sha256:8cd0b2884fadd525e70e6f58f3fea3f153daad1cd00246adb62070b02a4ae8ae
  + sha256:d7b66bc34e6097db4b3facfbf6719f261d45cc9e520cffe5230a787088c990b5
FAILED engines/tests/test_openbb_adapter_development.py::test_hundred_replay_schema_provenance_and_artifact[case-038] - AssertionError: assert 'sha256:01addb53feae539c99703f2c1daa85b1b17c3ef91c779b1f05ba02643c3914c6' == 'sha256:e15d7e81d71e41be38fc74265b80fc695bd6fc9f032600d96f3c556ec9cd7494'
  
  - sha256:e15d7e81d71e41be38fc74265b80fc695bd6fc9f032600d96f3c556ec9cd7494
  + sha256:01addb53feae539c99703f2c1daa85b1b17c3ef91c779b1f05ba02643c3914c6
FAILED engines/tests/test_openbb_adapter_development.py::test_hundred_replay_schema_provenance_and_artifact[case-039] - AssertionError: assert 'sha256:12f5abf3bde6ddcb79d6a3d0f58bb010868f7a60291fc511ef53cdb8bd79b215' == 'sha256:1f9f328826d1c74b0e004f1994c06eb4c066e3dd28d6981bbd8388b1b8eb3ec5'
  
  - sha256:1f9f328826d1c74b0e004f1994c06eb4c066e3dd28d6981bbd8388b1b8eb3ec5
  + sha256:12f5abf3bde6ddcb79d6a3d0f58bb010868f7a60291fc511ef53cdb8bd79b215
FAILED engines/tests/test_openbb_adapter_development.py::test_hundred_replay_schema_provenance_and_artifact[case-040] - AssertionError: assert 'sha256:272726b8e7ce023e193dc448c2512e055d72b5d91d86b12e914ce01b0770ac38' == 'sha256:e5ce0b2010c35c7f53532b397f7a46bc220d6e8d2cd1d295e24e7fd624143fea'
  
  - sha256:e5ce0b2010c35c7f53532b397f7a46bc220d6e8d2cd1d295e24e7fd624143fea
  + sha256:272726b8e7ce023e193dc448c2512e055d72b5d91d86b12e914ce01b0770ac38
FAILED engines/tests/test_openbb_adapter_development.py::test_hundred_replay_schema_provenance_and_artifact[case-041] - AssertionError: assert 'sha256:4d1cecc8e02395ba957b3723340180ef3709dd4776eb44aa077015a568466fa0' == 'sha256:9ab43c75333ae95e3be57fcda4ff3c754a0a71771336b59cd28860974d0e3436'
  
  - sha256:9ab43c75333ae95e3be57fcda4ff3c754a0a71771336b59cd28860974d0e3436
  + sha256:4d1cecc8e02395ba957b3723340180ef3709dd4776eb44aa077015a568466fa0
FAILED engines/tests/test_openbb_adapter_development.py::test_hundred_replay_schema_provenance_and_artifact[case-042] - AssertionError: assert 'sha256:a010f270f17ef6911378380a90e91dcaff5618fcef5dbef0464e1dd1e4d40349' == 'sha256:75b63b38e91c02716bfa1b675af54cf34b2684ae557360fba32d5bbceac55bc2'
  
  - sha256:75b63b38e91c02716bfa1b675af54cf34b2684ae557360fba32d5bbceac55bc2
  + sha256:a010f270f17ef6911378380a90e91dcaff5618fcef5dbef0464e1dd1e4d40349
FAILED engines/tests/test_openbb_adapter_development.py::test_hundred_replay_schema_provenance_and_artifact[case-043] - AssertionError: assert 'sha256:6b26f3cbd9fa273e4636fdeca2842d6e6add688b0f5fc79bd194ff93cc811fe6' == 'sha256:a022ed6190b6a08f91a847440025f08daee00e0ba1740e8a4cddbb4d22186fb6'
  
  - sha256:a022ed6190b6a08f91a847440025f08daee00e0ba1740e8a4cddbb4d22186fb6
  + sha256:6b26f3cbd9fa273e4636fdeca2842d6e6add688b0f5fc79bd194ff93cc811fe6
FAILED engines/tests/test_openbb_adapter_development.py::test_hundred_replay_schema_provenance_and_artifact[case-044] - AssertionError: assert 'sha256:6fe27f9e74fd284d81e7767e99ee6a29fba244758a8a3860a5f5a66077269cd0' == 'sha256:fdae6267d223365df3e7f2b89158d642802f9f2532753aa32cc6f77b6d6afad0'
  
  - sha256:fdae6267d223365df3e7f2b89158d642802f9f2532753aa32cc6f77b6d6afad0
  + sha256:6fe27f9e74fd284d81e7767e99ee6a29fba244758a8a3860a5f5a66077269cd0
FAILED engines/tests/test_openbb_adapter_development.py::test_hundred_replay_schema_provenance_and_artifact[case-045] - AssertionError: assert 'sha256:da943d5d9fb2833b002c2071e749eecec95109776b838a6508515959473bc05b' == 'sha256:5f12a5b3d80a25dccffc69ff3b2dd8d09c06fc91200ef59631333c7db1ca6f2d'
  
  - sha256:5f12a5b3d80a25dccffc69ff3b2dd8d09c06fc91200ef59631333c7db1ca6f2d
  + sha256:da943d5d9fb2833b002c2071e749eecec95109776b838a6508515959473bc05b
FAILED engines/tests/test_openbb_adapter_development.py::test_hundred_replay_schema_provenance_and_artifact[case-046] - AssertionError: assert 'sha256:56a007cd39d26edcfb404176bfeccd777e9a264ea66603b762c1101a38af7142' == 'sha256:a0897858b30513630f90c0db4889bec1b99332d42dfbb44b2f6c4a3ef4a10c24'
  
  - sha256:a0897858b30513630f90c0db4889bec1b99332d42dfbb44b2f6c4a3ef4a10c24
  + sha256:56a007cd39d26edcfb404176bfeccd777e9a264ea66603b762c1101a38af7142
FAILED engines/tests/test_openbb_adapter_development.py::test_hundred_replay_schema_provenance_and_artifact[case-047] - AssertionError: assert 'sha256:3f55b6790e9f367b6be809b8de7e99f2961b537cdb01e3c3d04a8d19f493c491' == 'sha256:ae84050a73815259da1e87d826687ac5105316fc92fcec5d70e56dc1d8228932'
  
  - sha256:ae84050a73815259da1e87d826687ac5105316fc92fcec5d70e56dc1d8228932
  + sha256:3f55b6790e9f367b6be809b8de7e99f2961b537cdb01e3c3d04a8d19f493c491
FAILED engines/tests/test_openbb_adapter_development.py::test_hundred_replay_schema_provenance_and_artifact[case-048] - AssertionError: assert 'sha256:f357163b9d931f65ff383bce0a37fe147ddf076ffdd8358c149c8f81b3cfc84a' == 'sha256:81f73faebce391c5d15058d0d0d4eea0c62c526b44d5d999934f55a28a290dfc'
  
  - sha256:81f73faebce391c5d15058d0d0d4eea0c62c526b44d5d999934f55a28a290dfc
  + sha256:f357163b9d931f65ff383bce0a37fe147ddf076ffdd8358c149c8f81b3cfc84a
FAILED engines/tests/test_openbb_adapter_development.py::test_hundred_replay_schema_provenance_and_artifact[case-049] - AssertionError: assert 'sha256:593e9355e6f1e2b731307b37118e27a3c3951c51bf695dd6d7f4bb84dda633bd' == 'sha256:1115f64bfb878c8905968c8fa9fe93ef18c994f4f7a6141ff5a3a4a16da398e0'
  
  - sha256:1115f64bfb878c8905968c8fa9fe93ef18c994f4f7a6141ff5a3a4a16da398e0
  + sha256:593e9355e6f1e2b731307b37118e27a3c3951c51bf695dd6d7f4bb84dda633bd
FAILED engines/tests/test_openbb_adapter_development.py::test_hundred_replay_schema_provenance_and_artifact[case-050] - AssertionError: assert 'sha256:d15206c940a7d8b1162a3c81e8c42676aabc1a7a2feea1797629a5208d629389' == 'sha256:09441aa51a6a9d490509cf68dc1ae0bd7b6f70fc876b87272536b19294085650'
  
  - sha256:09441aa51a6a9d490509cf68dc1ae0bd7b6f70fc876b87272536b19294085650
  + sha256:d15206c940a7d8b1162a3c81e8c42676aabc1a7a2feea1797629a5208d629389
FAILED engines/tests/test_openbb_adapter_development.py::test_hundred_replay_schema_provenance_and_artifact[case-051] - AssertionError: assert 'sha256:49dc103967305bffd3cc50687451cf228f1a807c76290d9639fbdb325b4f7ffb' == 'sha256:0a03025cdca80a5e449a7a5c08edb0f0eca1b1d24b210fd94bc41897b91e83a0'
  
  - sha256:0a03025cdca80a5e449a7a5c08edb0f0eca1b1d24b210fd94bc41897b91e83a0
  + sha256:49dc103967305bffd3cc50687451cf228f1a807c76290d9639fbdb325b4f7ffb
FAILED engines/tests/test_openbb_adapter_development.py::test_hundred_replay_schema_provenance_and_artifact[case-052] - AssertionError: assert 'sha256:f842d078eed32bc0d932dae6a4090a0014ea2718d9e30db07f89a1ead4be0903' == 'sha256:77eeda97fdc18dae173f843e1205a66b9767ab615691f5a3d83e3d31d0c8bcf6'
  
  - sha256:77eeda97fdc18dae173f843e1205a66b9767ab615691f5a3d83e3d31d0c8bcf6
  + sha256:f842d078eed32bc0d932dae6a4090a0014ea2718d9e30db07f89a1ead4be0903
FAILED engines/tests/test_openbb_adapter_development.py::test_hundred_replay_schema_provenance_and_artifact[case-053] - AssertionError: assert 'sha256:f586b760742d134e5f2a4ffe22c3a9e4bbb1c6464cc8e70d01ff25b5aeab08cd' == 'sha256:9fc6cd3a8774a813644f20fc68c0bcb7b7b0cdaaea6b2377bb0df0b547938541'
  
  - sha256:9fc6cd3a8774a813644f20fc68c0bcb7b7b0cdaaea6b2377bb0df0b547938541
  + sha256:f586b760742d134e5f2a4ffe22c3a9e4bbb1c6464cc8e70d01ff25b5aeab08cd
FAILED engines/tests/test_openbb_adapter_development.py::test_hundred_replay_schema_provenance_and_artifact[case-054] - AssertionError: assert 'sha256:c7263055c9830ea8393528f7b163d4ce043566772c5c17926831a8b814f36bcf' == 'sha256:619b8e827da46af530591bb0514cf26bc2c8fde5f9ee8b722cba9716e080c44e'
  
  - sha256:619b8e827da46af530591bb0514cf26bc2c8fde5f9ee8b722cba9716e080c44e
  + sha256:c7263055c9830ea8393528f7b163d4ce043566772c5c17926831a8b814f36bcf
FAILED engines/tests/test_openbb_adapter_development.py::test_hundred_replay_schema_provenance_and_artifact[case-055] - AssertionError: assert 'sha256:76ed969142d743665175d4e39d82ab3c76ff294550117a0b080b6f792b5f1162' == 'sha256:641ace8d7d9bcfb5bb984ce56102148c8706070ca1092f2894302910c6bd02c2'
  
  - sha256:641ace8d7d9bcfb5bb984ce56102148c8706070ca1092f2894302910c6bd02c2
  + sha256:76ed969142d743665175d4e39d82ab3c76ff294550117a0b080b6f792b5f1162
FAILED engines/tests/test_openbb_adapter_development.py::test_hundred_replay_schema_provenance_and_artifact[case-056] - AssertionError: assert 'sha256:265944e95bee5a2f22b3d872ee797ea55a76cbb3814a111b50c8fe510e0daaa0' == 'sha256:1a26ba524b3f75fa4cb4f8c940af8cb8fd2317aa342716ce336fe803967e4747'
  
  - sha256:1a26ba524b3f75fa4cb4f8c940af8cb8fd2317aa342716ce336fe803967e4747
  + sha256:265944e95bee5a2f22b3d872ee797ea55a76cbb3814a111b50c8fe510e0daaa0
FAILED engines/tests/test_openbb_adapter_development.py::test_hundred_replay_schema_provenance_and_artifact[case-057] - AssertionError: assert 'sha256:3a5537b409467957a7f4d7dcba85a5fb66241d34f6ab9b5aee91b4640c417617' == 'sha256:be2f201c94d7f1d32530f0ff9c34bbcf4d083779911e18ca15c3c5abcae5a22c'
  
  - sha256:be2f201c94d7f1d32530f0ff9c34bbcf4d083779911e18ca15c3c5abcae5a22c
  + sha256:3a5537b409467957a7f4d7dcba85a5fb66241d34f6ab9b5aee91b4640c417617
FAILED engines/tests/test_openbb_adapter_development.py::test_hundred_replay_schema_provenance_and_artifact[case-058] - AssertionError: assert 'sha256:e11d422964f42bd7517c45baf84a6b22a8e7469deb885966b6cc95a15ce77dd5' == 'sha256:a95b3958e8b0b89730ff86b1cc0ff2fa14b37d0faf2a08f1cfbc67590a2cb949'
  
  - sha256:a95b3958e8b0b89730ff86b1cc0ff2fa14b37d0faf2a08f1cfbc67590a2cb949
  + sha256:e11d422964f42bd7517c45baf84a6b22a8e7469deb885966b6cc95a15ce77dd5
FAILED engines/tests/test_openbb_adapter_development.py::test_hundred_replay_schema_provenance_and_artifact[case-059] - AssertionError: assert 'sha256:b359c815d4dfab0191f81fea33f2f7918cb3d1b2c48d78b04e7ee03986289075' == 'sha256:8edef0ceb01e3bc2e00497cff9ebfbb03dba4071884614270aaa9a1cadd46714'
  
  - sha256:8edef0ceb01e3bc2e00497cff9ebfbb03dba4071884614270aaa9a1cadd46714
  + sha256:b359c815d4dfab0191f81fea33f2f7918cb3d1b2c48d78b04e7ee03986289075
FAILED engines/tests/test_openbb_adapter_development.py::test_hundred_replay_schema_provenance_and_artifact[case-060] - AssertionError: assert 'sha256:f2b1589ba567ef8c532d6b849c0d4f4ad453afc0e717324de1c8ddadec9bf791' == 'sha256:8765f6a3ef428437210c9852e2727ac93d730451cbbe0e1f0a277173ed7b05da'
  
  - sha256:8765f6a3ef428437210c9852e2727ac93d730451cbbe0e1f0a277173ed7b05da
  + sha256:f2b1589ba567ef8c532d6b849c0d4f4ad453afc0e717324de1c8ddadec9bf791
FAILED engines/tests/test_openbb_adapter_development.py::test_hundred_replay_schema_provenance_and_artifact[case-061] - AssertionError: assert 'sha256:3ddc6ccf59ff5a9fd6eeb6e507e2009def3904fa79d868ab343e70da61115843' == 'sha256:7027e203d5c172b448d06e34170a76cec03d67b6b225d910f170457364e83550'
  
  - sha256:7027e203d5c172b448d06e34170a76cec03d67b6b225d910f170457364e83550
  + sha256:3ddc6ccf59ff5a9fd6eeb6e507e2009def3904fa79d868ab343e70da61115843
FAILED engines/tests/test_openbb_adapter_development.py::test_hundred_replay_schema_provenance_and_artifact[case-062] - AssertionError: assert 'sha256:f889ed9c3e167d389c69ec926468c961db53f151ed3139e76c4c0da3f07fb066' == 'sha256:757e1448b57e1f1b94656eec5ce2980e48dcbe228959a08685c0ef0c0d2fe9dc'
  
  - sha256:757e1448b57e1f1b94656eec5ce2980e48dcbe228959a08685c0ef0c0d2fe9dc
  + sha256:f889ed9c3e167d389c69ec926468c961db53f151ed3139e76c4c0da3f07fb066
FAILED engines/tests/test_openbb_adapter_development.py::test_hundred_replay_schema_provenance_and_artifact[case-063] - AssertionError: assert 'sha256:63607be2355beab4a096592938f7c05f82f410e1227bab915ef969c17f0ebb81' == 'sha256:56eba175b598d91123d59bc9408146570ee6f5f91c9e43122b8e8ce1d7c941d2'
  
  - sha256:56eba175b598d91123d59bc9408146570ee6f5f91c9e43122b8e8ce1d7c941d2
  + sha256:63607be2355beab4a096592938f7c05f82f410e1227bab915ef969c17f0ebb81
FAILED engines/tests/test_openbb_adapter_development.py::test_hundred_replay_schema_provenance_and_artifact[case-064] - AssertionError: assert 'sha256:acebb64e180e48d1d7b7fabde998c963b02a1fb62b3218d69050cab7c27192d2' == 'sha256:d8d438c637f42310fe6a3a41ad611b1e6cdc0ac738452db1051f53fcc872b0ef'
  
  - sha256:d8d438c637f42310fe6a3a41ad611b1e6cdc0ac738452db1051f53fcc872b0ef
  + sha256:acebb64e180e48d1d7b7fabde998c963b02a1fb62b3218d69050cab7c27192d2
FAILED engines/tests/test_openbb_adapter_development.py::test_hundred_replay_schema_provenance_and_artifact[case-065] - AssertionError: assert 'sha256:001bf61eb00e157167369b7b380c78931dbb2f5c1a9db38e1dc181ecc282940d' == 'sha256:142a4145bc92e06cc9dcc858b447e79a03004a4390bdd26e329b7f0fa0dac5af'
  
  - sha256:142a4145bc92e06cc9dcc858b447e79a03004a4390bdd26e329b7f0fa0dac5af
  + sha256:001bf61eb00e157167369b7b380c78931dbb2f5c1a9db38e1dc181ecc282940d
FAILED engines/tests/test_openbb_adapter_development.py::test_hundred_replay_schema_provenance_and_artifact[case-066] - AssertionError: assert 'sha256:f334ece3c713c1253ec5280fc13b89f4869c5102af43b69f3d7f8f2bbf12bccc' == 'sha256:f8aab59e6054f474b6d27ccd972b4a0150f2b8dff4e0c8e222be82a257f34ceb'
  
  - sha256:f8aab59e6054f474b6d27ccd972b4a0150f2b8dff4e0c8e222be82a257f34ceb
  + sha256:f334ece3c713c1253ec5280fc13b89f4869c5102af43b69f3d7f8f2bbf12bccc
FAILED engines/tests/test_openbb_adapter_development.py::test_hundred_replay_schema_provenance_and_artifact[case-067] - AssertionError: assert 'sha256:c188f840230e26df1214052481950bdbcc0c64a80ba74b22924ac08cab5d5665' == 'sha256:216059d8a97ba7a0bc0aaee3758b3b8947dfee0c36d09b89a57f06a89ecd143f'
  
  - sha256:216059d8a97ba7a0bc0aaee3758b3b8947dfee0c36d09b89a57f06a89ecd143f
  + sha256:c188f840230e26df1214052481950bdbcc0c64a80ba74b22924ac08cab5d5665
FAILED engines/tests/test_openbb_adapter_development.py::test_hundred_replay_schema_provenance_and_artifact[case-068] - AssertionError: assert 'sha256:3910783d7aa621ea9b1c1d298d32f0f2e10ba55bff76e72ee905a28cf51671aa' == 'sha256:993fb8e83a37890a4f74c08d56391b012400806833f3e64522089f5e688c0856'
  
  - sha256:993fb8e83a37890a4f74c08d56391b012400806833f3e64522089f5e688c0856
  + sha256:3910783d7aa621ea9b1c1d298d32f0f2e10ba55bff76e72ee905a28cf51671aa
FAILED engines/tests/test_openbb_adapter_development.py::test_hundred_replay_schema_provenance_and_artifact[case-069] - AssertionError: assert 'sha256:e9be4a25692b829f1e67d40e4b8fad7d87693ea267081dd2d0053fe466a05868' == 'sha256:627cfec1d8112536ed50cae349665ae05496029471ba1fa5c0689707d19e8fe1'
  
  - sha256:627cfec1d8112536ed50cae349665ae05496029471ba1fa5c0689707d19e8fe1
  + sha256:e9be4a25692b829f1e67d40e4b8fad7d87693ea267081dd2d0053fe466a05868
FAILED engines/tests/test_openbb_adapter_development.py::test_hundred_replay_schema_provenance_and_artifact[case-070] - AssertionError: assert 'sha256:aa409ee6e97504e65eca685f988255cc0b52ca3e719d228e95fb15f291922107' == 'sha256:1bcd6c9d187605e01dd8463ab12fb10e4bb270f7a566cee3c228247e7d4e64ad'
  
  - sha256:1bcd6c9d187605e01dd8463ab12fb10e4bb270f7a566cee3c228247e7d4e64ad
  + sha256:aa409ee6e97504e65eca685f988255cc0b52ca3e719d228e95fb15f291922107
FAILED engines/tests/test_openbb_adapter_development.py::test_hundred_replay_schema_provenance_and_artifact[case-071] - AssertionError: assert 'sha256:2b42b3c1c2d2003474d9457f7f51c55172f79f08705cd9ccbc11b8c2d387c125' == 'sha256:6f5fe904fec96c247c3bb192693c6ed57b05bf17985ddc758be6b35d61a2ae44'
  
  - sha256:6f5fe904fec96c247c3bb192693c6ed57b05bf17985ddc758be6b35d61a2ae44
  + sha256:2b42b3c1c2d2003474d9457f7f51c55172f79f08705cd9ccbc11b8c2d387c125
FAILED engines/tests/test_openbb_adapter_development.py::test_hundred_replay_schema_provenance_and_artifact[case-072] - AssertionError: assert 'sha256:b68724e86c32a5e2e887bf68162d29ec9f386795c032ac8fb9d45f1cfcce8371' == 'sha256:e3c2da8f78bb1c501745ee53f6eaa815b063d8a561245779f9183f04d60342d2'
  
  - sha256:e3c2da8f78bb1c501745ee53f6eaa815b063d8a561245779f9183f04d60342d2
  + sha256:b68724e86c32a5e2e887bf68162d29ec9f386795c032ac8fb9d45f1cfcce8371
FAILED engines/tests/test_openbb_adapter_development.py::test_hundred_replay_schema_provenance_and_artifact[case-073] - AssertionError: assert 'sha256:f8d7f4b8a5f1d2ea2658ad0195ea02dc387407485e2aa73fa7f9383bbc9e6316' == 'sha256:2f109b671c66999516672101504e653ff4e7e9cc2633e7512360697b1c69e324'
  
  - sha256:2f109b671c66999516672101504e653ff4e7e9cc2633e7512360697b1c69e324
  + sha256:f8d7f4b8a5f1d2ea2658ad0195ea02dc387407485e2aa73fa7f9383bbc9e6316
FAILED engines/tests/test_openbb_adapter_development.py::test_hundred_replay_schema_provenance_and_artifact[case-074] - AssertionError: assert 'sha256:785eb433d8d8dc5fe90edb4682b5013b4940c622159d3d112483dffc8d466383' == 'sha256:835cad072ec6b54a8d5bac3d56953e529865f99c7b6cbc95dd0b84667926b834'
  
  - sha256:835cad072ec6b54a8d5bac3d56953e529865f99c7b6cbc95dd0b84667926b834
  + sha256:785eb433d8d8dc5fe90edb4682b5013b4940c622159d3d112483dffc8d466383
FAILED engines/tests/test_openbb_adapter_development.py::test_hundred_replay_schema_provenance_and_artifact[case-075] - AssertionError: assert 'sha256:8239e6d47f2cfd98b0910f13a1081d047d5e9a9fbdf697d11212595b8e2d20ea' == 'sha256:4134a649a2f581aea54466e1c8e86faef0723a8417508bb08309644f1b29e0b9'
  
  - sha256:4134a649a2f581aea54466e1c8e86faef0723a8417508bb08309644f1b29e0b9
  + sha256:8239e6d47f2cfd98b0910f13a1081d047d5e9a9fbdf697d11212595b8e2d20ea
FAILED engines/tests/test_openbb_adapter_development.py::test_hundred_replay_schema_provenance_and_artifact[case-076] - AssertionError: assert 'sha256:3b4dd286b0fa1a407e42f752ea152ecb841829f34f54c314cbac1c7b90391cf0' == 'sha256:97ef011806d6acb4ebe04a09b6702f484003586ab1ccdb06765b4ac9595157c5'
  
  - sha256:97ef011806d6acb4ebe04a09b6702f484003586ab1ccdb06765b4ac9595157c5
  + sha256:3b4dd286b0fa1a407e42f752ea152ecb841829f34f54c314cbac1c7b90391cf0
FAILED engines/tests/test_openbb_adapter_development.py::test_hundred_replay_schema_provenance_and_artifact[case-077] - AssertionError: assert 'sha256:14382e9df0310324601fad8264547215c030dbb205701e7a70e0fc8ad35cee63' == 'sha256:76cde6b35102519e5e48cef57cfd9effdb09f8563ba2f75a4820d93a7db61508'
  
  - sha256:76cde6b35102519e5e48cef57cfd9effdb09f8563ba2f75a4820d93a7db61508
  + sha256:14382e9df0310324601fad8264547215c030dbb205701e7a70e0fc8ad35cee63
FAILED engines/tests/test_openbb_adapter_development.py::test_hundred_replay_schema_provenance_and_artifact[case-078] - AssertionError: assert 'sha256:6b8a9c1a396b05a07417787ddc02bdb35e765f669fb6c7a0b91fe619fe44fa27' == 'sha256:1ffb5a65dbddf8fe50d7666a0ca0ee0f9c32fb5eca729455fa4cd0c3a4d55a32'
  
  - sha256:1ffb5a65dbddf8fe50d7666a0ca0ee0f9c32fb5eca729455fa4cd0c3a4d55a32
  + sha256:6b8a9c1a396b05a07417787ddc02bdb35e765f669fb6c7a0b91fe619fe44fa27
FAILED engines/tests/test_openbb_adapter_development.py::test_hundred_replay_schema_provenance_and_artifact[case-079] - AssertionError: assert 'sha256:34bf36a87657a6b211f93a46a4ef6ad47079eb9da38336d794e108c0e631359a' == 'sha256:a029984b408f03c59b75b3b1a8dfdf5cff0ab8e933f1f9f5e2f92dd25a3a2bb7'
  
  - sha256:a029984b408f03c59b75b3b1a8dfdf5cff0ab8e933f1f9f5e2f92dd25a3a2bb7
  + sha256:34bf36a87657a6b211f93a46a4ef6ad47079eb9da38336d794e108c0e631359a
FAILED engines/tests/test_openbb_adapter_development.py::test_hundred_replay_schema_provenance_and_artifact[case-080] - AssertionError: assert 'sha256:df566fa5196d5cd7fa1941d5634c5ebc0de70e3f066eae2e2529795942760526' == 'sha256:cd2008082128a34e47dda5cd8d9ee94730504ec859d9099671a6156083401085'
  
  - sha256:cd2008082128a34e47dda5cd8d9ee94730504ec859d9099671a6156083401085
  + sha256:df566fa5196d5cd7fa1941d5634c5ebc0de70e3f066eae2e2529795942760526
FAILED engines/tests/test_openbb_adapter_development.py::test_hundred_replay_schema_provenance_and_artifact[case-081] - AssertionError: assert 'sha256:d756db19e11268c55e9f5666e064c1242f414a5178d9952ea5fa53648faed270' == 'sha256:2cd71cd0c15f840977164779f353d42e9947996d1cb7cdef78dc85b6add911ea'
  
  - sha256:2cd71cd0c15f840977164779f353d42e9947996d1cb7cdef78dc85b6add911ea
  + sha256:d756db19e11268c55e9f5666e064c1242f414a5178d9952ea5fa53648faed270
FAILED engines/tests/test_openbb_adapter_development.py::test_hundred_replay_schema_provenance_and_artifact[case-082] - AssertionError: assert 'sha256:e3fa741dee7a32737d13023eeb3f6a98a755221410b283529dec7c4263a58f9c' == 'sha256:b33898e7797f9152f4edd6f8084aea5dd913b7b61025d973a123188b4d3be2ed'
  
  - sha256:b33898e7797f9152f4edd6f8084aea5dd913b7b61025d973a123188b4d3be2ed
  + sha256:e3fa741dee7a32737d13023eeb3f6a98a755221410b283529dec7c4263a58f9c
FAILED engines/tests/test_openbb_adapter_development.py::test_hundred_replay_schema_provenance_and_artifact[case-083] - AssertionError: assert 'sha256:f2bdc7cedf521d51f9e9822afa4d8d9d481340598d7c6b75b4e99ba5e1b82ee8' == 'sha256:9d937e23778835c2fe12e9b900b783c5940e73993b3c900d9dafe9cf1b7b8d5e'
  
  - sha256:9d937e23778835c2fe12e9b900b783c5940e73993b3c900d9dafe9cf1b7b8d5e
  + sha256:f2bdc7cedf521d51f9e9822afa4d8d9d481340598d7c6b75b4e99ba5e1b82ee8
FAILED engines/tests/test_openbb_adapter_development.py::test_hundred_replay_schema_provenance_and_artifact[case-084] - AssertionError: assert 'sha256:42fa49a7e23388730b17e2c40e59b0c7873b6521d50d93471c519fb1585a9fcd' == 'sha256:b5ea38245771f311ba31e2a571898e4a78be5c52ec58ab896e7a170e17fc880b'
  
  - sha256:b5ea38245771f311ba31e2a571898e4a78be5c52ec58ab896e7a170e17fc880b
  + sha256:42fa49a7e23388730b17e2c40e59b0c7873b6521d50d93471c519fb1585a9fcd
FAILED engines/tests/test_openbb_adapter_development.py::test_hundred_replay_schema_provenance_and_artifact[case-085] - AssertionError: assert 'sha256:2a1ec4bb6e37b3581d7851546ef999450cbd0839d89649eec2b7b58b833984c2' == 'sha256:506de3205db5b1fc46edfd9a6f9fac234bf68e51fd740b42e16a2dd90d7c52ec'
  
  - sha256:506de3205db5b1fc46edfd9a6f9fac234bf68e51fd740b42e16a2dd90d7c52ec
  + sha256:2a1ec4bb6e37b3581d7851546ef999450cbd0839d89649eec2b7b58b833984c2
FAILED engines/tests/test_openbb_adapter_development.py::test_hundred_replay_schema_provenance_and_artifact[case-086] - AssertionError: assert 'sha256:3fffe5c677a0a38fb7536d1b25231ecd7d553ffc37d77afe82d51b314ae732d2' == 'sha256:dcdb3c7763dc509f40b4b2c34874c1fae771cb0c250a44899cf1229ddc58d24d'
  
  - sha256:dcdb3c7763dc509f40b4b2c34874c1fae771cb0c250a44899cf1229ddc58d24d
  + sha256:3fffe5c677a0a38fb7536d1b25231ecd7d553ffc37d77afe82d51b314ae732d2
FAILED engines/tests/test_openbb_adapter_development.py::test_hundred_replay_schema_provenance_and_artifact[case-087] - AssertionError: assert 'sha256:94fa33fe8389b561f120a3d5497a0bbbee20d1ca27d6c0f8ada68e2bfba2aea4' == 'sha256:6b59fce725335c5f517d771ab8b31802a6ba6545fb25e39908e6a111d52f030c'
  
  - sha256:6b59fce725335c5f517d771ab8b31802a6ba6545fb25e39908e6a111d52f030c
  + sha256:94fa33fe8389b561f120a3d5497a0bbbee20d1ca27d6c0f8ada68e2bfba2aea4
FAILED engines/tests/test_openbb_adapter_development.py::test_hundred_replay_schema_provenance_and_artifact[case-088] - AssertionError: assert 'sha256:34226ce046ba98bfeaf7fbe2ea8cede45668738ee7c341d15f468026b5014bad' == 'sha256:9d124b238df43fa4d43eac7085dad4831d152fb9a041542ea90d3ac71ca22524'
  
  - sha256:9d124b238df43fa4d43eac7085dad4831d152fb9a041542ea90d3ac71ca22524
  + sha256:34226ce046ba98bfeaf7fbe2ea8cede45668738ee7c341d15f468026b5014bad
FAILED engines/tests/test_openbb_adapter_development.py::test_hundred_replay_schema_provenance_and_artifact[case-089] - AssertionError: assert 'sha256:9f405ab59171645782dee72c171806770bface978825d7a4c55e8de2e3dc6d57' == 'sha256:2c8a345e9d7a989f725258926dfeb7e6c31bec67a1089eda3d91cb2cb786e085'
  
  - sha256:2c8a345e9d7a989f725258926dfeb7e6c31bec67a1089eda3d91cb2cb786e085
  + sha256:9f405ab59171645782dee72c171806770bface978825d7a4c55e8de2e3dc6d57
FAILED engines/tests/test_openbb_adapter_development.py::test_hundred_replay_schema_provenance_and_artifact[case-090] - AssertionError: assert 'sha256:8fd50bd416e299124e9c7f46a6d01405b5dee78ba0fabdd470919f9dfb0616eb' == 'sha256:103d9d95efd222d6a693ead9895f2bd45d61c3fee3c5206298786b494a597695'
  
  - sha256:103d9d95efd222d6a693ead9895f2bd45d61c3fee3c5206298786b494a597695
  + sha256:8fd50bd416e299124e9c7f46a6d01405b5dee78ba0fabdd470919f9dfb0616eb
FAILED engines/tests/test_openbb_adapter_development.py::test_hundred_replay_schema_provenance_and_artifact[case-091] - AssertionError: assert 'sha256:047d436e4b29b603a5334fc806e9865280d5a90bb14507ef5687d1828662ad1d' == 'sha256:9781440d1324afd5402f4940185b8aaf3de7d2b592e416d5b6a75348d38fbb82'
  
  - sha256:9781440d1324afd5402f4940185b8aaf3de7d2b592e416d5b6a75348d38fbb82
  + sha256:047d436e4b29b603a5334fc806e9865280d5a90bb14507ef5687d1828662ad1d
FAILED engines/tests/test_openbb_adapter_development.py::test_hundred_replay_schema_provenance_and_artifact[case-092] - AssertionError: assert 'sha256:6e5f17d4c43e1682c18f6c5b6ef5a602c667e46e7311e276b440360e198385d9' == 'sha256:883af3a3550f33f6ced02626cadbadab7157d4c4f944ec5b391049a3f8df5825'
  
  - sha256:883af3a3550f33f6ced02626cadbadab7157d4c4f944ec5b391049a3f8df5825
  + sha256:6e5f17d4c43e1682c18f6c5b6ef5a602c667e46e7311e276b440360e198385d9
FAILED engines/tests/test_openbb_adapter_development.py::test_hundred_replay_schema_provenance_and_artifact[case-093] - AssertionError: assert 'sha256:a6b6425d5831d4a7b13123a68be377380a0c80e7f7adcbd3030a0d7f0a844a95' == 'sha256:9918ade543e6556e433186cf1c5ec5c4bce25e5e32f327b5a3b5e30a8bfd2984'
  
  - sha256:9918ade543e6556e433186cf1c5ec5c4bce25e5e32f327b5a3b5e30a8bfd2984
  + sha256:a6b6425d5831d4a7b13123a68be377380a0c80e7f7adcbd3030a0d7f0a844a95
FAILED engines/tests/test_openbb_adapter_development.py::test_hundred_replay_schema_provenance_and_artifact[case-094] - AssertionError: assert 'sha256:a7b35c647ebc9e2d34f61878b60e11dcc0d84cbaa89bd4848119236115ee5033' == 'sha256:f6ad268332c2102b7ae0729a5f6c52e7457cf24c5652ca0df649a36d390579aa'
  
  - sha256:f6ad268332c2102b7ae0729a5f6c52e7457cf24c5652ca0df649a36d390579aa
  + sha256:a7b35c647ebc9e2d34f61878b60e11dcc0d84cbaa89bd4848119236115ee5033
FAILED engines/tests/test_openbb_adapter_development.py::test_hundred_replay_schema_provenance_and_artifact[case-095] - AssertionError: assert 'sha256:0bb4af44850f0ce02dab23a48cd8e923ee5ef596afa635239134b84b14fe8bc7' == 'sha256:88918592d31fa76453face7615a13b5419b878a31be5cf12de557fe081903dfc'
  
  - sha256:88918592d31fa76453face7615a13b5419b878a31be5cf12de557fe081903dfc
  + sha256:0bb4af44850f0ce02dab23a48cd8e923ee5ef596afa635239134b84b14fe8bc7
FAILED engines/tests/test_openbb_adapter_development.py::test_hundred_replay_schema_provenance_and_artifact[case-096] - AssertionError: assert 'sha256:8321f23bc680ffd5f4658aa9a038426e3d11c5ad808e8ddcba10c0e3275470da' == 'sha256:2951620e210868c6dd931b393620c292573b58a43546578b303103e464d09f5b'
  
  - sha256:2951620e210868c6dd931b393620c292573b58a43546578b303103e464d09f5b
  + sha256:8321f23bc680ffd5f4658aa9a038426e3d11c5ad808e8ddcba10c0e3275470da
FAILED engines/tests/test_openbb_adapter_development.py::test_hundred_replay_schema_provenance_and_artifact[case-097] - AssertionError: assert 'sha256:f62f367ed139d4039bfee53c12131bc2505e94d87802ac839ddcbc26efd11251' == 'sha256:1444b671e772d58cfc9bb3bb8cf885daab7c19ebe8366ad388c5f9e374854c89'
  
  - sha256:1444b671e772d58cfc9bb3bb8cf885daab7c19ebe8366ad388c5f9e374854c89
  + sha256:f62f367ed139d4039bfee53c12131bc2505e94d87802ac839ddcbc26efd11251
FAILED engines/tests/test_openbb_adapter_development.py::test_hundred_replay_schema_provenance_and_artifact[case-098] - AssertionError: assert 'sha256:5ca501deff195f5078ffd4ff38cc6c8edbc90b7483b09742cf50fa2f3e0d3fff' == 'sha256:060e77058dfaf593793a25ac8a0749cc96722cc90e599dfe788b29b3ef0452a8'
  
  - sha256:060e77058dfaf593793a25ac8a0749cc96722cc90e599dfe788b29b3ef0452a8
  + sha256:5ca501deff195f5078ffd4ff38cc6c8edbc90b7483b09742cf50fa2f3e0d3fff
FAILED engines/tests/test_openbb_adapter_development.py::test_hundred_replay_schema_provenance_and_artifact[case-099] - AssertionError: assert 'sha256:2d827063c859f7fa6300c1e73f17b1c77af6fc422e3beb15215befd887fd2315' == 'sha256:dbf6547cf0370966f45504c773493633a6fdb996f7ea9f2ef117f33107072af2'
  
  - sha256:dbf6547cf0370966f45504c773493633a6fdb996f7ea9f2ef117f33107072af2
  + sha256:2d827063c859f7fa6300c1e73f17b1c77af6fc422e3beb15215befd887fd2315
======================= 100 failed, 150 passed in 1.68s ========================
